timestamp,ac_power_w,dc_power_w,poa_irradiance,ambient_temp_c,cell_temp_c,value_kw,dc_power_kw,source,building_id,zone_id,appliance_type,temperature_c,humidity_pct,hour_of_day,day_of_week,is_weekend,month
2023-01-01 00:00:00,0.0,0.0,0.0,10.479,10.479,0.0,0.0,PVWatts,Solar_Delhi,,solar,10.479,,0,6,1,1
2023-01-01 01:00:00,0.0,0.0,0.0,9.87,9.87,0.0,0.0,PVWatts,Solar_Delhi,,solar,9.87,,1,6,1,1
2023-01-01 02:00:00,0.0,0.0,0.0,9.311,9.311,0.0,0.0,PVWatts,Solar_Delhi,,solar,9.311,,2,6,1,1
2023-01-01 03:00:00,0.0,0.0,0.0,8.845,8.845,0.0,0.0,PVWatts,Solar_Delhi,,solar,8.845,,3,6,1,1
2023-01-01 04:00:00,0.0,0.0,0.0,8.266,8.266,0.0,0.0,PVWatts,Solar_Delhi,,solar,8.266,,4,6,1,1
2023-01-01 05:00:00,0.0,0.0,0.0,8.031,8.031,0.0,0.0,PVWatts,Solar_Delhi,,solar,8.031,,5,6,1,1
2023-01-01 06:00:00,0.0,0.0,0.0,7.655,0.0,0.0,0.0,PVWatts,Solar_Delhi,,solar,7.655,,6,6,1,1
2023-01-01 07:00:00,60.482,227.071,7.566,9.914,10.27,0.060482,0.227071,PVWatts,Solar_Delhi,,solar,9.914,,7,6,1,1
2023-01-01 08:00:00,4425.933,4752.89,140.315,14.07,20.741,4.425933,4.752890000000001,PVWatts,Solar_Delhi,,solar,14.07,,8,6,1,1
2023-01-01 09:00:00,8906.108,9397.646,284.859,17.968,31.488,8.906108,9.397646,PVWatts,Solar_Delhi,,solar,17.968,,9,6,1,1
2023-01-01 10:00:00,12312.699,12929.381,409.026,23.102,42.48,12.312699,12.929381,PVWatts,Solar_Delhi,,solar,23.102,,10,6,1,1
2023-01-01 11:00:00,18270.474,19106.019,632.915,25.569,55.575,18.270474,19.106019,PVWatts,Solar_Delhi,,solar,25.569,,11,6,1,1
2023-01-01 12:00:00,20742.397,21668.749,732.515,26.522,61.288,20.742397,21.668749,PVWatts,Solar_Delhi,,solar,26.522,,12,6,1,1
2023-01-01 13:00:00,19787.646,20678.925,690.155,26.539,59.333,19.787646000000002,20.678925,PVWatts,Solar_Delhi,,solar,26.539,,13,6,1,1
2023-01-01 14:00:00,17151.358,17945.792,579.59,25.614,53.21,17.151358000000002,17.945792,PVWatts,Solar_Delhi,,solar,25.614,,14,6,1,1
2023-01-01 15:00:00,11512.504,12099.79,376.197,23.581,41.475,11.512504000000002,12.09979,PVWatts,Solar_Delhi,,solar,23.581,,15,6,1,1
2023-01-01 16:00:00,4680.352,5016.654,165.686,19.595,25.317,4.680352,5.016654000000001,PVWatts,Solar_Delhi,,solar,19.595,,16,6,1,1
2023-01-01 17:00:00,0.0,0.0,0.0,17.143,0.0,0.0,0.0,PVWatts,Solar_Delhi,,solar,17.143,,17,6,1,1
2023-01-01 18:00:00,0.0,0.0,0.0,16.059,16.059,0.0,0.0,PVWatts,Solar_Delhi,,solar,16.059,,18,6,1,1
2023-01-01 19:00:00,0.0,0.0,0.0,15.087,15.087,0.0,0.0,PVWatts,Solar_Delhi,,solar,15.087,,19,6,1,1
2023-01-01 20:00:00,0.0,0.0,0.0,14.193,14.193,0.0,0.0,PVWatts,Solar_Delhi,,solar,14.193,,20,6,1,1
2023-01-01 21:00:00,0.0,0.0,0.0,13.37,13.37,0.0,0.0,PVWatts,Solar_Delhi,,solar,13.37,,21,6,1,1
2023-01-01 22:00:00,0.0,0.0,0.0,12.608,12.608,0.0,0.0,PVWatts,Solar_Delhi,,solar,12.608,,22,6,1,1
2023-01-01 23:00:00,0.0,0.0,0.0,11.925,11.925,0.0,0.0,PVWatts,Solar_Delhi,,solar,11.925,,23,6,1,1
2023-01-02 00:00:00,0.0,0.0,0.0,11.286,11.286,0.0,0.0,PVWatts,Solar_Delhi,,solar,11.286,,0,0,0,1
2023-01-02 01:00:00,0.0,0.0,0.0,10.644,10.644,0.0,0.0,PVWatts,Solar_Delhi,,solar,10.644,,1,0,0,1
2023-01-02 02:00:00,0.0,0.0,0.0,10.019,10.019,0.0,0.0,PVWatts,Solar_Delhi,,solar,10.019,,2,0,0,1
2023-01-02 03:00:00,0.0,0.0,0.0,9.382,9.382,0.0,0.0,PVWatts,Solar_Delhi,,solar,9.382,,3,0,0,1
2023-01-02 04:00:00,0.0,0.0,0.0,8.763,8.763,0.0,0.0,PVWatts,Solar_Delhi,,solar,8.763,,4,0,0,1
2023-01-02 05:00:00,0.0,0.0,0.0,8.229,8.229,0.0,0.0,PVWatts,Solar_Delhi,,solar,8.229,,5,0,0,1
2023-01-02 06:00:00,0.0,0.0,0.0,7.823,0.0,0.0,0.0,PVWatts,Solar_Delhi,,solar,7.823,,6,0,0,1
2023-01-02 07:00:00,31.644,197.173,6.619,10.096,10.407,0.031644,0.19717300000000001,PVWatts,Solar_Delhi,,solar,10.096,,7,0,0,1
2023-01-02 08:00:00,4421.898,4748.707,140.261,14.178,20.846,4.4218980000000006,4.7487070000000005,PVWatts,Solar_Delhi,,solar,14.178,,8,0,0,1
2023-01-02 09:00:00,9303.547,9809.686,297.269,17.908,32.022,9.303547,9.809686,PVWatts,Solar_Delhi,,solar,17.908,,9,0,0,1
2023-01-02 10:00:00,16945.211,17732.071,553.992,22.572,42.203,16.945211,17.732071,PVWatts,Solar_Delhi,,solar,22.572,,10,0,0,1
2023-01-02 11:00:00,20718.681,21644.162,695.251,24.457,49.088,20.718681,21.644162,PVWatts,Solar_Delhi,,solar,24.457,,11,0,0,1
2023-01-02 12:00:00,22547.335,23539.993,765.007,25.233,52.35,22.547335,23.539993,PVWatts,Solar_Delhi,,solar,25.233,,12,0,0,1
2023-01-02 13:00:00,21727.518,22690.06,729.906,25.193,51.1,21.727518,22.690060000000003,PVWatts,Solar_Delhi,,solar,25.193,,13,0,0,1
2023-01-02 14:00:00,18108.364,18937.953,591.204,24.31,45.332,18.108364,18.937953,PVWatts,Solar_Delhi,,solar,24.31,,14,0,0,1
2023-01-02 15:00:00,12336.725,12954.289,393.428,22.427,36.407,12.336725,12.954289000000001,PVWatts,Solar_Delhi,,solar,22.427,,15,0,0,1
2023-01-02 16:00:00,5396.353,5758.959,190.241,18.365,24.922,5.396353,5.758959,PVWatts,Solar_Delhi,,solar,18.365,,16,0,0,1
2023-01-02 17:00:00,0.0,0.0,0.0,15.804,0.0,0.0,0.0,PVWatts,Solar_Delhi,,solar,15.804,,17,0,0,1
2023-01-02 18:00:00,0.0,0.0,0.0,14.74,14.74,0.0,0.0,PVWatts,Solar_Delhi,,solar,14.74,,18,0,0,1
2023-01-02 19:00:00,0.0,0.0,0.0,13.75,13.75,0.0,0.0,PVWatts,Solar_Delhi,,solar,13.75,,19,0,0,1
2023-01-02 20:00:00,0.0,0.0,0.0,12.971,12.971,0.0,0.0,PVWatts,Solar_Delhi,,solar,12.971,,20,0,0,1
2023-01-02 21:00:00,0.0,0.0,0.0,12.282,12.282,0.0,0.0,PVWatts,Solar_Delhi,,solar,12.282,,21,0,0,1
2023-01-02 22:00:00,0.0,0.0,0.0,11.641,11.641,0.0,0.0,PVWatts,Solar_Delhi,,solar,11.641,,22,0,0,1
2023-01-02 23:00:00,0.0,0.0,0.0,11.056,11.056,0.0,0.0,PVWatts,Solar_Delhi,,solar,11.056,,23,0,0,1
2023-01-03 00:00:00,0.0,0.0,0.0,10.521,10.521,0.0,0.0,PVWatts,Solar_Delhi,,solar,10.521,,0,1,0,1
2023-01-03 01:00:00,0.0,0.0,0.0,10.003,10.003,0.0,0.0,PVWatts,Solar_Delhi,,solar,10.003,,1,1,0,1
2023-01-03 02:00:00,0.0,0.0,0.0,9.488,9.488,0.0,0.0,PVWatts,Solar_Delhi,,solar,9.488,,2,1,0,1
2023-01-03 03:00:00,0.0,0.0,0.0,8.977,8.977,0.0,0.0,PVWatts,Solar_Delhi,,solar,8.977,,3,1,0,1
2023-01-03 04:00:00,0.0,0.0,0.0,8.489,8.489,0.0,0.0,PVWatts,Solar_Delhi,,solar,8.489,,4,1,0,1
2023-01-03 05:00:00,0.0,0.0,0.0,8.028,8.028,0.0,0.0,PVWatts,Solar_Delhi,,solar,8.028,,5,1,0,1
2023-01-03 06:00:00,0.0,0.0,0.0,7.694,0.0,0.0,0.0,PVWatts,Solar_Delhi,,solar,7.694,,6,1,0,1
2023-01-03 07:00:00,88.968,256.603,8.512,10.048,10.347,0.088968,0.256603,PVWatts,Solar_Delhi,,solar,10.048,,7,1,0,1
2023-01-03 08:00:00,7053.19,7476.661,219.391,13.947,24.392,7.05319,7.476661,PVWatts,Solar_Delhi,,solar,13.947,,8,1,0,1
2023-01-03 09:00:00,15065.984,15783.81,485.83,17.524,40.642,15.065984,15.783809999999999,PVWatts,Solar_Delhi,,solar,17.524,,9,1,0,1
2023-01-03 10:00:00,19984.938,20883.465,681.699,21.854,54.246,19.984938,20.883465,PVWatts,Solar_Delhi,,solar,21.854,,10,1,0,1
2023-01-03 11:00:00,22259.622,23241.711,787.105,24.655,62.027,22.259622,23.241711,PVWatts,Solar_Delhi,,solar,24.655,,11,1,0,1
2023-01-03 12:00:00,22492.129,23482.759,800.954,25.649,63.681,22.492129000000002,23.482758999999998,PVWatts,Solar_Delhi,,solar,25.649,,12,1,0,1
2023-01-03 13:00:00,20958.941,21893.249,733.604,25.675,60.544,20.958941,21.893249,PVWatts,Solar_Delhi,,solar,25.675,,13,1,0,1
2023-01-03 14:00:00,17545.374,18354.282,592.486,25.006,53.218,17.545374,18.354281999999998,PVWatts,Solar_Delhi,,solar,25.006,,14,1,0,1
2023-01-03 15:00:00,12135.138,12745.297,396.25,23.359,42.217,12.135138000000001,12.745297,PVWatts,Solar_Delhi,,solar,23.359,,15,1,0,1
2023-01-03 16:00:00,5192.034,5547.133,184.308,19.304,27.829,5.192034,5.547133,PVWatts,Solar_Delhi,,solar,19.304,,16,1,0,1
2023-01-03 17:00:00,0.0,0.0,0.0,17.068,0.0,0.0,0.0,PVWatts,Solar_Delhi,,solar,17.068,,17,1,0,1
2023-01-03 18:00:00,0.0,0.0,0.0,16.177,16.177,0.0,0.0,PVWatts,Solar_Delhi,,solar,16.177,,18,1,0,1
2023-01-03 19:00:00,0.0,0.0,0.0,15.36,15.36,0.0,0.0,PVWatts,Solar_Delhi,,solar,15.36,,19,1,0,1
2023-01-03 20:00:00,0.0,0.0,0.0,14.563,14.563,0.0,0.0,PVWatts,Solar_Delhi,,solar,14.563,,20,1,0,1
2023-01-03 21:00:00,0.0,0.0,0.0,13.778,13.778,0.0,0.0,PVWatts,Solar_Delhi,,solar,13.778,,21,1,0,1
2023-01-03 22:00:00,0.0,0.0,0.0,13.024,13.024,0.0,0.0,PVWatts,Solar_Delhi,,solar,13.024,,22,1,0,1
2023-01-03 23:00:00,0.0,0.0,0.0,12.328,12.328,0.0,0.0,PVWatts,Solar_Delhi,,solar,12.328,,23,1,0,1
2023-01-04 00:00:00,0.0,0.0,0.0,11.695,11.695,0.0,0.0,PVWatts,Solar_Delhi,,solar,11.695,,0,2,0,1
2023-01-04 01:00:00,0.0,0.0,0.0,11.066,11.066,0.0,0.0,PVWatts,Solar_Delhi,,solar,11.066,,1,2,0,1
2023-01-04 02:00:00,0.0,0.0,0.0,10.473,10.473,0.0,0.0,PVWatts,Solar_Delhi,,solar,10.473,,2,2,0,1
2023-01-04 03:00:00,0.0,0.0,0.0,9.898,9.898,0.0,0.0,PVWatts,Solar_Delhi,,solar,9.898,,3,2,0,1
2023-01-04 04:00:00,0.0,0.0,0.0,9.326,9.326,0.0,0.0,PVWatts,Solar_Delhi,,solar,9.326,,4,2,0,1
2023-01-04 05:00:00,0.0,0.0,0.0,8.766,8.766,0.0,0.0,PVWatts,Solar_Delhi,,solar,8.766,,5,2,0,1
2023-01-04 06:00:00,0.0,0.0,0.0,8.328,0.0,0.0,0.0,PVWatts,Solar_Delhi,,solar,8.328,,6,2,0,1
2023-01-04 07:00:00,88.162,255.768,8.512,10.546,10.946,0.088162,0.255768,PVWatts,Solar_Delhi,,solar,10.546,,7,2,0,1
2023-01-04 08:00:00,6727.64,7139.151,209.793,14.444,24.432,6.72764,7.139151,PVWatts,Solar_Delhi,,solar,14.444,,8,2,0,1
2023-01-04 09:00:00,12684.196,13314.526,407.343,18.332,37.701,12.684196,13.314525999999999,PVWatts,Solar_Delhi,,solar,18.332,,9,2,0,1
2023-01-04 10:00:00,19144.365,20012.013,630.368,22.899,45.255,19.144365,20.012013,PVWatts,Solar_Delhi,,solar,22.899,,10,2,0,1
2023-01-04 11:00:00,22835.822,23839.078,773.255,24.539,51.95,22.835822,23.839078,PVWatts,Solar_Delhi,,solar,24.539,,11,2,0,1
2023-01-04 12:00:00,23590.484,24621.463,803.895,25.173,53.677,23.590484,24.621463,PVWatts,Solar_Delhi,,solar,25.173,,12,2,0,1
2023-01-04 13:00:00,21815.054,22780.811,732.704,25.018,51.023,21.815054,22.780811,PVWatts,Solar_Delhi,,solar,25.018,,13,2,0,1
2023-01-04 14:00:00,17662.332,18475.536,594.863,24.279,52.604,17.662332,18.475536,PVWatts,Solar_Delhi,,solar,24.279,,14,2,0,1
2023-01-04 15:00:00,12230.754,12844.425,397.89,22.544,41.482,12.230754000000001,12.844425,PVWatts,Solar_Delhi,,solar,22.544,,15,2,0,1
2023-01-04 16:00:00,5496.614,5862.903,194.674,18.575,27.573,5.496613999999999,5.862903,PVWatts,Solar_Delhi,,solar,18.575,,16,2,0,1
2023-01-04 17:00:00,0.0,0.0,0.0,16.359,0.0,0.0,0.0,PVWatts,Solar_Delhi,,solar,16.359,,17,2,0,1
2023-01-04 18:00:00,0.0,0.0,0.0,15.428,15.428,0.0,0.0,PVWatts,Solar_Delhi,,solar,15.428,,18,2,0,1
2023-01-04 19:00:00,0.0,0.0,0.0,14.531,14.531,0.0,0.0,PVWatts,Solar_Delhi,,solar,14.531,,19,2,0,1
2023-01-04 20:00:00,0.0,0.0,0.0,13.711,13.711,0.0,0.0,PVWatts,Solar_Delhi,,solar,13.711,,20,2,0,1
2023-01-04 21:00:00,0.0,0.0,0.0,12.977,12.977,0.0,0.0,PVWatts,Solar_Delhi,,solar,12.977,,21,2,0,1
2023-01-04 22:00:00,0.0,0.0,0.0,12.28,12.28,0.0,0.0,PVWatts,Solar_Delhi,,solar,12.28,,22,2,0,1
2023-01-04 23:00:00,0.0,0.0,0.0,11.611,11.611,0.0,0.0,PVWatts,Solar_Delhi,,solar,11.611,,23,2,0,1
2023-01-05 00:00:00,0.0,0.0,0.0,11.0,11.0,0.0,0.0,PVWatts,Solar_Delhi,,solar,11.0,,0,3,0,1
2023-01-05 01:00:00,0.0,0.0,0.0,10.415,10.415,0.0,0.0,PVWatts,Solar_Delhi,,solar,10.415,,1,3,0,1
2023-01-05 02:00:00,0.0,0.0,0.0,9.877,9.877,0.0,0.0,PVWatts,Solar_Delhi,,solar,9.877,,2,3,0,1
2023-01-05 03:00:00,0.0,0.0,0.0,9.319,9.319,0.0,0.0,PVWatts,Solar_Delhi,,solar,9.319,,3,3,0,1
2023-01-05 04:00:00,0.0,0.0,0.0,8.751,8.751,0.0,0.0,PVWatts,Solar_Delhi,,solar,8.751,,4,3,0,1
2023-01-05 05:00:00,0.0,0.0,0.0,8.228,8.228,0.0,0.0,PVWatts,Solar_Delhi,,solar,8.228,,5,3,0,1
2023-01-05 06:00:00,0.0,0.0,0.0,7.827,0.0,0.0,0.0,PVWatts,Solar_Delhi,,solar,7.827,,6,3,0,1
2023-01-05 07:00:00,3.069,167.548,5.673,10.152,10.419,0.003069,0.167548,PVWatts,Solar_Delhi,,solar,10.152,,7,3,0,1
2023-01-05 08:00:00,8140.472,8603.884,252.561,14.15,26.182,8.140471999999999,8.603884,PVWatts,Solar_Delhi,,solar,14.15,,8,3,0,1
2023-01-05 09:00:00,15781.599,16525.713,511.26,18.018,42.353,15.781599,16.525713,PVWatts,Solar_Delhi,,solar,18.018,,9,3,0,1
2023-01-05 10:00:00,20844.507,21774.611,688.462,22.326,46.757,20.844507,21.774611,PVWatts,Solar_Delhi,,solar,22.326,,10,3,0,1
2023-01-05 11:00:00,23322.712,24343.854,788.753,23.852,51.817,23.322712,24.343854,PVWatts,Solar_Delhi,,solar,23.852,,11,3,0,1
2023-01-05 12:00:00,23700.274,24735.286,805.491,24.475,53.035,23.700274,24.735286,PVWatts,Solar_Delhi,,solar,24.475,,12,3,0,1
2023-01-05 13:00:00,21301.254,22248.136,712.254,24.386,49.658,21.301254,22.248136,PVWatts,Solar_Delhi,,solar,24.386,,13,3,0,1
2023-01-05 14:00:00,17763.591,18580.515,578.208,23.632,44.185,17.763591,18.580515,PVWatts,Solar_Delhi,,solar,23.632,,14,3,0,1
2023-01-05 15:00:00,11461.031,12046.427,364.308,21.955,34.9,11.461031,12.046427,PVWatts,Solar_Delhi,,solar,21.955,,15,3,0,1
2023-01-05 16:00:00,5173.672,5528.097,181.312,17.993,26.398,5.173672,5.528097,PVWatts,Solar_Delhi,,solar,17.993,,16,3,0,1
2023-01-05 17:00:00,0.0,0.0,0.97,15.556,15.594,0.0,0.0,PVWatts,Solar_Delhi,,solar,15.556,,17,3,0,1
2023-01-05 18:00:00,0.0,0.0,0.0,14.563,14.563,0.0,0.0,PVWatts,Solar_Delhi,,solar,14.563,,18,3,0,1
2023-01-05 19:00:00,0.0,0.0,0.0,13.681,13.681,0.0,0.0,PVWatts,Solar_Delhi,,solar,13.681,,19,3,0,1
2023-01-05 20:00:00,0.0,0.0,0.0,12.877,12.877,0.0,0.0,PVWatts,Solar_Delhi,,solar,12.877,,20,3,0,1
2023-01-05 21:00:00,0.0,0.0,0.0,12.065,12.065,0.0,0.0,PVWatts,Solar_Delhi,,solar,12.065,,21,3,0,1
2023-01-05 22:00:00,0.0,0.0,0.0,11.274,11.274,0.0,0.0,PVWatts,Solar_Delhi,,solar,11.274,,22,3,0,1
2023-01-05 23:00:00,0.0,0.0,0.0,10.543,10.543,0.0,0.0,PVWatts,Solar_Delhi,,solar,10.543,,23,3,0,1
2023-01-06 00:00:00,0.0,0.0,0.0,9.88,9.88,0.0,0.0,PVWatts,Solar_Delhi,,solar,9.88,,0,4,0,1
2023-01-06 01:00:00,0.0,0.0,0.0,9.298,9.298,0.0,0.0,PVWatts,Solar_Delhi,,solar,9.298,,1,4,0,1
2023-01-06 02:00:00,0.0,0.0,0.0,8.833,8.833,0.0,0.0,PVWatts,Solar_Delhi,,solar,8.833,,2,4,0,1
2023-01-06 03:00:00,0.0,0.0,0.0,8.466,8.466,0.0,0.0,PVWatts,Solar_Delhi,,solar,8.466,,3,4,0,1
2023-01-06 04:00:00,0.0,0.0,0.0,8.134,8.134,0.0,0.0,PVWatts,Solar_Delhi,,solar,8.134,,4,4,0,1
2023-01-06 05:00:00,0.0,0.0,0.0,7.805,7.805,0.0,0.0,PVWatts,Solar_Delhi,,solar,7.805,,5,4,0,1
2023-01-06 06:00:00,0.0,0.0,0.0,7.562,0.0,0.0,0.0,PVWatts,Solar_Delhi,,solar,7.562,,6,4,0,1
2023-01-06 07:00:00,60.375,226.959,7.566,9.755,10.021,0.060375,0.226959,PVWatts,Solar_Delhi,,solar,9.755,,7,4,0,1
2023-01-06 08:00:00,7551.683,7993.465,231.544,13.594,21.829,7.551683,7.9934650000000005,PVWatts,Solar_Delhi,,solar,13.594,,8,4,0,1
2023-01-06 09:00:00,14119.788,14802.855,443.299,17.426,33.173,14.119788,14.802855,PVWatts,Solar_Delhi,,solar,17.426,,9,4,0,1
2023-01-06 10:00:00,19768.327,20658.897,649.919,21.952,45.002,19.768327000000003,20.658897,PVWatts,Solar_Delhi,,solar,21.952,,10,4,0,1
2023-01-06 11:00:00,23494.544,24521.998,775.52,23.94,45.867,23.494544,24.521998,PVWatts,Solar_Delhi,,solar,23.94,,11,4,0,1
2023-01-06 12:00:00,24231.635,25286.167,804.954,24.777,47.54,24.231634999999997,25.286167000000003,PVWatts,Solar_Delhi,,solar,24.777,,12,4,0,1
2023-01-06 13:00:00,21369.27,22318.651,716.313,24.818,50.234,21.36927,22.318651000000003,PVWatts,Solar_Delhi,,solar,24.818,,13,4,0,1
2023-01-06 14:00:00,18401.27,19241.62,601.165,24.068,45.442,18.40127,19.241619999999998,PVWatts,Solar_Delhi,,solar,24.068,,14,4,0,1
2023-01-06 15:00:00,12731.559,13363.628,405.376,22.401,36.815,12.731558999999999,13.363628,PVWatts,Solar_Delhi,,solar,22.401,,15,4,0,1
2023-01-06 16:00:00,5716.22,6090.576,201.285,18.582,27.899,5.71622,6.090576,PVWatts,Solar_Delhi,,solar,18.582,,16,4,0,1
2023-01-06 17:00:00,0.0,0.0,0.97,16.378,16.417,0.0,0.0,PVWatts,Solar_Delhi,,solar,16.378,,17,4,0,1
2023-01-06 18:00:00,0.0,0.0,0.0,15.465,15.465,0.0,0.0,PVWatts,Solar_Delhi,,solar,15.465,,18,4,0,1
2023-01-06 19:00:00,0.0,0.0,0.0,14.684,14.684,0.0,0.0,PVWatts,Solar_Delhi,,solar,14.684,,19,4,0,1
2023-01-06 20:00:00,0.0,0.0,0.0,13.907,13.907,0.0,0.0,PVWatts,Solar_Delhi,,solar,13.907,,20,4,0,1
2023-01-06 21:00:00,0.0,0.0,0.0,13.254,13.254,0.0,0.0,PVWatts,Solar_Delhi,,solar,13.254,,21,4,0,1
2023-01-06 22:00:00,0.0,0.0,0.0,12.748,12.748,0.0,0.0,PVWatts,Solar_Delhi,,solar,12.748,,22,4,0,1
2023-01-06 23:00:00,0.0,0.0,0.0,12.251,12.251,0.0,0.0,PVWatts,Solar_Delhi,,solar,12.251,,23,4,0,1
2023-01-07 00:00:00,0.0,0.0,0.0,11.701,11.701,0.0,0.0,PVWatts,Solar_Delhi,,solar,11.701,,0,5,1,1
2023-01-07 01:00:00,0.0,0.0,0.0,11.122,11.122,0.0,0.0,PVWatts,Solar_Delhi,,solar,11.122,,1,5,1,1
2023-01-07 02:00:00,0.0,0.0,0.0,10.611,10.611,0.0,0.0,PVWatts,Solar_Delhi,,solar,10.611,,2,5,1,1
2023-01-07 03:00:00,0.0,0.0,0.0,10.158,10.158,0.0,0.0,PVWatts,Solar_Delhi,,solar,10.158,,3,5,1,1
2023-01-07 04:00:00,0.0,0.0,0.0,9.731,9.731,0.0,0.0,PVWatts,Solar_Delhi,,solar,9.731,,4,5,1,1
2023-01-07 05:00:00,0.0,0.0,0.0,9.32,9.32,0.0,0.0,PVWatts,Solar_Delhi,,solar,9.32,,5,5,1,1
2023-01-07 06:00:00,0.0,0.0,0.0,8.981,0.0,0.0,0.0,PVWatts,Solar_Delhi,,solar,8.981,,6,5,1,1
2023-01-07 07:00:00,58.828,225.356,7.566,11.075,11.43,0.058828000000000005,0.225356,PVWatts,Solar_Delhi,,solar,11.075,,7,5,1,1
2023-01-07 08:00:00,7769.629,8219.419,241.92,14.822,26.344,7.769629,8.219419,PVWatts,Solar_Delhi,,solar,14.822,,8,5,1,1
2023-01-07 09:00:00,15527.74,16262.529,503.929,18.529,42.51,15.52774,16.262529,PVWatts,Solar_Delhi,,solar,18.529,,9,5,1,1
2023-01-07 10:00:00,20080.53,20982.568,687.437,22.425,55.09,20.08053,20.982568,PVWatts,Solar_Delhi,,solar,22.425,,10,5,1,1
2023-01-07 11:00:00,22369.412,23355.533,790.22,24.209,61.724,22.369412,23.355533,PVWatts,Solar_Delhi,,solar,24.209,,11,5,1,1
2023-01-07 12:00:00,22750.77,23750.902,809.9,25.055,63.507,22.75077,23.750902,PVWatts,Solar_Delhi,,solar,25.055,,12,5,1,1
2023-01-07 13:00:00,21255.579,22200.784,743.731,25.023,60.368,21.255579,22.200784,PVWatts,Solar_Delhi,,solar,25.023,,13,5,1,1
2023-01-07 14:00:00,17873.483,18694.443,603.233,24.281,52.999,17.873483,18.694443,PVWatts,Solar_Delhi,,solar,24.281,,14,5,1,1
2023-01-07 15:00:00,12312.836,12929.523,400.434,22.628,41.692,12.312835999999999,12.929523,PVWatts,Solar_Delhi,,solar,22.628,,15,5,1,1
2023-01-07 16:00:00,5437.828,5801.957,189.255,18.825,27.622,5.4378280000000006,5.801957000000001,PVWatts,Solar_Delhi,,solar,18.825,,16,5,1,1
2023-01-07 17:00:00,0.0,0.0,0.97,16.415,16.453,0.0,0.0,PVWatts,Solar_Delhi,,solar,16.415,,17,5,1,1
2023-01-07 18:00:00,0.0,0.0,0.0,15.531,15.531,0.0,0.0,PVWatts,Solar_Delhi,,solar,15.531,,18,5,1,1
2023-01-07 19:00:00,0.0,0.0,0.0,14.766,14.766,0.0,0.0,PVWatts,Solar_Delhi,,solar,14.766,,19,5,1,1
2023-01-07 20:00:00,0.0,0.0,0.0,14.047,14.047,0.0,0.0,PVWatts,Solar_Delhi,,solar,14.047,,20,5,1,1
2023-01-07 21:00:00,0.0,0.0,0.0,13.37,13.37,0.0,0.0,PVWatts,Solar_Delhi,,solar,13.37,,21,5,1,1
2023-01-07 22:00:00,0.0,0.0,0.0,12.727,12.727,0.0,0.0,PVWatts,Solar_Delhi,,solar,12.727,,22,5,1,1
2023-01-07 23:00:00,0.0,0.0,0.0,12.106,12.106,0.0,0.0,PVWatts,Solar_Delhi,,solar,12.106,,23,5,1,1
2023-01-08 00:00:00,0.0,0.0,0.0,11.523,11.523,0.0,0.0,PVWatts,Solar_Delhi,,solar,11.523,,0,6,1,1
2023-01-08 01:00:00,0.0,0.0,0.0,10.979,10.979,0.0,0.0,PVWatts,Solar_Delhi,,solar,10.979,,1,6,1,1
2023-01-08 02:00:00,0.0,0.0,0.0,10.423,10.423,0.0,0.0,PVWatts,Solar_Delhi,,solar,10.423,,2,6,1,1
2023-01-08 03:00:00,0.0,0.0,0.0,9.883,9.883,0.0,0.0,PVWatts,Solar_Delhi,,solar,9.883,,3,6,1,1
2023-01-08 04:00:00,0.0,0.0,0.0,9.38,9.38,0.0,0.0,PVWatts,Solar_Delhi,,solar,9.38,,4,6,1,1
2023-01-08 05:00:00,0.0,0.0,0.0,8.928,8.928,0.0,0.0,PVWatts,Solar_Delhi,,solar,8.928,,5,6,1,1
2023-01-08 06:00:00,0.0,0.0,0.0,8.588,0.0,0.0,0.0,PVWatts,Solar_Delhi,,solar,8.588,,6,6,1,1
2023-01-08 07:00:00,58.963,225.496,7.566,11.021,11.286,0.058963,0.225496,PVWatts,Solar_Delhi,,solar,11.021,,7,6,1,1
2023-01-08 08:00:00,8185.423,8650.486,251.917,15.13,24.091,8.185423,8.650486,PVWatts,Solar_Delhi,,solar,15.13,,8,6,1,1
2023-01-08 09:00:00,15719.301,16461.126,511.506,19.045,43.391,15.719301,16.461126,PVWatts,Solar_Delhi,,solar,19.045,,9,6,1,1
2023-01-08 10:00:00,20060.071,20961.358,690.473,23.533,56.342,20.060071,20.961358,PVWatts,Solar_Delhi,,solar,23.533,,10,6,1,1
2023-01-08 11:00:00,22333.092,23317.88,793.901,25.426,63.116,22.333092,23.317880000000002,PVWatts,Solar_Delhi,,solar,25.426,,11,6,1,1
2023-01-08 12:00:00,22654.703,23651.306,811.339,26.295,64.814,22.654703,23.651306,PVWatts,Solar_Delhi,,solar,26.295,,12,6,1,1
2023-01-08 13:00:00,21191.207,22134.047,746.374,26.343,61.813,21.191207,22.134047,PVWatts,Solar_Delhi,,solar,26.343,,13,6,1,1
2023-01-08 14:00:00,17844.791,18664.698,606.072,25.624,54.478,17.844791,18.664698,PVWatts,Solar_Delhi,,solar,25.624,,14,6,1,1
2023-01-08 15:00:00,12562.375,13188.229,410.995,23.901,43.471,12.562375,13.188229,PVWatts,Solar_Delhi,,solar,23.901,,15,6,1,1
2023-01-08 16:00:00,5505.695,5872.317,191.938,19.896,28.823,5.505694999999999,5.872317,PVWatts,Solar_Delhi,,solar,19.896,,16,6,1,1
2023-01-08 17:00:00,0.0,0.0,0.97,17.455,17.484,0.0,0.0,PVWatts,Solar_Delhi,,solar,17.455,,17,6,1,1
2023-01-08 18:00:00,0.0,0.0,0.0,16.52,16.52,0.0,0.0,PVWatts,Solar_Delhi,,solar,16.52,,18,6,1,1
2023-01-08 19:00:00,0.0,0.0,0.0,15.684,15.684,0.0,0.0,PVWatts,Solar_Delhi,,solar,15.684,,19,6,1,1
2023-01-08 20:00:00,0.0,0.0,0.0,14.91,14.91,0.0,0.0,PVWatts,Solar_Delhi,,solar,14.91,,20,6,1,1
2023-01-08 21:00:00,0.0,0.0,0.0,14.163,14.163,0.0,0.0,PVWatts,Solar_Delhi,,solar,14.163,,21,6,1,1
2023-01-08 22:00:00,0.0,0.0,0.0,13.434,13.434,0.0,0.0,PVWatts,Solar_Delhi,,solar,13.434,,22,6,1,1
2023-01-08 23:00:00,0.0,0.0,0.0,12.746,12.746,0.0,0.0,PVWatts,Solar_Delhi,,solar,12.746,,23,6,1,1
2023-01-09 00:00:00,0.0,0.0,0.0,12.115,12.115,0.0,0.0,PVWatts,Solar_Delhi,,solar,12.115,,0,0,0,1
2023-01-09 01:00:00,0.0,0.0,0.0,11.482,11.482,0.0,0.0,PVWatts,Solar_Delhi,,solar,11.482,,1,0,0,1
2023-01-09 02:00:00,0.0,0.0,0.0,10.838,10.838,0.0,0.0,PVWatts,Solar_Delhi,,solar,10.838,,2,0,0,1
2023-01-09 03:00:00,0.0,0.0,0.0,10.254,10.254,0.0,0.0,PVWatts,Solar_Delhi,,solar,10.254,,3,0,0,1
2023-01-09 04:00:00,0.0,0.0,0.0,9.738,9.738,0.0,0.0,PVWatts,Solar_Delhi,,solar,9.738,,4,0,0,1
2023-01-09 05:00:00,0.0,0.0,0.0,9.275,9.275,0.0,0.0,PVWatts,Solar_Delhi,,solar,9.275,,5,0,0,1
2023-01-09 06:00:00,0.0,0.0,0.0,8.928,0.0,0.0,0.0,PVWatts,Solar_Delhi,,solar,8.928,,6,0,0,1
2023-01-09 07:00:00,58.474,224.989,7.566,11.382,11.738,0.058474,0.224989,PVWatts,Solar_Delhi,,solar,11.382,,7,0,0,1
2023-01-09 08:00:00,8171.086,8635.623,251.723,15.353,24.308,8.171086,8.635622999999999,PVWatts,Solar_Delhi,,solar,15.353,,8,0,0,1
2023-01-09 09:00:00,15774.209,16518.051,499.833,18.936,36.7,15.774209,16.518051,PVWatts,Solar_Delhi,,solar,18.936,,9,0,0,1
2023-01-09 10:00:00,20239.753,21147.641,671.233,23.63,47.443,20.239753,21.147641,PVWatts,Solar_Delhi,,solar,23.63,,10,0,0,1
2023-01-09 11:00:00,23029.869,24040.254,784.631,25.564,53.378,23.029868999999998,24.040254,PVWatts,Solar_Delhi,,solar,25.564,,11,0,0,1
2023-01-09 12:00:00,23700.645,24735.671,813.072,26.277,55.102,23.700645,24.735671,PVWatts,Solar_Delhi,,solar,26.277,,12,0,0,1
2023-01-09 13:00:00,22133.179,23110.623,749.356,26.203,52.795,22.133179,23.110623,PVWatts,Solar_Delhi,,solar,26.203,,13,0,0,1
2023-01-09 14:00:00,18526.434,19371.382,609.628,25.436,47.108,18.526434000000002,19.371382,PVWatts,Solar_Delhi,,solar,25.436,,14,0,0,1
2023-01-09 15:00:00,12928.864,13568.181,413.871,23.722,38.44,12.928863999999999,13.568181000000001,PVWatts,Solar_Delhi,,solar,23.722,,15,0,0,1
2023-01-09 16:00:00,5715.086,6089.4,197.827,19.669,26.531,5.715086,6.0893999999999995,PVWatts,Solar_Delhi,,solar,19.669,,16,0,0,1
2023-01-09 17:00:00,0.0,0.0,0.97,17.07,17.099,0.0,0.0,PVWatts,Solar_Delhi,,solar,17.07,,17,0,0,1
2023-01-09 18:00:00,0.0,0.0,0.0,16.079,16.079,0.0,0.0,PVWatts,Solar_Delhi,,solar,16.079,,18,0,0,1
2023-01-09 19:00:00,0.0,0.0,0.0,15.207,15.207,0.0,0.0,PVWatts,Solar_Delhi,,solar,15.207,,19,0,0,1
2023-01-09 20:00:00,0.0,0.0,0.0,14.272,14.272,0.0,0.0,PVWatts,Solar_Delhi,,solar,14.272,,20,0,0,1
2023-01-09 21:00:00,0.0,0.0,0.0,13.319,13.319,0.0,0.0,PVWatts,Solar_Delhi,,solar,13.319,,21,0,0,1
2023-01-09 22:00:00,0.0,0.0,0.0,12.42,12.42,0.0,0.0,PVWatts,Solar_Delhi,,solar,12.42,,22,0,0,1
2023-01-09 23:00:00,0.0,0.0,0.0,11.598,11.598,0.0,0.0,PVWatts,Solar_Delhi,,solar,11.598,,23,0,0,1
2023-01-10 00:00:00,0.0,0.0,0.0,10.939,10.939,0.0,0.0,PVWatts,Solar_Delhi,,solar,10.939,,0,1,0,1
2023-01-10 01:00:00,0.0,0.0,0.0,10.154,10.154,0.0,0.0,PVWatts,Solar_Delhi,,solar,10.154,,1,1,0,1
2023-01-10 02:00:00,0.0,0.0,0.0,9.43,9.43,0.0,0.0,PVWatts,Solar_Delhi,,solar,9.43,,2,1,0,1
2023-01-10 03:00:00,0.0,0.0,0.0,8.985,8.985,0.0,0.0,PVWatts,Solar_Delhi,,solar,8.985,,3,1,0,1
2023-01-10 04:00:00,0.0,0.0,0.0,8.884,8.884,0.0,0.0,PVWatts,Solar_Delhi,,solar,8.884,,4,1,0,1
2023-01-10 05:00:00,0.0,0.0,0.0,8.875,8.875,0.0,0.0,PVWatts,Solar_Delhi,,solar,8.875,,5,1,0,1
2023-01-10 06:00:00,0.0,0.0,0.0,8.579,0.0,0.0,0.0,PVWatts,Solar_Delhi,,solar,8.579,,6,1,0,1
2023-01-10 07:00:00,2.507,166.965,5.673,10.823,11.022,0.002507,0.166965,PVWatts,Solar_Delhi,,solar,10.823,,7,1,0,1
2023-01-10 08:00:00,5968.692,6352.322,185.409,14.435,21.023,5.968692,6.352322,PVWatts,Solar_Delhi,,solar,14.435,,8,1,0,1
2023-01-10 09:00:00,5304.101,5663.318,170.323,18.337,24.367,5.304100999999999,5.663318,PVWatts,Solar_Delhi,,solar,18.337,,9,1,0,1
2023-01-10 10:00:00,15756.755,16499.957,515.202,22.543,40.778,15.756755,16.499957,PVWatts,Solar_Delhi,,solar,22.543,,10,1,0,1
2023-01-10 11:00:00,8076.54,8537.604,263.86,24.643,32.073,8.07654,8.537604,PVWatts,Solar_Delhi,,solar,24.643,,11,1,0,1
2023-01-10 12:00:00,18184.355,19016.736,598.313,25.592,42.472,18.184355,19.016736,PVWatts,Solar_Delhi,,solar,25.592,,12,1,0,1
2023-01-10 13:00:00,21448.991,22401.3,706.693,25.656,45.645,21.448991000000003,22.4013,PVWatts,Solar_Delhi,,solar,25.656,,13,1,0,1
2023-01-10 14:00:00,18987.954,19849.855,613.181,25.146,42.531,18.987954000000002,19.849854999999998,PVWatts,Solar_Delhi,,solar,25.146,,14,1,0,1
2023-01-10 15:00:00,13162.114,13810.0,416.073,23.731,35.534,13.162113999999999,13.81,PVWatts,Solar_Delhi,,solar,23.731,,15,1,0,1
2023-01-10 16:00:00,5881.41,6261.834,200.545,19.897,25.461,5.88141,6.2618339999999995,PVWatts,Solar_Delhi,,solar,19.897,,16,1,0,1
2023-01-10 17:00:00,0.0,0.0,0.97,16.964,16.986,0.0,0.0,PVWatts,Solar_Delhi,,solar,16.964,,17,1,0,1
2023-01-10 18:00:00,0.0,0.0,0.0,15.956,15.956,0.0,0.0,PVWatts,Solar_Delhi,,solar,15.956,,18,1,0,1
2023-01-10 19:00:00,0.0,0.0,0.0,15.09,15.09,0.0,0.0,PVWatts,Solar_Delhi,,solar,15.09,,19,1,0,1
2023-01-10 20:00:00,0.0,0.0,0.0,14.174,14.174,0.0,0.0,PVWatts,Solar_Delhi,,solar,14.174,,20,1,0,1
2023-01-10 21:00:00,0.0,0.0,0.0,13.248,13.248,0.0,0.0,PVWatts,Solar_Delhi,,solar,13.248,,21,1,0,1
2023-01-10 22:00:00,0.0,0.0,0.0,12.364,12.364,0.0,0.0,PVWatts,Solar_Delhi,,solar,12.364,,22,1,0,1
2023-01-10 23:00:00,0.0,0.0,0.0,11.559,11.559,0.0,0.0,PVWatts,Solar_Delhi,,solar,11.559,,23,1,0,1
2023-01-11 00:00:00,0.0,0.0,0.0,10.854,10.854,0.0,0.0,PVWatts,Solar_Delhi,,solar,10.854,,0,2,0,1
2023-01-11 01:00:00,0.0,0.0,0.0,10.2,10.2,0.0,0.0,PVWatts,Solar_Delhi,,solar,10.2,,1,2,0,1
2023-01-11 02:00:00,0.0,0.0,0.0,9.653,9.653,0.0,0.0,PVWatts,Solar_Delhi,,solar,9.653,,2,2,0,1
2023-01-11 03:00:00,0.0,0.0,0.0,9.177,9.177,0.0,0.0,PVWatts,Solar_Delhi,,solar,9.177,,3,2,0,1
2023-01-11 04:00:00,0.0,0.0,0.0,8.749,8.749,0.0,0.0,PVWatts,Solar_Delhi,,solar,8.749,,4,2,0,1
2023-01-11 05:00:00,0.0,0.0,0.0,8.413,8.413,0.0,0.0,PVWatts,Solar_Delhi,,solar,8.413,,5,2,0,1
2023-01-11 06:00:00,0.0,0.0,0.0,8.253,0.0,0.0,0.0,PVWatts,Solar_Delhi,,solar,8.253,,6,2,0,1
2023-01-11 07:00:00,360.905,538.53,17.953,10.523,10.937,0.360905,0.53853,PVWatts,Solar_Delhi,,solar,10.523,,7,2,0,1
2023-01-11 08:00:00,8321.119,8791.167,251.879,13.947,19.89,8.321119000000001,8.791167,PVWatts,Solar_Delhi,,solar,13.947,,8,2,0,1
2023-01-11 09:00:00,16615.261,17390.0,513.113,18.39,30.488,16.615261,17.39,PVWatts,Solar_Delhi,,solar,18.39,,9,2,0,1
2023-01-11 10:00:00,21660.613,22620.696,693.118,22.639,38.952,21.660613,22.620696,PVWatts,Solar_Delhi,,solar,22.639,,10,2,0,1
2023-01-11 11:00:00,24423.124,25484.691,798.264,24.748,43.52,24.423124,25.484690999999998,PVWatts,Solar_Delhi,,solar,24.748,,11,2,0,1
2023-01-11 12:00:00,24729.135,25801.943,813.369,25.908,45.034,24.729135,25.801942999999998,PVWatts,Solar_Delhi,,solar,25.908,,12,2,0,1
2023-01-11 13:00:00,22955.383,23963.031,748.85,26.21,43.836,22.955383,23.963030999999997,PVWatts,Solar_Delhi,,solar,26.21,,13,2,0,1
2023-01-11 14:00:00,19439.221,20317.701,616.796,25.807,38.256,19.439221,20.317701,PVWatts,Solar_Delhi,,solar,25.807,,14,2,0,1
2023-01-11 15:00:00,13395.12,14051.565,418.967,24.607,33.069,13.39512,14.051565,PVWatts,Solar_Delhi,,solar,24.607,,15,2,0,1
2023-01-11 16:00:00,5957.169,6340.377,203.326,21.685,26.379,5.9571689999999995,6.340377,PVWatts,Solar_Delhi,,solar,21.685,,16,2,0,1
2023-01-11 17:00:00,0.0,32.571,1.94,18.863,18.896,0.0,0.032570999999999996,PVWatts,Solar_Delhi,,solar,18.863,,17,2,0,1
2023-01-11 18:00:00,0.0,0.0,0.0,17.83,17.83,0.0,0.0,PVWatts,Solar_Delhi,,solar,17.83,,18,2,0,1
2023-01-11 19:00:00,0.0,0.0,0.0,16.949,16.949,0.0,0.0,PVWatts,Solar_Delhi,,solar,16.949,,19,2,0,1
2023-01-11 20:00:00,0.0,0.0,0.0,16.137,16.137,0.0,0.0,PVWatts,Solar_Delhi,,solar,16.137,,20,2,0,1
2023-01-11 21:00:00,0.0,0.0,0.0,15.32,15.32,0.0,0.0,PVWatts,Solar_Delhi,,solar,15.32,,21,2,0,1
2023-01-11 22:00:00,0.0,0.0,0.0,14.565,14.565,0.0,0.0,PVWatts,Solar_Delhi,,solar,14.565,,22,2,0,1
2023-01-11 23:00:00,0.0,0.0,0.0,13.952,13.952,0.0,0.0,PVWatts,Solar_Delhi,,solar,13.952,,23,2,0,1
2023-01-12 00:00:00,0.0,0.0,0.0,13.431,13.431,0.0,0.0,PVWatts,Solar_Delhi,,solar,13.431,,0,3,0,1
2023-01-12 01:00:00,0.0,0.0,0.0,12.998,12.998,0.0,0.0,PVWatts,Solar_Delhi,,solar,12.998,,1,3,0,1
2023-01-12 02:00:00,0.0,0.0,0.0,12.47,12.47,0.0,0.0,PVWatts,Solar_Delhi,,solar,12.47,,2,3,0,1
2023-01-12 03:00:00,0.0,0.0,0.0,11.952,11.952,0.0,0.0,PVWatts,Solar_Delhi,,solar,11.952,,3,3,0,1
2023-01-12 04:00:00,0.0,0.0,0.0,11.418,11.418,0.0,0.0,PVWatts,Solar_Delhi,,solar,11.418,,4,3,0,1
2023-01-12 05:00:00,0.0,0.0,0.0,10.919,10.919,0.0,0.0,PVWatts,Solar_Delhi,,solar,10.919,,5,3,0,1
2023-01-12 06:00:00,0.0,0.0,0.0,10.481,0.0,0.0,0.0,PVWatts,Solar_Delhi,,solar,10.481,,6,3,0,1
2023-01-12 07:00:00,58.168,224.672,7.566,11.916,12.092,0.058168,0.224672,PVWatts,Solar_Delhi,,solar,11.916,,7,3,0,1
2023-01-12 08:00:00,8328.966,8799.303,253.386,15.231,21.21,8.328966000000001,8.799303,PVWatts,Solar_Delhi,,solar,15.231,,8,3,0,1
2023-01-12 09:00:00,16494.209,17264.502,512.073,19.776,31.849,16.494208999999998,17.264502,PVWatts,Solar_Delhi,,solar,19.776,,9,3,0,1
2023-01-12 10:00:00,21595.414,22553.103,693.431,23.465,39.785,21.595414,22.553103,PVWatts,Solar_Delhi,,solar,23.465,,10,3,0,1
2023-01-12 11:00:00,24235.311,25289.978,795.147,25.69,44.388,24.235311000000003,25.289977999999998,PVWatts,Solar_Delhi,,solar,25.69,,11,3,0,1
2023-01-12 12:00:00,24668.832,25739.425,815.182,26.961,46.129,24.668832,25.739425,PVWatts,Solar_Delhi,,solar,26.961,,12,3,0,1
2023-01-12 13:00:00,22904.486,23910.265,750.976,27.368,45.044,22.904486000000002,23.910265,PVWatts,Solar_Delhi,,solar,27.368,,13,3,0,1
2023-01-12 14:00:00,19095.137,19960.976,614.211,27.063,41.546,19.095136999999998,19.960976,PVWatts,Solar_Delhi,,solar,27.063,,14,3,0,1
2023-01-12 15:00:00,13329.651,13983.691,421.16,25.924,35.864,13.329651,13.983691,PVWatts,Solar_Delhi,,solar,25.924,,15,3,0,1
2023-01-12 16:00:00,6089.715,6477.792,210.399,22.79,28.623,6.089715,6.477792,PVWatts,Solar_Delhi,,solar,22.79,,16,3,0,1
2023-01-12 17:00:00,0.0,32.353,1.94,19.957,20.003,0.0,0.032353,PVWatts,Solar_Delhi,,solar,19.957,,17,3,0,1
2023-01-12 18:00:00,0.0,0.0,0.0,19.054,19.054,0.0,0.0,PVWatts,Solar_Delhi,,solar,19.054,,18,3,0,1
2023-01-12 19:00:00,0.0,0.0,0.0,18.251,18.251,0.0,0.0,PVWatts,Solar_Delhi,,solar,18.251,,19,3,0,1
2023-01-12 20:00:00,0.0,0.0,0.0,17.335,17.335,0.0,0.0,PVWatts,Solar_Delhi,,solar,17.335,,20,3,0,1
2023-01-12 21:00:00,0.0,0.0,0.0,16.363,16.363,0.0,0.0,PVWatts,Solar_Delhi,,solar,16.363,,21,3,0,1
2023-01-12 22:00:00,0.0,0.0,0.0,15.382,15.382,0.0,0.0,PVWatts,Solar_Delhi,,solar,15.382,,22,3,0,1
2023-01-12 23:00:00,0.0,0.0,0.0,14.472,14.472,0.0,0.0,PVWatts,Solar_Delhi,,solar,14.472,,23,3,0,1
2023-01-13 00:00:00,0.0,0.0,0.0,13.663,13.663,0.0,0.0,PVWatts,Solar_Delhi,,solar,13.663,,0,4,0,1
2023-01-13 01:00:00,0.0,0.0,0.0,12.901,12.901,0.0,0.0,PVWatts,Solar_Delhi,,solar,12.901,,1,4,0,1
2023-01-13 02:00:00,0.0,0.0,0.0,12.226,12.226,0.0,0.0,PVWatts,Solar_Delhi,,solar,12.226,,2,4,0,1
2023-01-13 03:00:00,0.0,0.0,0.0,11.763,11.763,0.0,0.0,PVWatts,Solar_Delhi,,solar,11.763,,3,4,0,1
2023-01-13 04:00:00,0.0,0.0,0.0,11.38,11.38,0.0,0.0,PVWatts,Solar_Delhi,,solar,11.38,,4,4,0,1
2023-01-13 05:00:00,0.0,0.0,0.0,11.031,11.031,0.0,0.0,PVWatts,Solar_Delhi,,solar,11.031,,5,4,0,1
2023-01-13 06:00:00,0.0,0.0,0.0,10.799,0.0,0.0,0.0,PVWatts,Solar_Delhi,,solar,10.799,,6,4,0,1
2023-01-13 07:00:00,56.666,223.114,7.566,13.274,13.54,0.056665999999999994,0.223114,PVWatts,Solar_Delhi,,solar,13.274,,7,4,0,1
2023-01-13 08:00:00,7897.858,8352.358,244.602,16.407,25.106,7.897858,8.352358,PVWatts,Solar_Delhi,,solar,16.407,,8,4,0,1
2023-01-13 09:00:00,15425.264,16156.288,491.998,20.49,37.97,15.425263999999999,16.156288,PVWatts,Solar_Delhi,,solar,20.49,,9,4,0,1
2023-01-13 10:00:00,20429.499,21344.357,680.376,24.372,48.511,20.429499,21.344357,PVWatts,Solar_Delhi,,solar,24.372,,10,4,0,1
2023-01-13 11:00:00,21497.326,22451.411,732.533,26.755,52.703,21.497326,22.451411,PVWatts,Solar_Delhi,,solar,26.755,,11,4,0,1
2023-01-13 12:00:00,18355.494,19194.162,622.528,27.869,49.89,18.355494,19.194162,PVWatts,Solar_Delhi,,solar,27.869,,12,4,0,1
2023-01-13 13:00:00,21148.116,22089.373,720.698,28.006,53.561,21.148116,22.089373,PVWatts,Solar_Delhi,,solar,28.006,,13,4,0,1
2023-01-13 14:00:00,18284.806,19120.878,607.153,27.466,49.046,18.284806,19.120878,PVWatts,Solar_Delhi,,solar,27.466,,14,4,0,1
2023-01-13 15:00:00,12676.619,13306.669,409.658,26.044,40.612,12.676619,13.306669,PVWatts,Solar_Delhi,,solar,26.044,,15,4,0,1
2023-01-13 16:00:00,4714.786,5052.353,161.892,22.772,28.434,4.714786,5.052353,PVWatts,Solar_Delhi,,solar,22.772,,16,4,0,1
2023-01-13 17:00:00,0.0,32.313,1.94,20.159,20.204,0.0,0.032313,PVWatts,Solar_Delhi,,solar,20.159,,17,4,0,1
2023-01-13 18:00:00,0.0,0.0,0.0,19.337,19.337,0.0,0.0,PVWatts,Solar_Delhi,,solar,19.337,,18,4,0,1
2023-01-13 19:00:00,0.0,0.0,0.0,18.628,18.628,0.0,0.0,PVWatts,Solar_Delhi,,solar,18.628,,19,4,0,1
2023-01-13 20:00:00,0.0,0.0,0.0,17.905,17.905,0.0,0.0,PVWatts,Solar_Delhi,,solar,17.905,,20,4,0,1
2023-01-13 21:00:00,0.0,0.0,0.0,17.21,17.21,0.0,0.0,PVWatts,Solar_Delhi,,solar,17.21,,21,4,0,1
2023-01-13 22:00:00,0.0,0.0,0.0,16.506,16.506,0.0,0.0,PVWatts,Solar_Delhi,,solar,16.506,,22,4,0,1
2023-01-13 23:00:00,0.0,0.0,0.0,15.745,15.745,0.0,0.0,PVWatts,Solar_Delhi,,solar,15.745,,23,4,0,1
2023-01-14 00:00:00,0.0,0.0,0.0,14.987,14.987,0.0,0.0,PVWatts,Solar_Delhi,,solar,14.987,,0,5,1,1
2023-01-14 01:00:00,0.0,0.0,0.0,14.185,14.185,0.0,0.0,PVWatts,Solar_Delhi,,solar,14.185,,1,5,1,1
2023-01-14 02:00:00,0.0,0.0,0.0,13.394,13.394,0.0,0.0,PVWatts,Solar_Delhi,,solar,13.394,,2,5,1,1
2023-01-14 03:00:00,0.0,0.0,0.0,12.649,12.649,0.0,0.0,PVWatts,Solar_Delhi,,solar,12.649,,3,5,1,1
2023-01-14 04:00:00,0.0,0.0,0.0,12.029,12.029,0.0,0.0,PVWatts,Solar_Delhi,,solar,12.029,,4,5,1,1
2023-01-14 05:00:00,0.0,0.0,0.0,11.498,11.498,0.0,0.0,PVWatts,Solar_Delhi,,solar,11.498,,5,5,1,1
2023-01-14 06:00:00,0.0,0.0,0.0,11.137,0.0,0.0,0.0,PVWatts,Solar_Delhi,,solar,11.137,,6,5,1,1
2023-01-14 07:00:00,0.688,165.08,5.673,13.268,13.427,0.0006879999999999999,0.16508,PVWatts,Solar_Delhi,,solar,13.268,,7,5,1,1
2023-01-14 08:00:00,4284.622,4606.388,135.715,16.158,20.001,4.284622000000001,4.606388,PVWatts,Solar_Delhi,,solar,16.158,,8,5,1,1
2023-01-14 09:00:00,13677.745,14344.573,429.424,20.127,32.286,13.677745000000002,14.344573,PVWatts,Solar_Delhi,,solar,20.127,,9,5,1,1
2023-01-14 10:00:00,10853.954,11417.048,347.72,23.499,31.654,10.853954,11.417048000000001,PVWatts,Solar_Delhi,,solar,23.499,,10,5,1,1
2023-01-14 11:00:00,15589.202,16326.249,505.642,25.664,37.521,15.589201999999998,16.326249,PVWatts,Solar_Delhi,,solar,25.664,,11,5,1,1
2023-01-14 12:00:00,22742.71,23742.545,749.433,26.736,44.337,22.74271,23.742545,PVWatts,Solar_Delhi,,solar,26.736,,12,5,1,1
2023-01-14 13:00:00,9929.1,10458.219,325.332,26.872,36.043,9.9291,10.458219,PVWatts,Solar_Delhi,,solar,26.872,,13,5,1,1
2023-01-14 14:00:00,6704.607,7115.272,219.801,26.545,32.75,6.704607,7.115272,PVWatts,Solar_Delhi,,solar,26.545,,14,5,1,1
2023-01-14 15:00:00,13005.076,13647.193,414.15,25.324,37.07,13.005075999999999,13.647193,PVWatts,Solar_Delhi,,solar,25.324,,15,5,1,1
2023-01-14 16:00:00,6036.863,6422.998,206.561,22.638,28.38,6.036863,6.422998,PVWatts,Solar_Delhi,,solar,22.638,,16,5,1,1
2023-01-14 17:00:00,0.0,32.309,1.94,20.184,20.229,0.0,0.032309,PVWatts,Solar_Delhi,,solar,20.184,,17,5,1,1
2023-01-14 18:00:00,0.0,0.0,0.0,19.554,19.554,0.0,0.0,PVWatts,Solar_Delhi,,solar,19.554,,18,5,1,1
2023-01-14 19:00:00,0.0,0.0,0.0,19.735,19.735,0.0,0.0,PVWatts,Solar_Delhi,,solar,19.735,,19,5,1,1
2023-01-14 20:00:00,0.0,0.0,0.0,19.88,19.88,0.0,0.0,PVWatts,Solar_Delhi,,solar,19.88,,20,5,1,1
2023-01-14 21:00:00,0.0,0.0,0.0,19.622,19.622,0.0,0.0,PVWatts,Solar_Delhi,,solar,19.622,,21,5,1,1
2023-01-14 22:00:00,0.0,0.0,0.0,19.174,19.174,0.0,0.0,PVWatts,Solar_Delhi,,solar,19.174,,22,5,1,1
2023-01-14 23:00:00,0.0,0.0,0.0,18.665,18.665,0.0,0.0,PVWatts,Solar_Delhi,,solar,18.665,,23,5,1,1
2023-01-15 00:00:00,0.0,0.0,0.0,18.17,18.17,0.0,0.0,PVWatts,Solar_Delhi,,solar,18.17,,0,6,1,1
2023-01-15 01:00:00,0.0,0.0,0.0,17.697,17.697,0.0,0.0,PVWatts,Solar_Delhi,,solar,17.697,,1,6,1,1
2023-01-15 02:00:00,0.0,0.0,0.0,17.266,17.266,0.0,0.0,PVWatts,Solar_Delhi,,solar,17.266,,2,6,1,1
2023-01-15 03:00:00,0.0,0.0,0.0,16.793,16.793,0.0,0.0,PVWatts,Solar_Delhi,,solar,16.793,,3,6,1,1
2023-01-15 04:00:00,0.0,0.0,0.0,16.309,16.309,0.0,0.0,PVWatts,Solar_Delhi,,solar,16.309,,4,6,1,1
2023-01-15 05:00:00,0.0,0.0,0.0,15.818,15.818,0.0,0.0,PVWatts,Solar_Delhi,,solar,15.818,,5,6,1,1
2023-01-15 06:00:00,0.0,0.0,0.0,15.278,0.0,0.0,0.0,PVWatts,Solar_Delhi,,solar,15.278,,6,6,1,1
2023-01-15 07:00:00,0.0,163.735,5.673,14.932,15.091,0.0,0.16373500000000002,PVWatts,Solar_Delhi,,solar,14.932,,7,6,1,1
2023-01-15 08:00:00,1409.035,1625.163,49.349,14.68,16.075,1.409035,1.625163,PVWatts,Solar_Delhi,,solar,14.68,,8,6,1,1
2023-01-15 09:00:00,2434.172,2687.959,80.861,14.585,16.866,2.4341720000000002,2.6879589999999998,PVWatts,Solar_Delhi,,solar,14.585,,9,6,1,1
2023-01-15 10:00:00,5237.702,5594.479,166.842,14.802,19.5,5.2377020000000005,5.594479000000001,PVWatts,Solar_Delhi,,solar,14.802,,10,6,1,1
2023-01-15 11:00:00,2965.625,3238.936,98.282,15.141,17.905,2.965625,3.2389360000000003,PVWatts,Solar_Delhi,,solar,15.141,,11,6,1,1
2023-01-15 12:00:00,3151.761,3431.909,104.191,15.642,18.572,3.151761,3.431909,PVWatts,Solar_Delhi,,solar,15.642,,12,6,1,1
2023-01-15 13:00:00,3099.076,3377.29,102.316,15.978,18.859,3.099076,3.37729,PVWatts,Solar_Delhi,,solar,15.978,,13,6,1,1
2023-01-15 14:00:00,3133.204,3412.671,102.819,15.853,19.49,3.133204,3.412671,PVWatts,Solar_Delhi,,solar,15.853,,14,6,1,1
2023-01-15 15:00:00,1872.74,2105.903,63.721,15.515,17.774,1.87274,2.1059029999999996,PVWatts,Solar_Delhi,,solar,15.515,,15,6,1,1
2023-01-15 16:00:00,755.668,947.795,30.355,14.961,16.027,0.755668,0.9477949999999999,PVWatts,Solar_Delhi,,solar,14.961,,16,6,1,1
2023-01-15 17:00:00,0.0,51.243,2.91,14.464,14.551,0.0,0.051243000000000004,PVWatts,Solar_Delhi,,solar,14.464,,17,6,1,1
2023-01-15 18:00:00,0.0,0.0,0.0,14.104,14.104,0.0,0.0,PVWatts,Solar_Delhi,,solar,14.104,,18,6,1,1
2023-01-15 19:00:00,0.0,0.0,0.0,13.73,13.73,0.0,0.0,PVWatts,Solar_Delhi,,solar,13.73,,19,6,1,1
2023-01-15 20:00:00,0.0,0.0,0.0,13.4,13.4,0.0,0.0,PVWatts,Solar_Delhi,,solar,13.4,,20,6,1,1
2023-01-15 21:00:00,0.0,0.0,0.0,13.015,13.015,0.0,0.0,PVWatts,Solar_Delhi,,solar,13.015,,21,6,1,1
2023-01-15 22:00:00,0.0,0.0,0.0,12.582,12.582,0.0,0.0,PVWatts,Solar_Delhi,,solar,12.582,,22,6,1,1
2023-01-15 23:00:00,0.0,0.0,0.0,11.92,11.92,0.0,0.0,PVWatts,Solar_Delhi,,solar,11.92,,23,6,1,1
2023-01-16 00:00:00,0.0,0.0,0.0,11.229,11.229,0.0,0.0,PVWatts,Solar_Delhi,,solar,11.229,,0,0,0,1
2023-01-16 01:00:00,0.0,0.0,0.0,10.687,10.687,0.0,0.0,PVWatts,Solar_Delhi,,solar,10.687,,1,0,0,1
2023-01-16 02:00:00,0.0,0.0,0.0,10.18,10.18,0.0,0.0,PVWatts,Solar_Delhi,,solar,10.18,,2,0,0,1
2023-01-16 03:00:00,0.0,0.0,0.0,9.685,9.685,0.0,0.0,PVWatts,Solar_Delhi,,solar,9.685,,3,0,0,1
2023-01-16 04:00:00,0.0,0.0,0.0,9.301,9.301,0.0,0.0,PVWatts,Solar_Delhi,,solar,9.301,,4,0,0,1
2023-01-16 05:00:00,0.0,0.0,0.0,8.93,8.93,0.0,0.0,PVWatts,Solar_Delhi,,solar,8.93,,5,0,0,1
2023-01-16 06:00:00,0.0,0.0,0.0,8.691,0.0,0.0,0.0,PVWatts,Solar_Delhi,,solar,8.691,,6,0,0,1
2023-01-16 07:00:00,3.128,167.609,5.673,10.433,10.592,0.003128,0.167609,PVWatts,Solar_Delhi,,solar,10.433,,7,0,0,1
2023-01-16 08:00:00,3167.752,3448.489,101.24,12.597,15.461,3.167752,3.448489,PVWatts,Solar_Delhi,,solar,12.597,,8,0,0,1
2023-01-16 09:00:00,4214.876,4534.079,135.184,15.722,19.536,4.214876,4.534078999999999,PVWatts,Solar_Delhi,,solar,15.722,,9,0,0,1
2023-01-16 10:00:00,4265.35,4586.407,139.406,18.611,22.536,4.265350000000001,4.586407,PVWatts,Solar_Delhi,,solar,18.611,,10,0,0,1
2023-01-16 11:00:00,4040.412,4353.206,134.028,20.517,24.286,4.040412,4.353206,PVWatts,Solar_Delhi,,solar,20.517,,11,0,0,1
2023-01-16 12:00:00,4752.243,5091.187,157.238,22.056,26.479,4.752243,5.091187,PVWatts,Solar_Delhi,,solar,22.056,,12,0,0,1
2023-01-16 13:00:00,4185.577,4503.704,139.383,22.907,26.831,4.185577,4.503704,PVWatts,Solar_Delhi,,solar,22.907,,13,0,0,1
2023-01-16 14:00:00,3456.808,3748.163,115.959,22.793,26.895,3.456808,3.748163,PVWatts,Solar_Delhi,,solar,22.793,,14,0,0,1
2023-01-16 15:00:00,2176.227,2420.539,74.841,21.723,24.376,2.176227,2.420539,PVWatts,Solar_Delhi,,solar,21.723,,15,0,0,1
2023-01-16 16:00:00,828.582,1023.387,33.271,19.076,20.643,0.828582,1.023387,PVWatts,Solar_Delhi,,solar,19.076,,16,0,0,1
2023-01-16 17:00:00,0.0,50.536,2.91,16.872,16.988,0.0,0.050536000000000005,PVWatts,Solar_Delhi,,solar,16.872,,17,0,0,1
2023-01-16 18:00:00,0.0,0.0,0.0,16.184,16.184,0.0,0.0,PVWatts,Solar_Delhi,,solar,16.184,,18,0,0,1
2023-01-16 19:00:00,0.0,0.0,0.0,15.568,15.568,0.0,0.0,PVWatts,Solar_Delhi,,solar,15.568,,19,0,0,1
2023-01-16 20:00:00,0.0,0.0,0.0,14.991,14.991,0.0,0.0,PVWatts,Solar_Delhi,,solar,14.991,,20,0,0,1
2023-01-16 21:00:00,0.0,0.0,0.0,14.483,14.483,0.0,0.0,PVWatts,Solar_Delhi,,solar,14.483,,21,0,0,1
2023-01-16 22:00:00,0.0,0.0,0.0,14.287,14.287,0.0,0.0,PVWatts,Solar_Delhi,,solar,14.287,,22,0,0,1
2023-01-16 23:00:00,0.0,0.0,0.0,13.982,13.982,0.0,0.0,PVWatts,Solar_Delhi,,solar,13.982,,23,0,0,1
2023-01-17 00:00:00,0.0,0.0,0.0,13.559,13.559,0.0,0.0,PVWatts,Solar_Delhi,,solar,13.559,,0,1,0,1
2023-01-17 01:00:00,0.0,0.0,0.0,13.154,13.154,0.0,0.0,PVWatts,Solar_Delhi,,solar,13.154,,1,1,0,1
2023-01-17 02:00:00,0.0,0.0,0.0,12.799,12.799,0.0,0.0,PVWatts,Solar_Delhi,,solar,12.799,,2,1,0,1
2023-01-17 03:00:00,0.0,0.0,0.0,12.441,12.441,0.0,0.0,PVWatts,Solar_Delhi,,solar,12.441,,3,1,0,1
2023-01-17 04:00:00,0.0,0.0,0.0,12.133,12.133,0.0,0.0,PVWatts,Solar_Delhi,,solar,12.133,,4,1,0,1
2023-01-17 05:00:00,0.0,0.0,0.0,11.828,11.828,0.0,0.0,PVWatts,Solar_Delhi,,solar,11.828,,5,1,0,1
2023-01-17 06:00:00,0.0,0.0,0.0,11.737,0.0,0.0,0.0,PVWatts,Solar_Delhi,,solar,11.737,,6,1,0,1
2023-01-17 07:00:00,28.27,193.675,6.619,13.801,14.113,0.02827,0.193675,PVWatts,Solar_Delhi,,solar,13.801,,7,1,0,1
2023-01-17 08:00:00,5463.343,5828.409,172.661,15.652,23.865,5.463343,5.828409,PVWatts,Solar_Delhi,,solar,15.652,,8,1,0,1
2023-01-17 09:00:00,8174.801,8639.474,262.508,18.746,31.201,8.174801,8.639474,PVWatts,Solar_Delhi,,solar,18.746,,9,1,0,1
2023-01-17 10:00:00,6759.972,7172.671,223.167,22.127,32.681,6.759971999999999,7.172671,PVWatts,Solar_Delhi,,solar,22.127,,10,1,0,1
2023-01-17 11:00:00,18779.484,19633.728,647.676,23.314,53.996,18.779484,19.633727999999998,PVWatts,Solar_Delhi,,solar,23.314,,11,1,0,1
2023-01-17 12:00:00,10702.544,11260.076,356.671,23.719,40.59,10.702544,11.260076,PVWatts,Solar_Delhi,,solar,23.719,,12,1,0,1
2023-01-17 13:00:00,20318.294,21229.067,706.871,23.637,57.158,20.318294,21.229067,PVWatts,Solar_Delhi,,solar,23.637,,13,1,0,1
2023-01-17 14:00:00,6333.068,6730.084,208.691,23.069,32.957,6.333068,6.730084,PVWatts,Solar_Delhi,,solar,23.069,,14,1,0,1
2023-01-17 15:00:00,5149.051,5502.572,168.349,21.834,29.827,5.149051,5.502572,PVWatts,Solar_Delhi,,solar,21.834,,15,1,0,1
2023-01-17 16:00:00,4755.832,5094.907,160.746,19.316,26.864,4.755832000000001,5.094907,PVWatts,Solar_Delhi,,solar,19.316,,16,1,0,1
2023-01-17 17:00:00,0.0,160.183,8.729,17.32,17.579,0.0,0.160183,PVWatts,Solar_Delhi,,solar,17.32,,17,1,0,1
2023-01-17 18:00:00,0.0,0.0,0.0,16.624,16.624,0.0,0.0,PVWatts,Solar_Delhi,,solar,16.624,,18,1,0,1
2023-01-17 19:00:00,0.0,0.0,0.0,16.062,16.062,0.0,0.0,PVWatts,Solar_Delhi,,solar,16.062,,19,1,0,1
2023-01-17 20:00:00,0.0,0.0,0.0,15.6,15.6,0.0,0.0,PVWatts,Solar_Delhi,,solar,15.6,,20,1,0,1
2023-01-17 21:00:00,0.0,0.0,0.0,15.17,15.17,0.0,0.0,PVWatts,Solar_Delhi,,solar,15.17,,21,1,0,1
2023-01-17 22:00:00,0.0,0.0,0.0,14.772,14.772,0.0,0.0,PVWatts,Solar_Delhi,,solar,14.772,,22,1,0,1
2023-01-17 23:00:00,0.0,0.0,0.0,14.463,14.463,0.0,0.0,PVWatts,Solar_Delhi,,solar,14.463,,23,1,0,1
2023-01-18 00:00:00,0.0,0.0,0.0,14.002,14.002,0.0,0.0,PVWatts,Solar_Delhi,,solar,14.002,,0,2,0,1
2023-01-18 01:00:00,0.0,0.0,0.0,13.771,13.771,0.0,0.0,PVWatts,Solar_Delhi,,solar,13.771,,1,2,0,1
2023-01-18 02:00:00,0.0,0.0,0.0,13.6,13.6,0.0,0.0,PVWatts,Solar_Delhi,,solar,13.6,,2,2,0,1
2023-01-18 03:00:00,0.0,0.0,0.0,13.344,13.344,0.0,0.0,PVWatts,Solar_Delhi,,solar,13.344,,3,2,0,1
2023-01-18 04:00:00,0.0,0.0,0.0,13.255,13.255,0.0,0.0,PVWatts,Solar_Delhi,,solar,13.255,,4,2,0,1
2023-01-18 05:00:00,0.0,0.0,0.0,13.147,13.147,0.0,0.0,PVWatts,Solar_Delhi,,solar,13.147,,5,2,0,1
2023-01-18 06:00:00,0.0,0.0,0.0,13.06,0.0,0.0,0.0,PVWatts,Solar_Delhi,,solar,13.06,,6,2,0,1
2023-01-18 07:00:00,28.164,193.566,6.619,14.1,14.332,0.028164,0.19356600000000002,PVWatts,Solar_Delhi,,solar,14.1,,7,2,0,1
2023-01-18 08:00:00,2405.882,2658.63,80.004,15.874,18.71,2.405882,2.65863,PVWatts,Solar_Delhi,,solar,15.874,,8,2,0,1
2023-01-18 09:00:00,3027.038,3302.605,100.776,18.744,22.309,3.027038,3.3026050000000002,PVWatts,Solar_Delhi,,solar,18.744,,9,2,0,1
2023-01-18 10:00:00,3040.112,3316.16,103.288,21.829,25.474,3.040112,3.31616,PVWatts,Solar_Delhi,,solar,21.829,,10,2,0,1
2023-01-18 11:00:00,6983.088,7403.983,229.096,22.362,30.443,6.9830879999999995,7.403983,PVWatts,Solar_Delhi,,solar,22.362,,11,2,0,1
2023-01-18 12:00:00,21714.746,22676.818,728.472,22.541,48.325,21.714745999999998,22.676818,PVWatts,Solar_Delhi,,solar,22.541,,12,2,0,1
2023-01-18 13:00:00,19721.593,20610.446,652.194,22.33,45.435,19.721593000000002,20.610446,PVWatts,Solar_Delhi,,solar,22.33,,13,2,0,1
2023-01-18 14:00:00,19658.448,20544.981,627.684,21.747,39.537,19.658448,20.544981,PVWatts,Solar_Delhi,,solar,21.747,,14,2,0,1
2023-01-18 15:00:00,13698.742,14366.341,426.821,20.644,32.759,13.698742,14.366341,PVWatts,Solar_Delhi,,solar,20.644,,15,2,0,1
2023-01-18 16:00:00,6666.352,7075.611,225.08,18.477,26.32,6.666352,7.075611,PVWatts,Solar_Delhi,,solar,18.477,,16,2,0,1
2023-01-18 17:00:00,0.0,68.68,3.879,16.24,16.355,0.0,0.06868,PVWatts,Solar_Delhi,,solar,16.24,,17,2,0,1
2023-01-18 18:00:00,0.0,0.0,0.0,15.421,15.421,0.0,0.0,PVWatts,Solar_Delhi,,solar,15.421,,18,2,0,1
2023-01-18 19:00:00,0.0,0.0,0.0,14.677,14.677,0.0,0.0,PVWatts,Solar_Delhi,,solar,14.677,,19,2,0,1
2023-01-18 20:00:00,0.0,0.0,0.0,13.939,13.939,0.0,0.0,PVWatts,Solar_Delhi,,solar,13.939,,20,2,0,1
2023-01-18 21:00:00,0.0,0.0,0.0,13.181,13.181,0.0,0.0,PVWatts,Solar_Delhi,,solar,13.181,,21,2,0,1
2023-01-18 22:00:00,0.0,0.0,0.0,12.41,12.41,0.0,0.0,PVWatts,Solar_Delhi,,solar,12.41,,22,2,0,1
2023-01-18 23:00:00,0.0,0.0,0.0,11.681,11.681,0.0,0.0,PVWatts,Solar_Delhi,,solar,11.681,,23,2,0,1
2023-01-19 00:00:00,0.0,0.0,0.0,11.015,11.015,0.0,0.0,PVWatts,Solar_Delhi,,solar,11.015,,0,3,0,1
2023-01-19 01:00:00,0.0,0.0,0.0,10.385,10.385,0.0,0.0,PVWatts,Solar_Delhi,,solar,10.385,,1,3,0,1
2023-01-19 02:00:00,0.0,0.0,0.0,9.891,9.891,0.0,0.0,PVWatts,Solar_Delhi,,solar,9.891,,2,3,0,1
2023-01-19 03:00:00,0.0,0.0,0.0,9.452,9.452,0.0,0.0,PVWatts,Solar_Delhi,,solar,9.452,,3,3,0,1
2023-01-19 04:00:00,0.0,0.0,0.0,9.084,9.084,0.0,0.0,PVWatts,Solar_Delhi,,solar,9.084,,4,3,0,1
2023-01-19 05:00:00,0.0,0.0,0.0,8.747,8.747,0.0,0.0,PVWatts,Solar_Delhi,,solar,8.747,,5,3,0,1
2023-01-19 06:00:00,0.0,0.0,0.0,8.592,0.0,0.0,0.0,PVWatts,Solar_Delhi,,solar,8.592,,6,3,0,1
2023-01-19 07:00:00,116.762,285.418,9.459,11.312,11.644,0.116762,0.285418,PVWatts,Solar_Delhi,,solar,11.312,,7,3,0,1
2023-01-19 08:00:00,7894.234,8348.601,242.699,14.479,23.111,7.894234,8.348601,PVWatts,Solar_Delhi,,solar,14.479,,8,3,0,1
2023-01-19 09:00:00,15378.444,16107.748,500.473,18.941,42.748,15.378444,16.107748,PVWatts,Solar_Delhi,,solar,18.941,,9,3,0,1
2023-01-19 10:00:00,20240.037,21147.935,692.923,21.786,54.694,20.240037,21.147935,PVWatts,Solar_Delhi,,solar,21.786,,10,3,0,1
2023-01-19 11:00:00,22837.476,23840.792,807.526,23.234,61.552,22.837476,23.840792,PVWatts,Solar_Delhi,,solar,23.234,,11,3,0,1
2023-01-19 12:00:00,22646.842,23643.156,804.574,23.933,62.087,22.646842,23.643155999999998,PVWatts,Solar_Delhi,,solar,23.933,,12,3,0,1
2023-01-19 13:00:00,14447.187,15142.281,487.055,23.947,47.015,14.447187,15.142281,PVWatts,Solar_Delhi,,solar,23.947,,13,3,0,1
2023-01-19 14:00:00,15776.41,16520.334,527.043,23.149,48.191,15.77641,16.520334,PVWatts,Solar_Delhi,,solar,23.149,,14,3,0,1
2023-01-19 15:00:00,11253.285,11831.049,363.392,21.515,38.809,11.253285,11.831049,PVWatts,Solar_Delhi,,solar,21.515,,15,3,0,1
2023-01-19 16:00:00,4866.458,5209.597,161.752,18.575,24.254,4.866458,5.209597,PVWatts,Solar_Delhi,,solar,18.575,,16,3,0,1
2023-01-19 17:00:00,0.0,86.958,4.849,16.032,16.176,0.0,0.086958,PVWatts,Solar_Delhi,,solar,16.032,,17,3,0,1
2023-01-19 18:00:00,0.0,0.0,0.0,15.015,15.015,0.0,0.0,PVWatts,Solar_Delhi,,solar,15.015,,18,3,0,1
2023-01-19 19:00:00,0.0,0.0,0.0,14.119,14.119,0.0,0.0,PVWatts,Solar_Delhi,,solar,14.119,,19,3,0,1
2023-01-19 20:00:00,0.0,0.0,0.0,13.243,13.243,0.0,0.0,PVWatts,Solar_Delhi,,solar,13.243,,20,3,0,1
2023-01-19 21:00:00,0.0,0.0,0.0,12.509,12.509,0.0,0.0,PVWatts,Solar_Delhi,,solar,12.509,,21,3,0,1
2023-01-19 22:00:00,0.0,0.0,0.0,11.757,11.757,0.0,0.0,PVWatts,Solar_Delhi,,solar,11.757,,22,3,0,1
2023-01-19 23:00:00,0.0,0.0,0.0,11.087,11.087,0.0,0.0,PVWatts,Solar_Delhi,,solar,11.087,,23,3,0,1
2023-01-20 00:00:00,0.0,0.0,0.0,10.488,10.488,0.0,0.0,PVWatts,Solar_Delhi,,solar,10.488,,0,4,0,1
2023-01-20 01:00:00,0.0,0.0,0.0,9.983,9.983,0.0,0.0,PVWatts,Solar_Delhi,,solar,9.983,,1,4,0,1
2023-01-20 02:00:00,0.0,0.0,0.0,9.496,9.496,0.0,0.0,PVWatts,Solar_Delhi,,solar,9.496,,2,4,0,1
2023-01-20 03:00:00,0.0,0.0,0.0,9.101,9.101,0.0,0.0,PVWatts,Solar_Delhi,,solar,9.101,,3,4,0,1
2023-01-20 04:00:00,0.0,0.0,0.0,8.728,8.728,0.0,0.0,PVWatts,Solar_Delhi,,solar,8.728,,4,4,0,1
2023-01-20 05:00:00,0.0,0.0,0.0,8.399,8.399,0.0,0.0,PVWatts,Solar_Delhi,,solar,8.399,,5,4,0,1
2023-01-20 06:00:00,0.0,0.0,0.0,8.216,0.0,0.0,0.0,PVWatts,Solar_Delhi,,solar,8.216,,6,4,0,1
2023-01-20 07:00:00,117.888,286.585,9.459,10.668,10.933,0.117888,0.286585,PVWatts,Solar_Delhi,,solar,10.668,,7,4,0,1
2023-01-20 08:00:00,8630.071,9111.47,263.987,13.754,23.145,8.630071,9.111469999999999,PVWatts,Solar_Delhi,,solar,13.754,,8,4,0,1
2023-01-20 09:00:00,16506.658,17277.408,523.227,18.362,36.955,16.506657999999998,17.277408,PVWatts,Solar_Delhi,,solar,18.362,,9,4,0,1
2023-01-20 10:00:00,21411.779,22362.722,707.986,21.575,46.687,21.411779,22.362722,PVWatts,Solar_Delhi,,solar,21.575,,10,4,0,1
2023-01-20 11:00:00,24165.684,25217.793,819.866,23.038,52.09,24.165684000000002,25.217793,PVWatts,Solar_Delhi,,solar,23.038,,11,4,0,1
2023-01-20 12:00:00,24403.827,25464.684,831.916,23.655,53.131,24.403827,25.464684000000002,PVWatts,Solar_Delhi,,solar,23.655,,12,4,0,1
2023-01-20 13:00:00,23311.498,24332.228,785.928,23.499,51.373,23.311498,24.332228,PVWatts,Solar_Delhi,,solar,23.499,,13,4,0,1
2023-01-20 14:00:00,19664.736,20551.5,643.81,22.719,45.594,19.664736,20.5515,PVWatts,Solar_Delhi,,solar,22.719,,14,4,0,1
2023-01-20 15:00:00,14157.669,14842.127,448.489,21.218,37.179,14.157669,14.842127,PVWatts,Solar_Delhi,,solar,21.218,,15,4,0,1
2023-01-20 16:00:00,6825.007,7240.094,228.172,18.191,26.161,6.825006999999999,7.240094,PVWatts,Solar_Delhi,,solar,18.191,,16,4,0,1
2023-01-20 17:00:00,0.0,124.174,6.789,15.592,15.752,0.0,0.124174,PVWatts,Solar_Delhi,,solar,15.592,,17,4,0,1
2023-01-20 18:00:00,0.0,0.0,0.0,14.676,14.676,0.0,0.0,PVWatts,Solar_Delhi,,solar,14.676,,18,4,0,1
2023-01-20 19:00:00,0.0,0.0,0.0,13.88,13.88,0.0,0.0,PVWatts,Solar_Delhi,,solar,13.88,,19,4,0,1
2023-01-20 20:00:00,0.0,0.0,0.0,13.073,13.073,0.0,0.0,PVWatts,Solar_Delhi,,solar,13.073,,20,4,0,1
2023-01-20 21:00:00,0.0,0.0,0.0,12.174,12.174,0.0,0.0,PVWatts,Solar_Delhi,,solar,12.174,,21,4,0,1
2023-01-20 22:00:00,0.0,0.0,0.0,11.281,11.281,0.0,0.0,PVWatts,Solar_Delhi,,solar,11.281,,22,4,0,1
2023-01-20 23:00:00,0.0,0.0,0.0,10.519,10.519,0.0,0.0,PVWatts,Solar_Delhi,,solar,10.519,,23,4,0,1
2023-01-21 00:00:00,0.0,0.0,0.0,9.903,9.903,0.0,0.0,PVWatts,Solar_Delhi,,solar,9.903,,0,5,1,1
2023-01-21 01:00:00,0.0,0.0,0.0,9.42,9.42,0.0,0.0,PVWatts,Solar_Delhi,,solar,9.42,,1,5,1,1
2023-01-21 02:00:00,0.0,0.0,0.0,8.983,8.983,0.0,0.0,PVWatts,Solar_Delhi,,solar,8.983,,2,5,1,1
2023-01-21 03:00:00,0.0,0.0,0.0,8.559,8.559,0.0,0.0,PVWatts,Solar_Delhi,,solar,8.559,,3,5,1,1
2023-01-21 04:00:00,0.0,0.0,0.0,8.107,8.107,0.0,0.0,PVWatts,Solar_Delhi,,solar,8.107,,4,5,1,1
2023-01-21 05:00:00,0.0,0.0,0.0,7.648,7.648,0.0,0.0,PVWatts,Solar_Delhi,,solar,7.648,,5,5,1,1
2023-01-21 06:00:00,0.0,0.0,0.0,7.368,0.0,0.0,0.0,PVWatts,Solar_Delhi,,solar,7.368,,6,5,1,1
2023-01-21 07:00:00,148.168,317.978,10.407,9.944,10.236,0.148168,0.317978,PVWatts,Solar_Delhi,,solar,9.944,,7,5,1,1
2023-01-21 08:00:00,8804.456,9292.26,266.615,13.164,20.729,8.804456,9.29226,PVWatts,Solar_Delhi,,solar,13.164,,8,5,1,1
2023-01-21 09:00:00,16648.087,17424.032,526.261,17.519,36.218,16.648087,17.424032,PVWatts,Solar_Delhi,,solar,17.519,,9,5,1,1
2023-01-21 10:00:00,21608.994,22567.181,713.432,21.014,46.318,21.608994,22.567181,PVWatts,Solar_Delhi,,solar,21.014,,10,5,1,1
2023-01-21 11:00:00,24357.981,25417.155,824.947,22.433,51.664,24.357981,25.417154999999998,PVWatts,Solar_Delhi,,solar,22.433,,11,5,1,1
2023-01-21 12:00:00,24904.576,25983.829,848.704,23.009,53.081,24.904576000000002,25.983829,PVWatts,Solar_Delhi,,solar,23.009,,12,5,1,1
2023-01-21 13:00:00,23130.723,24144.812,777.208,22.916,50.478,23.130723000000003,24.144812,PVWatts,Solar_Delhi,,solar,22.916,,13,5,1,1
2023-01-21 14:00:00,19833.756,20726.729,648.159,22.12,45.148,19.833756,20.726729,PVWatts,Solar_Delhi,,solar,22.12,,14,5,1,1
2023-01-21 15:00:00,14251.955,14939.876,450.271,20.524,36.548,14.251955,14.939876,PVWatts,Solar_Delhi,,solar,20.524,,15,5,1,1
2023-01-21 16:00:00,6876.166,7293.134,227.6,17.393,25.357,6.8761660000000004,7.293134,PVWatts,Solar_Delhi,,solar,17.393,,16,5,1,1
2023-01-21 17:00:00,0.0,143.534,7.759,14.661,14.89,0.0,0.143534,PVWatts,Solar_Delhi,,solar,14.661,,17,5,1,1
2023-01-21 18:00:00,0.0,0.0,0.0,13.739,13.739,0.0,0.0,PVWatts,Solar_Delhi,,solar,13.739,,18,5,1,1
2023-01-21 19:00:00,0.0,0.0,0.0,12.963,12.963,0.0,0.0,PVWatts,Solar_Delhi,,solar,12.963,,19,5,1,1
2023-01-21 20:00:00,0.0,0.0,0.0,12.195,12.195,0.0,0.0,PVWatts,Solar_Delhi,,solar,12.195,,20,5,1,1
2023-01-21 21:00:00,0.0,0.0,0.0,11.438,11.438,0.0,0.0,PVWatts,Solar_Delhi,,solar,11.438,,21,5,1,1
2023-01-21 22:00:00,0.0,0.0,0.0,10.702,10.702,0.0,0.0,PVWatts,Solar_Delhi,,solar,10.702,,22,5,1,1
2023-01-21 23:00:00,0.0,0.0,0.0,9.996,9.996,0.0,0.0,PVWatts,Solar_Delhi,,solar,9.996,,23,5,1,1
2023-01-22 00:00:00,0.0,0.0,0.0,9.351,9.351,0.0,0.0,PVWatts,Solar_Delhi,,solar,9.351,,0,6,1,1
2023-01-22 01:00:00,0.0,0.0,0.0,8.708,8.708,0.0,0.0,PVWatts,Solar_Delhi,,solar,8.708,,1,6,1,1
2023-01-22 02:00:00,0.0,0.0,0.0,8.167,8.167,0.0,0.0,PVWatts,Solar_Delhi,,solar,8.167,,2,6,1,1
2023-01-22 03:00:00,0.0,0.0,0.0,7.717,7.717,0.0,0.0,PVWatts,Solar_Delhi,,solar,7.717,,3,6,1,1
2023-01-22 04:00:00,0.0,0.0,0.0,7.336,7.336,0.0,0.0,PVWatts,Solar_Delhi,,solar,7.336,,4,6,1,1
2023-01-22 05:00:00,0.0,0.0,0.0,6.975,6.975,0.0,0.0,PVWatts,Solar_Delhi,,solar,6.975,,5,6,1,1
2023-01-22 06:00:00,0.0,0.0,0.0,6.814,0.0,0.0,0.0,PVWatts,Solar_Delhi,,solar,6.814,,6,6,1,1
2023-01-22 07:00:00,90.546,258.239,8.512,9.621,9.92,0.090546,0.258239,PVWatts,Solar_Delhi,,solar,9.621,,7,6,1,1
2023-01-22 08:00:00,8779.122,9265.995,267.601,12.933,22.453,8.779122,9.265995,PVWatts,Solar_Delhi,,solar,12.933,,8,6,1,1
2023-01-22 09:00:00,16443.829,17212.271,520.107,17.602,36.078,16.443829,17.212271,PVWatts,Solar_Delhi,,solar,17.602,,9,6,1,1
2023-01-22 10:00:00,19142.285,20009.856,626.58,20.838,43.041,19.142285,20.009856,PVWatts,Solar_Delhi,,solar,20.838,,10,6,1,1
2023-01-22 11:00:00,23468.893,24495.405,792.528,22.427,50.494,23.468893,24.495404999999998,PVWatts,Solar_Delhi,,solar,22.427,,11,6,1,1
2023-01-22 12:00:00,24674.557,25745.36,841.022,23.233,53.029,24.674557,25.74536,PVWatts,Solar_Delhi,,solar,23.233,,12,6,1,1
2023-01-22 13:00:00,23262.313,24281.236,783.671,23.264,51.053,23.262313,24.281236,PVWatts,Solar_Delhi,,solar,23.264,,13,6,1,1
2023-01-22 14:00:00,19627.676,20513.078,642.671,22.574,45.403,19.627676,20.513078,PVWatts,Solar_Delhi,,solar,22.574,,14,6,1,1
2023-01-22 15:00:00,14137.912,14821.644,447.92,21.117,37.055,14.137912,14.821644000000001,PVWatts,Solar_Delhi,,solar,21.117,,15,6,1,1
2023-01-22 16:00:00,6891.497,7309.028,229.118,18.026,26.039,6.891497,7.3090280000000005,PVWatts,Solar_Delhi,,solar,18.026,,16,6,1,1
2023-01-22 17:00:00,15.846,180.795,9.698,15.303,15.591,0.015846,0.18079499999999998,PVWatts,Solar_Delhi,,solar,15.303,,17,6,1,1
2023-01-22 18:00:00,0.0,0.0,0.0,14.411,14.411,0.0,0.0,PVWatts,Solar_Delhi,,solar,14.411,,18,6,1,1
2023-01-22 19:00:00,0.0,0.0,0.0,13.63,13.63,0.0,0.0,PVWatts,Solar_Delhi,,solar,13.63,,19,6,1,1
2023-01-22 20:00:00,0.0,0.0,0.0,12.882,12.882,0.0,0.0,PVWatts,Solar_Delhi,,solar,12.882,,20,6,1,1
2023-01-22 21:00:00,0.0,0.0,0.0,12.18,12.18,0.0,0.0,PVWatts,Solar_Delhi,,solar,12.18,,21,6,1,1
2023-01-22 22:00:00,0.0,0.0,0.0,11.515,11.515,0.0,0.0,PVWatts,Solar_Delhi,,solar,11.515,,22,6,1,1
2023-01-22 23:00:00,0.0,0.0,0.0,10.937,10.937,0.0,0.0,PVWatts,Solar_Delhi,,solar,10.937,,23,6,1,1
2023-01-23 00:00:00,0.0,0.0,0.0,10.345,10.345,0.0,0.0,PVWatts,Solar_Delhi,,solar,10.345,,0,0,0,1
2023-01-23 01:00:00,0.0,0.0,0.0,9.79,9.79,0.0,0.0,PVWatts,Solar_Delhi,,solar,9.79,,1,0,0,1
2023-01-23 02:00:00,0.0,0.0,0.0,9.239,9.239,0.0,0.0,PVWatts,Solar_Delhi,,solar,9.239,,2,0,0,1
2023-01-23 03:00:00,0.0,0.0,0.0,8.702,8.702,0.0,0.0,PVWatts,Solar_Delhi,,solar,8.702,,3,0,0,1
2023-01-23 04:00:00,0.0,0.0,0.0,8.153,8.153,0.0,0.0,PVWatts,Solar_Delhi,,solar,8.153,,4,0,0,1
2023-01-23 05:00:00,0.0,0.0,0.0,7.703,7.703,0.0,0.0,PVWatts,Solar_Delhi,,solar,7.703,,5,0,0,1
2023-01-23 06:00:00,0.0,0.0,0.0,7.489,0.0,0.0,0.0,PVWatts,Solar_Delhi,,solar,7.489,,6,0,0,1
2023-01-23 07:00:00,118.923,287.658,9.459,10.342,10.607,0.118923,0.287658,PVWatts,Solar_Delhi,,solar,10.342,,7,0,0,1
2023-01-23 08:00:00,7856.252,8309.223,240.683,13.519,22.078,7.8562520000000005,8.309223,PVWatts,Solar_Delhi,,solar,13.519,,8,0,0,1
2023-01-23 09:00:00,15806.905,16551.949,492.949,18.017,31.981,15.806905,16.551949,PVWatts,Solar_Delhi,,solar,18.017,,9,0,0,1
2023-01-23 10:00:00,21601.292,22559.197,697.505,20.885,40.612,21.601292,22.559197,PVWatts,Solar_Delhi,,solar,20.885,,10,0,0,1
2023-01-23 11:00:00,24431.953,25493.844,804.779,22.041,44.78,24.431953,25.493844,PVWatts,Solar_Delhi,,solar,22.041,,11,0,0,1
2023-01-23 12:00:00,25564.594,26668.093,847.629,22.482,46.433,25.564594,26.668093000000002,PVWatts,Solar_Delhi,,solar,22.482,,12,0,0,1
2023-01-23 13:00:00,24055.12,25103.168,788.517,22.196,44.498,24.05512,25.103168,PVWatts,Solar_Delhi,,solar,22.196,,13,0,0,1
2023-01-23 14:00:00,20509.363,21427.155,656.65,21.509,40.116,20.509363,21.427155,PVWatts,Solar_Delhi,,solar,21.509,,14,0,0,1
2023-01-23 15:00:00,14834.253,15543.566,462.043,20.222,33.339,14.834253,15.543566,PVWatts,Solar_Delhi,,solar,20.222,,15,0,0,1
2023-01-23 16:00:00,7330.981,7764.656,241.418,17.457,24.19,7.3309809999999995,7.764656,PVWatts,Solar_Delhi,,solar,17.457,,16,0,0,1
2023-01-23 17:00:00,53.375,219.702,11.638,14.631,14.906,0.053375,0.219702,PVWatts,Solar_Delhi,,solar,14.631,,17,0,0,1
2023-01-23 18:00:00,0.0,0.0,0.0,13.774,13.774,0.0,0.0,PVWatts,Solar_Delhi,,solar,13.774,,18,0,0,1
2023-01-23 19:00:00,0.0,0.0,0.0,13.016,13.016,0.0,0.0,PVWatts,Solar_Delhi,,solar,13.016,,19,0,0,1
2023-01-23 20:00:00,0.0,0.0,0.0,12.348,12.348,0.0,0.0,PVWatts,Solar_Delhi,,solar,12.348,,20,0,0,1
2023-01-23 21:00:00,0.0,0.0,0.0,11.691,11.691,0.0,0.0,PVWatts,Solar_Delhi,,solar,11.691,,21,0,0,1
2023-01-23 22:00:00,0.0,0.0,0.0,11.095,11.095,0.0,0.0,PVWatts,Solar_Delhi,,solar,11.095,,22,0,0,1
2023-01-23 23:00:00,0.0,0.0,0.0,10.465,10.465,0.0,0.0,PVWatts,Solar_Delhi,,solar,10.465,,23,0,0,1
2023-01-24 00:00:00,0.0,0.0,0.0,9.879,9.879,0.0,0.0,PVWatts,Solar_Delhi,,solar,9.879,,0,1,0,1
2023-01-24 01:00:00,0.0,0.0,0.0,9.299,9.299,0.0,0.0,PVWatts,Solar_Delhi,,solar,9.299,,1,1,0,1
2023-01-24 02:00:00,0.0,0.0,0.0,8.765,8.765,0.0,0.0,PVWatts,Solar_Delhi,,solar,8.765,,2,1,0,1
2023-01-24 03:00:00,0.0,0.0,0.0,8.22,8.22,0.0,0.0,PVWatts,Solar_Delhi,,solar,8.22,,3,1,0,1
2023-01-24 04:00:00,0.0,0.0,0.0,7.696,7.696,0.0,0.0,PVWatts,Solar_Delhi,,solar,7.696,,4,1,0,1
2023-01-24 05:00:00,0.0,0.0,0.0,7.232,7.232,0.0,0.0,PVWatts,Solar_Delhi,,solar,7.232,,5,1,0,1
2023-01-24 06:00:00,0.0,0.0,0.0,6.993,0.0,0.0,0.0,PVWatts,Solar_Delhi,,solar,6.993,,6,1,0,1
2023-01-24 07:00:00,120.628,289.426,9.459,9.275,9.496,0.120628,0.28942599999999996,PVWatts,Solar_Delhi,,solar,9.275,,7,1,0,1
2023-01-24 08:00:00,8759.161,9245.301,263.619,12.788,19.009,8.759161,9.245301,PVWatts,Solar_Delhi,,solar,12.788,,8,1,0,1
2023-01-24 09:00:00,17018.796,17808.359,525.49,17.658,30.041,17.018796,17.808359,PVWatts,Solar_Delhi,,solar,17.658,,9,1,0,1
2023-01-24 10:00:00,22515.779,23507.278,720.601,21.67,38.623,22.515779,23.507278,PVWatts,Solar_Delhi,,solar,21.67,,10,1,0,1
2023-01-24 11:00:00,25070.703,26156.059,818.403,23.387,42.619,25.070703,26.156059000000003,PVWatts,Solar_Delhi,,solar,23.387,,11,1,0,1
2023-01-24 12:00:00,25961.469,27079.548,853.363,24.235,44.289,25.961469,27.079548,PVWatts,Solar_Delhi,,solar,24.235,,12,1,0,1
2023-01-24 13:00:00,24359.388,25418.613,793.67,24.321,42.99,24.359388,25.418613,PVWatts,Solar_Delhi,,solar,24.321,,13,1,0,1
2023-01-24 14:00:00,20558.531,21478.129,655.886,23.675,39.13,20.558531,21.478129,PVWatts,Solar_Delhi,,solar,23.675,,14,1,0,1
2023-01-24 15:00:00,14935.186,15648.207,465.164,22.366,33.348,14.935186,15.648207000000001,PVWatts,Solar_Delhi,,solar,22.366,,15,1,0,1
2023-01-24 16:00:00,7186.427,7614.792,236.789,19.325,24.822,7.186427,7.6147920000000004,PVWatts,Solar_Delhi,,solar,19.325,,16,1,0,1
2023-01-24 17:00:00,88.701,256.327,13.578,16.155,16.422,0.08870099999999999,0.25632699999999997,PVWatts,Solar_Delhi,,solar,16.155,,17,1,0,1
2023-01-24 18:00:00,0.0,0.0,0.0,15.125,15.125,0.0,0.0,PVWatts,Solar_Delhi,,solar,15.125,,18,1,0,1
2023-01-24 19:00:00,0.0,0.0,0.0,14.244,14.244,0.0,0.0,PVWatts,Solar_Delhi,,solar,14.244,,19,1,0,1
2023-01-24 20:00:00,0.0,0.0,0.0,13.41,13.41,0.0,0.0,PVWatts,Solar_Delhi,,solar,13.41,,20,1,0,1
2023-01-24 21:00:00,0.0,0.0,0.0,12.594,12.594,0.0,0.0,PVWatts,Solar_Delhi,,solar,12.594,,21,1,0,1
2023-01-24 22:00:00,0.0,0.0,0.0,11.773,11.773,0.0,0.0,PVWatts,Solar_Delhi,,solar,11.773,,22,1,0,1
2023-01-24 23:00:00,0.0,0.0,0.0,10.969,10.969,0.0,0.0,PVWatts,Solar_Delhi,,solar,10.969,,23,1,0,1
2023-01-25 00:00:00,0.0,0.0,0.0,10.241,10.241,0.0,0.0,PVWatts,Solar_Delhi,,solar,10.241,,0,2,0,1
2023-01-25 01:00:00,0.0,0.0,0.0,9.579,9.579,0.0,0.0,PVWatts,Solar_Delhi,,solar,9.579,,1,2,0,1
2023-01-25 02:00:00,0.0,0.0,0.0,9.001,9.001,0.0,0.0,PVWatts,Solar_Delhi,,solar,9.001,,2,2,0,1
2023-01-25 03:00:00,0.0,0.0,0.0,8.571,8.571,0.0,0.0,PVWatts,Solar_Delhi,,solar,8.571,,3,2,0,1
2023-01-25 04:00:00,0.0,0.0,0.0,8.264,8.264,0.0,0.0,PVWatts,Solar_Delhi,,solar,8.264,,4,2,0,1
2023-01-25 05:00:00,0.0,0.0,0.0,7.997,7.997,0.0,0.0,PVWatts,Solar_Delhi,,solar,7.997,,5,2,0,1
2023-01-25 06:00:00,0.0,0.0,0.0,7.934,0.0,0.0,0.0,PVWatts,Solar_Delhi,,solar,7.934,,6,2,0,1
2023-01-25 07:00:00,89.37,257.019,8.513,11.079,11.378,0.08937,0.257019,PVWatts,Solar_Delhi,,solar,11.079,,7,2,0,1
2023-01-25 08:00:00,2043.454,2282.888,68.644,14.541,16.974,2.043454,2.282888,PVWatts,Solar_Delhi,,solar,14.541,,8,2,0,1
2023-01-25 09:00:00,12245.396,12859.606,395.495,19.025,37.81,12.245396000000001,12.859606,PVWatts,Solar_Delhi,,solar,19.025,,9,2,0,1
2023-01-25 10:00:00,16175.75,16934.344,531.927,23.403,42.228,16.17575,16.934344,PVWatts,Solar_Delhi,,solar,23.403,,10,2,0,1
2023-01-25 11:00:00,4811.497,5152.618,162.003,24.906,30.616,4.811497,5.152618,PVWatts,Solar_Delhi,,solar,24.906,,11,2,0,1
2023-01-25 12:00:00,24073.681,25122.411,830.062,25.534,54.915,24.073681,25.122411,PVWatts,Solar_Delhi,,solar,25.534,,12,2,0,1
2023-01-25 13:00:00,23429.569,24454.636,799.082,25.437,53.768,23.429569,24.454635999999997,PVWatts,Solar_Delhi,,solar,25.437,,13,2,0,1
2023-01-25 14:00:00,19362.835,20238.508,640.333,24.72,47.458,19.362835,20.238508000000003,PVWatts,Solar_Delhi,,solar,24.72,,14,2,0,1
2023-01-25 15:00:00,14624.235,15325.833,467.793,23.262,39.911,14.624235,15.325833000000001,PVWatts,Solar_Delhi,,solar,23.262,,15,2,0,1
2023-01-25 16:00:00,7406.643,7843.098,250.17,19.859,31.583,7.406643,7.843098,PVWatts,Solar_Delhi,,solar,19.859,,16,2,0,1
2023-01-25 17:00:00,0.0,86.449,4.849,17.053,17.245,0.0,0.086449,PVWatts,Solar_Delhi,,solar,17.053,,17,2,0,1
2023-01-25 18:00:00,0.0,0.0,0.0,16.158,16.158,0.0,0.0,PVWatts,Solar_Delhi,,solar,16.158,,18,2,0,1
2023-01-25 19:00:00,0.0,0.0,0.0,15.369,15.369,0.0,0.0,PVWatts,Solar_Delhi,,solar,15.369,,19,2,0,1
2023-01-25 20:00:00,0.0,0.0,0.0,14.646,14.646,0.0,0.0,PVWatts,Solar_Delhi,,solar,14.646,,20,2,0,1
2023-01-25 21:00:00,0.0,0.0,0.0,13.945,13.945,0.0,0.0,PVWatts,Solar_Delhi,,solar,13.945,,21,2,0,1
2023-01-25 22:00:00,0.0,0.0,0.0,13.254,13.254,0.0,0.0,PVWatts,Solar_Delhi,,solar,13.254,,22,2,0,1
2023-01-25 23:00:00,0.0,0.0,0.0,12.614,12.614,0.0,0.0,PVWatts,Solar_Delhi,,solar,12.614,,23,2,0,1
2023-01-26 00:00:00,0.0,0.0,0.0,12.034,12.034,0.0,0.0,PVWatts,Solar_Delhi,,solar,12.034,,0,3,0,1
2023-01-26 01:00:00,0.0,0.0,0.0,11.423,11.423,0.0,0.0,PVWatts,Solar_Delhi,,solar,11.423,,1,3,0,1
2023-01-26 02:00:00,0.0,0.0,0.0,10.824,10.824,0.0,0.0,PVWatts,Solar_Delhi,,solar,10.824,,2,3,0,1
2023-01-26 03:00:00,0.0,0.0,0.0,10.26,10.26,0.0,0.0,PVWatts,Solar_Delhi,,solar,10.26,,3,3,0,1
2023-01-26 04:00:00,0.0,0.0,0.0,9.759,9.759,0.0,0.0,PVWatts,Solar_Delhi,,solar,9.759,,4,3,0,1
2023-01-26 05:00:00,0.0,0.0,0.0,9.307,9.307,0.0,0.0,PVWatts,Solar_Delhi,,solar,9.307,,5,3,0,1
2023-01-26 06:00:00,0.0,0.0,0.0,9.136,0.0,0.0,0.0,PVWatts,Solar_Delhi,,solar,9.136,,6,3,0,1
2023-01-26 07:00:00,175.366,346.175,11.354,12.043,12.362,0.17536600000000002,0.346175,PVWatts,Solar_Delhi,,solar,12.043,,7,3,0,1
2023-01-26 08:00:00,8976.076,9470.185,276.153,15.38,25.205,8.976075999999999,9.470184999999999,PVWatts,Solar_Delhi,,solar,15.38,,8,3,0,1
2023-01-26 09:00:00,16793.422,17574.707,536.301,19.607,38.659,16.793422,17.574707,PVWatts,Solar_Delhi,,solar,19.607,,9,3,0,1
2023-01-26 10:00:00,22014.814,22987.909,720.228,23.536,43.906,22.014813999999998,22.987909,PVWatts,Solar_Delhi,,solar,23.536,,10,3,0,1
2023-01-26 11:00:00,23329.655,24351.052,797.527,25.102,53.345,23.329655,24.351052,PVWatts,Solar_Delhi,,solar,25.102,,11,3,0,1
2023-01-26 12:00:00,23299.18,24319.458,798.738,25.469,53.747,23.29918,24.319457999999997,PVWatts,Solar_Delhi,,solar,25.469,,12,3,0,1
2023-01-26 13:00:00,21359.08,22308.086,723.474,25.356,50.974,21.359080000000002,22.308086,PVWatts,Solar_Delhi,,solar,25.356,,13,3,0,1
2023-01-26 14:00:00,2778.855,3045.305,95.568,24.393,27.771,2.778855,3.045305,PVWatts,Solar_Delhi,,solar,24.393,,14,3,0,1
2023-01-26 15:00:00,2056.321,2296.228,71.468,22.672,25.205,2.056321,2.296228,PVWatts,Solar_Delhi,,solar,22.672,,15,3,0,1
2023-01-26 16:00:00,957.726,1157.275,37.005,19.725,21.031,0.957726,1.157275,PVWatts,Solar_Delhi,,solar,19.725,,16,3,0,1
2023-01-26 17:00:00,161.428,331.725,17.457,17.095,17.612,0.161428,0.33172500000000005,PVWatts,Solar_Delhi,,solar,17.095,,17,3,0,1
2023-01-26 18:00:00,0.0,0.0,0.0,16.175,16.175,0.0,0.0,PVWatts,Solar_Delhi,,solar,16.175,,18,3,0,1
2023-01-26 19:00:00,0.0,0.0,0.0,15.432,15.432,0.0,0.0,PVWatts,Solar_Delhi,,solar,15.432,,19,3,0,1
2023-01-26 20:00:00,0.0,0.0,0.0,14.925,14.925,0.0,0.0,PVWatts,Solar_Delhi,,solar,14.925,,20,3,0,1
2023-01-26 21:00:00,0.0,0.0,0.0,14.533,14.533,0.0,0.0,PVWatts,Solar_Delhi,,solar,14.533,,21,3,0,1
2023-01-26 22:00:00,0.0,0.0,0.0,14.156,14.156,0.0,0.0,PVWatts,Solar_Delhi,,solar,14.156,,22,3,0,1
2023-01-26 23:00:00,0.0,0.0,0.0,13.658,13.658,0.0,0.0,PVWatts,Solar_Delhi,,solar,13.658,,23,3,0,1
2023-01-27 00:00:00,0.0,0.0,0.0,13.181,13.181,0.0,0.0,PVWatts,Solar_Delhi,,solar,13.181,,0,4,0,1
2023-01-27 01:00:00,0.0,0.0,0.0,12.751,12.751,0.0,0.0,PVWatts,Solar_Delhi,,solar,12.751,,1,4,0,1
2023-01-27 02:00:00,0.0,0.0,0.0,12.332,12.332,0.0,0.0,PVWatts,Solar_Delhi,,solar,12.332,,2,4,0,1
2023-01-27 03:00:00,0.0,0.0,0.0,12.0,12.0,0.0,0.0,PVWatts,Solar_Delhi,,solar,12.0,,3,4,0,1
2023-01-27 04:00:00,0.0,0.0,0.0,11.556,11.556,0.0,0.0,PVWatts,Solar_Delhi,,solar,11.556,,4,4,0,1
2023-01-27 05:00:00,0.0,0.0,0.0,11.029,11.029,0.0,0.0,PVWatts,Solar_Delhi,,solar,11.029,,5,4,0,1
2023-01-27 06:00:00,0.0,0.0,0.0,10.728,0.0,0.0,0.0,PVWatts,Solar_Delhi,,solar,10.728,,6,4,0,1
2023-01-27 07:00:00,204.189,376.057,12.302,12.435,12.78,0.20418899999999998,0.37605700000000003,PVWatts,Solar_Delhi,,solar,12.435,,7,4,0,1
2023-01-27 08:00:00,8048.619,8508.657,248.284,15.237,24.065,8.048619,8.508657,PVWatts,Solar_Delhi,,solar,15.237,,8,4,0,1
2023-01-27 09:00:00,16549.454,17321.776,526.478,18.634,37.332,16.549454,17.321776000000003,PVWatts,Solar_Delhi,,solar,18.634,,9,4,0,1
2023-01-27 10:00:00,21049.958,21987.609,695.34,21.256,45.905,21.049958,21.987609,PVWatts,Solar_Delhi,,solar,21.256,,10,4,0,1
2023-01-27 11:00:00,21891.549,22860.116,770.753,22.964,59.492,21.891548999999998,22.860116,PVWatts,Solar_Delhi,,solar,22.964,,11,4,0,1
2023-01-27 12:00:00,15882.398,16630.215,542.472,23.863,49.52,15.882397999999998,16.630215,PVWatts,Solar_Delhi,,solar,23.863,,12,4,0,1
2023-01-27 13:00:00,9770.654,10293.953,319.911,23.473,34.767,9.770654,10.293953,PVWatts,Solar_Delhi,,solar,23.473,,13,4,0,1
2023-01-27 14:00:00,3148.861,3428.903,106.506,22.617,26.382,3.1488609999999997,3.4289029999999996,PVWatts,Solar_Delhi,,solar,22.617,,14,4,0,1
2023-01-27 15:00:00,5423.45,5787.05,175.217,21.188,27.399,5.42345,5.78705,PVWatts,Solar_Delhi,,solar,21.188,,15,4,0,1
2023-01-27 16:00:00,3765.302,4067.99,124.093,18.546,22.038,3.765302,4.06799,PVWatts,Solar_Delhi,,solar,18.546,,16,4,0,1
2023-01-27 17:00:00,0.0,105.517,5.819,15.745,15.882,0.0,0.105517,PVWatts,Solar_Delhi,,solar,15.745,,17,4,0,1
2023-01-27 18:00:00,0.0,0.0,0.0,14.897,14.897,0.0,0.0,PVWatts,Solar_Delhi,,solar,14.897,,18,4,0,1
2023-01-27 19:00:00,0.0,0.0,0.0,14.161,14.161,0.0,0.0,PVWatts,Solar_Delhi,,solar,14.161,,19,4,0,1
2023-01-27 20:00:00,0.0,0.0,0.0,13.254,13.254,0.0,0.0,PVWatts,Solar_Delhi,,solar,13.254,,20,4,0,1
2023-01-27 21:00:00,0.0,0.0,0.0,12.298,12.298,0.0,0.0,PVWatts,Solar_Delhi,,solar,12.298,,21,4,0,1
2023-01-27 22:00:00,0.0,0.0,0.0,11.408,11.408,0.0,0.0,PVWatts,Solar_Delhi,,solar,11.408,,22,4,0,1
2023-01-27 23:00:00,0.0,0.0,0.0,10.576,10.576,0.0,0.0,PVWatts,Solar_Delhi,,solar,10.576,,23,4,0,1
2023-01-28 00:00:00,0.0,0.0,0.0,9.818,9.818,0.0,0.0,PVWatts,Solar_Delhi,,solar,9.818,,0,5,1,1
2023-01-28 01:00:00,0.0,0.0,0.0,9.128,9.128,0.0,0.0,PVWatts,Solar_Delhi,,solar,9.128,,1,5,1,1
2023-01-28 02:00:00,0.0,0.0,0.0,8.632,8.632,0.0,0.0,PVWatts,Solar_Delhi,,solar,8.632,,2,5,1,1
2023-01-28 03:00:00,0.0,0.0,0.0,8.25,8.25,0.0,0.0,PVWatts,Solar_Delhi,,solar,8.25,,3,5,1,1
2023-01-28 04:00:00,0.0,0.0,0.0,7.855,7.855,0.0,0.0,PVWatts,Solar_Delhi,,solar,7.855,,4,5,1,1
2023-01-28 05:00:00,0.0,0.0,0.0,7.466,7.466,0.0,0.0,PVWatts,Solar_Delhi,,solar,7.466,,5,5,1,1
2023-01-28 06:00:00,0.0,0.0,0.0,7.341,0.0,0.0,0.0,PVWatts,Solar_Delhi,,solar,7.341,,6,5,1,1
2023-01-28 07:00:00,238.134,411.249,13.25,10.102,10.474,0.23813399999999998,0.41124900000000003,PVWatts,Solar_Delhi,,solar,10.102,,7,5,1,1
2023-01-28 08:00:00,6701.619,7112.174,206.378,13.564,20.9,6.701619,7.1121739999999996,PVWatts,Solar_Delhi,,solar,13.564,,8,5,1,1
2023-01-28 09:00:00,13385.887,14041.993,418.601,18.564,30.407,13.385887,14.041993,PVWatts,Solar_Delhi,,solar,18.564,,9,5,1,1
2023-01-28 10:00:00,21479.243,22432.664,712.142,21.468,46.71,21.479243,22.432664,PVWatts,Solar_Delhi,,solar,21.468,,10,5,1,1
2023-01-28 11:00:00,24663.248,25733.635,840.881,23.094,52.877,24.663248,25.733635,PVWatts,Solar_Delhi,,solar,23.094,,11,5,1,1
2023-01-28 12:00:00,25191.947,26281.757,865.31,23.894,54.541,25.191947,26.281757000000002,PVWatts,Solar_Delhi,,solar,23.894,,12,5,1,1
2023-01-28 13:00:00,23837.024,24877.06,809.392,23.895,52.585,23.837024,24.87706,PVWatts,Solar_Delhi,,solar,23.895,,13,5,1,1
2023-01-28 14:00:00,19449.427,20328.281,639.688,23.169,45.877,19.449427,20.328281,PVWatts,Solar_Delhi,,solar,23.169,,14,5,1,1
2023-01-28 15:00:00,14903.777,15615.644,474.314,21.761,38.639,14.903777,15.615644,PVWatts,Solar_Delhi,,solar,21.761,,15,5,1,1
2023-01-28 16:00:00,7700.98,8148.247,254.543,18.731,27.65,7.7009799999999995,8.148247,PVWatts,Solar_Delhi,,solar,18.731,,16,5,1,1
2023-01-28 17:00:00,182.218,353.279,18.427,15.798,16.344,0.182218,0.353279,PVWatts,Solar_Delhi,,solar,15.798,,17,5,1,1
2023-01-28 18:00:00,0.0,0.0,0.0,14.875,14.875,0.0,0.0,PVWatts,Solar_Delhi,,solar,14.875,,18,5,1,1
2023-01-28 19:00:00,0.0,0.0,0.0,14.088,14.088,0.0,0.0,PVWatts,Solar_Delhi,,solar,14.088,,19,5,1,1
2023-01-28 20:00:00,0.0,0.0,0.0,13.336,13.336,0.0,0.0,PVWatts,Solar_Delhi,,solar,13.336,,20,5,1,1
2023-01-28 21:00:00,0.0,0.0,0.0,12.656,12.656,0.0,0.0,PVWatts,Solar_Delhi,,solar,12.656,,21,5,1,1
2023-01-28 22:00:00,0.0,0.0,0.0,11.987,11.987,0.0,0.0,PVWatts,Solar_Delhi,,solar,11.987,,22,5,1,1
2023-01-28 23:00:00,0.0,0.0,0.0,11.374,11.374,0.0,0.0,PVWatts,Solar_Delhi,,solar,11.374,,23,5,1,1
2023-01-29 00:00:00,0.0,0.0,0.0,10.79,10.79,0.0,0.0,PVWatts,Solar_Delhi,,solar,10.79,,0,6,1,1
2023-01-29 01:00:00,0.0,0.0,0.0,10.222,10.222,0.0,0.0,PVWatts,Solar_Delhi,,solar,10.222,,1,6,1,1
2023-01-29 02:00:00,0.0,0.0,0.0,9.628,9.628,0.0,0.0,PVWatts,Solar_Delhi,,solar,9.628,,2,6,1,1
2023-01-29 03:00:00,0.0,0.0,0.0,9.017,9.017,0.0,0.0,PVWatts,Solar_Delhi,,solar,9.017,,3,6,1,1
2023-01-29 04:00:00,0.0,0.0,0.0,8.434,8.434,0.0,0.0,PVWatts,Solar_Delhi,,solar,8.434,,4,6,1,1
2023-01-29 05:00:00,0.0,0.0,0.0,7.916,7.916,0.0,0.0,PVWatts,Solar_Delhi,,solar,7.916,,5,6,1,1
2023-01-29 06:00:00,0.0,0.0,0.0,7.74,0.0,0.0,0.0,PVWatts,Solar_Delhi,,solar,7.74,,6,6,1,1
2023-01-29 07:00:00,266.313,440.462,14.198,10.947,11.447,0.26631299999999997,0.44046199999999996,PVWatts,Solar_Delhi,,solar,10.947,,7,6,1,1
2023-01-29 08:00:00,8814.225,9302.388,270.37,14.534,24.153,8.814225,9.302388,PVWatts,Solar_Delhi,,solar,14.534,,8,6,1,1
2023-01-29 09:00:00,16157.044,16914.951,529.762,19.485,44.68,16.157044,16.914951000000002,PVWatts,Solar_Delhi,,solar,19.485,,9,6,1,1
2023-01-29 10:00:00,20904.79,21837.108,722.984,22.417,56.738,20.904790000000002,21.837108,PVWatts,Solar_Delhi,,solar,22.417,,10,6,1,1
2023-01-29 11:00:00,23744.141,24780.764,849.654,23.564,63.863,23.744141,24.780763999999998,PVWatts,Solar_Delhi,,solar,23.564,,11,6,1,1
2023-01-29 12:00:00,24170.543,25222.831,871.041,24.033,65.342,24.170543000000002,25.222831,PVWatts,Solar_Delhi,,solar,24.033,,12,6,1,1
2023-01-29 13:00:00,22955.202,23962.843,813.956,23.861,62.499,22.955202,23.962843,PVWatts,Solar_Delhi,,solar,23.861,,13,6,1,1
2023-01-29 14:00:00,19859.595,20753.517,678.434,23.001,55.264,19.859595000000002,20.753517,PVWatts,Solar_Delhi,,solar,23.001,,14,6,1,1
2023-01-29 15:00:00,14979.092,15693.725,477.162,21.461,38.432,14.979092000000001,15.693725,PVWatts,Solar_Delhi,,solar,21.461,,15,6,1,1
2023-01-29 16:00:00,6647.933,7056.516,216.802,18.449,26.078,6.647933,7.056515999999999,PVWatts,Solar_Delhi,,solar,18.449,,16,6,1,1
2023-01-29 17:00:00,126.501,295.515,15.518,15.534,15.993,0.126501,0.29551499999999997,PVWatts,Solar_Delhi,,solar,15.534,,17,6,1,1
2023-01-29 18:00:00,0.0,0.0,0.0,14.685,14.685,0.0,0.0,PVWatts,Solar_Delhi,,solar,14.685,,18,6,1,1
2023-01-29 19:00:00,0.0,0.0,0.0,13.947,13.947,0.0,0.0,PVWatts,Solar_Delhi,,solar,13.947,,19,6,1,1
2023-01-29 20:00:00,0.0,0.0,0.0,13.29,13.29,0.0,0.0,PVWatts,Solar_Delhi,,solar,13.29,,20,6,1,1
2023-01-29 21:00:00,0.0,0.0,0.0,12.658,12.658,0.0,0.0,PVWatts,Solar_Delhi,,solar,12.658,,21,6,1,1
2023-01-29 22:00:00,0.0,0.0,0.0,12.052,12.052,0.0,0.0,PVWatts,Solar_Delhi,,solar,12.052,,22,6,1,1
2023-01-29 23:00:00,0.0,0.0,0.0,11.467,11.467,0.0,0.0,PVWatts,Solar_Delhi,,solar,11.467,,23,6,1,1
2023-01-30 00:00:00,0.0,0.0,0.0,10.891,10.891,0.0,0.0,PVWatts,Solar_Delhi,,solar,10.891,,0,0,0,1
2023-01-30 01:00:00,0.0,0.0,0.0,10.344,10.344,0.0,0.0,PVWatts,Solar_Delhi,,solar,10.344,,1,0,0,1
2023-01-30 02:00:00,0.0,0.0,0.0,9.787,9.787,0.0,0.0,PVWatts,Solar_Delhi,,solar,9.787,,2,0,0,1
2023-01-30 03:00:00,0.0,0.0,0.0,9.271,9.271,0.0,0.0,PVWatts,Solar_Delhi,,solar,9.271,,3,0,0,1
2023-01-30 04:00:00,0.0,0.0,0.0,8.739,8.739,0.0,0.0,PVWatts,Solar_Delhi,,solar,8.739,,4,0,0,1
2023-01-30 05:00:00,0.0,0.0,0.0,8.269,8.269,0.0,0.0,PVWatts,Solar_Delhi,,solar,8.269,,5,0,0,1
2023-01-30 06:00:00,0.0,0.0,0.0,8.106,0.0,0.0,0.0,PVWatts,Solar_Delhi,,solar,8.106,,6,0,0,1
2023-01-30 07:00:00,325.666,501.996,16.094,11.272,11.724,0.325666,0.501996,PVWatts,Solar_Delhi,,solar,11.272,,7,0,0,1
2023-01-30 08:00:00,9224.312,9727.54,282.806,14.639,24.702,9.224312,9.727540000000001,PVWatts,Solar_Delhi,,solar,14.639,,8,0,0,1
2023-01-30 09:00:00,17107.938,17900.776,546.247,19.131,38.533,17.107937999999997,17.900776,PVWatts,Solar_Delhi,,solar,19.131,,9,0,0,1
2023-01-30 10:00:00,22070.73,23045.88,737.696,22.771,48.925,22.07073,23.04588,PVWatts,Solar_Delhi,,solar,22.771,,10,0,0,1
2023-01-30 11:00:00,24804.032,25879.591,851.177,24.165,54.311,24.804032,25.879591,PVWatts,Solar_Delhi,,solar,24.165,,11,0,0,1
2023-01-30 12:00:00,25476.688,26576.958,880.246,24.66,55.834,25.476688,26.576957999999998,PVWatts,Solar_Delhi,,solar,24.66,,12,0,0,1
2023-01-30 13:00:00,24001.834,25047.924,818.091,24.457,53.455,24.001834,25.047924,PVWatts,Solar_Delhi,,solar,24.457,,13,0,0,1
2023-01-30 14:00:00,20574.894,21495.093,681.113,23.712,47.898,20.574894,21.495093,PVWatts,Solar_Delhi,,solar,23.712,,14,0,0,1
2023-01-30 15:00:00,15223.8,15947.423,485.978,22.224,39.517,15.223799999999999,15.947423,PVWatts,Solar_Delhi,,solar,22.224,,15,0,0,1
2023-01-30 16:00:00,8147.991,8611.68,267.266,19.057,28.443,8.147991,8.61168,PVWatts,Solar_Delhi,,solar,19.057,,16,0,0,1
2023-01-30 17:00:00,276.198,450.711,23.276,15.935,16.625,0.276198,0.45071100000000003,PVWatts,Solar_Delhi,,solar,15.935,,17,0,0,1
2023-01-30 18:00:00,0.0,0.0,0.0,14.984,14.984,0.0,0.0,PVWatts,Solar_Delhi,,solar,14.984,,18,0,0,1
2023-01-30 19:00:00,0.0,0.0,0.0,14.157,14.157,0.0,0.0,PVWatts,Solar_Delhi,,solar,14.157,,19,0,0,1
2023-01-30 20:00:00,0.0,0.0,0.0,13.359,13.359,0.0,0.0,PVWatts,Solar_Delhi,,solar,13.359,,20,0,0,1
2023-01-30 21:00:00,0.0,0.0,0.0,12.554,12.554,0.0,0.0,PVWatts,Solar_Delhi,,solar,12.554,,21,0,0,1
2023-01-30 22:00:00,0.0,0.0,0.0,11.74,11.74,0.0,0.0,PVWatts,Solar_Delhi,,solar,11.74,,22,0,0,1
2023-01-30 23:00:00,0.0,0.0,0.0,10.957,10.957,0.0,0.0,PVWatts,Solar_Delhi,,solar,10.957,,23,0,0,1
2023-01-31 00:00:00,0.0,0.0,0.0,10.167,10.167,0.0,0.0,PVWatts,Solar_Delhi,,solar,10.167,,0,1,0,1
2023-01-31 01:00:00,0.0,0.0,0.0,9.469,9.469,0.0,0.0,PVWatts,Solar_Delhi,,solar,9.469,,1,1,0,1
2023-01-31 02:00:00,0.0,0.0,0.0,8.785,8.785,0.0,0.0,PVWatts,Solar_Delhi,,solar,8.785,,2,1,0,1
2023-01-31 03:00:00,0.0,0.0,0.0,8.152,8.152,0.0,0.0,PVWatts,Solar_Delhi,,solar,8.152,,3,1,0,1
2023-01-31 04:00:00,0.0,0.0,0.0,7.566,7.566,0.0,0.0,PVWatts,Solar_Delhi,,solar,7.566,,4,1,0,1
2023-01-31 05:00:00,0.0,0.0,0.0,7.07,7.07,0.0,0.0,PVWatts,Solar_Delhi,,solar,7.07,,5,1,0,1
2023-01-31 06:00:00,0.0,0.0,0.0,6.924,0.0,0.0,0.0,PVWatts,Solar_Delhi,,solar,6.924,,6,1,0,1
2023-01-31 07:00:00,358.182,535.707,17.043,10.212,10.812,0.358182,0.535707,PVWatts,Solar_Delhi,,solar,10.212,,7,1,0,1
2023-01-31 08:00:00,9400.931,9910.648,287.144,13.756,23.974,9.400931,9.910647999999998,PVWatts,Solar_Delhi,,solar,13.756,,8,1,0,1
2023-01-31 09:00:00,17229.79,18027.104,549.249,18.607,38.114,17.22979,18.027103999999998,PVWatts,Solar_Delhi,,solar,18.607,,9,1,0,1
2023-01-31 10:00:00,22156.092,23134.377,740.233,22.542,48.784,22.156092,23.134377,PVWatts,Solar_Delhi,,solar,22.542,,10,1,0,1
2023-01-31 11:00:00,24956.877,26038.051,856.75,24.023,54.365,24.956877,26.038051,PVWatts,Solar_Delhi,,solar,24.023,,11,1,0,1
2023-01-31 12:00:00,25542.043,26644.714,883.479,24.751,56.038,25.542043000000003,26.644714,PVWatts,Solar_Delhi,,solar,24.751,,12,1,0,1
2023-01-31 13:00:00,23593.504,24624.594,804.342,24.795,53.299,23.593504,24.624594000000002,PVWatts,Solar_Delhi,,solar,24.795,,13,1,0,1
2023-01-31 14:00:00,20651.859,21574.885,685.579,24.179,48.522,20.651859,21.574885,PVWatts,Solar_Delhi,,solar,24.179,,14,1,0,1
2023-01-31 15:00:00,15286.14,16012.053,489.063,22.663,40.065,15.28614,16.012053,PVWatts,Solar_Delhi,,solar,22.663,,15,1,0,1
2023-01-31 16:00:00,8290.999,8759.941,271.727,19.233,28.779,8.290999,8.759941000000001,PVWatts,Solar_Delhi,,solar,19.233,,16,1,0,1
2023-01-31 17:00:00,275.079,449.55,23.261,15.911,16.599,0.275079,0.44955,PVWatts,Solar_Delhi,,solar,15.911,,17,1,0,1
2023-01-31 18:00:00,0.0,0.0,0.0,14.894,14.894,0.0,0.0,PVWatts,Solar_Delhi,,solar,14.894,,18,1,0,1
2023-01-31 19:00:00,0.0,0.0,0.0,14.023,14.023,0.0,0.0,PVWatts,Solar_Delhi,,solar,14.023,,19,1,0,1
2023-01-31 20:00:00,0.0,0.0,0.0,13.212,13.212,0.0,0.0,PVWatts,Solar_Delhi,,solar,13.212,,20,1,0,1
2023-01-31 21:00:00,0.0,0.0,0.0,12.466,12.466,0.0,0.0,PVWatts,Solar_Delhi,,solar,12.466,,21,1,0,1
2023-01-31 22:00:00,0.0,0.0,0.0,11.726,11.726,0.0,0.0,PVWatts,Solar_Delhi,,solar,11.726,,22,1,0,1
2023-01-31 23:00:00,0.0,0.0,0.0,11.033,11.033,0.0,0.0,PVWatts,Solar_Delhi,,solar,11.033,,23,1,0,1
2023-02-01 00:00:00,0.0,0.0,0.0,10.36,10.36,0.0,0.0,PVWatts,Solar_Delhi,,solar,10.36,,0,2,0,2
2023-02-01 01:00:00,0.0,0.0,0.0,9.709,9.709,0.0,0.0,PVWatts,Solar_Delhi,,solar,9.709,,1,2,0,2
2023-02-01 02:00:00,0.0,0.0,0.0,9.106,9.106,0.0,0.0,PVWatts,Solar_Delhi,,solar,9.106,,2,2,0,2
2023-02-01 03:00:00,0.0,0.0,0.0,8.57,8.57,0.0,0.0,PVWatts,Solar_Delhi,,solar,8.57,,3,2,0,2
2023-02-01 04:00:00,0.0,0.0,0.0,8.099,8.099,0.0,0.0,PVWatts,Solar_Delhi,,solar,8.099,,4,2,0,2
2023-02-01 05:00:00,0.0,0.0,0.0,10.233,10.233,0.0,0.0,PVWatts,Solar_Delhi,,solar,10.233,,5,2,0,2
2023-02-01 06:00:00,0.0,0.0,0.0,10.142,0.0,0.0,0.0,PVWatts,Solar_Delhi,,solar,10.142,,6,2,0,2
2023-02-01 07:00:00,320.896,497.051,16.094,13.47,14.23,0.320896,0.49705099999999997,PVWatts,Solar_Delhi,,solar,13.47,,7,2,0,2
2023-02-01 08:00:00,9006.811,9502.049,282.193,16.53,29.975,9.006810999999999,9.502049000000001,PVWatts,Solar_Delhi,,solar,16.53,,8,2,0,2
2023-02-01 09:00:00,16441.309,17209.658,544.411,21.191,47.081,16.441309,17.209658,PVWatts,Solar_Delhi,,solar,21.191,,9,2,0,2
2023-02-01 10:00:00,20599.308,21520.404,721.1,25.075,59.3,20.599308,21.520404,PVWatts,Solar_Delhi,,solar,25.075,,10,2,0,2
2023-02-01 11:00:00,22722.587,23721.684,820.382,26.536,65.429,22.722587,23.721684,PVWatts,Solar_Delhi,,solar,26.536,,11,2,0,2
2023-02-01 12:00:00,22878.786,23883.62,829.688,26.868,66.191,22.878786,23.88362,PVWatts,Solar_Delhi,,solar,26.868,,12,2,0,2
2023-02-01 13:00:00,22081.377,23056.917,791.155,26.802,64.337,22.081377,23.056917000000002,PVWatts,Solar_Delhi,,solar,26.802,,13,2,0,2
2023-02-01 14:00:00,19828.079,20720.843,662.043,25.964,49.463,19.828079000000002,20.720843000000002,PVWatts,Solar_Delhi,,solar,25.964,,14,2,0,2
2023-02-01 15:00:00,14969.633,15683.919,482.715,24.416,41.587,14.969633,15.683919,PVWatts,Solar_Delhi,,solar,24.416,,15,2,0,2
2023-02-01 16:00:00,7726.008,8174.195,254.847,21.59,30.554,7.726008,8.174195,PVWatts,Solar_Delhi,,solar,21.59,,16,2,0,2
2023-02-01 17:00:00,337.617,514.386,26.823,18.867,19.661,0.337617,0.514386,PVWatts,Solar_Delhi,,solar,18.867,,17,2,0,2
2023-02-01 18:00:00,0.0,0.0,0.0,17.801,17.801,0.0,0.0,PVWatts,Solar_Delhi,,solar,17.801,,18,2,0,2
2023-02-01 19:00:00,0.0,0.0,0.0,16.694,16.694,0.0,0.0,PVWatts,Solar_Delhi,,solar,16.694,,19,2,0,2
2023-02-01 20:00:00,0.0,0.0,0.0,15.76,15.76,0.0,0.0,PVWatts,Solar_Delhi,,solar,15.76,,20,2,0,2
2023-02-01 21:00:00,0.0,0.0,0.0,14.909,14.909,0.0,0.0,PVWatts,Solar_Delhi,,solar,14.909,,21,2,0,2
2023-02-01 22:00:00,0.0,0.0,0.0,14.063,14.063,0.0,0.0,PVWatts,Solar_Delhi,,solar,14.063,,22,2,0,2
2023-02-01 23:00:00,0.0,0.0,0.0,13.254,13.254,0.0,0.0,PVWatts,Solar_Delhi,,solar,13.254,,23,2,0,2
2023-02-02 00:00:00,0.0,0.0,0.0,12.498,12.498,0.0,0.0,PVWatts,Solar_Delhi,,solar,12.498,,0,3,0,2
2023-02-02 01:00:00,0.0,0.0,0.0,11.83,11.83,0.0,0.0,PVWatts,Solar_Delhi,,solar,11.83,,1,3,0,2
2023-02-02 02:00:00,0.0,0.0,0.0,11.267,11.267,0.0,0.0,PVWatts,Solar_Delhi,,solar,11.267,,2,3,0,2
2023-02-02 03:00:00,0.0,0.0,0.0,10.779,10.779,0.0,0.0,PVWatts,Solar_Delhi,,solar,10.779,,3,3,0,2
2023-02-02 04:00:00,0.0,0.0,0.0,10.369,10.369,0.0,0.0,PVWatts,Solar_Delhi,,solar,10.369,,4,3,0,2
2023-02-02 05:00:00,0.0,0.0,0.0,9.977,9.977,0.0,0.0,PVWatts,Solar_Delhi,,solar,9.977,,5,3,0,2
2023-02-02 06:00:00,0.0,0.0,0.0,9.934,0.0,0.0,0.0,PVWatts,Solar_Delhi,,solar,9.934,,6,3,0,2
2023-02-02 07:00:00,352.349,529.66,17.043,13.176,13.655,0.35234899999999997,0.52966,PVWatts,Solar_Delhi,,solar,13.176,,7,3,0,2
2023-02-02 08:00:00,9218.993,9722.025,285.095,16.701,26.845,9.218993000000001,9.722025,PVWatts,Solar_Delhi,,solar,16.701,,8,3,0,2
2023-02-02 09:00:00,16680.395,17457.527,537.137,21.119,40.191,16.680395,17.457527,PVWatts,Solar_Delhi,,solar,21.119,,9,3,0,2
2023-02-02 10:00:00,21983.607,22955.556,724.661,24.728,45.211,21.983607,22.955556,PVWatts,Solar_Delhi,,solar,24.728,,10,3,0,2
2023-02-02 11:00:00,25089.011,26175.039,846.425,26.172,50.076,25.089011,26.175039,PVWatts,Solar_Delhi,,solar,26.172,,11,3,0,2
2023-02-02 12:00:00,25169.921,26258.922,878.577,26.837,57.944,25.169921,26.258922,PVWatts,Solar_Delhi,,solar,26.837,,12,3,0,2
2023-02-02 13:00:00,23845.656,24886.009,822.255,26.783,55.921,23.845655999999998,24.886008999999998,PVWatts,Solar_Delhi,,solar,26.783,,13,3,0,2
2023-02-02 14:00:00,20501.903,21419.42,686.498,26.008,50.379,20.501903,21.41942,PVWatts,Solar_Delhi,,solar,26.008,,14,3,0,2
2023-02-02 15:00:00,15429.998,16161.196,490.552,24.484,38.405,15.429998,16.161196,PVWatts,Solar_Delhi,,solar,24.484,,15,3,0,2
2023-02-02 16:00:00,8211.334,8677.35,268.351,21.272,28.799,8.211334,8.67735,PVWatts,Solar_Delhi,,solar,21.272,,16,3,0,2
2023-02-02 17:00:00,384.469,562.959,29.107,18.029,18.717,0.384469,0.562959,PVWatts,Solar_Delhi,,solar,18.029,,17,3,0,2
2023-02-02 18:00:00,0.0,0.0,0.0,17.001,17.001,0.0,0.0,PVWatts,Solar_Delhi,,solar,17.001,,18,3,0,2
2023-02-02 19:00:00,0.0,0.0,0.0,16.092,16.092,0.0,0.0,PVWatts,Solar_Delhi,,solar,16.092,,19,3,0,2
2023-02-02 20:00:00,0.0,0.0,0.0,15.215,15.215,0.0,0.0,PVWatts,Solar_Delhi,,solar,15.215,,20,3,0,2
2023-02-02 21:00:00,0.0,0.0,0.0,14.345,14.345,0.0,0.0,PVWatts,Solar_Delhi,,solar,14.345,,21,3,0,2
2023-02-02 22:00:00,0.0,0.0,0.0,13.525,13.525,0.0,0.0,PVWatts,Solar_Delhi,,solar,13.525,,22,3,0,2
2023-02-02 23:00:00,0.0,0.0,0.0,12.759,12.759,0.0,0.0,PVWatts,Solar_Delhi,,solar,12.759,,23,3,0,2
2023-02-03 00:00:00,0.0,0.0,0.0,12.033,12.033,0.0,0.0,PVWatts,Solar_Delhi,,solar,12.033,,0,4,0,2
2023-02-03 01:00:00,0.0,0.0,0.0,11.346,11.346,0.0,0.0,PVWatts,Solar_Delhi,,solar,11.346,,1,4,0,2
2023-02-03 02:00:00,0.0,0.0,0.0,10.765,10.765,0.0,0.0,PVWatts,Solar_Delhi,,solar,10.765,,2,4,0,2
2023-02-03 03:00:00,0.0,0.0,0.0,10.255,10.255,0.0,0.0,PVWatts,Solar_Delhi,,solar,10.255,,3,4,0,2
2023-02-03 04:00:00,0.0,0.0,0.0,9.822,9.822,0.0,0.0,PVWatts,Solar_Delhi,,solar,9.822,,4,4,0,2
2023-02-03 05:00:00,0.0,0.0,0.0,9.436,9.436,0.0,0.0,PVWatts,Solar_Delhi,,solar,9.436,,5,4,0,2
2023-02-03 06:00:00,0.0,0.0,0.0,9.368,0.0,0.0,0.0,PVWatts,Solar_Delhi,,solar,9.368,,6,4,0,2
2023-02-03 07:00:00,414.904,594.512,18.94,12.316,12.759,0.414904,0.5945119999999999,PVWatts,Solar_Delhi,,solar,12.316,,7,4,0,2
2023-02-03 08:00:00,9506.046,10019.623,290.521,15.876,24.121,9.506046,10.019623,PVWatts,Solar_Delhi,,solar,15.876,,8,4,0,2
2023-02-03 09:00:00,17370.76,18173.253,550.107,20.695,36.276,17.370759999999997,18.173253,PVWatts,Solar_Delhi,,solar,20.695,,9,4,0,2
2023-02-03 10:00:00,22414.78,23402.568,739.154,24.532,45.428,22.41478,23.402568,PVWatts,Solar_Delhi,,solar,24.532,,10,4,0,2
2023-02-03 11:00:00,25218.359,26309.139,851.151,26.102,50.138,25.218359,26.309139,PVWatts,Solar_Delhi,,solar,26.102,,11,4,0,2
2023-02-03 12:00:00,26013.595,27133.588,884.396,26.817,51.791,26.013595000000002,27.133588,PVWatts,Solar_Delhi,,solar,26.817,,12,4,0,2
2023-02-03 13:00:00,24527.402,25592.799,825.27,26.823,50.148,24.527402,25.592799,PVWatts,Solar_Delhi,,solar,26.823,,13,4,0,2
2023-02-03 14:00:00,21027.294,21964.112,690.191,26.06,45.602,21.027294,21.964112,PVWatts,Solar_Delhi,,solar,26.06,,14,4,0,2
2023-02-03 15:00:00,15679.329,16419.687,494.127,24.602,36.263,15.679329,16.419687000000003,PVWatts,Solar_Delhi,,solar,24.602,,15,4,0,2
2023-02-03 16:00:00,8403.901,8876.991,273.093,21.463,27.835,8.403901,8.876991,PVWatts,Solar_Delhi,,solar,21.463,,16,4,0,2
2023-02-03 17:00:00,454.812,635.886,32.665,17.874,18.515,0.454812,0.635886,PVWatts,Solar_Delhi,,solar,17.874,,17,4,0,2
2023-02-03 18:00:00,0.0,0.0,0.0,16.682,16.682,0.0,0.0,PVWatts,Solar_Delhi,,solar,16.682,,18,4,0,2
2023-02-03 19:00:00,0.0,0.0,0.0,15.647,15.647,0.0,0.0,PVWatts,Solar_Delhi,,solar,15.647,,19,4,0,2
2023-02-03 20:00:00,0.0,0.0,0.0,14.738,14.738,0.0,0.0,PVWatts,Solar_Delhi,,solar,14.738,,20,4,0,2
2023-02-03 21:00:00,0.0,0.0,0.0,13.95,13.95,0.0,0.0,PVWatts,Solar_Delhi,,solar,13.95,,21,4,0,2
2023-02-03 22:00:00,0.0,0.0,0.0,13.257,13.257,0.0,0.0,PVWatts,Solar_Delhi,,solar,13.257,,22,4,0,2
2023-02-03 23:00:00,0.0,0.0,0.0,12.63,12.63,0.0,0.0,PVWatts,Solar_Delhi,,solar,12.63,,23,4,0,2
2023-02-04 00:00:00,0.0,0.0,0.0,12.072,12.072,0.0,0.0,PVWatts,Solar_Delhi,,solar,12.072,,0,5,1,2
2023-02-04 01:00:00,0.0,0.0,0.0,11.548,11.548,0.0,0.0,PVWatts,Solar_Delhi,,solar,11.548,,1,5,1,2
2023-02-04 02:00:00,0.0,0.0,0.0,11.107,11.107,0.0,0.0,PVWatts,Solar_Delhi,,solar,11.107,,2,5,1,2
2023-02-04 03:00:00,0.0,0.0,0.0,10.657,10.657,0.0,0.0,PVWatts,Solar_Delhi,,solar,10.657,,3,5,1,2
2023-02-04 04:00:00,0.0,0.0,0.0,10.212,10.212,0.0,0.0,PVWatts,Solar_Delhi,,solar,10.212,,4,5,1,2
2023-02-04 05:00:00,0.0,0.0,0.0,9.773,9.773,0.0,0.0,PVWatts,Solar_Delhi,,solar,9.773,,5,5,1,2
2023-02-04 06:00:00,0.0,0.0,0.0,9.647,0.0,0.0,0.0,PVWatts,Solar_Delhi,,solar,9.647,,6,5,1,2
2023-02-04 07:00:00,445.012,625.727,19.889,12.482,12.947,0.445012,0.6257269999999999,PVWatts,Solar_Delhi,,solar,12.482,,7,5,1,2
2023-02-04 08:00:00,9637.412,10155.815,294.497,15.844,24.201,9.637412,10.155815,PVWatts,Solar_Delhi,,solar,15.844,,8,5,1,2
2023-02-04 09:00:00,16988.55,17777.002,545.237,20.029,39.387,16.98855,17.777002,PVWatts,Solar_Delhi,,solar,20.029,,9,5,1,2
2023-02-04 10:00:00,22604.408,23599.163,743.358,23.658,44.67,22.604408,23.599163,PVWatts,Solar_Delhi,,solar,23.658,,10,5,1,2
2023-02-04 11:00:00,25653.842,26760.62,862.975,24.956,49.326,25.653842,26.76062,PVWatts,Solar_Delhi,,solar,24.956,,11,5,1,2
2023-02-04 12:00:00,26280.326,27410.118,888.539,25.343,50.433,26.280326000000002,27.410117999999997,PVWatts,Solar_Delhi,,solar,25.343,,12,5,1,2
2023-02-04 13:00:00,24808.015,25883.721,829.375,25.126,48.566,24.808015,25.883721,PVWatts,Solar_Delhi,,solar,25.126,,13,5,1,2
2023-02-04 14:00:00,21251.493,22196.547,693.534,24.534,44.17,21.251493,22.196547,PVWatts,Solar_Delhi,,solar,24.534,,14,5,1,2
2023-02-04 15:00:00,15663.573,16403.351,496.67,23.679,37.772,15.663573,16.403350999999997,PVWatts,Solar_Delhi,,solar,23.679,,15,5,1,2
2023-02-04 16:00:00,8471.48,8947.052,276.169,21.185,28.935,8.47148,8.947052,PVWatts,Solar_Delhi,,solar,21.185,,16,5,1,2
2023-02-04 17:00:00,528.165,711.934,36.43,17.942,18.802,0.528165,0.711934,PVWatts,Solar_Delhi,,solar,17.942,,17,5,1,2
2023-02-04 18:00:00,0.0,0.0,0.0,16.945,16.945,0.0,0.0,PVWatts,Solar_Delhi,,solar,16.945,,18,5,1,2
2023-02-04 19:00:00,0.0,0.0,0.0,16.179,16.179,0.0,0.0,PVWatts,Solar_Delhi,,solar,16.179,,19,5,1,2
2023-02-04 20:00:00,0.0,0.0,0.0,15.408,15.408,0.0,0.0,PVWatts,Solar_Delhi,,solar,15.408,,20,5,1,2
2023-02-04 21:00:00,0.0,0.0,0.0,14.638,14.638,0.0,0.0,PVWatts,Solar_Delhi,,solar,14.638,,21,5,1,2
2023-02-04 22:00:00,0.0,0.0,0.0,13.869,13.869,0.0,0.0,PVWatts,Solar_Delhi,,solar,13.869,,22,5,1,2
2023-02-04 23:00:00,0.0,0.0,0.0,13.105,13.105,0.0,0.0,PVWatts,Solar_Delhi,,solar,13.105,,23,5,1,2
2023-02-05 00:00:00,0.0,0.0,0.0,12.359,12.359,0.0,0.0,PVWatts,Solar_Delhi,,solar,12.359,,0,6,1,2
2023-02-05 01:00:00,0.0,0.0,0.0,11.671,11.671,0.0,0.0,PVWatts,Solar_Delhi,,solar,11.671,,1,6,1,2
2023-02-05 02:00:00,0.0,0.0,0.0,11.069,11.069,0.0,0.0,PVWatts,Solar_Delhi,,solar,11.069,,2,6,1,2
2023-02-05 03:00:00,0.0,0.0,0.0,10.617,10.617,0.0,0.0,PVWatts,Solar_Delhi,,solar,10.617,,3,6,1,2
2023-02-05 04:00:00,0.0,0.0,0.0,10.262,10.262,0.0,0.0,PVWatts,Solar_Delhi,,solar,10.262,,4,6,1,2
2023-02-05 05:00:00,0.0,0.0,0.0,10.023,10.023,0.0,0.0,PVWatts,Solar_Delhi,,solar,10.023,,5,6,1,2
2023-02-05 06:00:00,0.0,0.0,0.0,10.181,0.0,0.0,0.0,PVWatts,Solar_Delhi,,solar,10.181,,6,6,1,2
2023-02-05 07:00:00,502.584,685.414,21.788,13.457,14.07,0.502584,0.685414,PVWatts,Solar_Delhi,,solar,13.457,,7,6,1,2
2023-02-05 08:00:00,10048.888,10582.407,308.318,17.047,25.797,10.048888000000002,10.582407,PVWatts,Solar_Delhi,,solar,17.047,,8,6,1,2
2023-02-05 09:00:00,17473.485,18279.752,556.299,21.776,37.53,17.473485,18.279752000000002,PVWatts,Solar_Delhi,,solar,21.776,,9,6,1,2
2023-02-05 10:00:00,22539.765,23532.145,747.717,25.651,46.787,22.539765,23.532145,PVWatts,Solar_Delhi,,solar,25.651,,10,6,1,2
2023-02-05 11:00:00,25322.998,26417.622,861.044,27.473,51.786,25.322998,26.417621999999998,PVWatts,Solar_Delhi,,solar,27.473,,11,6,1,2
2023-02-05 12:00:00,26238.797,27367.063,882.56,28.368,49.091,26.238796999999998,27.367062999999998,PVWatts,Solar_Delhi,,solar,28.368,,12,6,1,2
2023-02-05 13:00:00,24024.836,25071.771,800.35,28.49,47.293,24.024836,25.071771000000002,PVWatts,Solar_Delhi,,solar,28.49,,13,6,1,2
2023-02-05 14:00:00,21250.239,22195.248,693.952,27.929,44.269,21.250239,22.195248,PVWatts,Solar_Delhi,,solar,27.929,,14,6,1,2
2023-02-05 15:00:00,9449.411,9960.908,303.279,26.627,33.763,9.449411,9.960908,PVWatts,Solar_Delhi,,solar,26.627,,15,6,1,2
2023-02-05 16:00:00,6682.373,7092.221,219.316,23.606,29.775,6.682372999999999,7.092220999999999,PVWatts,Solar_Delhi,,solar,23.606,,16,6,1,2
2023-02-05 17:00:00,567.14,752.341,38.805,20.226,21.142,0.56714,0.752341,PVWatts,Solar_Delhi,,solar,20.226,,17,6,1,2
2023-02-05 18:00:00,0.0,0.0,0.0,19.218,19.218,0.0,0.0,PVWatts,Solar_Delhi,,solar,19.218,,18,6,1,2
2023-02-05 19:00:00,0.0,0.0,0.0,18.397,18.397,0.0,0.0,PVWatts,Solar_Delhi,,solar,18.397,,19,6,1,2
2023-02-05 20:00:00,0.0,0.0,0.0,17.598,17.598,0.0,0.0,PVWatts,Solar_Delhi,,solar,17.598,,20,6,1,2
2023-02-05 21:00:00,0.0,0.0,0.0,16.793,16.793,0.0,0.0,PVWatts,Solar_Delhi,,solar,16.793,,21,6,1,2
2023-02-05 22:00:00,0.0,0.0,0.0,15.995,15.995,0.0,0.0,PVWatts,Solar_Delhi,,solar,15.995,,22,6,1,2
2023-02-05 23:00:00,0.0,0.0,0.0,15.274,15.274,0.0,0.0,PVWatts,Solar_Delhi,,solar,15.274,,23,6,1,2
2023-02-06 00:00:00,0.0,0.0,0.0,14.668,14.668,0.0,0.0,PVWatts,Solar_Delhi,,solar,14.668,,0,0,0,2
2023-02-06 01:00:00,0.0,0.0,0.0,14.135,14.135,0.0,0.0,PVWatts,Solar_Delhi,,solar,14.135,,1,0,0,2
2023-02-06 02:00:00,0.0,0.0,0.0,13.623,13.623,0.0,0.0,PVWatts,Solar_Delhi,,solar,13.623,,2,0,0,2
2023-02-06 03:00:00,0.0,0.0,0.0,13.183,13.183,0.0,0.0,PVWatts,Solar_Delhi,,solar,13.183,,3,0,0,2
2023-02-06 04:00:00,0.0,0.0,0.0,12.788,12.788,0.0,0.0,PVWatts,Solar_Delhi,,solar,12.788,,4,0,0,2
2023-02-06 05:00:00,0.0,0.0,0.0,12.472,12.472,0.0,0.0,PVWatts,Solar_Delhi,,solar,12.472,,5,0,0,2
2023-02-06 06:00:00,0.0,0.0,0.0,12.584,0.0,0.0,0.0,PVWatts,Solar_Delhi,,solar,12.584,,6,0,0,2
2023-02-06 07:00:00,436.572,616.976,19.889,15.818,16.378,0.436572,0.616976,PVWatts,Solar_Delhi,,solar,15.818,,7,0,0,2
2023-02-06 08:00:00,8925.556,9417.808,279.315,19.294,29.228,8.925556,9.417808,PVWatts,Solar_Delhi,,solar,19.294,,8,0,0,2
2023-02-06 09:00:00,15885.954,16633.902,517.94,24.043,42.422,15.885954,16.633902,PVWatts,Solar_Delhi,,solar,24.043,,9,0,0,2
2023-02-06 10:00:00,21639.451,22598.757,741.776,28.131,54.417,21.639451,22.598757000000003,PVWatts,Solar_Delhi,,solar,28.131,,10,0,0,2
2023-02-06 11:00:00,24260.227,25315.81,855.531,29.858,60.143,24.260227,25.315810000000003,PVWatts,Solar_Delhi,,solar,29.858,,11,0,0,2
2023-02-06 12:00:00,24816.485,25892.502,882.181,30.639,61.865,24.816485,25.892502,PVWatts,Solar_Delhi,,solar,30.639,,12,0,0,2
2023-02-06 13:00:00,23425.818,24450.748,822.629,30.69,59.833,23.425818,24.450748,PVWatts,Solar_Delhi,,solar,30.69,,13,0,0,2
2023-02-06 14:00:00,20175.649,21081.181,688.158,30.007,54.431,20.175649,21.081181,PVWatts,Solar_Delhi,,solar,30.007,,14,0,0,2
2023-02-06 15:00:00,15098.034,15817.037,496.013,28.593,46.238,15.098034,15.817037000000001,PVWatts,Solar_Delhi,,solar,28.593,,15,0,0,2
2023-02-06 16:00:00,8107.712,8569.921,272.425,25.467,35.041,8.107712000000001,8.569921,PVWatts,Solar_Delhi,,solar,25.467,,16,0,0,2
2023-02-06 17:00:00,320.967,497.125,26.353,22.231,22.853,0.320967,0.497125,PVWatts,Solar_Delhi,,solar,22.231,,17,0,0,2
2023-02-06 18:00:00,0.0,0.0,0.0,21.15,21.15,0.0,0.0,PVWatts,Solar_Delhi,,solar,21.15,,18,0,0,2
2023-02-06 19:00:00,0.0,0.0,0.0,20.187,20.187,0.0,0.0,PVWatts,Solar_Delhi,,solar,20.187,,19,0,0,2
2023-02-06 20:00:00,0.0,0.0,0.0,19.317,19.317,0.0,0.0,PVWatts,Solar_Delhi,,solar,19.317,,20,0,0,2
2023-02-06 21:00:00,0.0,0.0,0.0,18.521,18.521,0.0,0.0,PVWatts,Solar_Delhi,,solar,18.521,,21,0,0,2
2023-02-06 22:00:00,0.0,0.0,0.0,17.729,17.729,0.0,0.0,PVWatts,Solar_Delhi,,solar,17.729,,22,0,0,2
2023-02-06 23:00:00,0.0,0.0,0.0,17.012,17.012,0.0,0.0,PVWatts,Solar_Delhi,,solar,17.012,,23,0,0,2
2023-02-07 00:00:00,0.0,0.0,0.0,16.38,16.38,0.0,0.0,PVWatts,Solar_Delhi,,solar,16.38,,0,1,0,2
2023-02-07 01:00:00,0.0,0.0,0.0,15.787,15.787,0.0,0.0,PVWatts,Solar_Delhi,,solar,15.787,,1,1,0,2
2023-02-07 02:00:00,0.0,0.0,0.0,15.191,15.191,0.0,0.0,PVWatts,Solar_Delhi,,solar,15.191,,2,1,0,2
2023-02-07 03:00:00,0.0,0.0,0.0,14.637,14.637,0.0,0.0,PVWatts,Solar_Delhi,,solar,14.637,,3,1,0,2
2023-02-07 04:00:00,0.0,0.0,0.0,14.136,14.136,0.0,0.0,PVWatts,Solar_Delhi,,solar,14.136,,4,1,0,2
2023-02-07 05:00:00,0.0,0.0,0.0,13.713,13.713,0.0,0.0,PVWatts,Solar_Delhi,,solar,13.713,,5,1,0,2
2023-02-07 06:00:00,0.0,0.0,0.0,13.79,0.0,0.0,0.0,PVWatts,Solar_Delhi,,solar,13.79,,6,1,0,2
2023-02-07 07:00:00,589.544,775.568,24.943,17.235,18.115,0.589544,0.775568,PVWatts,Solar_Delhi,,solar,17.235,,7,1,0,2
2023-02-07 08:00:00,9626.97,10144.989,307.259,20.703,35.342,9.62697,10.144988999999999,PVWatts,Solar_Delhi,,solar,20.703,,8,1,0,2
2023-02-07 09:00:00,16355.425,17120.619,553.19,25.563,51.862,16.355425,17.120618999999998,PVWatts,Solar_Delhi,,solar,25.563,,9,1,0,2
2023-02-07 10:00:00,20618.686,21540.494,741.1,29.839,65.003,20.618686,21.540494,PVWatts,Solar_Delhi,,solar,29.839,,10,1,0,2
2023-02-07 11:00:00,20510.991,21428.843,747.746,30.986,66.39,20.510991,21.428843,PVWatts,Solar_Delhi,,solar,30.986,,11,1,0,2
2023-02-07 12:00:00,23580.8,24611.423,879.929,30.672,72.378,23.5808,24.611423,PVWatts,Solar_Delhi,,solar,30.672,,12,1,0,2
2023-02-07 13:00:00,20352.122,21264.138,733.239,29.624,64.368,20.352121999999998,21.264138,PVWatts,Solar_Delhi,,solar,29.624,,13,1,0,2
2023-02-07 14:00:00,19550.501,20433.069,687.78,28.667,61.352,19.550501,20.433069,PVWatts,Solar_Delhi,,solar,28.667,,14,1,0,2
2023-02-07 15:00:00,14745.564,15451.619,496.266,28.147,51.786,14.745564,15.451619,PVWatts,Solar_Delhi,,solar,28.147,,15,1,0,2
2023-02-07 16:00:00,7057.955,7481.6,236.874,25.463,36.657,7.057955,7.4816,PVWatts,Solar_Delhi,,solar,25.463,,16,1,0,2
2023-02-07 17:00:00,21.235,186.382,10.417,23.308,23.721,0.021235,0.186382,PVWatts,Solar_Delhi,,solar,23.308,,17,1,0,2
2023-02-07 18:00:00,0.0,0.0,0.0,22.69,22.69,0.0,0.0,PVWatts,Solar_Delhi,,solar,22.69,,18,1,0,2
2023-02-07 19:00:00,0.0,0.0,0.0,21.52,21.52,0.0,0.0,PVWatts,Solar_Delhi,,solar,21.52,,19,1,0,2
2023-02-07 20:00:00,0.0,0.0,0.0,20.524,20.524,0.0,0.0,PVWatts,Solar_Delhi,,solar,20.524,,20,1,0,2
2023-02-07 21:00:00,0.0,0.0,0.0,19.85,19.85,0.0,0.0,PVWatts,Solar_Delhi,,solar,19.85,,21,1,0,2
2023-02-07 22:00:00,0.0,0.0,0.0,19.253,19.253,0.0,0.0,PVWatts,Solar_Delhi,,solar,19.253,,22,1,0,2
2023-02-07 23:00:00,0.0,0.0,0.0,18.71,18.71,0.0,0.0,PVWatts,Solar_Delhi,,solar,18.71,,23,1,0,2
2023-02-08 00:00:00,0.0,0.0,0.0,18.278,18.278,0.0,0.0,PVWatts,Solar_Delhi,,solar,18.278,,0,2,0,2
2023-02-08 01:00:00,0.0,0.0,0.0,18.227,18.227,0.0,0.0,PVWatts,Solar_Delhi,,solar,18.227,,1,2,0,2
2023-02-08 02:00:00,0.0,0.0,0.0,18.038,18.038,0.0,0.0,PVWatts,Solar_Delhi,,solar,18.038,,2,2,0,2
2023-02-08 03:00:00,0.0,0.0,0.0,17.645,17.645,0.0,0.0,PVWatts,Solar_Delhi,,solar,17.645,,3,2,0,2
2023-02-08 04:00:00,0.0,0.0,0.0,17.245,17.245,0.0,0.0,PVWatts,Solar_Delhi,,solar,17.245,,4,2,0,2
2023-02-08 05:00:00,0.0,0.0,0.0,16.922,16.922,0.0,0.0,PVWatts,Solar_Delhi,,solar,16.922,,5,2,0,2
2023-02-08 06:00:00,0.0,0.0,0.0,16.769,0.0,0.0,0.0,PVWatts,Solar_Delhi,,solar,16.769,,6,2,0,2
2023-02-08 07:00:00,343.05,520.019,17.042,18.204,18.684,0.34305,0.520019,PVWatts,Solar_Delhi,,solar,18.204,,7,2,0,2
2023-02-08 08:00:00,2894.305,3164.996,96.5,19.853,23.272,2.8943049999999997,3.164996,PVWatts,Solar_Delhi,,solar,19.853,,8,2,0,2
2023-02-08 09:00:00,7076.607,7500.938,230.608,22.91,31.064,7.076607,7.500938,PVWatts,Solar_Delhi,,solar,22.91,,9,2,0,2
2023-02-08 10:00:00,10634.371,11189.399,347.564,25.244,35.029,10.634371,11.189399,PVWatts,Solar_Delhi,,solar,25.244,,10,2,0,2
2023-02-08 11:00:00,5530.051,5897.568,185.035,25.51,30.708,5.530051,5.897568000000001,PVWatts,Solar_Delhi,,solar,25.51,,11,2,0,2
2023-02-08 12:00:00,9952.602,10482.584,331.784,26.036,37.726,9.952602,10.482584000000001,PVWatts,Solar_Delhi,,solar,26.036,,12,2,0,2
2023-02-08 13:00:00,17935.172,18758.399,605.11,26.12,47.499,17.935171999999998,18.758399,PVWatts,Solar_Delhi,,solar,26.12,,13,2,0,2
2023-02-08 14:00:00,7595.382,8038.77,250.305,25.423,34.268,7.595382,8.038770000000001,PVWatts,Solar_Delhi,,solar,25.423,,14,2,0,2
2023-02-08 15:00:00,6548.723,6953.661,213.422,24.415,31.977,6.548723,6.953661,PVWatts,Solar_Delhi,,solar,24.415,,15,2,0,2
2023-02-08 16:00:00,1543.392,1764.456,55.791,23.028,25.002,1.543392,1.7644559999999998,PVWatts,Solar_Delhi,,solar,23.028,,16,2,0,2
2023-02-08 17:00:00,22.875,188.082,10.416,21.753,21.999,0.022875,0.188082,PVWatts,Solar_Delhi,,solar,21.753,,17,2,0,2
2023-02-08 18:00:00,0.0,0.0,0.0,20.932,20.932,0.0,0.0,PVWatts,Solar_Delhi,,solar,20.932,,18,2,0,2
2023-02-08 19:00:00,0.0,0.0,0.0,20.105,20.105,0.0,0.0,PVWatts,Solar_Delhi,,solar,20.105,,19,2,0,2
2023-02-08 20:00:00,0.0,0.0,0.0,19.058,19.058,0.0,0.0,PVWatts,Solar_Delhi,,solar,19.058,,20,2,0,2
2023-02-08 21:00:00,0.0,0.0,0.0,18.295,18.295,0.0,0.0,PVWatts,Solar_Delhi,,solar,18.295,,21,2,0,2
2023-02-08 22:00:00,0.0,0.0,0.0,17.476,17.476,0.0,0.0,PVWatts,Solar_Delhi,,solar,17.476,,22,2,0,2
2023-02-08 23:00:00,0.0,0.0,0.0,16.619,16.619,0.0,0.0,PVWatts,Solar_Delhi,,solar,16.619,,23,2,0,2
2023-02-09 00:00:00,0.0,0.0,0.0,16.0,16.0,0.0,0.0,PVWatts,Solar_Delhi,,solar,16.0,,0,3,0,2
2023-02-09 01:00:00,0.0,0.0,0.0,15.631,15.631,0.0,0.0,PVWatts,Solar_Delhi,,solar,15.631,,1,3,0,2
2023-02-09 02:00:00,0.0,0.0,0.0,15.365,15.365,0.0,0.0,PVWatts,Solar_Delhi,,solar,15.365,,2,3,0,2
2023-02-09 03:00:00,0.0,0.0,0.0,15.088,15.088,0.0,0.0,PVWatts,Solar_Delhi,,solar,15.088,,3,3,0,2
2023-02-09 04:00:00,0.0,0.0,0.0,14.905,14.905,0.0,0.0,PVWatts,Solar_Delhi,,solar,14.905,,4,3,0,2
2023-02-09 05:00:00,0.0,0.0,0.0,14.831,14.831,0.0,0.0,PVWatts,Solar_Delhi,,solar,14.831,,5,3,0,2
2023-02-09 06:00:00,0.0,0.0,0.0,14.911,0.0,0.0,0.0,PVWatts,Solar_Delhi,,solar,14.911,,6,3,0,2
2023-02-09 07:00:00,1.984,166.424,5.674,15.674,15.834,0.001984,0.16642400000000002,PVWatts,Solar_Delhi,,solar,15.674,,7,3,0,2
2023-02-09 08:00:00,925.261,1123.618,35.088,17.623,18.615,0.925261,1.123618,PVWatts,Solar_Delhi,,solar,17.623,,8,3,0,2
2023-02-09 09:00:00,1899.195,2133.33,66.52,20.387,22.262,1.899195,2.13333,PVWatts,Solar_Delhi,,solar,20.387,,9,3,0,2
2023-02-09 10:00:00,2619.799,2880.405,90.429,22.364,24.907,2.619799,2.880405,PVWatts,Solar_Delhi,,solar,22.364,,10,3,0,2
2023-02-09 11:00:00,3184.997,3466.367,108.997,23.021,26.083,3.1849969999999996,3.466367,PVWatts,Solar_Delhi,,solar,23.021,,11,3,0,2
2023-02-09 12:00:00,11654.755,12247.267,378.911,23.07,33.728,11.654755,12.247266999999999,PVWatts,Solar_Delhi,,solar,23.07,,12,3,0,2
2023-02-09 13:00:00,24869.139,25947.09,825.516,23.225,46.547,24.869139,25.94709,PVWatts,Solar_Delhi,,solar,23.225,,13,3,0,2
2023-02-09 14:00:00,12799.894,13434.474,411.937,23.097,34.719,12.799894,13.434474,PVWatts,Solar_Delhi,,solar,23.097,,14,3,0,2
2023-02-09 15:00:00,6796.793,7210.844,218.211,22.669,28.836,6.796793,7.210844,PVWatts,Solar_Delhi,,solar,22.669,,15,3,0,2
2023-02-09 16:00:00,8645.471,9127.434,282.113,21.23,29.144,8.645470999999999,9.127434,PVWatts,Solar_Delhi,,solar,21.23,,16,3,0,2
2023-02-09 17:00:00,724.486,915.468,46.83,18.691,20.073,0.724486,0.915468,PVWatts,Solar_Delhi,,solar,18.691,,17,3,0,2
2023-02-09 18:00:00,0.0,0.0,0.0,17.721,17.721,0.0,0.0,PVWatts,Solar_Delhi,,solar,17.721,,18,3,0,2
2023-02-09 19:00:00,0.0,0.0,0.0,16.708,16.708,0.0,0.0,PVWatts,Solar_Delhi,,solar,16.708,,19,3,0,2
2023-02-09 20:00:00,0.0,0.0,0.0,15.495,15.495,0.0,0.0,PVWatts,Solar_Delhi,,solar,15.495,,20,3,0,2
2023-02-09 21:00:00,0.0,0.0,0.0,13.953,13.953,0.0,0.0,PVWatts,Solar_Delhi,,solar,13.953,,21,3,0,2
2023-02-09 22:00:00,0.0,0.0,0.0,12.503,12.503,0.0,0.0,PVWatts,Solar_Delhi,,solar,12.503,,22,3,0,2
2023-02-09 23:00:00,0.0,0.0,0.0,11.291,11.291,0.0,0.0,PVWatts,Solar_Delhi,,solar,11.291,,23,3,0,2
2023-02-10 00:00:00,0.0,0.0,0.0,10.381,10.381,0.0,0.0,PVWatts,Solar_Delhi,,solar,10.381,,0,4,0,2
2023-02-10 01:00:00,0.0,0.0,0.0,9.718,9.718,0.0,0.0,PVWatts,Solar_Delhi,,solar,9.718,,1,4,0,2
2023-02-10 02:00:00,0.0,0.0,0.0,9.206,9.206,0.0,0.0,PVWatts,Solar_Delhi,,solar,9.206,,2,4,0,2
2023-02-10 03:00:00,0.0,0.0,0.0,8.808,8.808,0.0,0.0,PVWatts,Solar_Delhi,,solar,8.808,,3,4,0,2
2023-02-10 04:00:00,0.0,0.0,0.0,8.499,8.499,0.0,0.0,PVWatts,Solar_Delhi,,solar,8.499,,4,4,0,2
2023-02-10 05:00:00,0.0,0.0,0.0,8.25,8.25,0.0,0.0,PVWatts,Solar_Delhi,,solar,8.25,,5,4,0,2
2023-02-10 06:00:00,0.0,0.0,0.0,8.773,0.0,0.0,0.0,PVWatts,Solar_Delhi,,solar,8.773,,6,4,0,2
2023-02-10 07:00:00,571.108,756.455,23.686,11.716,12.553,0.571108,0.756455,PVWatts,Solar_Delhi,,solar,11.716,,7,4,0,2
2023-02-10 08:00:00,5352.751,5713.754,169.349,14.934,22.982,5.3527510000000005,5.713754,PVWatts,Solar_Delhi,,solar,14.934,,8,4,0,2
2023-02-10 09:00:00,7557.947,7999.96,241.74,18.676,27.223,7.557947,7.99996,PVWatts,Solar_Delhi,,solar,18.676,,9,4,0,2
2023-02-10 10:00:00,12254.606,12869.153,400.894,22.609,36.763,12.254605999999999,12.869153,PVWatts,Solar_Delhi,,solar,22.609,,10,4,0,2
2023-02-10 11:00:00,12224.987,12838.446,400.938,24.646,35.918,12.224986999999999,12.838446,PVWatts,Solar_Delhi,,solar,24.646,,11,4,0,2
2023-02-10 12:00:00,20891.768,21823.608,715.7,25.932,51.205,20.891768,21.823608,PVWatts,Solar_Delhi,,solar,25.932,,12,4,0,2
2023-02-10 13:00:00,12055.703,12662.944,401.717,26.492,40.667,12.055703,12.662944,PVWatts,Solar_Delhi,,solar,26.492,,13,4,0,2
2023-02-10 14:00:00,5397.132,5759.766,180.422,26.141,32.513,5.397132,5.759766,PVWatts,Solar_Delhi,,solar,26.141,,14,4,0,2
2023-02-10 15:00:00,13144.973,13792.229,435.52,24.9,45.608,13.144973,13.792228999999999,PVWatts,Solar_Delhi,,solar,24.9,,15,4,0,2
2023-02-10 16:00:00,5440.278,5804.497,180.218,22.473,31.002,5.440278,5.8044970000000005,PVWatts,Solar_Delhi,,solar,22.473,,16,4,0,2
2023-02-10 17:00:00,455.937,637.053,33.054,19.432,20.742,0.45593700000000004,0.637053,PVWatts,Solar_Delhi,,solar,19.432,,17,4,0,2
2023-02-10 18:00:00,0.0,0.0,0.0,18.541,18.541,0.0,0.0,PVWatts,Solar_Delhi,,solar,18.541,,18,4,0,2
2023-02-10 19:00:00,0.0,0.0,0.0,17.781,17.781,0.0,0.0,PVWatts,Solar_Delhi,,solar,17.781,,19,4,0,2
2023-02-10 20:00:00,0.0,0.0,0.0,17.057,17.057,0.0,0.0,PVWatts,Solar_Delhi,,solar,17.057,,20,4,0,2
2023-02-10 21:00:00,0.0,0.0,0.0,16.359,16.359,0.0,0.0,PVWatts,Solar_Delhi,,solar,16.359,,21,4,0,2
2023-02-10 22:00:00,0.0,0.0,0.0,15.665,15.665,0.0,0.0,PVWatts,Solar_Delhi,,solar,15.665,,22,4,0,2
2023-02-10 23:00:00,0.0,0.0,0.0,14.972,14.972,0.0,0.0,PVWatts,Solar_Delhi,,solar,14.972,,23,4,0,2
2023-02-11 00:00:00,0.0,0.0,0.0,14.247,14.247,0.0,0.0,PVWatts,Solar_Delhi,,solar,14.247,,0,5,1,2
2023-02-11 01:00:00,0.0,0.0,0.0,13.501,13.501,0.0,0.0,PVWatts,Solar_Delhi,,solar,13.501,,1,5,1,2
2023-02-11 02:00:00,0.0,0.0,0.0,12.77,12.77,0.0,0.0,PVWatts,Solar_Delhi,,solar,12.77,,2,5,1,2
2023-02-11 03:00:00,0.0,0.0,0.0,12.018,12.018,0.0,0.0,PVWatts,Solar_Delhi,,solar,12.018,,3,5,1,2
2023-02-11 04:00:00,0.0,0.0,0.0,11.294,11.294,0.0,0.0,PVWatts,Solar_Delhi,,solar,11.294,,4,5,1,2
2023-02-11 05:00:00,0.0,0.0,0.0,10.595,10.595,0.0,0.0,PVWatts,Solar_Delhi,,solar,10.595,,5,5,1,2
2023-02-11 06:00:00,0.0,0.0,0.0,10.397,0.0,0.0,0.0,PVWatts,Solar_Delhi,,solar,10.397,,6,5,1,2
2023-02-11 07:00:00,758.297,950.521,29.68,12.733,13.569,0.758297,0.950521,PVWatts,Solar_Delhi,,solar,12.733,,7,5,1,2
2023-02-11 08:00:00,9668.023,10187.551,299.418,16.549,27.196,9.668023,10.187551,PVWatts,Solar_Delhi,,solar,16.549,,8,5,1,2
2023-02-11 09:00:00,17431.637,18236.366,566.919,22.285,42.404,17.431637,18.236366,PVWatts,Solar_Delhi,,solar,22.285,,9,5,1,2
2023-02-11 10:00:00,21485.693,22439.351,759.505,25.086,61.113,21.485692999999998,22.439351,PVWatts,Solar_Delhi,,solar,25.086,,10,5,1,2
2023-02-11 11:00:00,23869.074,24910.287,873.545,26.627,68.02,23.869074,24.910287,PVWatts,Solar_Delhi,,solar,26.627,,11,5,1,2
2023-02-11 12:00:00,24495.372,25559.592,906.771,27.467,70.433,24.495372,25.559592000000002,PVWatts,Solar_Delhi,,solar,27.467,,12,5,1,2
2023-02-11 13:00:00,23257.275,24276.013,848.045,27.659,67.876,23.257275,24.276013,PVWatts,Solar_Delhi,,solar,27.659,,13,5,1,2
2023-02-11 14:00:00,20421.528,21336.094,718.31,27.111,61.239,20.421528,21.336094,PVWatts,Solar_Delhi,,solar,27.111,,14,5,1,2
2023-02-11 15:00:00,15495.434,16229.036,518.298,25.728,50.411,15.495434,16.229036,PVWatts,Solar_Delhi,,solar,25.728,,15,5,1,2
2023-02-11 16:00:00,8611.108,9091.81,287.128,22.828,36.379,8.611108,9.091809999999999,PVWatts,Solar_Delhi,,solar,22.828,,16,5,1,2
2023-02-11 17:00:00,724.331,915.306,47.473,19.645,21.514,0.7243310000000001,0.9153060000000001,PVWatts,Solar_Delhi,,solar,19.645,,17,5,1,2
2023-02-11 18:00:00,0.0,0.0,0.0,18.691,18.691,0.0,0.0,PVWatts,Solar_Delhi,,solar,18.691,,18,5,1,2
2023-02-11 19:00:00,0.0,0.0,0.0,17.943,17.943,0.0,0.0,PVWatts,Solar_Delhi,,solar,17.943,,19,5,1,2
2023-02-11 20:00:00,0.0,0.0,0.0,17.277,17.277,0.0,0.0,PVWatts,Solar_Delhi,,solar,17.277,,20,5,1,2
2023-02-11 21:00:00,0.0,0.0,0.0,16.671,16.671,0.0,0.0,PVWatts,Solar_Delhi,,solar,16.671,,21,5,1,2
2023-02-11 22:00:00,0.0,0.0,0.0,16.076,16.076,0.0,0.0,PVWatts,Solar_Delhi,,solar,16.076,,22,5,1,2
2023-02-11 23:00:00,0.0,0.0,0.0,15.574,15.574,0.0,0.0,PVWatts,Solar_Delhi,,solar,15.574,,23,5,1,2
2023-02-12 00:00:00,0.0,0.0,0.0,15.242,15.242,0.0,0.0,PVWatts,Solar_Delhi,,solar,15.242,,0,6,1,2
2023-02-12 01:00:00,0.0,0.0,0.0,15.262,15.262,0.0,0.0,PVWatts,Solar_Delhi,,solar,15.262,,1,6,1,2
2023-02-12 02:00:00,0.0,0.0,0.0,15.364,15.364,0.0,0.0,PVWatts,Solar_Delhi,,solar,15.364,,2,6,1,2
2023-02-12 03:00:00,0.0,0.0,0.0,15.274,15.274,0.0,0.0,PVWatts,Solar_Delhi,,solar,15.274,,3,6,1,2
2023-02-12 04:00:00,0.0,0.0,0.0,14.737,14.737,0.0,0.0,PVWatts,Solar_Delhi,,solar,14.737,,4,6,1,2
2023-02-12 05:00:00,0.0,0.0,0.0,14.382,14.382,0.0,0.0,PVWatts,Solar_Delhi,,solar,14.382,,5,6,1,2
2023-02-12 06:00:00,0.0,0.0,0.0,14.59,0.0,0.0,0.0,PVWatts,Solar_Delhi,,solar,14.59,,6,6,1,2
2023-02-12 07:00:00,586.224,772.126,24.635,16.269,17.435,0.5862240000000001,0.772126,PVWatts,Solar_Delhi,,solar,16.269,,7,6,1,2
2023-02-12 08:00:00,7810.895,8262.2,246.948,17.34,29.087,7.810895,8.2622,PVWatts,Solar_Delhi,,solar,17.34,,8,6,1,2
2023-02-12 09:00:00,15491.493,16224.95,493.551,18.346,35.846,15.491493,16.22495,PVWatts,Solar_Delhi,,solar,18.346,,9,6,1,2
2023-02-12 10:00:00,18988.129,19850.038,618.719,18.332,40.216,18.988129,19.850038,PVWatts,Solar_Delhi,,solar,18.332,,10,6,1,2
2023-02-12 11:00:00,25386.881,26483.851,830.017,17.942,41.352,25.386881000000002,26.483850999999998,PVWatts,Solar_Delhi,,solar,17.942,,11,6,1,2
2023-02-12 12:00:00,24894.428,25973.309,813.72,18.126,41.07,24.894428,25.973309,PVWatts,Solar_Delhi,,solar,18.126,,12,6,1,2
2023-02-12 13:00:00,24176.308,25228.807,786.843,18.763,40.974,24.176308000000002,25.228807,PVWatts,Solar_Delhi,,solar,18.763,,13,6,1,2
2023-02-12 14:00:00,19285.176,20157.997,617.321,20.014,37.461,19.285176,20.157996999999998,PVWatts,Solar_Delhi,,solar,20.014,,14,6,1,2
2023-02-12 15:00:00,12711.464,13342.795,398.893,19.934,31.224,12.711464,13.342795,PVWatts,Solar_Delhi,,solar,19.934,,15,6,1,2
2023-02-12 16:00:00,1478.13,1696.797,52.498,18.44,19.922,1.4781300000000002,1.696797,PVWatts,Solar_Delhi,,solar,18.44,,16,6,1,2
2023-02-12 17:00:00,218.012,390.388,20.317,15.945,16.425,0.218012,0.39038799999999996,PVWatts,Solar_Delhi,,solar,15.945,,17,6,1,2
2023-02-12 18:00:00,0.0,0.0,0.0,15.033,15.033,0.0,0.0,PVWatts,Solar_Delhi,,solar,15.033,,18,6,1,2
2023-02-12 19:00:00,0.0,0.0,0.0,14.432,14.432,0.0,0.0,PVWatts,Solar_Delhi,,solar,14.432,,19,6,1,2
2023-02-12 20:00:00,0.0,0.0,0.0,13.863,13.863,0.0,0.0,PVWatts,Solar_Delhi,,solar,13.863,,20,6,1,2
2023-02-12 21:00:00,0.0,0.0,0.0,13.304,13.304,0.0,0.0,PVWatts,Solar_Delhi,,solar,13.304,,21,6,1,2
2023-02-12 22:00:00,0.0,0.0,0.0,12.811,12.811,0.0,0.0,PVWatts,Solar_Delhi,,solar,12.811,,22,6,1,2
2023-02-12 23:00:00,0.0,0.0,0.0,12.334,12.334,0.0,0.0,PVWatts,Solar_Delhi,,solar,12.334,,23,6,1,2
2023-02-13 00:00:00,0.0,0.0,0.0,11.908,11.908,0.0,0.0,PVWatts,Solar_Delhi,,solar,11.908,,0,0,0,2
2023-02-13 01:00:00,0.0,0.0,0.0,11.457,11.457,0.0,0.0,PVWatts,Solar_Delhi,,solar,11.457,,1,0,0,2
2023-02-13 02:00:00,0.0,0.0,0.0,11.002,11.002,0.0,0.0,PVWatts,Solar_Delhi,,solar,11.002,,2,0,0,2
2023-02-13 03:00:00,0.0,0.0,0.0,10.589,10.589,0.0,0.0,PVWatts,Solar_Delhi,,solar,10.589,,3,0,0,2
2023-02-13 04:00:00,0.0,0.0,0.0,10.209,10.209,0.0,0.0,PVWatts,Solar_Delhi,,solar,10.209,,4,0,0,2
2023-02-13 05:00:00,0.0,0.0,0.0,9.88,9.88,0.0,0.0,PVWatts,Solar_Delhi,,solar,9.88,,5,0,0,2
2023-02-13 06:00:00,0.0,0.0,0.0,10.139,0.0,0.0,0.0,PVWatts,Solar_Delhi,,solar,10.139,,6,0,0,2
2023-02-13 07:00:00,759.529,951.797,29.7,13.35,14.4,0.759529,0.951797,PVWatts,Solar_Delhi,,solar,13.35,,7,0,0,2
2023-02-13 08:00:00,9511.784,10025.572,300.023,17.255,31.538,9.511784,10.025572,PVWatts,Solar_Delhi,,solar,17.255,,8,0,0,2
2023-02-13 09:00:00,16807.118,17588.905,562.236,21.995,48.703,16.807118,17.588905,PVWatts,Solar_Delhi,,solar,21.995,,9,0,0,2
2023-02-13 10:00:00,21362.268,22311.391,754.418,24.728,60.496,21.362268,22.311391,PVWatts,Solar_Delhi,,solar,24.728,,10,0,0,2
2023-02-13 11:00:00,21158.575,22100.216,726.53,26.504,52.171,21.158575,22.100216,PVWatts,Solar_Delhi,,solar,26.504,,11,0,0,2
2023-02-13 12:00:00,25285.669,26378.922,890.107,27.411,58.888,25.285669000000002,26.378922,PVWatts,Solar_Delhi,,solar,27.411,,12,0,0,2
2023-02-13 13:00:00,24456.079,25518.856,852.443,27.579,57.765,24.456079000000003,25.518856,PVWatts,Solar_Delhi,,solar,27.579,,13,0,0,2
2023-02-13 14:00:00,20543.669,21462.721,694.773,26.963,51.596,20.543669,21.462721000000002,PVWatts,Solar_Delhi,,solar,26.963,,14,0,0,2
2023-02-13 15:00:00,14023.73,14703.268,455.811,25.563,41.754,14.023729999999999,14.703268,PVWatts,Solar_Delhi,,solar,25.563,,15,0,0,2
2023-02-13 16:00:00,8712.47,9196.895,286.672,22.958,33.06,8.71247,9.196895,PVWatts,Solar_Delhi,,solar,22.958,,16,0,0,2
2023-02-13 17:00:00,870.552,1066.899,54.724,19.757,21.369,0.870552,1.0668989999999998,PVWatts,Solar_Delhi,,solar,19.757,,17,0,0,2
2023-02-13 18:00:00,0.0,0.0,0.0,18.746,18.746,0.0,0.0,PVWatts,Solar_Delhi,,solar,18.746,,18,0,0,2
2023-02-13 19:00:00,0.0,0.0,0.0,17.924,17.924,0.0,0.0,PVWatts,Solar_Delhi,,solar,17.924,,19,0,0,2
2023-02-13 20:00:00,0.0,0.0,0.0,17.086,17.086,0.0,0.0,PVWatts,Solar_Delhi,,solar,17.086,,20,0,0,2
2023-02-13 21:00:00,0.0,0.0,0.0,16.266,16.266,0.0,0.0,PVWatts,Solar_Delhi,,solar,16.266,,21,0,0,2
2023-02-13 22:00:00,0.0,0.0,0.0,15.391,15.391,0.0,0.0,PVWatts,Solar_Delhi,,solar,15.391,,22,0,0,2
2023-02-13 23:00:00,0.0,0.0,0.0,14.572,14.572,0.0,0.0,PVWatts,Solar_Delhi,,solar,14.572,,23,0,0,2
2023-02-14 00:00:00,0.0,0.0,0.0,13.726,13.726,0.0,0.0,PVWatts,Solar_Delhi,,solar,13.726,,0,1,0,2
2023-02-14 01:00:00,0.0,0.0,0.0,12.976,12.976,0.0,0.0,PVWatts,Solar_Delhi,,solar,12.976,,1,1,0,2
2023-02-14 02:00:00,0.0,0.0,0.0,12.244,12.244,0.0,0.0,PVWatts,Solar_Delhi,,solar,12.244,,2,1,0,2
2023-02-14 03:00:00,0.0,0.0,0.0,11.639,11.639,0.0,0.0,PVWatts,Solar_Delhi,,solar,11.639,,3,1,0,2
2023-02-14 04:00:00,0.0,0.0,0.0,11.041,11.041,0.0,0.0,PVWatts,Solar_Delhi,,solar,11.041,,4,1,0,2
2023-02-14 05:00:00,0.0,0.0,0.0,10.57,10.57,0.0,0.0,PVWatts,Solar_Delhi,,solar,10.57,,5,1,0,2
2023-02-14 06:00:00,0.0,0.0,0.0,10.727,0.0,0.0,0.0,PVWatts,Solar_Delhi,,solar,10.727,,6,1,0,2
2023-02-14 07:00:00,1087.446,1291.761,40.176,13.884,15.014,1.087446,1.291761,PVWatts,Solar_Delhi,,solar,13.884,,7,1,0,2
2023-02-14 08:00:00,10582.876,11136.012,325.962,17.553,26.799,10.582876,11.136012000000001,PVWatts,Solar_Delhi,,solar,17.553,,8,1,0,2
2023-02-14 09:00:00,18001.805,18827.48,587.85,22.589,43.449,18.001805,18.82748,PVWatts,Solar_Delhi,,solar,22.589,,9,1,0,2
2023-02-14 10:00:00,22950.047,23957.499,783.506,25.365,53.115,22.950046999999998,23.957499,PVWatts,Solar_Delhi,,solar,25.365,,10,1,0,2
2023-02-14 11:00:00,25634.385,26740.448,899.648,26.804,58.636,25.634384999999998,26.740448,PVWatts,Solar_Delhi,,solar,26.804,,11,1,0,2
2023-02-14 12:00:00,26133.164,27257.55,924.377,27.594,60.298,26.133164,27.25755,PVWatts,Solar_Delhi,,solar,27.594,,12,1,0,2
2023-02-14 13:00:00,24818.465,25894.554,867.603,27.678,58.4,24.818465,25.894554,PVWatts,Solar_Delhi,,solar,27.678,,13,1,0,2
2023-02-14 14:00:00,21432.097,22383.786,726.718,26.968,52.747,21.432097000000002,22.383786,PVWatts,Solar_Delhi,,solar,26.968,,14,1,0,2
2023-02-14 15:00:00,16202.094,16961.655,527.781,25.449,44.216,16.202094,16.961655,PVWatts,Solar_Delhi,,solar,25.449,,15,1,0,2
2023-02-14 16:00:00,9078.432,9576.301,298.187,22.382,32.888,9.078432000000001,9.576300999999999,PVWatts,Solar_Delhi,,solar,22.382,,16,1,0,2
2023-02-14 17:00:00,1164.134,1371.266,69.948,18.601,20.235,1.164134,1.371266,PVWatts,Solar_Delhi,,solar,18.601,,17,1,0,2
2023-02-14 18:00:00,0.0,0.0,0.0,17.321,17.321,0.0,0.0,PVWatts,Solar_Delhi,,solar,17.321,,18,1,0,2
2023-02-14 19:00:00,0.0,0.0,0.0,16.339,16.339,0.0,0.0,PVWatts,Solar_Delhi,,solar,16.339,,19,1,0,2
2023-02-14 20:00:00,0.0,0.0,0.0,15.386,15.386,0.0,0.0,PVWatts,Solar_Delhi,,solar,15.386,,20,1,0,2
2023-02-14 21:00:00,0.0,0.0,0.0,14.559,14.559,0.0,0.0,PVWatts,Solar_Delhi,,solar,14.559,,21,1,0,2
2023-02-14 22:00:00,0.0,0.0,0.0,13.757,13.757,0.0,0.0,PVWatts,Solar_Delhi,,solar,13.757,,22,1,0,2
2023-02-14 23:00:00,0.0,0.0,0.0,13.07,13.07,0.0,0.0,PVWatts,Solar_Delhi,,solar,13.07,,23,1,0,2
2023-02-15 00:00:00,0.0,0.0,0.0,12.458,12.458,0.0,0.0,PVWatts,Solar_Delhi,,solar,12.458,,0,2,0,2
2023-02-15 01:00:00,0.0,0.0,0.0,11.862,11.862,0.0,0.0,PVWatts,Solar_Delhi,,solar,11.862,,1,2,0,2
2023-02-15 02:00:00,0.0,0.0,0.0,11.313,11.313,0.0,0.0,PVWatts,Solar_Delhi,,solar,11.313,,2,2,0,2
2023-02-15 03:00:00,0.0,0.0,0.0,10.765,10.765,0.0,0.0,PVWatts,Solar_Delhi,,solar,10.765,,3,2,0,2
2023-02-15 04:00:00,0.0,0.0,0.0,10.262,10.262,0.0,0.0,PVWatts,Solar_Delhi,,solar,10.262,,4,2,0,2
2023-02-15 05:00:00,0.0,0.0,0.0,9.789,9.789,0.0,0.0,PVWatts,Solar_Delhi,,solar,9.789,,5,2,0,2
2023-02-15 06:00:00,0.0,0.0,0.0,10.076,0.0,0.0,0.0,PVWatts,Solar_Delhi,,solar,10.076,,6,2,0,2
2023-02-15 07:00:00,1223.724,1433.045,44.51,14.029,15.599,1.223724,1.4330450000000001,PVWatts,Solar_Delhi,,solar,14.029,,7,2,0,2
2023-02-15 08:00:00,9365.716,9874.139,292.211,17.684,28.067,9.365716,9.874139,PVWatts,Solar_Delhi,,solar,17.684,,8,2,0,2
2023-02-15 09:00:00,5460.172,5825.122,179.47,22.722,29.064,5.460171999999999,5.825122,PVWatts,Solar_Delhi,,solar,22.722,,9,2,0,2
2023-02-15 10:00:00,20093.241,20995.746,666.313,25.903,44.7,20.093241000000003,20.995746,PVWatts,Solar_Delhi,,solar,25.903,,10,2,0,2
2023-02-15 11:00:00,24559.719,25626.303,838.093,27.576,51.201,24.559719,25.626303,PVWatts,Solar_Delhi,,solar,27.576,,11,2,0,2
2023-02-15 12:00:00,5831.561,6210.154,198.587,28.444,35.435,5.831561,6.210154,PVWatts,Solar_Delhi,,solar,28.444,,12,2,0,2
2023-02-15 13:00:00,7733.81,8182.283,261.012,28.619,37.815,7.73381,8.182283,PVWatts,Solar_Delhi,,solar,28.619,,13,2,0,2
2023-02-15 14:00:00,5896.418,6277.393,198.083,27.858,34.852,5.896418,6.277393,PVWatts,Solar_Delhi,,solar,27.858,,14,2,0,2
2023-02-15 15:00:00,11798.12,12395.898,384.802,26.435,40.087,11.79812,12.395897999999999,PVWatts,Solar_Delhi,,solar,26.435,,15,2,0,2
2023-02-15 16:00:00,2921.749,3193.448,99.609,23.727,28.451,2.9217489999999997,3.193448,PVWatts,Solar_Delhi,,solar,23.727,,16,2,0,2
2023-02-15 17:00:00,878.326,1074.959,55.251,20.168,22.349,0.878326,1.074959,PVWatts,Solar_Delhi,,solar,20.168,,17,2,0,2
2023-02-15 18:00:00,0.0,0.0,0.0,19.076,19.076,0.0,0.0,PVWatts,Solar_Delhi,,solar,19.076,,18,2,0,2
2023-02-15 19:00:00,0.0,0.0,0.0,18.25,18.25,0.0,0.0,PVWatts,Solar_Delhi,,solar,18.25,,19,2,0,2
2023-02-15 20:00:00,0.0,0.0,0.0,17.456,17.456,0.0,0.0,PVWatts,Solar_Delhi,,solar,17.456,,20,2,0,2
2023-02-15 21:00:00,0.0,0.0,0.0,16.758,16.758,0.0,0.0,PVWatts,Solar_Delhi,,solar,16.758,,21,2,0,2
2023-02-15 22:00:00,0.0,0.0,0.0,16.083,16.083,0.0,0.0,PVWatts,Solar_Delhi,,solar,16.083,,22,2,0,2
2023-02-15 23:00:00,0.0,0.0,0.0,15.456,15.456,0.0,0.0,PVWatts,Solar_Delhi,,solar,15.456,,23,2,0,2
2023-02-16 00:00:00,0.0,0.0,0.0,14.841,14.841,0.0,0.0,PVWatts,Solar_Delhi,,solar,14.841,,0,3,0,2
2023-02-16 01:00:00,0.0,0.0,0.0,14.29,14.29,0.0,0.0,PVWatts,Solar_Delhi,,solar,14.29,,1,3,0,2
2023-02-16 02:00:00,0.0,0.0,0.0,13.781,13.781,0.0,0.0,PVWatts,Solar_Delhi,,solar,13.781,,2,3,0,2
2023-02-16 03:00:00,0.0,0.0,0.0,13.317,13.317,0.0,0.0,PVWatts,Solar_Delhi,,solar,13.317,,3,3,0,2
2023-02-16 04:00:00,0.0,0.0,0.0,12.879,12.879,0.0,0.0,PVWatts,Solar_Delhi,,solar,12.879,,4,3,0,2
2023-02-16 05:00:00,0.0,0.0,0.0,12.479,12.479,0.0,0.0,PVWatts,Solar_Delhi,,solar,12.479,,5,3,0,2
2023-02-16 06:00:00,0.0,0.0,0.0,12.793,0.0,0.0,0.0,PVWatts,Solar_Delhi,,solar,12.793,,6,3,0,2
2023-02-16 07:00:00,1314.18,1526.824,47.832,16.475,18.161,1.3141800000000001,1.526824,PVWatts,Solar_Delhi,,solar,16.475,,7,3,0,2
2023-02-16 08:00:00,10359.473,10904.401,325.595,20.066,31.643,10.359473,10.904401,PVWatts,Solar_Delhi,,solar,20.066,,8,3,0,2
2023-02-16 09:00:00,18006.333,18832.174,594.552,24.927,46.021,18.006332999999998,18.832174,PVWatts,Solar_Delhi,,solar,24.927,,9,3,0,2
2023-02-16 10:00:00,22872.739,23877.351,790.015,27.703,55.679,22.872739000000003,23.877350999999997,PVWatts,Solar_Delhi,,solar,27.703,,10,3,0,2
2023-02-16 11:00:00,24242.201,25297.122,904.522,29.136,71.988,24.242201,25.297121999999998,PVWatts,Solar_Delhi,,solar,29.136,,11,3,0,2
2023-02-16 12:00:00,24707.763,25779.785,930.903,29.865,73.963,24.707763,25.779785,PVWatts,Solar_Delhi,,solar,29.865,,12,3,0,2
2023-02-16 13:00:00,23513.953,24542.12,871.401,29.823,71.136,23.513953,24.54212,PVWatts,Solar_Delhi,,solar,29.823,,13,3,0,2
2023-02-16 14:00:00,20562.857,21482.614,732.326,28.977,63.76,20.562857,21.482614,PVWatts,Solar_Delhi,,solar,28.977,,14,3,0,2
2023-02-16 15:00:00,15806.122,16551.137,534.404,27.418,52.861,15.806122,16.551136999999997,PVWatts,Solar_Delhi,,solar,27.418,,15,3,0,2
2023-02-16 16:00:00,9114.609,9613.807,302.473,24.622,35.275,9.114609,9.613807000000001,PVWatts,Solar_Delhi,,solar,24.622,,16,3,0,2
2023-02-16 17:00:00,1123.446,1329.083,68.568,21.15,23.161,1.123446,1.329083,PVWatts,Solar_Delhi,,solar,21.15,,17,3,0,2
2023-02-16 18:00:00,0.0,0.0,0.0,19.986,19.986,0.0,0.0,PVWatts,Solar_Delhi,,solar,19.986,,18,3,0,2
2023-02-16 19:00:00,0.0,0.0,0.0,19.107,19.107,0.0,0.0,PVWatts,Solar_Delhi,,solar,19.107,,19,3,0,2
2023-02-16 20:00:00,0.0,0.0,0.0,18.254,18.254,0.0,0.0,PVWatts,Solar_Delhi,,solar,18.254,,20,3,0,2
2023-02-16 21:00:00,0.0,0.0,0.0,17.433,17.433,0.0,0.0,PVWatts,Solar_Delhi,,solar,17.433,,21,3,0,2
2023-02-16 22:00:00,0.0,0.0,0.0,16.983,16.983,0.0,0.0,PVWatts,Solar_Delhi,,solar,16.983,,22,3,0,2
2023-02-16 23:00:00,0.0,0.0,0.0,16.628,16.628,0.0,0.0,PVWatts,Solar_Delhi,,solar,16.628,,23,3,0,2
2023-02-17 00:00:00,0.0,0.0,0.0,15.968,15.968,0.0,0.0,PVWatts,Solar_Delhi,,solar,15.968,,0,4,0,2
2023-02-17 01:00:00,0.0,0.0,0.0,15.176,15.176,0.0,0.0,PVWatts,Solar_Delhi,,solar,15.176,,1,4,0,2
2023-02-17 02:00:00,0.0,0.0,0.0,14.304,14.304,0.0,0.0,PVWatts,Solar_Delhi,,solar,14.304,,2,4,0,2
2023-02-17 03:00:00,0.0,0.0,0.0,13.223,13.223,0.0,0.0,PVWatts,Solar_Delhi,,solar,13.223,,3,4,0,2
2023-02-17 04:00:00,0.0,0.0,0.0,11.997,11.997,0.0,0.0,PVWatts,Solar_Delhi,,solar,11.997,,4,4,0,2
2023-02-17 05:00:00,0.0,0.0,0.0,10.947,10.947,0.0,0.0,PVWatts,Solar_Delhi,,solar,10.947,,5,4,0,2
2023-02-17 06:00:00,0.0,0.0,0.0,10.661,0.0,0.0,0.0,PVWatts,Solar_Delhi,,solar,10.661,,6,4,0,2
2023-02-17 07:00:00,1247.03,1457.207,44.88,13.148,14.412,1.24703,1.4572070000000001,PVWatts,Solar_Delhi,,solar,13.148,,7,4,0,2
2023-02-17 08:00:00,9710.091,10231.165,299.458,17.14,25.628,9.710091,10.231165,PVWatts,Solar_Delhi,,solar,17.14,,8,4,0,2
2023-02-17 09:00:00,12632.399,13260.826,404.27,22.434,33.848,12.632399,13.260826,PVWatts,Solar_Delhi,,solar,22.434,,9,4,0,2
2023-02-17 10:00:00,21323.031,22270.714,726.21,25.901,51.597,21.323031,22.270714,PVWatts,Solar_Delhi,,solar,25.901,,10,4,0,2
2023-02-17 11:00:00,24921.792,26001.677,875.313,27.412,58.365,24.921792,26.001677,PVWatts,Solar_Delhi,,solar,27.412,,11,4,0,2
2023-02-17 12:00:00,25985.119,27104.066,921.122,27.955,60.534,25.985118999999997,27.104066,PVWatts,Solar_Delhi,,solar,27.955,,12,4,0,2
2023-02-17 13:00:00,25729.216,26838.763,877.601,27.774,52.556,25.729216,26.838763,PVWatts,Solar_Delhi,,solar,27.774,,13,4,0,2
2023-02-17 14:00:00,22189.1,23168.598,737.293,26.989,47.846,22.1891,23.168598000000003,PVWatts,Solar_Delhi,,solar,26.989,,14,4,0,2
2023-02-17 15:00:00,16713.04,17491.371,536.728,25.521,40.741,16.71304,17.491371,PVWatts,Solar_Delhi,,solar,25.521,,15,4,0,2
2023-02-17 16:00:00,9559.793,10075.345,308.827,22.985,30.21,9.559792999999999,10.075344999999999,PVWatts,Solar_Delhi,,solar,22.985,,16,4,0,2
2023-02-17 17:00:00,1261.473,1472.18,74.902,19.031,20.487,1.261473,1.47218,PVWatts,Solar_Delhi,,solar,19.031,,17,4,0,2
2023-02-17 18:00:00,0.0,0.0,0.0,17.543,17.543,0.0,0.0,PVWatts,Solar_Delhi,,solar,17.543,,18,4,0,2
2023-02-17 19:00:00,0.0,0.0,0.0,16.442,16.442,0.0,0.0,PVWatts,Solar_Delhi,,solar,16.442,,19,4,0,2
2023-02-17 20:00:00,0.0,0.0,0.0,15.424,15.424,0.0,0.0,PVWatts,Solar_Delhi,,solar,15.424,,20,4,0,2
2023-02-17 21:00:00,0.0,0.0,0.0,14.403,14.403,0.0,0.0,PVWatts,Solar_Delhi,,solar,14.403,,21,4,0,2
2023-02-17 22:00:00,0.0,0.0,0.0,13.409,13.409,0.0,0.0,PVWatts,Solar_Delhi,,solar,13.409,,22,4,0,2
2023-02-17 23:00:00,0.0,0.0,0.0,12.507,12.507,0.0,0.0,PVWatts,Solar_Delhi,,solar,12.507,,23,4,0,2
2023-02-18 00:00:00,0.0,0.0,0.0,11.683,11.683,0.0,0.0,PVWatts,Solar_Delhi,,solar,11.683,,0,5,1,2
2023-02-18 01:00:00,0.0,0.0,0.0,10.936,10.936,0.0,0.0,PVWatts,Solar_Delhi,,solar,10.936,,1,5,1,2
2023-02-18 02:00:00,0.0,0.0,0.0,10.217,10.217,0.0,0.0,PVWatts,Solar_Delhi,,solar,10.217,,2,5,1,2
2023-02-18 03:00:00,0.0,0.0,0.0,9.577,9.577,0.0,0.0,PVWatts,Solar_Delhi,,solar,9.577,,3,5,1,2
2023-02-18 04:00:00,0.0,0.0,0.0,9.033,9.033,0.0,0.0,PVWatts,Solar_Delhi,,solar,9.033,,4,5,1,2
2023-02-18 05:00:00,0.0,0.0,0.0,8.621,8.621,0.0,0.0,PVWatts,Solar_Delhi,,solar,8.621,,5,5,1,2
2023-02-18 06:00:00,0.0,0.0,0.0,8.927,0.0,0.0,0.0,PVWatts,Solar_Delhi,,solar,8.927,,6,5,1,2
2023-02-18 07:00:00,1362.78,1577.21,48.206,12.064,13.193,1.3627799999999999,1.57721,PVWatts,Solar_Delhi,,solar,12.064,,7,5,1,2
2023-02-18 08:00:00,11010.878,11579.736,337.736,16.327,25.905,11.010878,11.579736,PVWatts,Solar_Delhi,,solar,16.327,,8,5,1,2
2023-02-18 09:00:00,19016.591,19879.545,602.433,21.691,35.868,19.016591000000002,19.879544999999997,PVWatts,Solar_Delhi,,solar,21.691,,9,5,1,2
2023-02-18 10:00:00,24374.581,25434.364,800.185,24.761,43.556,24.374581,25.434364000000002,PVWatts,Solar_Delhi,,solar,24.761,,10,5,1,2
2023-02-18 11:00:00,27271.776,28437.99,915.46,26.518,48.0,27.271776000000003,28.437990000000003,PVWatts,Solar_Delhi,,solar,26.518,,11,5,1,2
2023-02-18 12:00:00,27846.897,29034.238,941.689,27.559,49.655,27.846897000000002,29.034238000000002,PVWatts,Solar_Delhi,,solar,27.559,,12,5,1,2
2023-02-18 13:00:00,26284.448,27414.391,881.566,27.805,48.507,26.284448,27.414391,PVWatts,Solar_Delhi,,solar,27.805,,13,5,1,2
2023-02-18 14:00:00,22549.591,23542.332,739.671,27.3,44.702,22.549591,23.542332,PVWatts,Solar_Delhi,,solar,27.3,,14,5,1,2
2023-02-18 15:00:00,16933.241,17719.661,539.471,26.048,38.77,16.933241000000002,17.719661,PVWatts,Solar_Delhi,,solar,26.048,,15,5,1,2
2023-02-18 16:00:00,9603.386,10120.54,310.819,23.586,30.859,9.603386,10.12054,PVWatts,Solar_Delhi,,solar,23.586,,16,5,1,2
2023-02-18 17:00:00,1502.584,1722.149,85.326,19.56,21.581,1.5025840000000001,1.722149,PVWatts,Solar_Delhi,,solar,19.56,,17,5,1,2
2023-02-18 18:00:00,0.0,0.0,0.0,18.18,18.18,0.0,0.0,PVWatts,Solar_Delhi,,solar,18.18,,18,5,1,2
2023-02-18 19:00:00,0.0,0.0,0.0,17.255,17.255,0.0,0.0,PVWatts,Solar_Delhi,,solar,17.255,,19,5,1,2
2023-02-18 20:00:00,0.0,0.0,0.0,16.441,16.441,0.0,0.0,PVWatts,Solar_Delhi,,solar,16.441,,20,5,1,2
2023-02-18 21:00:00,0.0,0.0,0.0,15.683,15.683,0.0,0.0,PVWatts,Solar_Delhi,,solar,15.683,,21,5,1,2
2023-02-18 22:00:00,0.0,0.0,0.0,14.944,14.944,0.0,0.0,PVWatts,Solar_Delhi,,solar,14.944,,22,5,1,2
2023-02-18 23:00:00,0.0,0.0,0.0,14.212,14.212,0.0,0.0,PVWatts,Solar_Delhi,,solar,14.212,,23,5,1,2
2023-02-19 00:00:00,0.0,0.0,0.0,13.54,13.54,0.0,0.0,PVWatts,Solar_Delhi,,solar,13.54,,0,6,1,2
2023-02-19 01:00:00,0.0,0.0,0.0,12.877,12.877,0.0,0.0,PVWatts,Solar_Delhi,,solar,12.877,,1,6,1,2
2023-02-19 02:00:00,0.0,0.0,0.0,12.255,12.255,0.0,0.0,PVWatts,Solar_Delhi,,solar,12.255,,2,6,1,2
2023-02-19 03:00:00,0.0,0.0,0.0,11.69,11.69,0.0,0.0,PVWatts,Solar_Delhi,,solar,11.69,,3,6,1,2
2023-02-19 04:00:00,0.0,0.0,0.0,11.146,11.146,0.0,0.0,PVWatts,Solar_Delhi,,solar,11.146,,4,6,1,2
2023-02-19 05:00:00,0.0,0.0,0.0,10.665,10.665,0.0,0.0,PVWatts,Solar_Delhi,,solar,10.665,,5,6,1,2
2023-02-19 06:00:00,0.0,0.0,0.0,11.043,0.0,0.0,0.0,PVWatts,Solar_Delhi,,solar,11.043,,6,6,1,2
2023-02-19 07:00:00,1484.133,1703.021,52.575,14.859,16.338,1.4841330000000001,1.703021,PVWatts,Solar_Delhi,,solar,14.859,,7,6,1,2
2023-02-19 08:00:00,10964.012,11531.148,343.039,18.776,30.972,10.964012,11.531148,PVWatts,Solar_Delhi,,solar,18.776,,8,6,1,2
2023-02-19 09:00:00,18734.863,19587.467,606.579,24.04,41.202,18.734863,19.587467,PVWatts,Solar_Delhi,,solar,24.04,,9,6,1,2
2023-02-19 10:00:00,23818.952,24858.324,802.981,27.211,49.888,23.818952,24.858324,PVWatts,Solar_Delhi,,solar,27.211,,10,6,1,2
2023-02-19 11:00:00,26545.271,27684.796,916.898,28.813,54.681,26.545271,27.684796,PVWatts,Solar_Delhi,,solar,28.813,,11,6,1,2
2023-02-19 12:00:00,27172.907,28335.488,946.0,29.71,56.397,27.172907,28.335488,PVWatts,Solar_Delhi,,solar,29.71,,12,6,1,2
2023-02-19 13:00:00,25672.926,26780.405,884.5,29.805,54.778,25.672926,26.780405,PVWatts,Solar_Delhi,,solar,29.805,,13,6,1,2
2023-02-19 14:00:00,22133.679,23111.141,743.086,29.174,50.192,22.133679,23.111141,PVWatts,Solar_Delhi,,solar,29.174,,14,6,1,2
2023-02-19 15:00:00,16727.743,17506.615,542.77,27.799,43.189,16.727743,17.506615,PVWatts,Solar_Delhi,,solar,27.799,,15,6,1,2
2023-02-19 16:00:00,9557.861,10073.342,313.168,25.206,34.018,9.557861,10.073342,PVWatts,Solar_Delhi,,solar,25.206,,16,6,1,2
2023-02-19 17:00:00,1559.337,1780.987,81.61,21.146,23.158,1.559337,1.780987,PVWatts,Solar_Delhi,,solar,21.146,,17,6,1,2
2023-02-19 18:00:00,0.0,0.0,0.0,19.674,19.674,0.0,0.0,PVWatts,Solar_Delhi,,solar,19.674,,18,6,1,2
2023-02-19 19:00:00,0.0,0.0,0.0,18.623,18.623,0.0,0.0,PVWatts,Solar_Delhi,,solar,18.623,,19,6,1,2
2023-02-19 20:00:00,0.0,0.0,0.0,17.71,17.71,0.0,0.0,PVWatts,Solar_Delhi,,solar,17.71,,20,6,1,2
2023-02-19 21:00:00,0.0,0.0,0.0,16.898,16.898,0.0,0.0,PVWatts,Solar_Delhi,,solar,16.898,,21,6,1,2
2023-02-19 22:00:00,0.0,0.0,0.0,16.148,16.148,0.0,0.0,PVWatts,Solar_Delhi,,solar,16.148,,22,6,1,2
2023-02-19 23:00:00,0.0,0.0,0.0,15.457,15.457,0.0,0.0,PVWatts,Solar_Delhi,,solar,15.457,,23,6,1,2
2023-02-20 00:00:00,0.0,0.0,0.0,14.803,14.803,0.0,0.0,PVWatts,Solar_Delhi,,solar,14.803,,0,0,0,2
2023-02-20 01:00:00,0.0,0.0,0.0,14.19,14.19,0.0,0.0,PVWatts,Solar_Delhi,,solar,14.19,,1,0,0,2
2023-02-20 02:00:00,0.0,0.0,0.0,13.575,13.575,0.0,0.0,PVWatts,Solar_Delhi,,solar,13.575,,2,0,0,2
2023-02-20 03:00:00,0.0,0.0,0.0,12.971,12.971,0.0,0.0,PVWatts,Solar_Delhi,,solar,12.971,,3,0,0,2
2023-02-20 04:00:00,0.0,0.0,0.0,12.377,12.377,0.0,0.0,PVWatts,Solar_Delhi,,solar,12.377,,4,0,0,2
2023-02-20 05:00:00,0.0,0.0,0.0,11.84,11.84,0.0,0.0,PVWatts,Solar_Delhi,,solar,11.84,,5,0,0,2
2023-02-20 06:00:00,0.0,0.0,0.0,12.135,0.0,0.0,0.0,PVWatts,Solar_Delhi,,solar,12.135,,6,0,0,2
2023-02-20 07:00:00,1594.196,1817.126,56.253,15.928,17.511,1.594196,1.817126,PVWatts,Solar_Delhi,,solar,15.928,,7,0,0,2
2023-02-20 08:00:00,11066.79,11637.703,347.83,19.822,32.188,11.066790000000001,11.637703,PVWatts,Solar_Delhi,,solar,19.822,,8,0,0,2
2023-02-20 09:00:00,18769.258,19623.126,610.744,25.102,42.381,18.769258,19.623126,PVWatts,Solar_Delhi,,solar,25.102,,9,0,0,2
2023-02-20 10:00:00,23810.739,24849.809,806.97,28.292,51.08,23.810739,24.849809,PVWatts,Solar_Delhi,,solar,28.292,,10,0,0,2
2023-02-20 11:00:00,26557.026,27696.983,922.895,29.997,56.033,26.557026,27.696983,PVWatts,Solar_Delhi,,solar,29.997,,11,0,0,2
2023-02-20 12:00:00,27112.628,28272.995,949.172,30.846,57.622,27.112628,28.272994999999998,PVWatts,Solar_Delhi,,solar,30.846,,12,0,0,2
2023-02-20 13:00:00,25638.539,26744.755,888.42,30.969,56.052,25.638539,26.744755,PVWatts,Solar_Delhi,,solar,30.969,,13,0,0,2
2023-02-20 14:00:00,22083.879,23059.512,745.415,30.326,51.409,22.083879,23.059511999999998,PVWatts,Solar_Delhi,,solar,30.326,,14,0,0,2
2023-02-20 15:00:00,16719.271,17497.832,545.464,29.003,44.469,16.719271,17.497832,PVWatts,Solar_Delhi,,solar,29.003,,15,0,0,2
2023-02-20 16:00:00,9574.128,10090.207,315.15,26.426,35.294,9.574128,10.090207,PVWatts,Solar_Delhi,,solar,26.426,,16,0,0,2
2023-02-20 17:00:00,1572.052,1794.169,84.812,22.23,24.295,1.572052,1.7941690000000001,PVWatts,Solar_Delhi,,solar,22.23,,17,0,0,2
2023-02-20 18:00:00,0.0,0.0,0.0,20.803,20.803,0.0,0.0,PVWatts,Solar_Delhi,,solar,20.803,,18,0,0,2
2023-02-20 19:00:00,0.0,0.0,0.0,19.824,19.824,0.0,0.0,PVWatts,Solar_Delhi,,solar,19.824,,19,0,0,2
2023-02-20 20:00:00,0.0,0.0,0.0,18.878,18.878,0.0,0.0,PVWatts,Solar_Delhi,,solar,18.878,,20,0,0,2
2023-02-20 21:00:00,0.0,0.0,0.0,17.973,17.973,0.0,0.0,PVWatts,Solar_Delhi,,solar,17.973,,21,0,0,2
2023-02-20 22:00:00,0.0,0.0,0.0,17.147,17.147,0.0,0.0,PVWatts,Solar_Delhi,,solar,17.147,,22,0,0,2
2023-02-20 23:00:00,0.0,0.0,0.0,16.364,16.364,0.0,0.0,PVWatts,Solar_Delhi,,solar,16.364,,23,0,0,2
2023-02-21 00:00:00,0.0,0.0,0.0,15.685,15.685,0.0,0.0,PVWatts,Solar_Delhi,,solar,15.685,,0,1,0,2
2023-02-21 01:00:00,0.0,0.0,0.0,15.075,15.075,0.0,0.0,PVWatts,Solar_Delhi,,solar,15.075,,1,1,0,2
2023-02-21 02:00:00,0.0,0.0,0.0,14.524,14.524,0.0,0.0,PVWatts,Solar_Delhi,,solar,14.524,,2,1,0,2
2023-02-21 03:00:00,0.0,0.0,0.0,14.006,14.006,0.0,0.0,PVWatts,Solar_Delhi,,solar,14.006,,3,1,0,2
2023-02-21 04:00:00,0.0,0.0,0.0,13.505,13.505,0.0,0.0,PVWatts,Solar_Delhi,,solar,13.505,,4,1,0,2
2023-02-21 05:00:00,0.0,0.0,0.0,12.988,12.988,0.0,0.0,PVWatts,Solar_Delhi,,solar,12.988,,5,1,0,2
2023-02-21 06:00:00,0.0,0.0,0.0,13.317,0.0,0.0,0.0,PVWatts,Solar_Delhi,,solar,13.317,,6,1,0,2
2023-02-21 07:00:00,1704.017,1930.981,59.948,17.018,18.705,1.7040170000000001,1.930981,PVWatts,Solar_Delhi,,solar,17.018,,7,1,0,2
2023-02-21 08:00:00,11297.101,11876.474,353.202,20.991,31.007,11.297101000000001,11.876474,PVWatts,Solar_Delhi,,solar,20.991,,8,1,0,2
2023-02-21 09:00:00,18777.245,19631.406,614.927,26.492,43.888,18.777245,19.631406,PVWatts,Solar_Delhi,,solar,26.492,,9,1,0,2
2023-02-21 10:00:00,23786.496,24824.676,811.987,29.781,52.708,23.786496,24.824676,PVWatts,Solar_Delhi,,solar,29.781,,10,1,0,2
2023-02-21 11:00:00,26464.15,27600.695,926.088,31.452,57.577,26.46415,27.600694999999998,PVWatts,Solar_Delhi,,solar,31.452,,11,1,0,2
2023-02-21 12:00:00,27028.701,28185.985,953.359,32.38,59.272,27.028701,28.185985000000002,PVWatts,Solar_Delhi,,solar,32.38,,12,1,0,2
2023-02-21 13:00:00,25501.655,26602.842,890.296,32.584,57.718,25.501655,26.602842,PVWatts,Solar_Delhi,,solar,32.584,,13,1,0,2
2023-02-21 14:00:00,22012.096,22985.091,748.779,31.992,53.168,22.012096,22.985091,PVWatts,Solar_Delhi,,solar,31.992,,14,1,0,2
2023-02-21 15:00:00,16647.832,17423.768,547.112,30.662,46.174,16.647831999999998,17.423768,PVWatts,Solar_Delhi,,solar,30.662,,15,1,0,2
2023-02-21 16:00:00,9580.002,10096.296,317.126,27.875,36.8,9.580002,10.096296,PVWatts,Solar_Delhi,,solar,27.875,,16,1,0,2
2023-02-21 17:00:00,1754.034,1982.836,88.229,23.588,25.799,1.754034,1.982836,PVWatts,Solar_Delhi,,solar,23.588,,17,1,0,2
2023-02-21 18:00:00,0.0,0.0,0.0,22.161,22.161,0.0,0.0,PVWatts,Solar_Delhi,,solar,22.161,,18,1,0,2
2023-02-21 19:00:00,0.0,0.0,0.0,21.191,21.191,0.0,0.0,PVWatts,Solar_Delhi,,solar,21.191,,19,1,0,2
2023-02-21 20:00:00,0.0,0.0,0.0,20.298,20.298,0.0,0.0,PVWatts,Solar_Delhi,,solar,20.298,,20,1,0,2
2023-02-21 21:00:00,0.0,0.0,0.0,19.495,19.495,0.0,0.0,PVWatts,Solar_Delhi,,solar,19.495,,21,1,0,2
2023-02-21 22:00:00,0.0,0.0,0.0,18.727,18.727,0.0,0.0,PVWatts,Solar_Delhi,,solar,18.727,,22,1,0,2
2023-02-21 23:00:00,0.0,0.0,0.0,17.981,17.981,0.0,0.0,PVWatts,Solar_Delhi,,solar,17.981,,23,1,0,2
2023-02-22 00:00:00,0.0,0.0,0.0,17.3,17.3,0.0,0.0,PVWatts,Solar_Delhi,,solar,17.3,,0,2,0,2
2023-02-22 01:00:00,0.0,0.0,0.0,16.615,16.615,0.0,0.0,PVWatts,Solar_Delhi,,solar,16.615,,1,2,0,2
2023-02-22 02:00:00,0.0,0.0,0.0,15.96,15.96,0.0,0.0,PVWatts,Solar_Delhi,,solar,15.96,,2,2,0,2
2023-02-22 03:00:00,0.0,0.0,0.0,15.286,15.286,0.0,0.0,PVWatts,Solar_Delhi,,solar,15.286,,3,2,0,2
2023-02-22 04:00:00,0.0,0.0,0.0,14.63,14.63,0.0,0.0,PVWatts,Solar_Delhi,,solar,14.63,,4,2,0,2
2023-02-22 05:00:00,0.0,0.0,0.0,14.04,14.04,0.0,0.0,PVWatts,Solar_Delhi,,solar,14.04,,5,2,0,2
2023-02-22 06:00:00,0.0,0.0,0.0,14.431,0.0,0.0,0.0,PVWatts,Solar_Delhi,,solar,14.431,,6,2,0,2
2023-02-22 07:00:00,1620.055,1843.936,57.654,18.634,20.67,1.620055,1.843936,PVWatts,Solar_Delhi,,solar,18.634,,7,2,0,2
2023-02-22 08:00:00,10762.816,11322.562,348.648,22.701,39.296,10.762816,11.322562,PVWatts,Solar_Delhi,,solar,22.701,,8,2,0,2
2023-02-22 09:00:00,17820.968,18640.0,619.128,28.19,57.593,17.820968,18.64,PVWatts,Solar_Delhi,,solar,28.19,,9,2,0,2
2023-02-22 10:00:00,21998.458,22970.953,814.962,32.269,70.901,21.998458,22.970953,PVWatts,Solar_Delhi,,solar,32.269,,10,2,0,2
2023-02-22 11:00:00,24167.326,25219.496,929.653,34.042,78.067,24.167326,25.219496,PVWatts,Solar_Delhi,,solar,34.042,,11,2,0,2
2023-02-22 12:00:00,24552.509,25618.828,953.059,34.715,79.845,24.552508999999997,25.618828,PVWatts,Solar_Delhi,,solar,34.715,,12,2,0,2
2023-02-22 13:00:00,19452.149,20331.104,719.727,34.569,68.609,19.452149000000002,20.331104,PVWatts,Solar_Delhi,,solar,34.569,,13,2,0,2
2023-02-22 14:00:00,3709.851,4010.502,130.679,33.108,37.719,3.709851,4.010502,PVWatts,Solar_Delhi,,solar,33.108,,14,2,0,2
2023-02-22 15:00:00,15616.928,16354.993,523.748,31.113,49.71,15.616928,16.354993,PVWatts,Solar_Delhi,,solar,31.113,,15,2,0,2
2023-02-22 16:00:00,8934.953,9427.552,304.04,28.666,43.036,8.934953,9.427552,PVWatts,Solar_Delhi,,solar,28.666,,16,2,0,2
2023-02-22 17:00:00,1573.42,1795.588,76.686,26.219,29.528,1.57342,1.795588,PVWatts,Solar_Delhi,,solar,26.219,,17,2,0,2
2023-02-22 18:00:00,0.0,0.0,0.0,25.314,25.314,0.0,0.0,PVWatts,Solar_Delhi,,solar,25.314,,18,2,0,2
2023-02-22 19:00:00,0.0,0.0,0.0,24.635,24.635,0.0,0.0,PVWatts,Solar_Delhi,,solar,24.635,,19,2,0,2
2023-02-22 20:00:00,0.0,0.0,0.0,23.976,23.976,0.0,0.0,PVWatts,Solar_Delhi,,solar,23.976,,20,2,0,2
2023-02-22 21:00:00,0.0,0.0,0.0,22.939,22.939,0.0,0.0,PVWatts,Solar_Delhi,,solar,22.939,,21,2,0,2
2023-02-22 22:00:00,0.0,0.0,0.0,21.829,21.829,0.0,0.0,PVWatts,Solar_Delhi,,solar,21.829,,22,2,0,2
2023-02-22 23:00:00,0.0,0.0,0.0,20.959,20.959,0.0,0.0,PVWatts,Solar_Delhi,,solar,20.959,,23,2,0,2
2023-02-23 00:00:00,0.0,0.0,0.0,20.709,20.709,0.0,0.0,PVWatts,Solar_Delhi,,solar,20.709,,0,3,0,2
2023-02-23 01:00:00,0.0,0.0,0.0,20.182,20.182,0.0,0.0,PVWatts,Solar_Delhi,,solar,20.182,,1,3,0,2
2023-02-23 02:00:00,0.0,0.0,0.0,19.539,19.539,0.0,0.0,PVWatts,Solar_Delhi,,solar,19.539,,2,3,0,2
2023-02-23 03:00:00,0.0,0.0,0.0,19.143,19.143,0.0,0.0,PVWatts,Solar_Delhi,,solar,19.143,,3,3,0,2
2023-02-23 04:00:00,0.0,0.0,0.0,18.698,18.698,0.0,0.0,PVWatts,Solar_Delhi,,solar,18.698,,4,3,0,2
2023-02-23 05:00:00,0.0,0.0,0.0,18.132,18.132,0.0,0.0,PVWatts,Solar_Delhi,,solar,18.132,,5,3,0,2
2023-02-23 06:00:00,0.0,0.0,0.0,17.869,0.0,0.0,0.0,PVWatts,Solar_Delhi,,solar,17.869,,6,3,0,2
2023-02-23 07:00:00,1743.899,1972.329,61.36,18.298,20.026,1.7438989999999999,1.972329,PVWatts,Solar_Delhi,,solar,18.298,,7,3,0,2
2023-02-23 08:00:00,11739.938,12335.579,364.153,19.092,29.419,11.739938,12.335579,PVWatts,Solar_Delhi,,solar,19.092,,8,3,0,2
2023-02-23 09:00:00,19193.434,20062.884,610.004,22.089,36.44,19.193434,20.062883999999997,PVWatts,Solar_Delhi,,solar,22.089,,9,3,0,2
2023-02-23 10:00:00,24161.197,25213.141,800.226,26.593,45.383,24.161197,25.213141,PVWatts,Solar_Delhi,,solar,26.593,,10,3,0,2
2023-02-23 11:00:00,26896.016,28048.426,912.873,28.91,50.323,26.896016,28.048426,PVWatts,Solar_Delhi,,solar,28.91,,11,3,0,2
2023-02-23 12:00:00,26938.985,28092.973,938.88,29.94,56.42,26.938985,28.092973,PVWatts,Solar_Delhi,,solar,29.94,,12,3,0,2
2023-02-23 13:00:00,25094.618,26180.852,865.965,30.195,54.63,25.094617999999997,26.180851999999998,PVWatts,Solar_Delhi,,solar,30.195,,13,3,0,2
2023-02-23 14:00:00,22051.591,23026.038,742.34,29.603,50.594,22.051591000000002,23.026038,PVWatts,Solar_Delhi,,solar,29.603,,14,3,0,2
2023-02-23 15:00:00,16765.619,17545.882,545.365,28.219,43.681,16.765618999999997,17.545882000000002,PVWatts,Solar_Delhi,,solar,28.219,,15,3,0,2
2023-02-23 16:00:00,4647.281,4982.369,153.936,26.032,30.381,4.6472809999999996,4.982368999999999,PVWatts,Solar_Delhi,,solar,26.032,,16,3,0,2
2023-02-23 17:00:00,1974.285,2211.178,94.838,22.653,25.059,1.974285,2.211178,PVWatts,Solar_Delhi,,solar,22.653,,17,3,0,2
2023-02-23 18:00:00,0.0,0.0,0.0,21.071,21.071,0.0,0.0,PVWatts,Solar_Delhi,,solar,21.071,,18,3,0,2
2023-02-23 19:00:00,0.0,0.0,0.0,19.945,19.945,0.0,0.0,PVWatts,Solar_Delhi,,solar,19.945,,19,3,0,2
2023-02-23 20:00:00,0.0,0.0,0.0,18.971,18.971,0.0,0.0,PVWatts,Solar_Delhi,,solar,18.971,,20,3,0,2
2023-02-23 21:00:00,0.0,0.0,0.0,18.13,18.13,0.0,0.0,PVWatts,Solar_Delhi,,solar,18.13,,21,3,0,2
2023-02-23 22:00:00,0.0,0.0,0.0,17.377,17.377,0.0,0.0,PVWatts,Solar_Delhi,,solar,17.377,,22,3,0,2
2023-02-23 23:00:00,0.0,0.0,0.0,16.704,16.704,0.0,0.0,PVWatts,Solar_Delhi,,solar,16.704,,23,3,0,2
2023-02-24 00:00:00,0.0,0.0,0.0,16.11,16.11,0.0,0.0,PVWatts,Solar_Delhi,,solar,16.11,,0,4,0,2
2023-02-24 01:00:00,0.0,0.0,0.0,15.538,15.538,0.0,0.0,PVWatts,Solar_Delhi,,solar,15.538,,1,4,0,2
2023-02-24 02:00:00,0.0,0.0,0.0,14.95,14.95,0.0,0.0,PVWatts,Solar_Delhi,,solar,14.95,,2,4,0,2
2023-02-24 03:00:00,0.0,0.0,0.0,14.358,14.358,0.0,0.0,PVWatts,Solar_Delhi,,solar,14.358,,3,4,0,2
2023-02-24 04:00:00,0.0,0.0,0.0,13.826,13.826,0.0,0.0,PVWatts,Solar_Delhi,,solar,13.826,,4,4,0,2
2023-02-24 05:00:00,0.0,0.0,0.0,13.381,13.381,0.0,0.0,PVWatts,Solar_Delhi,,solar,13.381,,5,4,0,2
2023-02-24 06:00:00,0.0,0.0,0.0,13.895,0.0,0.0,0.0,PVWatts,Solar_Delhi,,solar,13.895,,6,4,0,2
2023-02-24 07:00:00,2029.244,2268.156,69.967,17.32,19.791,2.029244,2.268156,PVWatts,Solar_Delhi,,solar,17.32,,7,4,0,2
2023-02-24 08:00:00,9731.024,10252.867,308.976,21.799,32.776,9.731024,10.252867,PVWatts,Solar_Delhi,,solar,21.799,,8,4,0,2
2023-02-24 09:00:00,17100.351,17892.911,558.879,26.292,42.087,17.100351,17.892911,PVWatts,Solar_Delhi,,solar,26.292,,9,4,0,2
2023-02-24 10:00:00,24042.533,25090.118,818.453,28.777,51.883,24.042533,25.090117999999997,PVWatts,Solar_Delhi,,solar,28.777,,10,4,0,2
2023-02-24 11:00:00,26254.138,27382.968,914.816,30.316,56.107,26.254137999999998,27.382968,PVWatts,Solar_Delhi,,solar,30.316,,11,4,0,2
2023-02-24 12:00:00,23429.299,24454.356,811.847,31.112,53.976,23.429299,24.454356,PVWatts,Solar_Delhi,,solar,31.112,,12,4,0,2
2023-02-24 13:00:00,17297.865,18097.68,587.722,31.193,47.73,17.297865,18.09768,PVWatts,Solar_Delhi,,solar,31.193,,13,4,0,2
2023-02-24 14:00:00,20171.689,21077.076,679.899,30.526,49.731,20.171688999999997,21.077076,PVWatts,Solar_Delhi,,solar,30.526,,14,4,0,2
2023-02-24 15:00:00,16700.914,17478.8,545.966,29.18,44.655,16.700914,17.4788,PVWatts,Solar_Delhi,,solar,29.18,,15,4,0,2
2023-02-24 16:00:00,9694.067,10214.552,320.561,27.023,36.038,9.694066999999999,10.214552,PVWatts,Solar_Delhi,,solar,27.023,,16,4,0,2
2023-02-24 17:00:00,1986.233,2223.565,91.017,23.186,25.541,1.986233,2.2235650000000002,PVWatts,Solar_Delhi,,solar,23.186,,17,4,0,2
2023-02-24 18:00:00,0.0,0.0,0.0,21.733,21.733,0.0,0.0,PVWatts,Solar_Delhi,,solar,21.733,,18,4,0,2
2023-02-24 19:00:00,0.0,0.0,0.0,20.918,20.918,0.0,0.0,PVWatts,Solar_Delhi,,solar,20.918,,19,4,0,2
2023-02-24 20:00:00,0.0,0.0,0.0,20.322,20.322,0.0,0.0,PVWatts,Solar_Delhi,,solar,20.322,,20,4,0,2
2023-02-24 21:00:00,0.0,0.0,0.0,19.86,19.86,0.0,0.0,PVWatts,Solar_Delhi,,solar,19.86,,21,4,0,2
2023-02-24 22:00:00,0.0,0.0,0.0,19.463,19.463,0.0,0.0,PVWatts,Solar_Delhi,,solar,19.463,,22,4,0,2
2023-02-24 23:00:00,0.0,0.0,0.0,18.799,18.799,0.0,0.0,PVWatts,Solar_Delhi,,solar,18.799,,23,4,0,2
2023-02-25 00:00:00,0.0,0.0,0.0,17.767,17.767,0.0,0.0,PVWatts,Solar_Delhi,,solar,17.767,,0,5,1,2
2023-02-25 01:00:00,0.0,0.0,0.0,16.919,16.919,0.0,0.0,PVWatts,Solar_Delhi,,solar,16.919,,1,5,1,2
2023-02-25 02:00:00,0.0,0.0,0.0,16.33,16.33,0.0,0.0,PVWatts,Solar_Delhi,,solar,16.33,,2,5,1,2
2023-02-25 03:00:00,0.0,0.0,0.0,15.739,15.739,0.0,0.0,PVWatts,Solar_Delhi,,solar,15.739,,3,5,1,2
2023-02-25 04:00:00,0.0,0.0,0.0,15.143,15.143,0.0,0.0,PVWatts,Solar_Delhi,,solar,15.143,,4,5,1,2
2023-02-25 05:00:00,0.0,0.0,0.0,14.548,14.548,0.0,0.0,PVWatts,Solar_Delhi,,solar,14.548,,5,5,1,2
2023-02-25 06:00:00,0.0,0.0,0.0,14.898,0.0,0.0,0.0,PVWatts,Solar_Delhi,,solar,14.898,,6,5,1,2
2023-02-25 07:00:00,2060.534,2300.596,71.22,18.267,20.271,2.060534,2.300596,PVWatts,Solar_Delhi,,solar,18.267,,7,5,1,2
2023-02-25 08:00:00,11027.365,11596.829,351.274,22.494,34.975,11.027365,11.596829,PVWatts,Solar_Delhi,,solar,22.494,,8,5,1,2
2023-02-25 09:00:00,19077.983,19943.192,630.014,27.907,45.724,19.077983,19.943192,PVWatts,Solar_Delhi,,solar,27.907,,9,5,1,2
2023-02-25 10:00:00,24034.565,25081.858,824.195,30.273,53.539,24.034564999999997,25.081858,PVWatts,Solar_Delhi,,solar,30.273,,10,5,1,2
2023-02-25 11:00:00,26627.396,27769.938,934.499,31.631,57.986,26.627396,27.769938,PVWatts,Solar_Delhi,,solar,31.631,,11,5,1,2
2023-02-25 12:00:00,27195.448,28358.857,959.55,32.042,59.101,27.195448,28.358857,PVWatts,Solar_Delhi,,solar,32.042,,12,5,1,2
2023-02-25 13:00:00,25724.707,26834.088,895.971,31.647,56.934,25.724707,26.834088,PVWatts,Solar_Delhi,,solar,31.647,,13,5,1,2
2023-02-25 14:00:00,22298.347,23281.858,755.254,30.597,51.951,22.298347000000003,23.281858,PVWatts,Solar_Delhi,,solar,30.597,,14,5,1,2
2023-02-25 15:00:00,16964.699,17752.275,554.649,29.173,44.896,16.964699,17.752275,PVWatts,Solar_Delhi,,solar,29.173,,15,5,1,2
2023-02-25 16:00:00,9543.377,10058.326,314.583,27.527,36.387,9.543377,10.058326,PVWatts,Solar_Delhi,,solar,27.527,,16,5,1,2
2023-02-25 17:00:00,1194.241,1402.479,58.057,24.254,25.761,1.1942409999999999,1.402479,PVWatts,Solar_Delhi,,solar,24.254,,17,5,1,2
2023-02-25 18:00:00,0.0,0.0,0.0,22.712,22.712,0.0,0.0,PVWatts,Solar_Delhi,,solar,22.712,,18,5,1,2
2023-02-25 19:00:00,0.0,0.0,0.0,21.906,21.906,0.0,0.0,PVWatts,Solar_Delhi,,solar,21.906,,19,5,1,2
2023-02-25 20:00:00,0.0,0.0,0.0,21.107,21.107,0.0,0.0,PVWatts,Solar_Delhi,,solar,21.107,,20,5,1,2
2023-02-25 21:00:00,0.0,0.0,0.0,20.284,20.284,0.0,0.0,PVWatts,Solar_Delhi,,solar,20.284,,21,5,1,2
2023-02-25 22:00:00,0.0,0.0,0.0,19.395,19.395,0.0,0.0,PVWatts,Solar_Delhi,,solar,19.395,,22,5,1,2
2023-02-25 23:00:00,0.0,0.0,0.0,18.558,18.558,0.0,0.0,PVWatts,Solar_Delhi,,solar,18.558,,23,5,1,2
2023-02-26 00:00:00,0.0,0.0,0.0,17.812,17.812,0.0,0.0,PVWatts,Solar_Delhi,,solar,17.812,,0,6,1,2
2023-02-26 01:00:00,0.0,0.0,0.0,17.092,17.092,0.0,0.0,PVWatts,Solar_Delhi,,solar,17.092,,1,6,1,2
2023-02-26 02:00:00,0.0,0.0,0.0,16.466,16.466,0.0,0.0,PVWatts,Solar_Delhi,,solar,16.466,,2,6,1,2
2023-02-26 03:00:00,0.0,0.0,0.0,15.994,15.994,0.0,0.0,PVWatts,Solar_Delhi,,solar,15.994,,3,6,1,2
2023-02-26 04:00:00,0.0,0.0,0.0,15.559,15.559,0.0,0.0,PVWatts,Solar_Delhi,,solar,15.559,,4,6,1,2
2023-02-26 05:00:00,0.0,0.0,0.0,15.149,15.149,0.0,0.0,PVWatts,Solar_Delhi,,solar,15.149,,5,6,1,2
2023-02-26 06:00:00,0.0,0.0,0.0,15.68,0.0,0.0,0.0,PVWatts,Solar_Delhi,,solar,15.68,,6,6,1,2
2023-02-26 07:00:00,1749.279,1977.907,61.428,19.127,20.859,1.749279,1.9779069999999999,PVWatts,Solar_Delhi,,solar,19.127,,7,6,1,2
2023-02-26 08:00:00,12116.672,12726.153,382.956,23.491,34.35,12.116672000000001,12.726153,PVWatts,Solar_Delhi,,solar,23.491,,8,6,1,2
2023-02-26 09:00:00,19243.416,20114.703,629.764,28.736,43.549,19.243416,20.114703000000002,PVWatts,Solar_Delhi,,solar,28.736,,9,6,1,2
2023-02-26 10:00:00,24214.586,25268.491,820.005,31.281,50.531,24.214586,25.268491,PVWatts,Solar_Delhi,,solar,31.281,,10,6,1,2
2023-02-26 11:00:00,26856.614,28007.576,929.01,32.815,54.603,26.856614,28.007576,PVWatts,Solar_Delhi,,solar,32.815,,11,6,1,2
2023-02-26 12:00:00,27377.362,28547.455,952.986,33.606,55.955,27.377362,28.547455000000003,PVWatts,Solar_Delhi,,solar,33.606,,12,6,1,2
2023-02-26 13:00:00,25821.295,26934.225,890.566,33.719,54.621,25.821295,26.934224999999998,PVWatts,Solar_Delhi,,solar,33.719,,13,6,1,2
2023-02-26 14:00:00,22259.256,23241.332,750.221,33.085,50.725,22.259256,23.241332,PVWatts,Solar_Delhi,,solar,33.085,,14,6,1,2
2023-02-26 15:00:00,16887.886,17672.64,552.052,31.757,44.772,16.887885999999998,17.672639999999998,PVWatts,Solar_Delhi,,solar,31.757,,15,6,1,2
2023-02-26 16:00:00,9614.764,10132.335,319.262,29.701,37.17,9.614764,10.132335,PVWatts,Solar_Delhi,,solar,29.701,,16,6,1,2
2023-02-26 17:00:00,2315.765,2565.203,104.596,26.155,28.415,2.315765,2.565203,PVWatts,Solar_Delhi,,solar,26.155,,17,6,1,2
2023-02-26 18:00:00,0.0,0.0,0.0,24.366,24.366,0.0,0.0,PVWatts,Solar_Delhi,,solar,24.366,,18,6,1,2
2023-02-26 19:00:00,0.0,0.0,0.0,23.359,23.359,0.0,0.0,PVWatts,Solar_Delhi,,solar,23.359,,19,6,1,2
2023-02-26 20:00:00,0.0,0.0,0.0,22.41,22.41,0.0,0.0,PVWatts,Solar_Delhi,,solar,22.41,,20,6,1,2
2023-02-26 21:00:00,0.0,0.0,0.0,21.579,21.579,0.0,0.0,PVWatts,Solar_Delhi,,solar,21.579,,21,6,1,2
2023-02-26 22:00:00,0.0,0.0,0.0,20.818,20.818,0.0,0.0,PVWatts,Solar_Delhi,,solar,20.818,,22,6,1,2
2023-02-26 23:00:00,0.0,0.0,0.0,20.089,20.089,0.0,0.0,PVWatts,Solar_Delhi,,solar,20.089,,23,6,1,2
2023-02-27 00:00:00,0.0,0.0,0.0,19.415,19.415,0.0,0.0,PVWatts,Solar_Delhi,,solar,19.415,,0,0,0,2
2023-02-27 01:00:00,0.0,0.0,0.0,18.764,18.764,0.0,0.0,PVWatts,Solar_Delhi,,solar,18.764,,1,0,0,2
2023-02-27 02:00:00,0.0,0.0,0.0,18.164,18.164,0.0,0.0,PVWatts,Solar_Delhi,,solar,18.164,,2,0,0,2
2023-02-27 03:00:00,0.0,0.0,0.0,17.678,17.678,0.0,0.0,PVWatts,Solar_Delhi,,solar,17.678,,3,0,0,2
2023-02-27 04:00:00,0.0,0.0,0.0,17.175,17.175,0.0,0.0,PVWatts,Solar_Delhi,,solar,17.175,,4,0,0,2
2023-02-27 05:00:00,0.0,0.0,0.0,16.612,16.612,0.0,0.0,PVWatts,Solar_Delhi,,solar,16.612,,5,0,0,2
2023-02-27 06:00:00,0.0,0.0,0.0,17.105,0.0,0.0,0.0,PVWatts,Solar_Delhi,,solar,17.105,,6,0,0,2
2023-02-27 07:00:00,1118.05,1323.489,41.743,20.859,22.338,1.11805,1.3234890000000001,PVWatts,Solar_Delhi,,solar,20.859,,7,0,0,2
2023-02-27 08:00:00,10149.229,10686.435,327.344,25.008,36.63,10.149229,10.686435,PVWatts,Solar_Delhi,,solar,25.008,,8,0,0,2
2023-02-27 09:00:00,18967.999,19829.168,633.304,30.367,48.276,18.967999,19.829168000000003,PVWatts,Solar_Delhi,,solar,30.367,,9,0,0,2
2023-02-27 10:00:00,23763.621,24800.96,823.985,32.723,55.98,23.763621,24.80096,PVWatts,Solar_Delhi,,solar,32.723,,10,0,0,2
2023-02-27 11:00:00,26062.068,27183.842,924.55,34.086,60.15,26.062068,27.183842000000002,PVWatts,Solar_Delhi,,solar,34.086,,11,0,0,2
2023-02-27 12:00:00,25485.409,26585.999,888.076,34.625,55.43,25.485409,26.585999,PVWatts,Solar_Delhi,,solar,34.625,,12,0,0,2
2023-02-27 13:00:00,25869.251,26983.941,896.051,34.529,55.559,25.869251,26.983940999999998,PVWatts,Solar_Delhi,,solar,34.529,,13,0,0,2
2023-02-27 14:00:00,22322.084,23306.467,754.932,33.741,51.491,22.322084,23.306467,PVWatts,Solar_Delhi,,solar,33.741,,14,0,0,2
2023-02-27 15:00:00,16933.811,17720.253,555.158,32.354,45.441,16.933811000000002,17.720253,PVWatts,Solar_Delhi,,solar,32.354,,15,0,0,2
2023-02-27 16:00:00,9655.958,10175.042,321.346,30.324,37.842,9.655958,10.175042,PVWatts,Solar_Delhi,,solar,30.324,,16,0,0,2
2023-02-27 17:00:00,2303.102,2552.074,100.774,26.812,29.018,2.303102,2.552074,PVWatts,Solar_Delhi,,solar,26.812,,17,0,0,2
2023-02-27 18:00:00,0.0,0.0,0.0,24.96,24.96,0.0,0.0,PVWatts,Solar_Delhi,,solar,24.96,,18,0,0,2
2023-02-27 19:00:00,0.0,0.0,0.0,23.96,23.96,0.0,0.0,PVWatts,Solar_Delhi,,solar,23.96,,19,0,0,2
2023-02-27 20:00:00,0.0,0.0,0.0,23.048,23.048,0.0,0.0,PVWatts,Solar_Delhi,,solar,23.048,,20,0,0,2
2023-02-27 21:00:00,0.0,0.0,0.0,22.19,22.19,0.0,0.0,PVWatts,Solar_Delhi,,solar,22.19,,21,0,0,2
2023-02-27 22:00:00,0.0,0.0,0.0,21.462,21.462,0.0,0.0,PVWatts,Solar_Delhi,,solar,21.462,,22,0,0,2
2023-02-27 23:00:00,0.0,0.0,0.0,20.756,20.756,0.0,0.0,PVWatts,Solar_Delhi,,solar,20.756,,23,0,0,2
2023-02-28 00:00:00,0.0,0.0,0.0,20.083,20.083,0.0,0.0,PVWatts,Solar_Delhi,,solar,20.083,,0,1,0,2
2023-02-28 01:00:00,0.0,0.0,0.0,19.409,19.409,0.0,0.0,PVWatts,Solar_Delhi,,solar,19.409,,1,1,0,2
2023-02-28 02:00:00,0.0,0.0,0.0,18.863,18.863,0.0,0.0,PVWatts,Solar_Delhi,,solar,18.863,,2,1,0,2
2023-02-28 03:00:00,0.0,0.0,0.0,18.274,18.274,0.0,0.0,PVWatts,Solar_Delhi,,solar,18.274,,3,1,0,2
2023-02-28 04:00:00,0.0,0.0,0.0,17.656,17.656,0.0,0.0,PVWatts,Solar_Delhi,,solar,17.656,,4,1,0,2
2023-02-28 05:00:00,0.0,0.0,0.0,17.019,17.019,0.0,0.0,PVWatts,Solar_Delhi,,solar,17.019,,5,1,0,2
2023-02-28 06:00:00,0.0,0.0,0.0,17.41,0.0,0.0,0.0,PVWatts,Solar_Delhi,,solar,17.41,,6,1,0,2
2023-02-28 07:00:00,2638.473,2899.766,90.009,20.745,23.279,2.638473,2.899766,PVWatts,Solar_Delhi,,solar,20.745,,7,1,0,2
2023-02-28 08:00:00,12163.165,12774.353,391.917,25.163,39.093,12.163165000000001,12.774353,PVWatts,Solar_Delhi,,solar,25.163,,8,1,0,2
2023-02-28 09:00:00,18715.34,19567.227,638.35,30.587,53.218,18.71534,19.567227,PVWatts,Solar_Delhi,,solar,30.587,,9,1,0,2
2023-02-28 10:00:00,23217.013,24234.272,828.842,33.191,62.518,23.217012999999998,24.234272,PVWatts,Solar_Delhi,,solar,33.191,,10,1,0,2
2023-02-28 11:00:00,26349.787,27482.131,938.21,34.642,61.095,26.349787,27.482131000000003,PVWatts,Solar_Delhi,,solar,34.642,,11,1,0,2
2023-02-28 12:00:00,26831.184,27981.212,961.9,35.421,62.542,26.831184,27.981212,PVWatts,Solar_Delhi,,solar,35.421,,12,1,0,2
2023-02-28 13:00:00,25156.108,26244.601,891.631,35.482,60.639,25.156108,26.244601,PVWatts,Solar_Delhi,,solar,35.482,,13,1,0,2
2023-02-28 14:00:00,21944.445,22914.955,757.793,34.853,56.275,21.944444999999998,22.914955000000003,PVWatts,Solar_Delhi,,solar,34.853,,14,1,0,2
2023-02-28 15:00:00,16780.889,17561.712,559.419,33.514,49.369,16.780889,17.561712,PVWatts,Solar_Delhi,,solar,33.514,,15,1,0,2
2023-02-28 16:00:00,9642.28,10160.862,324.156,31.25,40.37,9.642280000000001,10.160862,PVWatts,Solar_Delhi,,solar,31.25,,16,1,0,2
2023-02-28 17:00:00,2261.697,2509.149,96.993,27.586,30.82,2.2616970000000003,2.509149,PVWatts,Solar_Delhi,,solar,27.586,,17,1,0,2
2023-02-28 18:00:00,0.0,0.0,0.0,26.413,26.413,0.0,0.0,PVWatts,Solar_Delhi,,solar,26.413,,18,1,0,2
2023-02-28 19:00:00,0.0,0.0,0.0,25.618,25.618,0.0,0.0,PVWatts,Solar_Delhi,,solar,25.618,,19,1,0,2
2023-02-28 20:00:00,0.0,0.0,0.0,24.831,24.831,0.0,0.0,PVWatts,Solar_Delhi,,solar,24.831,,20,1,0,2
2023-02-28 21:00:00,0.0,0.0,0.0,24.004,24.004,0.0,0.0,PVWatts,Solar_Delhi,,solar,24.004,,21,1,0,2
2023-02-28 22:00:00,0.0,0.0,0.0,22.937,22.937,0.0,0.0,PVWatts,Solar_Delhi,,solar,22.937,,22,1,0,2
2023-02-28 23:00:00,0.0,0.0,0.0,22.003,22.003,0.0,0.0,PVWatts,Solar_Delhi,,solar,22.003,,23,1,0,2
2023-03-01 00:00:00,0.0,0.0,0.0,21.264,21.264,0.0,0.0,PVWatts,Solar_Delhi,,solar,21.264,,0,2,0,3
2023-03-01 01:00:00,0.0,0.0,0.0,20.521,20.521,0.0,0.0,PVWatts,Solar_Delhi,,solar,20.521,,1,2,0,3
2023-03-01 02:00:00,0.0,0.0,0.0,20.182,20.182,0.0,0.0,PVWatts,Solar_Delhi,,solar,20.182,,2,2,0,3
2023-03-01 03:00:00,0.0,0.0,0.0,20.009,20.009,0.0,0.0,PVWatts,Solar_Delhi,,solar,20.009,,3,2,0,3
2023-03-01 04:00:00,0.0,0.0,0.0,19.605,19.605,0.0,0.0,PVWatts,Solar_Delhi,,solar,19.605,,4,2,0,3
2023-03-01 05:00:00,0.0,0.0,0.0,12.366,12.366,0.0,0.0,PVWatts,Solar_Delhi,,solar,12.366,,5,2,0,3
2023-03-01 06:00:00,0.0,0.0,0.0,12.94,0.0,0.0,0.0,PVWatts,Solar_Delhi,,solar,12.94,,6,2,0,3
2023-03-01 07:00:00,2473.115,2728.333,82.946,16.184,18.127,2.473115,2.728333,PVWatts,Solar_Delhi,,solar,16.184,,7,2,0,3
2023-03-01 08:00:00,11858.498,12458.494,369.507,21.087,29.794,11.858497999999999,12.458494,PVWatts,Solar_Delhi,,solar,21.087,,8,2,0,3
2023-03-01 09:00:00,19383.474,20259.906,629.329,26.411,41.206,19.383474,20.259905999999997,PVWatts,Solar_Delhi,,solar,26.411,,9,2,0,3
2023-03-01 10:00:00,24204.146,25257.668,814.801,29.673,48.794,24.204146,25.257668000000002,PVWatts,Solar_Delhi,,solar,29.673,,10,2,0,3
2023-03-01 11:00:00,26895.86,28048.264,927.314,31.797,53.538,26.89586,28.048264,PVWatts,Solar_Delhi,,solar,31.797,,11,2,0,3
2023-03-01 12:00:00,27744.538,28928.119,950.79,32.937,52.016,27.744538000000002,28.928119,PVWatts,Solar_Delhi,,solar,32.937,,12,2,0,3
2023-03-01 13:00:00,25989.195,27108.292,895.62,33.167,54.182,25.989195,27.108292000000002,PVWatts,Solar_Delhi,,solar,33.167,,13,2,0,3
2023-03-01 14:00:00,22236.437,23217.674,740.866,32.645,47.548,22.236437000000002,23.217674,PVWatts,Solar_Delhi,,solar,32.645,,14,2,0,3
2023-03-01 15:00:00,17052.508,17843.31,553.45,31.546,42.709,17.052508000000003,17.843310000000002,PVWatts,Solar_Delhi,,solar,31.546,,15,2,0,3
2023-03-01 16:00:00,9843.96,10369.951,323.853,29.636,36.128,9.84396,10.369950999999999,PVWatts,Solar_Delhi,,solar,29.636,,16,2,0,3
2023-03-01 17:00:00,2369.753,2621.174,101.259,26.074,28.304,2.369753,2.621174,PVWatts,Solar_Delhi,,solar,26.074,,17,2,0,3
2023-03-01 18:00:00,0.0,0.0,0.0,24.219,24.219,0.0,0.0,PVWatts,Solar_Delhi,,solar,24.219,,18,2,0,3
2023-03-01 19:00:00,0.0,0.0,0.0,23.371,23.371,0.0,0.0,PVWatts,Solar_Delhi,,solar,23.371,,19,2,0,3
2023-03-01 20:00:00,0.0,0.0,0.0,22.517,22.517,0.0,0.0,PVWatts,Solar_Delhi,,solar,22.517,,20,2,0,3
2023-03-01 21:00:00,0.0,0.0,0.0,21.651,21.651,0.0,0.0,PVWatts,Solar_Delhi,,solar,21.651,,21,2,0,3
2023-03-01 22:00:00,0.0,0.0,0.0,20.878,20.878,0.0,0.0,PVWatts,Solar_Delhi,,solar,20.878,,22,2,0,3
2023-03-01 23:00:00,0.0,0.0,0.0,20.199,20.199,0.0,0.0,PVWatts,Solar_Delhi,,solar,20.199,,23,2,0,3
2023-03-02 00:00:00,0.0,0.0,0.0,19.524,19.524,0.0,0.0,PVWatts,Solar_Delhi,,solar,19.524,,0,3,0,3
2023-03-02 01:00:00,0.0,0.0,0.0,18.82,18.82,0.0,0.0,PVWatts,Solar_Delhi,,solar,18.82,,1,3,0,3
2023-03-02 02:00:00,0.0,0.0,0.0,18.02,18.02,0.0,0.0,PVWatts,Solar_Delhi,,solar,18.02,,2,3,0,3
2023-03-02 03:00:00,0.0,0.0,0.0,17.309,17.309,0.0,0.0,PVWatts,Solar_Delhi,,solar,17.309,,3,3,0,3
2023-03-02 04:00:00,0.0,0.0,0.0,16.699,16.699,0.0,0.0,PVWatts,Solar_Delhi,,solar,16.699,,4,3,0,3
2023-03-02 05:00:00,0.0,0.0,0.0,16.225,16.225,0.0,0.0,PVWatts,Solar_Delhi,,solar,16.225,,5,3,0,3
2023-03-02 06:00:00,0.0,0.0,0.0,17.012,0.0,0.0,0.0,PVWatts,Solar_Delhi,,solar,17.012,,6,3,0,3
2023-03-02 07:00:00,2691.627,2954.873,91.461,20.811,23.388,2.691627,2.954873,PVWatts,Solar_Delhi,,solar,20.811,,7,3,0,3
2023-03-02 08:00:00,11306.561,11886.282,365.145,25.258,38.226,11.306561,11.886282,PVWatts,Solar_Delhi,,solar,25.258,,8,3,0,3
2023-03-02 09:00:00,18835.096,19691.383,630.64,30.763,48.59,18.835096,19.691383000000002,PVWatts,Solar_Delhi,,solar,30.763,,9,3,0,3
2023-03-02 10:00:00,23288.335,24308.214,811.454,33.832,56.725,23.288335,24.308214,PVWatts,Solar_Delhi,,solar,33.832,,10,3,0,3
2023-03-02 11:00:00,25979.604,27098.349,928.899,35.67,61.855,25.979604,27.098349,PVWatts,Solar_Delhi,,solar,35.67,,11,3,0,3
2023-03-02 12:00:00,26432.887,27568.283,952.198,36.611,63.451,26.432886999999997,27.568283,PVWatts,Solar_Delhi,,solar,36.611,,12,3,0,3
2023-03-02 13:00:00,24978.065,26060.018,890.021,36.651,61.76,24.978064999999997,26.060018,PVWatts,Solar_Delhi,,solar,36.651,,13,3,0,3
2023-03-02 14:00:00,21800.792,22766.026,744.861,35.938,53.442,21.800792,22.766026,PVWatts,Solar_Delhi,,solar,35.938,,14,3,0,3
2023-03-02 15:00:00,16636.036,17411.538,551.291,34.666,47.658,16.636036,17.411538,PVWatts,Solar_Delhi,,solar,34.666,,15,3,0,3
2023-03-02 16:00:00,9578.947,10095.203,321.275,32.627,40.148,9.578947,10.095203,PVWatts,Solar_Delhi,,solar,32.627,,16,3,0,3
2023-03-02 17:00:00,2472.772,2727.978,104.333,28.817,31.132,2.472772,2.7279780000000002,PVWatts,Solar_Delhi,,solar,28.817,,17,3,0,3
2023-03-02 18:00:00,0.0,0.0,0.0,26.905,26.905,0.0,0.0,PVWatts,Solar_Delhi,,solar,26.905,,18,3,0,3
2023-03-02 19:00:00,0.0,0.0,0.0,25.851,25.851,0.0,0.0,PVWatts,Solar_Delhi,,solar,25.851,,19,3,0,3
2023-03-02 20:00:00,0.0,0.0,0.0,24.89,24.89,0.0,0.0,PVWatts,Solar_Delhi,,solar,24.89,,20,3,0,3
2023-03-02 21:00:00,0.0,0.0,0.0,23.982,23.982,0.0,0.0,PVWatts,Solar_Delhi,,solar,23.982,,21,3,0,3
2023-03-02 22:00:00,0.0,0.0,0.0,23.182,23.182,0.0,0.0,PVWatts,Solar_Delhi,,solar,23.182,,22,3,0,3
2023-03-02 23:00:00,0.0,0.0,0.0,22.388,22.388,0.0,0.0,PVWatts,Solar_Delhi,,solar,22.388,,23,3,0,3
2023-03-03 00:00:00,0.0,0.0,0.0,21.558,21.558,0.0,0.0,PVWatts,Solar_Delhi,,solar,21.558,,0,4,0,3
2023-03-03 01:00:00,0.0,0.0,0.0,20.73,20.73,0.0,0.0,PVWatts,Solar_Delhi,,solar,20.73,,1,4,0,3
2023-03-03 02:00:00,0.0,0.0,0.0,19.845,19.845,0.0,0.0,PVWatts,Solar_Delhi,,solar,19.845,,2,4,0,3
2023-03-03 03:00:00,0.0,0.0,0.0,18.981,18.981,0.0,0.0,PVWatts,Solar_Delhi,,solar,18.981,,3,4,0,3
2023-03-03 04:00:00,0.0,0.0,0.0,18.231,18.231,0.0,0.0,PVWatts,Solar_Delhi,,solar,18.231,,4,4,0,3
2023-03-03 05:00:00,0.0,0.0,0.0,17.612,17.612,0.0,0.0,PVWatts,Solar_Delhi,,solar,17.612,,5,4,0,3
2023-03-03 06:00:00,0.0,0.0,0.0,18.362,0.0,0.0,0.0,PVWatts,Solar_Delhi,,solar,18.362,,6,4,0,3
2023-03-03 07:00:00,2241.368,2488.073,78.138,22.343,26.042,2.241368,2.488073,PVWatts,Solar_Delhi,,solar,22.343,,7,4,0,3
2023-03-03 08:00:00,11415.715,11999.446,378.195,26.632,44.619,11.415715,11.999446,PVWatts,Solar_Delhi,,solar,26.632,,8,4,0,3
2023-03-03 09:00:00,18514.062,19358.556,637.772,32.496,55.096,18.514062000000003,19.358556,PVWatts,Solar_Delhi,,solar,32.496,,9,4,0,3
2023-03-03 10:00:00,23013.183,24022.954,831.536,35.508,64.921,23.013183,24.022954000000002,PVWatts,Solar_Delhi,,solar,35.508,,10,4,0,3
2023-03-03 11:00:00,25362.814,26458.901,943.444,37.142,70.484,25.362814,26.458901,PVWatts,Solar_Delhi,,solar,37.142,,11,4,0,3
2023-03-03 12:00:00,26648.116,27791.419,967.728,37.895,65.172,26.648116,27.791419,PVWatts,Solar_Delhi,,solar,37.895,,12,4,0,3
2023-03-03 13:00:00,25165.678,26254.523,903.435,37.903,63.389,25.165678,26.254523000000002,PVWatts,Solar_Delhi,,solar,37.903,,13,4,0,3
2023-03-03 14:00:00,21741.474,22704.528,759.77,37.256,58.727,21.741473999999997,22.704528,PVWatts,Solar_Delhi,,solar,37.256,,14,4,0,3
2023-03-03 15:00:00,16515.04,17286.097,557.182,35.983,51.769,16.515040000000003,17.286097,PVWatts,Solar_Delhi,,solar,35.983,,15,4,0,3
2023-03-03 16:00:00,9645.883,10164.597,329.075,33.491,45.114,9.645883,10.164597,PVWatts,Solar_Delhi,,solar,33.491,,16,4,0,3
2023-03-03 17:00:00,1664.707,1890.228,70.858,28.954,31.354,1.6647070000000002,1.890228,PVWatts,Solar_Delhi,,solar,28.954,,17,4,0,3
2023-03-03 18:00:00,0.0,0.0,0.0,27.403,27.403,0.0,0.0,PVWatts,Solar_Delhi,,solar,27.403,,18,4,0,3
2023-03-03 19:00:00,0.0,0.0,0.0,26.393,26.393,0.0,0.0,PVWatts,Solar_Delhi,,solar,26.393,,19,4,0,3
2023-03-03 20:00:00,0.0,0.0,0.0,25.419,25.419,0.0,0.0,PVWatts,Solar_Delhi,,solar,25.419,,20,4,0,3
2023-03-03 21:00:00,0.0,0.0,0.0,24.51,24.51,0.0,0.0,PVWatts,Solar_Delhi,,solar,24.51,,21,4,0,3
2023-03-03 22:00:00,0.0,0.0,0.0,23.707,23.707,0.0,0.0,PVWatts,Solar_Delhi,,solar,23.707,,22,4,0,3
2023-03-03 23:00:00,0.0,0.0,0.0,23.115,23.115,0.0,0.0,PVWatts,Solar_Delhi,,solar,23.115,,23,4,0,3
2023-03-04 00:00:00,0.0,0.0,0.0,22.636,22.636,0.0,0.0,PVWatts,Solar_Delhi,,solar,22.636,,0,5,1,3
2023-03-04 01:00:00,0.0,0.0,0.0,22.118,22.118,0.0,0.0,PVWatts,Solar_Delhi,,solar,22.118,,1,5,1,3
2023-03-04 02:00:00,0.0,0.0,0.0,21.506,21.506,0.0,0.0,PVWatts,Solar_Delhi,,solar,21.506,,2,5,1,3
2023-03-04 03:00:00,0.0,0.0,0.0,20.869,20.869,0.0,0.0,PVWatts,Solar_Delhi,,solar,20.869,,3,5,1,3
2023-03-04 04:00:00,0.0,0.0,0.0,20.45,20.45,0.0,0.0,PVWatts,Solar_Delhi,,solar,20.45,,4,5,1,3
2023-03-04 05:00:00,0.0,0.0,0.0,20.093,20.093,0.0,0.0,PVWatts,Solar_Delhi,,solar,20.093,,5,5,1,3
2023-03-04 06:00:00,0.0,0.0,0.0,20.599,0.0,0.0,0.0,PVWatts,Solar_Delhi,,solar,20.599,,6,5,1,3
2023-03-04 07:00:00,2735.329,3000.18,93.995,23.987,27.31,2.735329,3.00018,PVWatts,Solar_Delhi,,solar,23.987,,7,5,1,3
2023-03-04 08:00:00,10230.494,10770.685,340.344,27.987,44.167,10.230494,10.770685,PVWatts,Solar_Delhi,,solar,27.987,,8,5,1,3
2023-03-04 09:00:00,16658.827,17435.167,571.871,32.911,53.161,16.658827000000002,17.435167,PVWatts,Solar_Delhi,,solar,32.911,,9,5,1,3
2023-03-04 10:00:00,21531.935,22487.292,775.898,36.086,63.505,21.531935,22.487292,PVWatts,Solar_Delhi,,solar,36.086,,10,5,1,3
2023-03-04 11:00:00,19429.824,20307.959,686.577,37.506,56.811,19.429824,20.307959,PVWatts,Solar_Delhi,,solar,37.506,,11,5,1,3
2023-03-04 12:00:00,24744.578,25817.953,892.814,37.967,63.109,24.744578,25.817953000000003,PVWatts,Solar_Delhi,,solar,37.967,,12,5,1,3
2023-03-04 13:00:00,21401.635,22352.205,758.108,37.72,59.075,21.401635,22.352205,PVWatts,Solar_Delhi,,solar,37.72,,13,5,1,3
2023-03-04 14:00:00,15618.212,16356.324,538.391,36.8,51.973,15.618212,16.356324,PVWatts,Solar_Delhi,,solar,36.8,,14,5,1,3
2023-03-04 15:00:00,15151.675,15872.648,509.961,35.236,49.667,15.151675,15.872648,PVWatts,Solar_Delhi,,solar,35.236,,15,5,1,3
2023-03-04 16:00:00,9587.629,10104.204,324.146,33.046,42.17,9.587629000000002,10.104204,PVWatts,Solar_Delhi,,solar,33.046,,16,5,1,3
2023-03-04 17:00:00,1856.924,2089.506,78.83,29.538,31.661,1.856924,2.0895059999999996,PVWatts,Solar_Delhi,,solar,29.538,,17,5,1,3
2023-03-04 18:00:00,0.0,0.0,0.0,27.5,27.5,0.0,0.0,PVWatts,Solar_Delhi,,solar,27.5,,18,5,1,3
2023-03-04 19:00:00,0.0,0.0,0.0,26.414,26.414,0.0,0.0,PVWatts,Solar_Delhi,,solar,26.414,,19,5,1,3
2023-03-04 20:00:00,0.0,0.0,0.0,25.399,25.399,0.0,0.0,PVWatts,Solar_Delhi,,solar,25.399,,20,5,1,3
2023-03-04 21:00:00,0.0,0.0,0.0,24.422,24.422,0.0,0.0,PVWatts,Solar_Delhi,,solar,24.422,,21,5,1,3
2023-03-04 22:00:00,0.0,0.0,0.0,23.503,23.503,0.0,0.0,PVWatts,Solar_Delhi,,solar,23.503,,22,5,1,3
2023-03-04 23:00:00,0.0,0.0,0.0,22.625,22.625,0.0,0.0,PVWatts,Solar_Delhi,,solar,22.625,,23,5,1,3
2023-03-05 00:00:00,0.0,0.0,0.0,21.906,21.906,0.0,0.0,PVWatts,Solar_Delhi,,solar,21.906,,0,6,1,3
2023-03-05 01:00:00,0.0,0.0,0.0,21.072,21.072,0.0,0.0,PVWatts,Solar_Delhi,,solar,21.072,,1,6,1,3
2023-03-05 02:00:00,0.0,0.0,0.0,20.148,20.148,0.0,0.0,PVWatts,Solar_Delhi,,solar,20.148,,2,6,1,3
2023-03-05 03:00:00,0.0,0.0,0.0,19.345,19.345,0.0,0.0,PVWatts,Solar_Delhi,,solar,19.345,,3,6,1,3
2023-03-05 04:00:00,0.0,0.0,0.0,18.626,18.626,0.0,0.0,PVWatts,Solar_Delhi,,solar,18.626,,4,6,1,3
2023-03-05 05:00:00,0.0,0.0,0.0,17.937,17.937,0.0,0.0,PVWatts,Solar_Delhi,,solar,17.937,,5,6,1,3
2023-03-05 06:00:00,0.0,0.0,0.0,18.667,0.0,0.0,0.0,PVWatts,Solar_Delhi,,solar,18.667,,6,6,1,3
2023-03-05 07:00:00,2358.87,2609.891,81.21,22.302,24.592,2.35887,2.609891,PVWatts,Solar_Delhi,,solar,22.302,,7,6,1,3
2023-03-05 08:00:00,9884.117,10411.584,321.914,26.713,38.135,9.884117,10.411584000000001,PVWatts,Solar_Delhi,,solar,26.713,,8,6,1,3
2023-03-05 09:00:00,17791.605,18609.558,596.473,31.089,47.936,17.791605,18.609558,PVWatts,Solar_Delhi,,solar,31.089,,9,6,1,3
2023-03-05 10:00:00,22727.72,23727.004,788.778,33.047,55.287,22.72772,23.727004,PVWatts,Solar_Delhi,,solar,33.047,,10,6,1,3
2023-03-05 11:00:00,25970.449,27088.858,923.684,34.287,60.313,25.970449000000002,27.088858000000002,PVWatts,Solar_Delhi,,solar,34.287,,11,6,1,3
2023-03-05 12:00:00,27087.918,28247.378,950.249,34.883,57.152,27.087918000000002,28.247378,PVWatts,Solar_Delhi,,solar,34.883,,12,6,1,3
2023-03-05 13:00:00,26093.879,27216.822,907.854,34.822,56.118,26.093879,27.216822,PVWatts,Solar_Delhi,,solar,34.822,,13,6,1,3
2023-03-05 14:00:00,22230.518,23211.538,754.97,34.129,51.868,22.230518,23.211538,PVWatts,Solar_Delhi,,solar,34.129,,14,6,1,3
2023-03-05 15:00:00,16959.112,17746.483,558.289,32.747,45.9,16.959112,17.746483,PVWatts,Solar_Delhi,,solar,32.747,,15,6,1,3
2023-03-05 16:00:00,9968.525,10499.092,330.641,30.69,38.436,9.968525,10.499092000000001,PVWatts,Solar_Delhi,,solar,30.69,,16,6,1,3
2023-03-05 17:00:00,2696.133,2959.544,109.827,27.176,29.629,2.6961329999999997,2.9595439999999997,PVWatts,Solar_Delhi,,solar,27.176,,17,6,1,3
2023-03-05 18:00:00,0.0,0.0,0.0,24.964,24.964,0.0,0.0,PVWatts,Solar_Delhi,,solar,24.964,,18,6,1,3
2023-03-05 19:00:00,0.0,0.0,0.0,23.775,23.775,0.0,0.0,PVWatts,Solar_Delhi,,solar,23.775,,19,6,1,3
2023-03-05 20:00:00,0.0,0.0,0.0,22.644,22.644,0.0,0.0,PVWatts,Solar_Delhi,,solar,22.644,,20,6,1,3
2023-03-05 21:00:00,0.0,0.0,0.0,21.598,21.598,0.0,0.0,PVWatts,Solar_Delhi,,solar,21.598,,21,6,1,3
2023-03-05 22:00:00,0.0,0.0,0.0,20.675,20.675,0.0,0.0,PVWatts,Solar_Delhi,,solar,20.675,,22,6,1,3
2023-03-05 23:00:00,0.0,0.0,0.0,19.834,19.834,0.0,0.0,PVWatts,Solar_Delhi,,solar,19.834,,23,6,1,3
2023-03-06 00:00:00,0.0,0.0,0.0,19.071,19.071,0.0,0.0,PVWatts,Solar_Delhi,,solar,19.071,,0,0,0,3
2023-03-06 01:00:00,0.0,0.0,0.0,18.363,18.363,0.0,0.0,PVWatts,Solar_Delhi,,solar,18.363,,1,0,0,3
2023-03-06 02:00:00,0.0,0.0,0.0,17.775,17.775,0.0,0.0,PVWatts,Solar_Delhi,,solar,17.775,,2,0,0,3
2023-03-06 03:00:00,0.0,0.0,0.0,17.253,17.253,0.0,0.0,PVWatts,Solar_Delhi,,solar,17.253,,3,0,0,3
2023-03-06 04:00:00,0.0,0.0,0.0,16.738,16.738,0.0,0.0,PVWatts,Solar_Delhi,,solar,16.738,,4,0,0,3
2023-03-06 05:00:00,0.0,0.0,0.0,16.208,16.208,0.0,0.0,PVWatts,Solar_Delhi,,solar,16.208,,5,0,0,3
2023-03-06 06:00:00,0.0,0.0,0.0,17.147,0.0,0.0,0.0,PVWatts,Solar_Delhi,,solar,17.147,,6,0,0,3
2023-03-06 07:00:00,3412.684,3702.418,114.29,21.415,24.633,3.412684,3.702418,PVWatts,Solar_Delhi,,solar,21.415,,7,0,0,3
2023-03-06 08:00:00,11946.849,12550.092,387.762,26.026,39.794,11.946849,12.550092000000001,PVWatts,Solar_Delhi,,solar,26.026,,8,0,0,3
2023-03-06 09:00:00,19308.119,20181.782,649.734,31.197,49.557,19.308118999999998,20.181782,PVWatts,Solar_Delhi,,solar,31.197,,9,0,0,3
2023-03-06 10:00:00,24082.495,25131.548,842.076,33.663,57.416,24.082494999999998,25.131548,PVWatts,Solar_Delhi,,solar,33.663,,10,0,0,3
2023-03-06 11:00:00,26337.48,27469.372,942.431,35.191,61.749,26.33748,27.469372,PVWatts,Solar_Delhi,,solar,35.191,,11,0,0,3
2023-03-06 12:00:00,27008.093,28164.619,973.342,35.9,63.33,27.008093000000002,28.164619,PVWatts,Solar_Delhi,,solar,35.9,,12,0,0,3
2023-03-06 13:00:00,25186.72,26276.338,896.107,35.857,61.128,25.18672,26.276338,PVWatts,Solar_Delhi,,solar,35.857,,13,0,0,3
2023-03-06 14:00:00,21650.473,22610.185,749.554,35.072,56.246,21.650473,22.610185,PVWatts,Solar_Delhi,,solar,35.072,,14,0,0,3
2023-03-06 15:00:00,16781.305,17562.144,560.738,33.507,49.391,16.781305,17.562144,PVWatts,Solar_Delhi,,solar,33.507,,15,0,0,3
2023-03-06 16:00:00,9852.956,10379.278,329.502,31.115,40.397,9.852956,10.379278000000001,PVWatts,Solar_Delhi,,solar,31.115,,16,0,0,3
2023-03-06 17:00:00,2795.891,3062.967,112.071,26.564,30.358,2.795891,3.062967,PVWatts,Solar_Delhi,,solar,26.564,,17,0,0,3
2023-03-06 18:00:00,0.0,0.0,0.0,24.808,24.808,0.0,0.0,PVWatts,Solar_Delhi,,solar,24.808,,18,0,0,3
2023-03-06 19:00:00,0.0,0.0,0.0,23.889,23.889,0.0,0.0,PVWatts,Solar_Delhi,,solar,23.889,,19,0,0,3
2023-03-06 20:00:00,0.0,0.0,0.0,23.115,23.115,0.0,0.0,PVWatts,Solar_Delhi,,solar,23.115,,20,0,0,3
2023-03-06 21:00:00,0.0,0.0,0.0,22.373,22.373,0.0,0.0,PVWatts,Solar_Delhi,,solar,22.373,,21,0,0,3
2023-03-06 22:00:00,0.0,0.0,0.0,21.644,21.644,0.0,0.0,PVWatts,Solar_Delhi,,solar,21.644,,22,0,0,3
2023-03-06 23:00:00,0.0,0.0,0.0,20.892,20.892,0.0,0.0,PVWatts,Solar_Delhi,,solar,20.892,,23,0,0,3
2023-03-07 00:00:00,0.0,0.0,0.0,20.135,20.135,0.0,0.0,PVWatts,Solar_Delhi,,solar,20.135,,0,1,0,3
2023-03-07 01:00:00,0.0,0.0,0.0,19.346,19.346,0.0,0.0,PVWatts,Solar_Delhi,,solar,19.346,,1,1,0,3
2023-03-07 02:00:00,0.0,0.0,0.0,18.584,18.584,0.0,0.0,PVWatts,Solar_Delhi,,solar,18.584,,2,1,0,3
2023-03-07 03:00:00,0.0,0.0,0.0,17.878,17.878,0.0,0.0,PVWatts,Solar_Delhi,,solar,17.878,,3,1,0,3
2023-03-07 04:00:00,0.0,0.0,0.0,17.23,17.23,0.0,0.0,PVWatts,Solar_Delhi,,solar,17.23,,4,1,0,3
2023-03-07 05:00:00,0.0,0.0,0.0,16.623,16.623,0.0,0.0,PVWatts,Solar_Delhi,,solar,16.623,,5,1,0,3
2023-03-07 06:00:00,0.0,0.0,0.0,17.595,0.0,0.0,0.0,PVWatts,Solar_Delhi,,solar,17.595,,6,1,0,3
2023-03-07 07:00:00,2905.807,3176.92,98.551,21.978,25.463,2.905807,3.17692,PVWatts,Solar_Delhi,,solar,21.978,,7,1,0,3
2023-03-07 08:00:00,11802.39,12400.325,383.416,26.152,39.764,11.802389999999999,12.400325,PVWatts,Solar_Delhi,,solar,26.152,,8,1,0,3
2023-03-07 09:00:00,18812.992,19668.466,646.443,31.367,54.266,18.812991999999998,19.668466,PVWatts,Solar_Delhi,,solar,31.367,,9,1,0,3
2023-03-07 10:00:00,23301.655,24322.023,838.463,34.102,63.75,23.301655,24.322023,PVWatts,Solar_Delhi,,solar,34.102,,10,1,0,3
2023-03-07 11:00:00,25375.532,26472.086,936.915,35.474,68.571,25.375532,26.472086,PVWatts,Solar_Delhi,,solar,35.474,,11,1,0,3
2023-03-07 12:00:00,26035.07,27155.853,968.778,36.012,70.237,26.03507,27.155853,PVWatts,Solar_Delhi,,solar,36.012,,12,1,0,3
2023-03-07 13:00:00,24592.882,25660.685,901.112,35.743,67.602,24.592882000000003,25.660685,PVWatts,Solar_Delhi,,solar,35.743,,13,1,0,3
2023-03-07 14:00:00,21616.231,22574.684,767.658,34.887,62.076,21.616231,22.574684,PVWatts,Solar_Delhi,,solar,34.887,,14,1,0,3
2023-03-07 15:00:00,16340.562,17105.21,555.059,33.291,53.0,16.340562,17.10521,PVWatts,Solar_Delhi,,solar,33.291,,15,1,0,3
2023-03-07 16:00:00,9710.089,10231.162,327.228,30.956,42.517,9.710089,10.231162,PVWatts,Solar_Delhi,,solar,30.956,,16,1,0,3
2023-03-07 17:00:00,1972.778,2209.616,80.601,27.031,29.773,1.972778,2.209616,PVWatts,Solar_Delhi,,solar,27.031,,17,1,0,3
2023-03-07 18:00:00,0.0,0.0,0.0,25.572,25.572,0.0,0.0,PVWatts,Solar_Delhi,,solar,25.572,,18,1,0,3
2023-03-07 19:00:00,0.0,0.0,0.0,24.848,24.848,0.0,0.0,PVWatts,Solar_Delhi,,solar,24.848,,19,1,0,3
2023-03-07 20:00:00,0.0,0.0,0.0,24.125,24.125,0.0,0.0,PVWatts,Solar_Delhi,,solar,24.125,,20,1,0,3
2023-03-07 21:00:00,0.0,0.0,0.0,23.205,23.205,0.0,0.0,PVWatts,Solar_Delhi,,solar,23.205,,21,1,0,3
2023-03-07 22:00:00,0.0,0.0,0.0,22.02,22.02,0.0,0.0,PVWatts,Solar_Delhi,,solar,22.02,,22,1,0,3
2023-03-07 23:00:00,0.0,0.0,0.0,21.173,21.173,0.0,0.0,PVWatts,Solar_Delhi,,solar,21.173,,23,1,0,3
2023-03-08 00:00:00,0.0,0.0,0.0,20.166,20.166,0.0,0.0,PVWatts,Solar_Delhi,,solar,20.166,,0,2,0,3
2023-03-08 01:00:00,0.0,0.0,0.0,19.111,19.111,0.0,0.0,PVWatts,Solar_Delhi,,solar,19.111,,1,2,0,3
2023-03-08 02:00:00,0.0,0.0,0.0,18.256,18.256,0.0,0.0,PVWatts,Solar_Delhi,,solar,18.256,,2,2,0,3
2023-03-08 03:00:00,0.0,0.0,0.0,17.448,17.448,0.0,0.0,PVWatts,Solar_Delhi,,solar,17.448,,3,2,0,3
2023-03-08 04:00:00,0.0,0.0,0.0,16.692,16.692,0.0,0.0,PVWatts,Solar_Delhi,,solar,16.692,,4,2,0,3
2023-03-08 05:00:00,0.0,0.0,0.0,16.184,16.184,0.0,0.0,PVWatts,Solar_Delhi,,solar,16.184,,5,2,0,3
2023-03-08 06:00:00,0.0,0.0,0.0,17.024,0.0,0.0,0.0,PVWatts,Solar_Delhi,,solar,17.024,,6,2,0,3
2023-03-08 07:00:00,3427.428,3717.703,114.696,21.035,25.088,3.427428,3.7177029999999998,PVWatts,Solar_Delhi,,solar,21.035,,7,2,0,3
2023-03-08 08:00:00,12345.285,12963.164,400.178,25.474,39.682,12.345285,12.963164,PVWatts,Solar_Delhi,,solar,25.474,,8,2,0,3
2023-03-08 09:00:00,18454.009,19296.296,657.472,31.259,62.445,18.454009,19.296295999999998,PVWatts,Solar_Delhi,,solar,31.259,,9,2,0,3
2023-03-08 10:00:00,22521.374,23513.079,849.69,33.732,73.967,22.521374,23.513079,PVWatts,Solar_Delhi,,solar,33.732,,10,2,0,3
2023-03-08 11:00:00,24400.046,25460.765,950.991,34.978,79.966,24.400046,25.460765,PVWatts,Solar_Delhi,,solar,34.978,,11,2,0,3
2023-03-08 12:00:00,26390.468,27524.306,981.826,35.507,70.193,26.390468000000002,27.524306,PVWatts,Solar_Delhi,,solar,35.507,,12,2,0,3
2023-03-08 13:00:00,24715.656,25787.969,904.281,35.279,67.249,24.715656,25.787969,PVWatts,Solar_Delhi,,solar,35.279,,13,2,0,3
2023-03-08 14:00:00,21353.328,22302.123,755.701,34.404,61.167,21.353328,22.302122999999998,PVWatts,Solar_Delhi,,solar,34.404,,14,2,0,3
2023-03-08 15:00:00,16677.602,17454.631,565.751,32.777,52.867,16.677602,17.454631000000003,PVWatts,Solar_Delhi,,solar,32.777,,15,2,0,3
2023-03-08 16:00:00,10025.869,10558.542,334.353,30.465,39.883,10.025869,10.558542,PVWatts,Solar_Delhi,,solar,30.465,,16,2,0,3
2023-03-08 17:00:00,2762.969,3028.835,109.825,26.204,29.174,2.762969,3.028835,PVWatts,Solar_Delhi,,solar,26.204,,17,2,0,3
2023-03-08 18:00:00,0.0,0.0,0.0,24.184,24.184,0.0,0.0,PVWatts,Solar_Delhi,,solar,24.184,,18,2,0,3
2023-03-08 19:00:00,0.0,0.0,0.0,23.099,23.099,0.0,0.0,PVWatts,Solar_Delhi,,solar,23.099,,19,2,0,3
2023-03-08 20:00:00,0.0,0.0,0.0,22.059,22.059,0.0,0.0,PVWatts,Solar_Delhi,,solar,22.059,,20,2,0,3
2023-03-08 21:00:00,0.0,0.0,0.0,21.048,21.048,0.0,0.0,PVWatts,Solar_Delhi,,solar,21.048,,21,2,0,3
2023-03-08 22:00:00,0.0,0.0,0.0,20.151,20.151,0.0,0.0,PVWatts,Solar_Delhi,,solar,20.151,,22,2,0,3
2023-03-08 23:00:00,0.0,0.0,0.0,19.31,19.31,0.0,0.0,PVWatts,Solar_Delhi,,solar,19.31,,23,2,0,3
2023-03-09 00:00:00,0.0,0.0,0.0,18.522,18.522,0.0,0.0,PVWatts,Solar_Delhi,,solar,18.522,,0,3,0,3
2023-03-09 01:00:00,0.0,0.0,0.0,17.783,17.783,0.0,0.0,PVWatts,Solar_Delhi,,solar,17.783,,1,3,0,3
2023-03-09 02:00:00,0.0,0.0,0.0,17.089,17.089,0.0,0.0,PVWatts,Solar_Delhi,,solar,17.089,,2,3,0,3
2023-03-09 03:00:00,0.0,0.0,0.0,16.47,16.47,0.0,0.0,PVWatts,Solar_Delhi,,solar,16.47,,3,3,0,3
2023-03-09 04:00:00,0.0,0.0,0.0,15.971,15.971,0.0,0.0,PVWatts,Solar_Delhi,,solar,15.971,,4,3,0,3
2023-03-09 05:00:00,0.0,0.0,0.0,15.569,15.569,0.0,0.0,PVWatts,Solar_Delhi,,solar,15.569,,5,3,0,3
2023-03-09 06:00:00,0.0,0.0,0.0,16.891,0.0,0.0,0.0,PVWatts,Solar_Delhi,,solar,16.891,,6,3,0,3
2023-03-09 07:00:00,3644.736,3942.994,121.792,21.661,25.964,3.644736,3.942994,PVWatts,Solar_Delhi,,solar,21.661,,7,3,0,3
2023-03-09 08:00:00,12195.929,12808.322,405.16,26.237,45.499,12.195929,12.808322,PVWatts,Solar_Delhi,,solar,26.237,,8,3,0,3
2023-03-09 09:00:00,19211.992,20082.124,660.675,31.059,54.46,19.211992,20.082124,PVWatts,Solar_Delhi,,solar,31.059,,9,3,0,3
2023-03-09 10:00:00,22629.149,23624.813,852.522,33.252,73.619,22.629149,23.624813,PVWatts,Solar_Delhi,,solar,33.252,,10,3,0,3
2023-03-09 11:00:00,24702.483,25774.312,963.273,34.492,80.062,24.702483,25.774312000000002,PVWatts,Solar_Delhi,,solar,34.492,,11,3,0,3
2023-03-09 12:00:00,26510.015,27648.245,984.566,34.988,69.77,26.510015,27.648245,PVWatts,Solar_Delhi,,solar,34.988,,12,3,0,3
2023-03-09 13:00:00,25092.364,26178.516,917.478,34.704,67.143,25.092364,26.178516,PVWatts,Solar_Delhi,,solar,34.704,,13,3,0,3
2023-03-09 14:00:00,21731.502,22694.19,768.087,33.771,60.974,21.731502,22.69419,PVWatts,Solar_Delhi,,solar,33.771,,14,3,0,3
2023-03-09 15:00:00,17076.165,17867.836,568.126,32.263,48.354,17.076165,17.867836,PVWatts,Solar_Delhi,,solar,32.263,,15,3,0,3
2023-03-09 16:00:00,10119.296,10655.401,336.849,30.065,39.553,10.119296,10.655401,PVWatts,Solar_Delhi,,solar,30.065,,16,3,0,3
2023-03-09 17:00:00,2983.445,3257.411,116.946,25.942,29.112,2.983445,3.2574110000000003,PVWatts,Solar_Delhi,,solar,25.942,,17,3,0,3
2023-03-09 18:00:00,0.0,0.0,0.0,23.914,23.914,0.0,0.0,PVWatts,Solar_Delhi,,solar,23.914,,18,3,0,3
2023-03-09 19:00:00,0.0,0.0,0.0,22.921,22.921,0.0,0.0,PVWatts,Solar_Delhi,,solar,22.921,,19,3,0,3
2023-03-09 20:00:00,0.0,0.0,0.0,22.056,22.056,0.0,0.0,PVWatts,Solar_Delhi,,solar,22.056,,20,3,0,3
2023-03-09 21:00:00,0.0,0.0,0.0,21.248,21.248,0.0,0.0,PVWatts,Solar_Delhi,,solar,21.248,,21,3,0,3
2023-03-09 22:00:00,0.0,0.0,0.0,20.48,20.48,0.0,0.0,PVWatts,Solar_Delhi,,solar,20.48,,22,3,0,3
2023-03-09 23:00:00,0.0,0.0,0.0,19.721,19.721,0.0,0.0,PVWatts,Solar_Delhi,,solar,19.721,,23,3,0,3
2023-03-10 00:00:00,0.0,0.0,0.0,18.956,18.956,0.0,0.0,PVWatts,Solar_Delhi,,solar,18.956,,0,4,0,3
2023-03-10 01:00:00,0.0,0.0,0.0,18.159,18.159,0.0,0.0,PVWatts,Solar_Delhi,,solar,18.159,,1,4,0,3
2023-03-10 02:00:00,0.0,0.0,0.0,17.405,17.405,0.0,0.0,PVWatts,Solar_Delhi,,solar,17.405,,2,4,0,3
2023-03-10 03:00:00,0.0,0.0,0.0,16.685,16.685,0.0,0.0,PVWatts,Solar_Delhi,,solar,16.685,,3,4,0,3
2023-03-10 04:00:00,0.0,0.0,0.0,16.051,16.051,0.0,0.0,PVWatts,Solar_Delhi,,solar,16.051,,4,4,0,3
2023-03-10 05:00:00,0.0,0.0,0.0,15.461,15.461,0.0,0.0,PVWatts,Solar_Delhi,,solar,15.461,,5,4,0,3
2023-03-10 06:00:00,0.0,0.0,0.0,16.593,0.0,0.0,0.0,PVWatts,Solar_Delhi,,solar,16.593,,6,4,0,3
2023-03-10 07:00:00,3506.187,3799.356,116.742,20.736,24.864,3.5061869999999997,3.7993560000000004,PVWatts,Solar_Delhi,,solar,20.736,,7,4,0,3
2023-03-10 08:00:00,12353.6,12971.785,400.77,25.452,39.677,12.3536,12.971785,PVWatts,Solar_Delhi,,solar,25.452,,8,4,0,3
2023-03-10 09:00:00,19477.127,20356.999,653.782,30.164,48.631,19.477127,20.356999,PVWatts,Solar_Delhi,,solar,30.164,,9,4,0,3
2023-03-10 10:00:00,24258.138,25313.644,843.807,32.126,55.919,24.258138,25.313644,PVWatts,Solar_Delhi,,solar,32.126,,10,4,0,3
2023-03-10 11:00:00,26755.448,27902.694,951.157,33.255,60.052,26.755448,27.902694,PVWatts,Solar_Delhi,,solar,33.255,,11,4,0,3
2023-03-10 12:00:00,27597.532,28775.712,987.271,33.648,61.465,27.597531999999998,28.775712,PVWatts,Solar_Delhi,,solar,33.648,,12,4,0,3
2023-03-10 13:00:00,26539.45,27678.761,919.776,33.481,55.053,26.539450000000002,27.678760999999998,PVWatts,Solar_Delhi,,solar,33.481,,13,4,0,3
2023-03-10 14:00:00,22814.41,23816.879,771.897,32.806,50.941,22.81441,23.816879,PVWatts,Solar_Delhi,,solar,32.806,,14,4,0,3
2023-03-10 15:00:00,17167.123,17962.135,569.688,31.581,47.715,17.167123,17.962135,PVWatts,Solar_Delhi,,solar,31.581,,15,4,0,3
2023-03-10 16:00:00,10158.388,10695.93,337.597,29.675,39.184,10.158388,10.69593,PVWatts,Solar_Delhi,,solar,29.675,,16,4,0,3
2023-03-10 17:00:00,2852.659,3121.82,112.861,25.969,29.023,2.852659,3.12182,PVWatts,Solar_Delhi,,solar,25.969,,17,4,0,3
2023-03-10 18:00:00,0.0,0.0,0.0,23.933,23.933,0.0,0.0,PVWatts,Solar_Delhi,,solar,23.933,,18,4,0,3
2023-03-10 19:00:00,0.0,0.0,0.0,23.049,23.049,0.0,0.0,PVWatts,Solar_Delhi,,solar,23.049,,19,4,0,3
2023-03-10 20:00:00,0.0,0.0,0.0,22.219,22.219,0.0,0.0,PVWatts,Solar_Delhi,,solar,22.219,,20,4,0,3
2023-03-10 21:00:00,0.0,0.0,0.0,21.278,21.278,0.0,0.0,PVWatts,Solar_Delhi,,solar,21.278,,21,4,0,3
2023-03-10 22:00:00,0.0,0.0,0.0,20.344,20.344,0.0,0.0,PVWatts,Solar_Delhi,,solar,20.344,,22,4,0,3
2023-03-10 23:00:00,0.0,0.0,0.0,19.399,19.399,0.0,0.0,PVWatts,Solar_Delhi,,solar,19.399,,23,4,0,3
2023-03-11 00:00:00,0.0,0.0,0.0,18.452,18.452,0.0,0.0,PVWatts,Solar_Delhi,,solar,18.452,,0,5,1,3
2023-03-11 01:00:00,0.0,0.0,0.0,17.499,17.499,0.0,0.0,PVWatts,Solar_Delhi,,solar,17.499,,1,5,1,3
2023-03-11 02:00:00,0.0,0.0,0.0,16.596,16.596,0.0,0.0,PVWatts,Solar_Delhi,,solar,16.596,,2,5,1,3
2023-03-11 03:00:00,0.0,0.0,0.0,15.813,15.813,0.0,0.0,PVWatts,Solar_Delhi,,solar,15.813,,3,5,1,3
2023-03-11 04:00:00,0.0,0.0,0.0,15.142,15.142,0.0,0.0,PVWatts,Solar_Delhi,,solar,15.142,,4,5,1,3
2023-03-11 05:00:00,0.0,0.0,0.0,14.585,14.585,0.0,0.0,PVWatts,Solar_Delhi,,solar,14.585,,5,5,1,3
2023-03-11 06:00:00,0.0,0.0,0.0,15.521,0.0,0.0,0.0,PVWatts,Solar_Delhi,,solar,15.521,,6,5,1,3
2023-03-11 07:00:00,4075.752,4389.844,132.944,18.93,22.046,4.075752,4.389844,PVWatts,Solar_Delhi,,solar,18.93,,7,5,1,3
2023-03-11 08:00:00,13450.654,14109.14,425.145,24.058,34.072,13.450654,14.10914,PVWatts,Solar_Delhi,,solar,24.058,,8,5,1,3
2023-03-11 09:00:00,20297.616,21207.629,669.468,28.833,44.561,20.297616,21.207629,PVWatts,Solar_Delhi,,solar,28.833,,9,5,1,3
2023-03-11 10:00:00,25195.045,26284.969,860.171,31.432,51.606,25.195044999999997,26.284969,PVWatts,Solar_Delhi,,solar,31.432,,10,5,1,3
2023-03-11 11:00:00,27620.826,28799.863,963.263,33.095,55.667,27.620826,28.799863000000002,PVWatts,Solar_Delhi,,solar,33.095,,11,5,1,3
2023-03-11 12:00:00,28008.775,29202.062,983.124,34.059,57.095,28.008775,29.202062,PVWatts,Solar_Delhi,,solar,34.059,,12,5,1,3
2023-03-11 13:00:00,26297.501,27427.924,914.492,34.301,55.746,26.297501,27.427923999999997,PVWatts,Solar_Delhi,,solar,34.301,,13,5,1,3
2023-03-11 14:00:00,22777.671,23778.79,774.119,33.778,51.964,22.777670999999998,23.77879,PVWatts,Solar_Delhi,,solar,33.778,,14,5,1,3
2023-03-11 15:00:00,17357.146,18159.139,571.817,32.5,45.969,17.357146,18.159139,PVWatts,Solar_Delhi,,solar,32.5,,15,5,1,3
2023-03-11 16:00:00,10269.489,10811.112,340.057,30.454,38.421,10.269489,10.811112,PVWatts,Solar_Delhi,,solar,30.454,,16,5,1,3
2023-03-11 17:00:00,2930.208,3202.218,114.743,26.472,29.061,2.930208,3.202218,PVWatts,Solar_Delhi,,solar,26.472,,17,5,1,3
2023-03-11 18:00:00,0.0,0.0,0.0,23.972,23.972,0.0,0.0,PVWatts,Solar_Delhi,,solar,23.972,,18,5,1,3
2023-03-11 19:00:00,0.0,0.0,0.0,22.765,22.765,0.0,0.0,PVWatts,Solar_Delhi,,solar,22.765,,19,5,1,3
2023-03-11 20:00:00,0.0,0.0,0.0,21.636,21.636,0.0,0.0,PVWatts,Solar_Delhi,,solar,21.636,,20,5,1,3
2023-03-11 21:00:00,0.0,0.0,0.0,20.622,20.622,0.0,0.0,PVWatts,Solar_Delhi,,solar,20.622,,21,5,1,3
2023-03-11 22:00:00,0.0,0.0,0.0,19.759,19.759,0.0,0.0,PVWatts,Solar_Delhi,,solar,19.759,,22,5,1,3
2023-03-11 23:00:00,0.0,0.0,0.0,18.905,18.905,0.0,0.0,PVWatts,Solar_Delhi,,solar,18.905,,23,5,1,3
2023-03-12 00:00:00,0.0,0.0,0.0,18.045,18.045,0.0,0.0,PVWatts,Solar_Delhi,,solar,18.045,,0,6,1,3
2023-03-12 01:00:00,0.0,0.0,0.0,17.198,17.198,0.0,0.0,PVWatts,Solar_Delhi,,solar,17.198,,1,6,1,3
2023-03-12 02:00:00,0.0,0.0,0.0,16.355,16.355,0.0,0.0,PVWatts,Solar_Delhi,,solar,16.355,,2,6,1,3
2023-03-12 03:00:00,0.0,0.0,0.0,15.548,15.548,0.0,0.0,PVWatts,Solar_Delhi,,solar,15.548,,3,6,1,3
2023-03-12 04:00:00,0.0,0.0,0.0,14.795,14.795,0.0,0.0,PVWatts,Solar_Delhi,,solar,14.795,,4,6,1,3
2023-03-12 05:00:00,0.0,0.0,0.0,14.129,14.129,0.0,0.0,PVWatts,Solar_Delhi,,solar,14.129,,5,6,1,3
2023-03-12 06:00:00,0.0,0.0,0.0,15.191,0.0,0.0,0.0,PVWatts,Solar_Delhi,,solar,15.191,,6,6,1,3
2023-03-12 07:00:00,4219.586,4538.962,137.68,18.901,22.781,4.2195860000000005,4.538962000000001,PVWatts,Solar_Delhi,,solar,18.901,,7,6,1,3
2023-03-12 08:00:00,13463.078,14122.019,428.752,23.791,35.932,13.463078,14.122019,PVWatts,Solar_Delhi,,solar,23.791,,8,6,1,3
2023-03-12 09:00:00,20320.836,21231.703,671.398,29.143,44.915,20.320836,21.231703000000003,PVWatts,Solar_Delhi,,solar,29.143,,9,6,1,3
2023-03-12 10:00:00,24920.57,26000.41,852.832,32.047,52.046,24.92057,26.00041,PVWatts,Solar_Delhi,,solar,32.047,,10,6,1,3
2023-03-12 11:00:00,27712.394,28894.794,970.819,33.92,56.668,27.712394,28.894794,PVWatts,Solar_Delhi,,solar,33.92,,11,6,1,3
2023-03-12 12:00:00,27981.874,29174.173,986.638,34.976,58.093,27.981874,29.174173,PVWatts,Solar_Delhi,,solar,34.976,,12,6,1,3
2023-03-12 13:00:00,26260.262,27389.317,917.438,35.271,56.785,26.260261999999997,27.389317,PVWatts,Solar_Delhi,,solar,35.271,,13,6,1,3
2023-03-12 14:00:00,22489.506,23480.039,767.941,34.88,52.918,22.489506000000002,23.480039,PVWatts,Solar_Delhi,,solar,34.88,,14,6,1,3
2023-03-12 15:00:00,17308.19,18108.385,573.319,33.718,47.221,17.30819,18.108385,PVWatts,Solar_Delhi,,solar,33.718,,15,6,1,3
2023-03-12 16:00:00,10227.056,10767.12,340.408,31.669,39.644,10.227056000000001,10.76712,PVWatts,Solar_Delhi,,solar,31.669,,16,6,1,3
2023-03-12 17:00:00,2953.738,3226.612,115.206,27.27,29.874,2.953738,3.2266120000000003,PVWatts,Solar_Delhi,,solar,27.27,,17,6,1,3
2023-03-12 18:00:00,0.0,0.0,0.0,24.82,24.82,0.0,0.0,PVWatts,Solar_Delhi,,solar,24.82,,18,6,1,3
2023-03-12 19:00:00,0.0,0.0,0.0,23.672,23.672,0.0,0.0,PVWatts,Solar_Delhi,,solar,23.672,,19,6,1,3
2023-03-12 20:00:00,0.0,0.0,0.0,22.58,22.58,0.0,0.0,PVWatts,Solar_Delhi,,solar,22.58,,20,6,1,3
2023-03-12 21:00:00,0.0,0.0,0.0,21.591,21.591,0.0,0.0,PVWatts,Solar_Delhi,,solar,21.591,,21,6,1,3
2023-03-12 22:00:00,0.0,0.0,0.0,20.743,20.743,0.0,0.0,PVWatts,Solar_Delhi,,solar,20.743,,22,6,1,3
2023-03-12 23:00:00,0.0,0.0,0.0,19.949,19.949,0.0,0.0,PVWatts,Solar_Delhi,,solar,19.949,,23,6,1,3
2023-03-13 00:00:00,0.0,0.0,0.0,19.177,19.177,0.0,0.0,PVWatts,Solar_Delhi,,solar,19.177,,0,0,0,3
2023-03-13 01:00:00,0.0,0.0,0.0,18.428,18.428,0.0,0.0,PVWatts,Solar_Delhi,,solar,18.428,,1,0,0,3
2023-03-13 02:00:00,0.0,0.0,0.0,17.688,17.688,0.0,0.0,PVWatts,Solar_Delhi,,solar,17.688,,2,0,0,3
2023-03-13 03:00:00,0.0,0.0,0.0,16.992,16.992,0.0,0.0,PVWatts,Solar_Delhi,,solar,16.992,,3,0,0,3
2023-03-13 04:00:00,0.0,0.0,0.0,16.382,16.382,0.0,0.0,PVWatts,Solar_Delhi,,solar,16.382,,4,0,0,3
2023-03-13 05:00:00,0.0,0.0,0.0,15.855,15.855,0.0,0.0,PVWatts,Solar_Delhi,,solar,15.855,,5,0,0,3
2023-03-13 06:00:00,0.0,0.0,0.0,17.263,0.0,0.0,0.0,PVWatts,Solar_Delhi,,solar,17.263,,6,0,0,3
2023-03-13 07:00:00,4092.547,4407.257,135.878,22.042,26.845,4.092547,4.4072569999999995,PVWatts,Solar_Delhi,,solar,22.042,,7,0,0,3
2023-03-13 08:00:00,12627.243,13255.48,421.467,26.643,46.675,12.627243,13.25548,PVWatts,Solar_Delhi,,solar,26.643,,8,0,0,3
2023-03-13 09:00:00,18735.747,19588.384,676.15,33.01,65.071,18.735747,19.588383999999998,PVWatts,Solar_Delhi,,solar,33.01,,9,0,0,3
2023-03-13 10:00:00,22613.735,23608.832,865.829,35.82,76.806,22.613735000000002,23.608832,PVWatts,Solar_Delhi,,solar,35.82,,10,0,0,3
2023-03-13 11:00:00,24547.928,25614.079,974.608,37.428,83.524,24.547928,25.614079,PVWatts,Solar_Delhi,,solar,37.428,,11,0,0,3
2023-03-13 12:00:00,24801.484,25876.95,993.093,38.219,85.189,24.801484000000002,25.87695,PVWatts,Solar_Delhi,,solar,38.219,,12,0,0,3
2023-03-13 13:00:00,23554.748,24584.414,925.718,38.301,82.121,23.554748,24.584414000000002,PVWatts,Solar_Delhi,,solar,38.301,,13,0,0,3
2023-03-13 14:00:00,20663.831,21587.297,777.697,37.564,74.443,20.663831,21.587297,PVWatts,Solar_Delhi,,solar,37.564,,14,0,0,3
2023-03-13 15:00:00,16146.481,16904.0,574.389,36.035,63.342,16.146481,16.904,PVWatts,Solar_Delhi,,solar,36.035,,15,0,0,3
2023-03-13 16:00:00,9844.744,10370.764,341.792,33.203,49.367,9.844744,10.370764,PVWatts,Solar_Delhi,,solar,33.203,,16,0,0,3
2023-03-13 17:00:00,2955.529,3228.469,117.409,28.35,33.704,2.955529,3.228469,PVWatts,Solar_Delhi,,solar,28.35,,17,0,0,3
2023-03-13 18:00:00,0.0,0.0,0.0,26.457,26.457,0.0,0.0,PVWatts,Solar_Delhi,,solar,26.457,,18,0,0,3
2023-03-13 19:00:00,0.0,0.0,0.0,25.402,25.402,0.0,0.0,PVWatts,Solar_Delhi,,solar,25.402,,19,0,0,3
2023-03-13 20:00:00,0.0,0.0,0.0,24.454,24.454,0.0,0.0,PVWatts,Solar_Delhi,,solar,24.454,,20,0,0,3
2023-03-13 21:00:00,0.0,0.0,0.0,23.623,23.623,0.0,0.0,PVWatts,Solar_Delhi,,solar,23.623,,21,0,0,3
2023-03-13 22:00:00,0.0,0.0,0.0,22.85,22.85,0.0,0.0,PVWatts,Solar_Delhi,,solar,22.85,,22,0,0,3
2023-03-13 23:00:00,0.0,0.0,0.0,22.069,22.069,0.0,0.0,PVWatts,Solar_Delhi,,solar,22.069,,23,0,0,3
2023-03-14 00:00:00,0.0,0.0,0.0,21.333,21.333,0.0,0.0,PVWatts,Solar_Delhi,,solar,21.333,,0,1,0,3
2023-03-14 01:00:00,0.0,0.0,0.0,20.615,20.615,0.0,0.0,PVWatts,Solar_Delhi,,solar,20.615,,1,1,0,3
2023-03-14 02:00:00,0.0,0.0,0.0,19.939,19.939,0.0,0.0,PVWatts,Solar_Delhi,,solar,19.939,,2,1,0,3
2023-03-14 03:00:00,0.0,0.0,0.0,19.244,19.244,0.0,0.0,PVWatts,Solar_Delhi,,solar,19.244,,3,1,0,3
2023-03-14 04:00:00,0.0,0.0,0.0,18.598,18.598,0.0,0.0,PVWatts,Solar_Delhi,,solar,18.598,,4,1,0,3
2023-03-14 05:00:00,0.0,0.0,0.0,17.979,17.979,0.0,0.0,PVWatts,Solar_Delhi,,solar,17.979,,5,1,0,3
2023-03-14 06:00:00,0.0,0.0,0.0,19.302,0.0,0.0,0.0,PVWatts,Solar_Delhi,,solar,19.302,,6,1,0,3
2023-03-14 07:00:00,4211.286,4530.357,140.638,23.842,28.813,4.211286,4.530357,PVWatts,Solar_Delhi,,solar,23.842,,7,1,0,3
2023-03-14 08:00:00,12957.682,13598.058,426.511,28.314,43.451,12.957682,13.598058000000002,PVWatts,Solar_Delhi,,solar,28.314,,8,1,0,3
2023-03-14 09:00:00,19453.729,20332.741,680.667,34.078,58.178,19.453729,20.332741000000002,PVWatts,Solar_Delhi,,solar,34.078,,9,1,0,3
2023-03-14 10:00:00,22590.325,23584.563,869.484,36.693,77.85,22.590325,23.584563,PVWatts,Solar_Delhi,,solar,36.693,,10,1,0,3
2023-03-14 11:00:00,24452.479,25515.123,974.324,38.135,84.215,24.452479,25.515123,PVWatts,Solar_Delhi,,solar,38.135,,11,1,0,3
2023-03-14 12:00:00,24776.695,25851.25,995.653,38.768,85.856,24.776695,25.85125,PVWatts,Solar_Delhi,,solar,38.768,,12,1,0,3
2023-03-14 13:00:00,23561.502,24591.416,927.954,38.586,82.51,23.561502,24.591416000000002,PVWatts,Solar_Delhi,,solar,38.586,,13,1,0,3
2023-03-14 14:00:00,20710.943,21636.14,780.601,37.691,74.705,20.710943,21.63614,PVWatts,Solar_Delhi,,solar,37.691,,14,1,0,3
2023-03-14 15:00:00,16173.282,16931.785,575.836,36.124,63.498,16.173282,16.931785,PVWatts,Solar_Delhi,,solar,36.124,,15,1,0,3
2023-03-14 16:00:00,9833.353,10358.955,342.125,33.661,49.84,9.833352999999999,10.358955,PVWatts,Solar_Delhi,,solar,33.661,,16,1,0,3
2023-03-14 17:00:00,3011.709,3286.713,119.051,29.043,34.484,3.0117089999999997,3.286713,PVWatts,Solar_Delhi,,solar,29.043,,17,1,0,3
2023-03-14 18:00:00,0.0,0.0,0.0,27.163,27.163,0.0,0.0,PVWatts,Solar_Delhi,,solar,27.163,,18,1,0,3
2023-03-14 19:00:00,0.0,0.0,0.0,26.162,26.162,0.0,0.0,PVWatts,Solar_Delhi,,solar,26.162,,19,1,0,3
2023-03-14 20:00:00,0.0,0.0,0.0,25.292,25.292,0.0,0.0,PVWatts,Solar_Delhi,,solar,25.292,,20,1,0,3
2023-03-14 21:00:00,0.0,0.0,0.0,24.463,24.463,0.0,0.0,PVWatts,Solar_Delhi,,solar,24.463,,21,1,0,3
2023-03-14 22:00:00,0.0,0.0,0.0,23.592,23.592,0.0,0.0,PVWatts,Solar_Delhi,,solar,23.592,,22,1,0,3
2023-03-14 23:00:00,0.0,0.0,0.0,22.715,22.715,0.0,0.0,PVWatts,Solar_Delhi,,solar,22.715,,23,1,0,3
2023-03-15 00:00:00,0.0,0.0,0.0,21.839,21.839,0.0,0.0,PVWatts,Solar_Delhi,,solar,21.839,,0,2,0,3
2023-03-15 01:00:00,0.0,0.0,0.0,20.987,20.987,0.0,0.0,PVWatts,Solar_Delhi,,solar,20.987,,1,2,0,3
2023-03-15 02:00:00,0.0,0.0,0.0,20.149,20.149,0.0,0.0,PVWatts,Solar_Delhi,,solar,20.149,,2,2,0,3
2023-03-15 03:00:00,0.0,0.0,0.0,19.405,19.405,0.0,0.0,PVWatts,Solar_Delhi,,solar,19.405,,3,2,0,3
2023-03-15 04:00:00,0.0,0.0,0.0,18.748,18.748,0.0,0.0,PVWatts,Solar_Delhi,,solar,18.748,,4,2,0,3
2023-03-15 05:00:00,0.0,0.0,0.0,18.122,18.122,0.0,0.0,PVWatts,Solar_Delhi,,solar,18.122,,5,2,0,3
2023-03-15 06:00:00,0.0,0.0,0.0,19.468,0.0,0.0,0.0,PVWatts,Solar_Delhi,,solar,19.468,,6,2,0,3
2023-03-15 07:00:00,4147.792,4464.531,139.454,23.861,30.463,4.147792000000001,4.464531,PVWatts,Solar_Delhi,,solar,23.861,,7,2,0,3
2023-03-15 08:00:00,12226.556,12840.073,411.252,28.364,47.903,12.226556,12.840073,PVWatts,Solar_Delhi,,solar,28.364,,8,2,0,3
2023-03-15 09:00:00,18723.473,19575.658,678.671,33.693,65.867,18.723473000000002,19.575658,PVWatts,Solar_Delhi,,solar,33.693,,9,2,0,3
2023-03-15 10:00:00,22365.476,23351.453,858.001,36.407,77.011,22.365475999999997,23.351453000000003,PVWatts,Solar_Delhi,,solar,36.407,,10,2,0,3
2023-03-15 11:00:00,24408.776,25469.816,970.519,37.811,83.706,24.408776000000003,25.469815999999998,PVWatts,Solar_Delhi,,solar,37.811,,11,2,0,3
2023-03-15 12:00:00,24836.902,25913.669,997.158,38.481,85.638,24.836902,25.913669000000002,PVWatts,Solar_Delhi,,solar,38.481,,12,2,0,3
2023-03-15 13:00:00,23628.814,24661.201,930.151,38.347,82.372,23.628814,24.661201000000002,PVWatts,Solar_Delhi,,solar,38.347,,13,2,0,3
2023-03-15 14:00:00,20699.058,21623.818,780.12,37.438,74.415,20.699058,21.623818,PVWatts,Solar_Delhi,,solar,37.438,,14,2,0,3
2023-03-15 15:00:00,15222.556,15946.134,539.1,35.875,61.489,15.222556,15.946134,PVWatts,Solar_Delhi,,solar,35.875,,15,2,0,3
2023-03-15 16:00:00,9908.273,10436.627,344.523,33.486,49.779,9.908273,10.436627,PVWatts,Solar_Delhi,,solar,33.486,,16,2,0,3
2023-03-15 17:00:00,3058.386,3335.105,119.465,29.137,33.221,3.058386,3.335105,PVWatts,Solar_Delhi,,solar,29.137,,17,2,0,3
2023-03-15 18:00:00,0.0,0.0,0.0,27.092,27.092,0.0,0.0,PVWatts,Solar_Delhi,,solar,27.092,,18,2,0,3
2023-03-15 19:00:00,0.0,0.0,0.0,25.98,25.98,0.0,0.0,PVWatts,Solar_Delhi,,solar,25.98,,19,2,0,3
2023-03-15 20:00:00,0.0,0.0,0.0,24.918,24.918,0.0,0.0,PVWatts,Solar_Delhi,,solar,24.918,,20,2,0,3
2023-03-15 21:00:00,0.0,0.0,0.0,23.881,23.881,0.0,0.0,PVWatts,Solar_Delhi,,solar,23.881,,21,2,0,3
2023-03-15 22:00:00,0.0,0.0,0.0,22.909,22.909,0.0,0.0,PVWatts,Solar_Delhi,,solar,22.909,,22,2,0,3
2023-03-15 23:00:00,0.0,0.0,0.0,22.01,22.01,0.0,0.0,PVWatts,Solar_Delhi,,solar,22.01,,23,2,0,3
2023-03-16 00:00:00,0.0,0.0,0.0,21.164,21.164,0.0,0.0,PVWatts,Solar_Delhi,,solar,21.164,,0,3,0,3
2023-03-16 01:00:00,0.0,0.0,0.0,20.393,20.393,0.0,0.0,PVWatts,Solar_Delhi,,solar,20.393,,1,3,0,3
2023-03-16 02:00:00,0.0,0.0,0.0,19.674,19.674,0.0,0.0,PVWatts,Solar_Delhi,,solar,19.674,,2,3,0,3
2023-03-16 03:00:00,0.0,0.0,0.0,18.999,18.999,0.0,0.0,PVWatts,Solar_Delhi,,solar,18.999,,3,3,0,3
2023-03-16 04:00:00,0.0,0.0,0.0,18.363,18.363,0.0,0.0,PVWatts,Solar_Delhi,,solar,18.363,,4,3,0,3
2023-03-16 05:00:00,0.0,0.0,0.0,17.803,17.803,0.0,0.0,PVWatts,Solar_Delhi,,solar,17.803,,5,3,0,3
2023-03-16 06:00:00,0.0,0.0,0.0,19.334,0.0,0.0,0.0,PVWatts,Solar_Delhi,,solar,19.334,,6,3,0,3
2023-03-16 07:00:00,4307.25,4629.846,144.609,23.933,30.779,4.30725,4.629846,PVWatts,Solar_Delhi,,solar,23.933,,7,3,0,3
2023-03-16 08:00:00,12657.035,13286.367,426.724,28.514,48.789,12.657035,13.286367,PVWatts,Solar_Delhi,,solar,28.514,,8,3,0,3
2023-03-16 09:00:00,18615.018,19463.22,675.045,33.842,65.839,18.615018,19.46322,PVWatts,Solar_Delhi,,solar,33.842,,9,3,0,3
2023-03-16 10:00:00,22636.412,23632.342,869.232,36.034,77.168,22.636412,23.632342,PVWatts,Solar_Delhi,,solar,36.034,,10,3,0,3
2023-03-16 11:00:00,24694.345,25765.875,981.797,37.252,83.681,24.694345000000002,25.765875,PVWatts,Solar_Delhi,,solar,37.252,,11,3,0,3
2023-03-16 12:00:00,24977.246,26059.168,999.642,37.699,84.971,24.977246,26.059168000000003,PVWatts,Solar_Delhi,,solar,37.699,,12,3,0,3
2023-03-16 13:00:00,23422.497,24447.305,916.217,37.337,80.677,23.422497,24.447305,PVWatts,Solar_Delhi,,solar,37.337,,13,3,0,3
2023-03-16 14:00:00,17179.23,17974.688,629.05,36.408,66.17,17.17923,17.974687999999997,PVWatts,Solar_Delhi,,solar,36.408,,14,3,0,3
2023-03-16 15:00:00,16176.554,16935.177,573.389,34.832,62.076,16.176554,16.935177,PVWatts,Solar_Delhi,,solar,34.832,,15,3,0,3
2023-03-16 16:00:00,9177.974,9679.5,316.765,32.586,47.572,9.177974,9.6795,PVWatts,Solar_Delhi,,solar,32.586,,16,3,0,3
2023-03-16 17:00:00,3188.005,3469.485,127.401,28.71,34.503,3.188005,3.469485,PVWatts,Solar_Delhi,,solar,28.71,,17,3,0,3
2023-03-16 18:00:00,0.0,0.0,0.0,26.739,26.739,0.0,0.0,PVWatts,Solar_Delhi,,solar,26.739,,18,3,0,3
2023-03-16 19:00:00,0.0,0.0,0.0,25.596,25.596,0.0,0.0,PVWatts,Solar_Delhi,,solar,25.596,,19,3,0,3
2023-03-16 20:00:00,0.0,0.0,0.0,24.654,24.654,0.0,0.0,PVWatts,Solar_Delhi,,solar,24.654,,20,3,0,3
2023-03-16 21:00:00,0.0,0.0,0.0,23.844,23.844,0.0,0.0,PVWatts,Solar_Delhi,,solar,23.844,,21,3,0,3
2023-03-16 22:00:00,0.0,0.0,0.0,23.065,23.065,0.0,0.0,PVWatts,Solar_Delhi,,solar,23.065,,22,3,0,3
2023-03-16 23:00:00,0.0,0.0,0.0,22.312,22.312,0.0,0.0,PVWatts,Solar_Delhi,,solar,22.312,,23,3,0,3
2023-03-17 00:00:00,0.0,0.0,0.0,21.566,21.566,0.0,0.0,PVWatts,Solar_Delhi,,solar,21.566,,0,4,0,3
2023-03-17 01:00:00,0.0,0.0,0.0,20.849,20.849,0.0,0.0,PVWatts,Solar_Delhi,,solar,20.849,,1,4,0,3
2023-03-17 02:00:00,0.0,0.0,0.0,20.019,20.019,0.0,0.0,PVWatts,Solar_Delhi,,solar,20.019,,2,4,0,3
2023-03-17 03:00:00,0.0,0.0,0.0,19.233,19.233,0.0,0.0,PVWatts,Solar_Delhi,,solar,19.233,,3,4,0,3
2023-03-17 04:00:00,0.0,0.0,0.0,18.586,18.586,0.0,0.0,PVWatts,Solar_Delhi,,solar,18.586,,4,4,0,3
2023-03-17 05:00:00,0.0,0.0,0.0,18.109,0.0,0.0,0.0,PVWatts,Solar_Delhi,,solar,18.109,,5,4,0,3
2023-03-17 06:00:00,0.0,0.0,0.0,19.746,0.0,0.0,0.0,PVWatts,Solar_Delhi,,solar,19.746,,6,4,0,3
2023-03-17 07:00:00,4733.305,5071.553,158.654,24.284,31.794,4.7333050000000005,5.071553,PVWatts,Solar_Delhi,,solar,24.284,,7,4,0,3
2023-03-17 08:00:00,13285.833,13938.264,449.619,28.962,50.33,13.285833,13.938263999999998,PVWatts,Solar_Delhi,,solar,28.962,,8,4,0,3
2023-03-17 09:00:00,18969.84,19831.076,690.765,34.111,66.856,18.96984,19.831076,PVWatts,Solar_Delhi,,solar,34.111,,9,4,0,3
2023-03-17 10:00:00,22827.056,23829.989,879.63,36.333,77.962,22.827056,23.829989,PVWatts,Solar_Delhi,,solar,36.333,,10,4,0,3
2023-03-17 11:00:00,24425.314,25486.961,970.178,37.507,83.378,24.425314,25.486961,PVWatts,Solar_Delhi,,solar,37.507,,11,4,0,3
2023-03-17 12:00:00,24986.879,26069.156,1002.087,37.955,85.34,24.986879000000002,26.069156,PVWatts,Solar_Delhi,,solar,37.955,,12,4,0,3
2023-03-17 13:00:00,25078.967,26164.627,933.428,37.66,70.649,25.078967000000002,26.164627,PVWatts,Solar_Delhi,,solar,37.66,,13,4,0,3
2023-03-17 14:00:00,21796.869,22761.959,783.669,36.763,64.508,21.796868999999997,22.761958999999997,PVWatts,Solar_Delhi,,solar,36.763,,14,4,0,3
2023-03-17 15:00:00,16812.561,17594.548,578.617,35.348,55.886,16.812561000000002,17.594548,PVWatts,Solar_Delhi,,solar,35.348,,15,4,0,3
2023-03-17 16:00:00,10257.84,10799.036,346.172,33.232,42.983,10.25784,10.799036,PVWatts,Solar_Delhi,,solar,33.232,,16,4,0,3
2023-03-17 17:00:00,3053.43,3329.966,119.781,29.28,32.538,3.0534299999999996,3.3299659999999998,PVWatts,Solar_Delhi,,solar,29.28,,17,4,0,3
2023-03-17 18:00:00,0.0,0.0,0.0,27.02,0.0,0.0,0.0,PVWatts,Solar_Delhi,,solar,27.02,,18,4,0,3
2023-03-17 19:00:00,0.0,0.0,0.0,26.041,26.041,0.0,0.0,PVWatts,Solar_Delhi,,solar,26.041,,19,4,0,3
2023-03-17 20:00:00,0.0,0.0,0.0,25.182,25.182,0.0,0.0,PVWatts,Solar_Delhi,,solar,25.182,,20,4,0,3
2023-03-17 21:00:00,0.0,0.0,0.0,24.378,24.378,0.0,0.0,PVWatts,Solar_Delhi,,solar,24.378,,21,4,0,3
2023-03-17 22:00:00,0.0,0.0,0.0,23.587,23.587,0.0,0.0,PVWatts,Solar_Delhi,,solar,23.587,,22,4,0,3
2023-03-17 23:00:00,0.0,0.0,0.0,22.837,22.837,0.0,0.0,PVWatts,Solar_Delhi,,solar,22.837,,23,4,0,3
2023-03-18 00:00:00,0.0,0.0,0.0,22.067,22.067,0.0,0.0,PVWatts,Solar_Delhi,,solar,22.067,,0,5,1,3
2023-03-18 01:00:00,0.0,0.0,0.0,21.325,21.325,0.0,0.0,PVWatts,Solar_Delhi,,solar,21.325,,1,5,1,3
2023-03-18 02:00:00,0.0,0.0,0.0,20.634,20.634,0.0,0.0,PVWatts,Solar_Delhi,,solar,20.634,,2,5,1,3
2023-03-18 03:00:00,0.0,0.0,0.0,20.016,20.016,0.0,0.0,PVWatts,Solar_Delhi,,solar,20.016,,3,5,1,3
2023-03-18 04:00:00,0.0,0.0,0.0,19.483,19.483,0.0,0.0,PVWatts,Solar_Delhi,,solar,19.483,,4,5,1,3
2023-03-18 05:00:00,0.0,0.0,0.0,19.044,0.0,0.0,0.0,PVWatts,Solar_Delhi,,solar,19.044,,5,5,1,3
2023-03-18 06:00:00,0.0,0.0,0.0,20.668,0.0,0.0,0.0,PVWatts,Solar_Delhi,,solar,20.668,,6,5,1,3
2023-03-18 07:00:00,3575.717,3871.44,120.593,24.996,29.264,3.575717,3.87144,PVWatts,Solar_Delhi,,solar,24.996,,7,5,1,3
2023-03-18 08:00:00,12369.029,12987.78,419.365,29.709,49.627,12.369029000000001,12.98778,PVWatts,Solar_Delhi,,solar,29.709,,8,5,1,3
2023-03-18 09:00:00,17688.311,18502.469,642.015,35.039,65.457,17.688311000000002,18.502469,PVWatts,Solar_Delhi,,solar,35.039,,9,5,1,3
2023-03-18 10:00:00,23380.679,24403.951,859.334,37.341,67.701,23.380679,24.403951,PVWatts,Solar_Delhi,,solar,37.341,,10,5,1,3
2023-03-18 11:00:00,25790.983,26902.799,973.68,38.489,72.867,25.790983,26.902798999999998,PVWatts,Solar_Delhi,,solar,38.489,,11,5,1,3
2023-03-18 12:00:00,26356.297,27488.88,1001.445,38.898,74.26,26.356296999999998,27.48888,PVWatts,Solar_Delhi,,solar,38.898,,12,5,1,3
2023-03-18 13:00:00,24808.404,25884.124,926.613,38.591,71.336,24.808404,25.884124,PVWatts,Solar_Delhi,,solar,38.591,,13,5,1,3
2023-03-18 14:00:00,21689.946,22651.108,783.049,37.642,65.364,21.689946,22.651108,PVWatts,Solar_Delhi,,solar,37.642,,14,5,1,3
2023-03-18 15:00:00,16765.286,17545.537,579.56,36.29,56.861,16.765286,17.545537,PVWatts,Solar_Delhi,,solar,36.29,,15,5,1,3
2023-03-18 16:00:00,10122.444,10658.666,347.119,34.419,46.677,10.122444,10.658665999999998,PVWatts,Solar_Delhi,,solar,34.419,,16,5,1,3
2023-03-18 17:00:00,3055.201,3331.803,120.497,30.571,34.686,3.055201,3.331803,PVWatts,Solar_Delhi,,solar,30.571,,17,5,1,3
2023-03-18 18:00:00,0.0,0.0,0.0,28.431,0.0,0.0,0.0,PVWatts,Solar_Delhi,,solar,28.431,,18,5,1,3
2023-03-18 19:00:00,0.0,0.0,0.0,27.436,27.436,0.0,0.0,PVWatts,Solar_Delhi,,solar,27.436,,19,5,1,3
2023-03-18 20:00:00,0.0,0.0,0.0,26.476,26.476,0.0,0.0,PVWatts,Solar_Delhi,,solar,26.476,,20,5,1,3
2023-03-18 21:00:00,0.0,0.0,0.0,25.498,25.498,0.0,0.0,PVWatts,Solar_Delhi,,solar,25.498,,21,5,1,3
2023-03-18 22:00:00,0.0,0.0,0.0,24.563,24.563,0.0,0.0,PVWatts,Solar_Delhi,,solar,24.563,,22,5,1,3
2023-03-18 23:00:00,0.0,0.0,0.0,23.709,23.709,0.0,0.0,PVWatts,Solar_Delhi,,solar,23.709,,23,5,1,3
2023-03-19 00:00:00,0.0,0.0,0.0,22.928,22.928,0.0,0.0,PVWatts,Solar_Delhi,,solar,22.928,,0,6,1,3
2023-03-19 01:00:00,0.0,0.0,0.0,22.179,22.179,0.0,0.0,PVWatts,Solar_Delhi,,solar,22.179,,1,6,1,3
2023-03-19 02:00:00,0.0,0.0,0.0,21.436,21.436,0.0,0.0,PVWatts,Solar_Delhi,,solar,21.436,,2,6,1,3
2023-03-19 03:00:00,0.0,0.0,0.0,20.779,20.779,0.0,0.0,PVWatts,Solar_Delhi,,solar,20.779,,3,6,1,3
2023-03-19 04:00:00,0.0,0.0,0.0,20.249,20.249,0.0,0.0,PVWatts,Solar_Delhi,,solar,20.249,,4,6,1,3
2023-03-19 05:00:00,0.0,0.0,0.0,19.773,0.0,0.0,0.0,PVWatts,Solar_Delhi,,solar,19.773,,5,6,1,3
2023-03-19 06:00:00,0.0,0.0,0.0,21.366,0.0,0.0,0.0,PVWatts,Solar_Delhi,,solar,21.366,,6,6,1,3
2023-03-19 07:00:00,4871.946,5215.286,163.962,25.52,33.281,4.871946,5.215286,PVWatts,Solar_Delhi,,solar,25.52,,7,6,1,3
2023-03-19 08:00:00,12092.027,12700.602,410.706,30.323,49.829,12.092027,12.700602,PVWatts,Solar_Delhi,,solar,30.323,,8,6,1,3
2023-03-19 09:00:00,17987.822,18812.983,653.854,34.827,65.804,17.987822,18.812983,PVWatts,Solar_Delhi,,solar,34.827,,9,6,1,3
2023-03-19 10:00:00,22746.673,23746.654,879.517,36.945,78.563,22.746672999999998,23.746654,PVWatts,Solar_Delhi,,solar,36.945,,10,6,1,3
2023-03-19 11:00:00,24547.98,25614.133,980.784,38.176,84.549,24.54798,25.614133000000002,PVWatts,Solar_Delhi,,solar,38.176,,11,6,1,3
2023-03-19 12:00:00,24771.996,25846.378,995.882,38.682,85.77,24.771995999999998,25.846378,PVWatts,Solar_Delhi,,solar,38.682,,12,6,1,3
2023-03-19 13:00:00,23508.414,24536.378,926.147,38.573,82.4,23.508414000000002,24.536378,PVWatts,Solar_Delhi,,solar,38.573,,13,6,1,3
2023-03-19 14:00:00,20680.587,21604.669,780.576,37.807,74.81,20.680587,21.604669,PVWatts,Solar_Delhi,,solar,37.807,,14,6,1,3
2023-03-19 15:00:00,16211.872,16971.792,578.479,36.392,63.889,16.211872,16.971792,PVWatts,Solar_Delhi,,solar,36.392,,15,6,1,3
2023-03-19 16:00:00,9845.29,10371.33,344.271,34.228,50.498,9.84529,10.37133,PVWatts,Solar_Delhi,,solar,34.228,,16,6,1,3
2023-03-19 17:00:00,3111.001,3389.653,120.523,30.543,34.679,3.1110010000000003,3.3896529999999996,PVWatts,Solar_Delhi,,solar,30.543,,17,6,1,3
2023-03-19 18:00:00,0.0,0.0,0.0,28.389,0.0,0.0,0.0,PVWatts,Solar_Delhi,,solar,28.389,,18,6,1,3
2023-03-19 19:00:00,0.0,0.0,0.0,27.49,27.49,0.0,0.0,PVWatts,Solar_Delhi,,solar,27.49,,19,6,1,3
2023-03-19 20:00:00,0.0,0.0,0.0,26.562,26.562,0.0,0.0,PVWatts,Solar_Delhi,,solar,26.562,,20,6,1,3
2023-03-19 21:00:00,0.0,0.0,0.0,25.592,25.592,0.0,0.0,PVWatts,Solar_Delhi,,solar,25.592,,21,6,1,3
2023-03-19 22:00:00,0.0,0.0,0.0,24.612,24.612,0.0,0.0,PVWatts,Solar_Delhi,,solar,24.612,,22,6,1,3
2023-03-19 23:00:00,0.0,0.0,0.0,23.655,23.655,0.0,0.0,PVWatts,Solar_Delhi,,solar,23.655,,23,6,1,3
2023-03-20 00:00:00,0.0,0.0,0.0,22.766,22.766,0.0,0.0,PVWatts,Solar_Delhi,,solar,22.766,,0,0,0,3
2023-03-20 01:00:00,0.0,0.0,0.0,21.965,21.965,0.0,0.0,PVWatts,Solar_Delhi,,solar,21.965,,1,0,0,3
2023-03-20 02:00:00,0.0,0.0,0.0,21.218,21.218,0.0,0.0,PVWatts,Solar_Delhi,,solar,21.218,,2,0,0,3
2023-03-20 03:00:00,0.0,0.0,0.0,20.6,20.6,0.0,0.0,PVWatts,Solar_Delhi,,solar,20.6,,3,0,0,3
2023-03-20 04:00:00,0.0,0.0,0.0,20.253,20.253,0.0,0.0,PVWatts,Solar_Delhi,,solar,20.253,,4,0,0,3
2023-03-20 05:00:00,0.0,0.0,0.0,19.98,0.0,0.0,0.0,PVWatts,Solar_Delhi,,solar,19.98,,5,0,0,3
2023-03-20 06:00:00,0.0,0.0,0.0,21.66,0.0,0.0,0.0,PVWatts,Solar_Delhi,,solar,21.66,,6,0,0,3
2023-03-20 07:00:00,2400.318,2652.862,83.236,25.555,28.505,2.4003180000000004,2.6528620000000003,PVWatts,Solar_Delhi,,solar,25.555,,7,0,0,3
2023-03-20 08:00:00,2273.909,2521.809,81.769,30.32,33.209,2.273909,2.521809,PVWatts,Solar_Delhi,,solar,30.32,,8,0,0,3
2023-03-20 09:00:00,3700.536,4000.845,132.116,34.783,39.437,3.700536,4.000845,PVWatts,Solar_Delhi,,solar,34.783,,9,0,0,3
2023-03-20 10:00:00,8371.845,8843.757,299.243,36.746,50.839,8.371844999999999,8.843757,PVWatts,Solar_Delhi,,solar,36.746,,10,0,0,3
2023-03-20 11:00:00,8079.879,8541.065,291.287,37.857,51.561,8.079879,8.541065,PVWatts,Solar_Delhi,,solar,37.857,,11,0,0,3
2023-03-20 12:00:00,14609.979,15311.053,539.719,38.236,63.658,14.609979,15.311053,PVWatts,Solar_Delhi,,solar,38.236,,12,0,0,3
2023-03-20 13:00:00,23581.638,24612.292,926.232,37.929,81.758,23.581637999999998,24.612292,PVWatts,Solar_Delhi,,solar,37.929,,13,0,0,3
2023-03-20 14:00:00,20742.687,21669.05,780.423,37.113,74.108,20.742687,21.66905,PVWatts,Solar_Delhi,,solar,37.113,,14,0,0,3
2023-03-20 15:00:00,16235.187,16995.964,577.581,35.738,63.19,16.235187,16.995964,PVWatts,Solar_Delhi,,solar,35.738,,15,0,0,3
2023-03-20 16:00:00,9849.28,10375.467,343.477,33.617,49.85,9.84928,10.375467,PVWatts,Solar_Delhi,,solar,33.617,,16,0,0,3
2023-03-20 17:00:00,2945.518,3218.09,114.569,30.063,35.335,2.945518,3.21809,PVWatts,Solar_Delhi,,solar,30.063,,17,0,0,3
2023-03-20 18:00:00,0.0,0.0,0.0,28.002,0.0,0.0,0.0,PVWatts,Solar_Delhi,,solar,28.002,,18,0,0,3
2023-03-20 19:00:00,0.0,0.0,0.0,27.143,27.143,0.0,0.0,PVWatts,Solar_Delhi,,solar,27.143,,19,0,0,3
2023-03-20 20:00:00,0.0,0.0,0.0,26.198,26.198,0.0,0.0,PVWatts,Solar_Delhi,,solar,26.198,,20,0,0,3
2023-03-20 21:00:00,0.0,0.0,0.0,25.238,25.238,0.0,0.0,PVWatts,Solar_Delhi,,solar,25.238,,21,0,0,3
2023-03-20 22:00:00,0.0,0.0,0.0,24.288,24.288,0.0,0.0,PVWatts,Solar_Delhi,,solar,24.288,,22,0,0,3
2023-03-20 23:00:00,0.0,0.0,0.0,23.308,23.308,0.0,0.0,PVWatts,Solar_Delhi,,solar,23.308,,23,0,0,3
2023-03-21 00:00:00,0.0,0.0,0.0,22.364,22.364,0.0,0.0,PVWatts,Solar_Delhi,,solar,22.364,,0,1,0,3
2023-03-21 01:00:00,0.0,0.0,0.0,21.498,21.498,0.0,0.0,PVWatts,Solar_Delhi,,solar,21.498,,1,1,0,3
2023-03-21 02:00:00,0.0,0.0,0.0,20.674,20.674,0.0,0.0,PVWatts,Solar_Delhi,,solar,20.674,,2,1,0,3
2023-03-21 03:00:00,0.0,0.0,0.0,19.968,19.968,0.0,0.0,PVWatts,Solar_Delhi,,solar,19.968,,3,1,0,3
2023-03-21 04:00:00,0.0,0.0,0.0,19.395,19.395,0.0,0.0,PVWatts,Solar_Delhi,,solar,19.395,,4,1,0,3
2023-03-21 05:00:00,0.0,0.0,0.0,18.961,0.0,0.0,0.0,PVWatts,Solar_Delhi,,solar,18.961,,5,1,0,3
2023-03-21 06:00:00,0.0,0.0,0.0,20.753,0.0,0.0,0.0,PVWatts,Solar_Delhi,,solar,20.753,,6,1,0,3
2023-03-21 07:00:00,3172.063,3452.957,108.15,25.0,30.129,3.172063,3.452957,PVWatts,Solar_Delhi,,solar,25.0,,7,1,0,3
2023-03-21 08:00:00,12428.745,13049.69,422.66,29.885,49.95,12.428745000000001,13.04969,PVWatts,Solar_Delhi,,solar,29.885,,8,1,0,3
2023-03-21 09:00:00,19244.847,20116.186,700.875,33.339,66.547,19.244847,20.116186000000003,PVWatts,Solar_Delhi,,solar,33.339,,9,1,0,3
2023-03-21 10:00:00,23170.102,24185.638,889.484,34.919,77.005,23.170102,24.185637999999997,PVWatts,Solar_Delhi,,solar,34.919,,10,1,0,3
2023-03-21 11:00:00,26497.744,27635.523,990.83,35.772,70.754,26.497743999999997,27.635523000000003,PVWatts,Solar_Delhi,,solar,35.772,,11,1,0,3
2023-03-21 12:00:00,26830.34,27980.337,1007.389,36.049,71.616,26.83034,27.980337,PVWatts,Solar_Delhi,,solar,36.049,,12,1,0,3
2023-03-21 13:00:00,25409.556,26507.36,938.523,35.692,68.855,25.409556000000002,26.507360000000002,PVWatts,Solar_Delhi,,solar,35.692,,13,1,0,3
2023-03-21 14:00:00,22671.204,23668.413,789.121,34.829,57.109,22.671204000000003,23.668413,PVWatts,Solar_Delhi,,solar,34.829,,14,1,0,3
2023-03-21 15:00:00,17363.897,18166.138,582.445,33.383,49.87,17.363897,18.166138,PVWatts,Solar_Delhi,,solar,33.383,,15,1,0,3
2023-03-21 16:00:00,10445.201,10993.279,350.003,31.492,41.35,10.445200999999999,10.993279000000001,PVWatts,Solar_Delhi,,solar,31.492,,16,1,0,3
2023-03-21 17:00:00,3199.358,3481.256,121.548,28.544,31.877,3.199358,3.4812559999999997,PVWatts,Solar_Delhi,,solar,28.544,,17,1,0,3
2023-03-21 18:00:00,0.0,0.0,0.0,26.107,0.0,0.0,0.0,PVWatts,Solar_Delhi,,solar,26.107,,18,1,0,3
2023-03-21 19:00:00,0.0,0.0,0.0,25.122,25.122,0.0,0.0,PVWatts,Solar_Delhi,,solar,25.122,,19,1,0,3
2023-03-21 20:00:00,0.0,0.0,0.0,24.265,24.265,0.0,0.0,PVWatts,Solar_Delhi,,solar,24.265,,20,1,0,3
2023-03-21 21:00:00,0.0,0.0,0.0,23.449,23.449,0.0,0.0,PVWatts,Solar_Delhi,,solar,23.449,,21,1,0,3
2023-03-21 22:00:00,0.0,0.0,0.0,22.66,22.66,0.0,0.0,PVWatts,Solar_Delhi,,solar,22.66,,22,1,0,3
2023-03-21 23:00:00,0.0,0.0,0.0,21.876,21.876,0.0,0.0,PVWatts,Solar_Delhi,,solar,21.876,,23,1,0,3
2023-03-22 00:00:00,0.0,0.0,0.0,21.111,21.111,0.0,0.0,PVWatts,Solar_Delhi,,solar,21.111,,0,2,0,3
2023-03-22 01:00:00,0.0,0.0,0.0,20.325,20.325,0.0,0.0,PVWatts,Solar_Delhi,,solar,20.325,,1,2,0,3
2023-03-22 02:00:00,0.0,0.0,0.0,19.569,19.569,0.0,0.0,PVWatts,Solar_Delhi,,solar,19.569,,2,2,0,3
2023-03-22 03:00:00,0.0,0.0,0.0,18.837,18.837,0.0,0.0,PVWatts,Solar_Delhi,,solar,18.837,,3,2,0,3
2023-03-22 04:00:00,0.0,0.0,0.0,18.251,18.251,0.0,0.0,PVWatts,Solar_Delhi,,solar,18.251,,4,2,0,3
2023-03-22 05:00:00,0.0,0.0,0.0,17.797,0.0,0.0,0.0,PVWatts,Solar_Delhi,,solar,17.797,,5,2,0,3
2023-03-22 06:00:00,0.0,0.0,0.945,19.632,19.677,0.0,0.0,PVWatts,Solar_Delhi,,solar,19.632,,6,2,0,3
2023-03-22 07:00:00,4573.633,4906.015,152.711,23.98,31.217,4.573633,4.906015,PVWatts,Solar_Delhi,,solar,23.98,,7,2,0,3
2023-03-22 08:00:00,12763.357,13396.594,432.502,28.922,49.457,12.763357,13.396593999999999,PVWatts,Solar_Delhi,,solar,28.922,,8,2,0,3
2023-03-22 09:00:00,19349.521,20224.705,704.186,32.991,66.354,19.349521,20.224705,PVWatts,Solar_Delhi,,solar,32.991,,9,2,0,3
2023-03-22 10:00:00,23266.478,24285.554,894.895,35.022,77.361,23.266478,24.285554,PVWatts,Solar_Delhi,,solar,35.022,,10,2,0,3
2023-03-22 11:00:00,25022.366,26105.946,994.294,36.332,83.338,25.022366,26.105946,PVWatts,Solar_Delhi,,solar,36.332,,11,2,0,3
2023-03-22 12:00:00,26729.17,27875.451,1007.642,36.867,72.441,26.72917,27.875451,PVWatts,Solar_Delhi,,solar,36.867,,12,2,0,3
2023-03-22 13:00:00,25238.031,26329.534,936.537,36.745,69.837,25.238031,26.329534,PVWatts,Solar_Delhi,,solar,36.745,,13,2,0,3
2023-03-22 14:00:00,21968.971,22940.382,788.369,35.999,63.904,21.968971,22.940382000000003,PVWatts,Solar_Delhi,,solar,35.999,,14,2,0,3
2023-03-22 15:00:00,16879.554,17664.002,579.676,34.6,55.17,16.879554,17.664002,PVWatts,Solar_Delhi,,solar,34.6,,15,2,0,3
2023-03-22 16:00:00,10082.546,10617.302,342.755,32.611,44.717,10.082546,10.617302,PVWatts,Solar_Delhi,,solar,32.611,,16,2,0,3
2023-03-22 17:00:00,2957.836,3230.86,112.659,29.225,33.11,2.957836,3.2308600000000003,PVWatts,Solar_Delhi,,solar,29.225,,17,2,0,3
2023-03-22 18:00:00,0.0,0.0,0.0,26.89,0.0,0.0,0.0,PVWatts,Solar_Delhi,,solar,26.89,,18,2,0,3
2023-03-22 19:00:00,0.0,0.0,0.0,25.914,25.914,0.0,0.0,PVWatts,Solar_Delhi,,solar,25.914,,19,2,0,3
2023-03-22 20:00:00,0.0,0.0,0.0,25.045,25.045,0.0,0.0,PVWatts,Solar_Delhi,,solar,25.045,,20,2,0,3
2023-03-22 21:00:00,0.0,0.0,0.0,24.247,24.247,0.0,0.0,PVWatts,Solar_Delhi,,solar,24.247,,21,2,0,3
2023-03-22 22:00:00,0.0,0.0,0.0,23.535,23.535,0.0,0.0,PVWatts,Solar_Delhi,,solar,23.535,,22,2,0,3
2023-03-22 23:00:00,0.0,0.0,0.0,22.88,22.88,0.0,0.0,PVWatts,Solar_Delhi,,solar,22.88,,23,2,0,3
2023-03-23 00:00:00,0.0,0.0,0.0,22.273,22.273,0.0,0.0,PVWatts,Solar_Delhi,,solar,22.273,,0,3,0,3
2023-03-23 01:00:00,0.0,0.0,0.0,21.674,21.674,0.0,0.0,PVWatts,Solar_Delhi,,solar,21.674,,1,3,0,3
2023-03-23 02:00:00,0.0,0.0,0.0,21.128,21.128,0.0,0.0,PVWatts,Solar_Delhi,,solar,21.128,,2,3,0,3
2023-03-23 03:00:00,0.0,0.0,0.0,20.603,20.603,0.0,0.0,PVWatts,Solar_Delhi,,solar,20.603,,3,3,0,3
2023-03-23 04:00:00,0.0,0.0,0.0,20.114,20.114,0.0,0.0,PVWatts,Solar_Delhi,,solar,20.114,,4,3,0,3
2023-03-23 05:00:00,0.0,0.0,0.0,19.652,0.0,0.0,0.0,PVWatts,Solar_Delhi,,solar,19.652,,5,3,0,3
2023-03-23 06:00:00,0.0,49.297,1.89,21.44,21.507,0.0,0.049296999999999994,PVWatts,Solar_Delhi,,solar,21.44,,6,3,0,3
2023-03-23 07:00:00,5954.378,6337.483,197.282,25.608,32.582,5.954377999999999,6.337483,PVWatts,Solar_Delhi,,solar,25.608,,7,3,0,3
2023-03-23 08:00:00,10391.687,10937.799,353.034,30.411,47.152,10.391687,10.937799,PVWatts,Solar_Delhi,,solar,30.411,,8,3,0,3
2023-03-23 09:00:00,6786.759,7200.442,237.363,33.635,44.837,6.786759,7.200442,PVWatts,Solar_Delhi,,solar,33.635,,9,3,0,3
2023-03-23 10:00:00,22244.062,23225.58,852.31,35.489,75.772,22.244062000000003,23.22558,PVWatts,Solar_Delhi,,solar,35.489,,10,3,0,3
2023-03-23 11:00:00,24739.807,25813.007,981.841,36.649,83.063,24.739807,25.813007000000002,PVWatts,Solar_Delhi,,solar,36.649,,11,3,0,3
2023-03-23 12:00:00,24950.801,26031.752,995.955,37.14,84.223,24.950801,26.031752,PVWatts,Solar_Delhi,,solar,37.14,,12,3,0,3
2023-03-23 13:00:00,23661.951,24695.555,925.341,36.996,80.778,23.661951000000002,24.695555,PVWatts,Solar_Delhi,,solar,36.996,,13,3,0,3
2023-03-23 14:00:00,21408.185,22358.996,767.998,36.242,63.413,21.408185,22.358995999999998,PVWatts,Solar_Delhi,,solar,36.242,,14,3,0,3
2023-03-23 15:00:00,16822.641,17604.999,578.155,34.891,55.409,16.822641,17.604999,PVWatts,Solar_Delhi,,solar,34.891,,15,3,0,3
2023-03-23 16:00:00,10092.096,10627.203,344.693,32.915,45.078,10.092096,10.627203,PVWatts,Solar_Delhi,,solar,32.915,,16,3,0,3
2023-03-23 17:00:00,3166.267,3446.949,121.687,29.713,33.894,3.166267,3.446949,PVWatts,Solar_Delhi,,solar,29.713,,17,3,0,3
2023-03-23 18:00:00,0.0,0.0,0.0,27.51,0.0,0.0,0.0,PVWatts,Solar_Delhi,,solar,27.51,,18,3,0,3
2023-03-23 19:00:00,0.0,0.0,0.0,26.634,26.634,0.0,0.0,PVWatts,Solar_Delhi,,solar,26.634,,19,3,0,3
2023-03-23 20:00:00,0.0,0.0,0.0,25.822,25.822,0.0,0.0,PVWatts,Solar_Delhi,,solar,25.822,,20,3,0,3
2023-03-23 21:00:00,0.0,0.0,0.0,25.079,25.079,0.0,0.0,PVWatts,Solar_Delhi,,solar,25.079,,21,3,0,3
2023-03-23 22:00:00,0.0,0.0,0.0,24.448,24.448,0.0,0.0,PVWatts,Solar_Delhi,,solar,24.448,,22,3,0,3
2023-03-23 23:00:00,0.0,0.0,0.0,23.859,23.859,0.0,0.0,PVWatts,Solar_Delhi,,solar,23.859,,23,3,0,3
2023-03-24 00:00:00,0.0,0.0,0.0,23.26,23.26,0.0,0.0,PVWatts,Solar_Delhi,,solar,23.26,,0,4,0,3
2023-03-24 01:00:00,0.0,0.0,0.0,22.626,22.626,0.0,0.0,PVWatts,Solar_Delhi,,solar,22.626,,1,4,0,3
2023-03-24 02:00:00,0.0,0.0,0.0,22.093,22.093,0.0,0.0,PVWatts,Solar_Delhi,,solar,22.093,,2,4,0,3
2023-03-24 03:00:00,0.0,0.0,0.0,21.636,21.636,0.0,0.0,PVWatts,Solar_Delhi,,solar,21.636,,3,4,0,3
2023-03-24 04:00:00,0.0,0.0,0.0,21.2,21.2,0.0,0.0,PVWatts,Solar_Delhi,,solar,21.2,,4,4,0,3
2023-03-24 05:00:00,0.0,0.0,0.0,20.735,0.0,0.0,0.0,PVWatts,Solar_Delhi,,solar,20.735,,5,4,0,3
2023-03-24 06:00:00,0.0,75.542,2.835,22.314,22.414,0.0,0.075542,PVWatts,Solar_Delhi,,solar,22.314,,6,4,0,3
2023-03-24 07:00:00,5809.946,6187.745,192.916,26.304,33.126,5.809946,6.187745,PVWatts,Solar_Delhi,,solar,26.304,,7,4,0,3
2023-03-24 08:00:00,14182.799,14868.18,474.857,31.055,47.901,14.182799000000001,14.86818,PVWatts,Solar_Delhi,,solar,31.055,,8,4,0,3
2023-03-24 09:00:00,19363.985,20239.7,708.67,34.131,67.712,19.363985,20.2397,PVWatts,Solar_Delhi,,solar,34.131,,9,4,0,3
2023-03-24 10:00:00,22951.455,23958.959,885.869,36.086,77.993,22.951455000000003,23.958959,PVWatts,Solar_Delhi,,solar,36.086,,10,4,0,3
2023-03-24 11:00:00,24658.776,25729.0,982.257,37.34,83.772,24.658776000000003,25.729,PVWatts,Solar_Delhi,,solar,37.34,,11,4,0,3
2023-03-24 12:00:00,24838.385,25915.206,995.133,37.887,84.929,24.838385,25.915205999999998,PVWatts,Solar_Delhi,,solar,37.887,,12,4,0,3
2023-03-24 13:00:00,22068.731,23043.808,855.587,37.801,78.24,22.068731,23.043808000000002,PVWatts,Solar_Delhi,,solar,37.801,,13,4,0,3
2023-03-24 14:00:00,18467.406,19310.185,684.346,37.082,69.478,18.467406,19.310185,PVWatts,Solar_Delhi,,solar,37.082,,14,4,0,3
2023-03-24 15:00:00,13528.415,14189.758,477.274,35.745,58.382,13.528415,14.189758,PVWatts,Solar_Delhi,,solar,35.745,,15,4,0,3
2023-03-24 16:00:00,5319.372,5679.149,183.431,33.779,42.482,5.319372,5.679149000000001,PVWatts,Solar_Delhi,,solar,33.779,,16,4,0,3
2023-03-24 17:00:00,562.116,747.133,26.56,30.557,31.799,0.562116,0.747133,PVWatts,Solar_Delhi,,solar,30.557,,17,4,0,3
2023-03-24 18:00:00,0.0,0.0,0.0,28.449,0.0,0.0,0.0,PVWatts,Solar_Delhi,,solar,28.449,,18,4,0,3
2023-03-24 19:00:00,0.0,0.0,0.0,27.556,27.556,0.0,0.0,PVWatts,Solar_Delhi,,solar,27.556,,19,4,0,3
2023-03-24 20:00:00,0.0,0.0,0.0,26.714,26.714,0.0,0.0,PVWatts,Solar_Delhi,,solar,26.714,,20,4,0,3
2023-03-24 21:00:00,0.0,0.0,0.0,25.958,25.958,0.0,0.0,PVWatts,Solar_Delhi,,solar,25.958,,21,4,0,3
2023-03-24 22:00:00,0.0,0.0,0.0,25.264,25.264,0.0,0.0,PVWatts,Solar_Delhi,,solar,25.264,,22,4,0,3
2023-03-24 23:00:00,0.0,0.0,0.0,24.777,24.777,0.0,0.0,PVWatts,Solar_Delhi,,solar,24.777,,23,4,0,3
2023-03-25 00:00:00,0.0,0.0,0.0,24.163,24.163,0.0,0.0,PVWatts,Solar_Delhi,,solar,24.163,,0,5,1,3
2023-03-25 01:00:00,0.0,0.0,0.0,23.205,23.205,0.0,0.0,PVWatts,Solar_Delhi,,solar,23.205,,1,5,1,3
2023-03-25 02:00:00,0.0,0.0,0.0,22.274,22.274,0.0,0.0,PVWatts,Solar_Delhi,,solar,22.274,,2,5,1,3
2023-03-25 03:00:00,0.0,0.0,0.0,21.558,21.558,0.0,0.0,PVWatts,Solar_Delhi,,solar,21.558,,3,5,1,3
2023-03-25 04:00:00,0.0,0.0,0.0,20.935,20.935,0.0,0.0,PVWatts,Solar_Delhi,,solar,20.935,,4,5,1,3
2023-03-25 05:00:00,0.0,0.0,0.0,21.047,0.0,0.0,0.0,PVWatts,Solar_Delhi,,solar,21.047,,5,5,1,3
2023-03-25 06:00:00,0.0,75.704,2.835,22.498,22.598,0.0,0.075704,PVWatts,Solar_Delhi,,solar,22.498,,6,5,1,3
2023-03-25 07:00:00,5183.495,5538.281,171.45,24.735,30.8,5.183495,5.538281,PVWatts,Solar_Delhi,,solar,24.735,,7,5,1,3
2023-03-25 08:00:00,7765.891,8215.543,258.205,28.399,37.531,7.765891,8.215543,PVWatts,Solar_Delhi,,solar,28.399,,8,5,1,3
2023-03-25 09:00:00,19826.328,20719.029,694.209,32.766,57.313,19.826328,20.719029,PVWatts,Solar_Delhi,,solar,32.766,,9,5,1,3
2023-03-25 10:00:00,23833.562,24873.47,870.432,35.207,65.944,23.833562,24.87347,PVWatts,Solar_Delhi,,solar,35.207,,10,5,1,3
2023-03-25 11:00:00,26267.493,27396.813,986.628,36.746,71.573,26.267492999999998,27.396812999999998,PVWatts,Solar_Delhi,,solar,36.746,,11,5,1,3
2023-03-25 12:00:00,17627.401,18439.322,662.214,37.635,68.846,17.627401000000003,18.439322,PVWatts,Solar_Delhi,,solar,37.635,,12,5,1,3
2023-03-25 13:00:00,23248.702,24267.125,911.667,37.639,80.738,23.248702,24.267125,PVWatts,Solar_Delhi,,solar,37.639,,13,5,1,3
2023-03-25 14:00:00,19926.297,20822.669,745.097,36.764,72.054,19.926296999999998,20.822669,PVWatts,Solar_Delhi,,solar,36.764,,14,5,1,3
2023-03-25 15:00:00,16334.069,17098.478,562.275,35.235,55.179,16.334069,17.098478,PVWatts,Solar_Delhi,,solar,35.235,,15,5,1,3
2023-03-25 16:00:00,10094.276,10629.463,344.605,33.115,45.28,10.094276,10.629463,PVWatts,Solar_Delhi,,solar,33.115,,16,5,1,3
2023-03-25 17:00:00,3223.765,3506.559,123.156,30.092,33.469,3.2237649999999998,3.506559,PVWatts,Solar_Delhi,,solar,30.092,,17,5,1,3
2023-03-25 18:00:00,0.0,0.0,0.0,27.717,0.0,0.0,0.0,PVWatts,Solar_Delhi,,solar,27.717,,18,5,1,3
2023-03-25 19:00:00,0.0,0.0,0.0,26.634,26.634,0.0,0.0,PVWatts,Solar_Delhi,,solar,26.634,,19,5,1,3
2023-03-25 20:00:00,0.0,0.0,0.0,25.358,25.358,0.0,0.0,PVWatts,Solar_Delhi,,solar,25.358,,20,5,1,3
2023-03-25 21:00:00,0.0,0.0,0.0,24.1,24.1,0.0,0.0,PVWatts,Solar_Delhi,,solar,24.1,,21,5,1,3
2023-03-25 22:00:00,0.0,0.0,0.0,23.049,23.049,0.0,0.0,PVWatts,Solar_Delhi,,solar,23.049,,22,5,1,3
2023-03-25 23:00:00,0.0,0.0,0.0,22.158,22.158,0.0,0.0,PVWatts,Solar_Delhi,,solar,22.158,,23,5,1,3
2023-03-26 00:00:00,0.0,0.0,0.0,21.381,21.381,0.0,0.0,PVWatts,Solar_Delhi,,solar,21.381,,0,6,1,3
2023-03-26 01:00:00,0.0,0.0,0.0,20.703,20.703,0.0,0.0,PVWatts,Solar_Delhi,,solar,20.703,,1,6,1,3
2023-03-26 02:00:00,0.0,0.0,0.0,20.104,20.104,0.0,0.0,PVWatts,Solar_Delhi,,solar,20.104,,2,6,1,3
2023-03-26 03:00:00,0.0,0.0,0.0,19.607,19.607,0.0,0.0,PVWatts,Solar_Delhi,,solar,19.607,,3,6,1,3
2023-03-26 04:00:00,0.0,0.0,0.0,19.204,19.204,0.0,0.0,PVWatts,Solar_Delhi,,solar,19.204,,4,6,1,3
2023-03-26 05:00:00,0.0,0.0,0.0,18.872,0.0,0.0,0.0,PVWatts,Solar_Delhi,,solar,18.872,,5,6,1,3
2023-03-26 06:00:00,0.0,131.27,4.727,20.923,21.089,0.0,0.13127,PVWatts,Solar_Delhi,,solar,20.923,,6,6,1,3
2023-03-26 07:00:00,5954.106,6337.201,196.21,24.864,31.804,5.9541059999999995,6.337201,PVWatts,Solar_Delhi,,solar,24.864,,7,6,1,3
2023-03-26 08:00:00,14689.213,15393.198,481.86,29.21,42.839,14.689213,15.393198,PVWatts,Solar_Delhi,,solar,29.21,,8,6,1,3
2023-03-26 09:00:00,20663.32,21586.768,720.921,31.511,57.016,20.66332,21.586768,PVWatts,Solar_Delhi,,solar,31.511,,9,6,1,3
2023-03-26 10:00:00,24862.139,25939.833,903.998,33.275,65.208,24.862139,25.939833,PVWatts,Solar_Delhi,,solar,33.275,,10,6,1,3
2023-03-26 11:00:00,26927.657,28081.229,1003.965,34.474,69.911,26.927657,28.081229,PVWatts,Solar_Delhi,,solar,34.474,,11,6,1,3
2023-03-26 12:00:00,27151.858,28313.667,1017.297,35.046,70.954,27.151858,28.313667000000002,PVWatts,Solar_Delhi,,solar,35.046,,12,6,1,3
2023-03-26 13:00:00,26388.743,27522.518,943.879,35.001,61.598,26.388742999999998,27.522518,PVWatts,Solar_Delhi,,solar,35.001,,13,6,1,3
2023-03-26 14:00:00,22810.496,23812.822,793.239,34.327,56.719,22.810496,23.812822,PVWatts,Solar_Delhi,,solar,34.327,,14,6,1,3
2023-03-26 15:00:00,17502.851,18310.196,587.076,33.084,49.698,17.502851,18.310196,PVWatts,Solar_Delhi,,solar,33.084,,15,6,1,3
2023-03-26 16:00:00,10552.753,11104.782,353.545,31.281,41.236,10.552753000000001,11.104781999999998,PVWatts,Solar_Delhi,,solar,31.281,,16,6,1,3
2023-03-26 17:00:00,3302.539,3588.226,124.891,28.469,31.896,3.3025390000000003,3.588226,PVWatts,Solar_Delhi,,solar,28.469,,17,6,1,3
2023-03-26 18:00:00,0.0,0.0,0.0,26.024,0.0,0.0,0.0,PVWatts,Solar_Delhi,,solar,26.024,,18,6,1,3
2023-03-26 19:00:00,0.0,0.0,0.0,25.092,25.092,0.0,0.0,PVWatts,Solar_Delhi,,solar,25.092,,19,6,1,3
2023-03-26 20:00:00,0.0,0.0,0.0,24.342,24.342,0.0,0.0,PVWatts,Solar_Delhi,,solar,24.342,,20,6,1,3
2023-03-26 21:00:00,0.0,0.0,0.0,23.64,23.64,0.0,0.0,PVWatts,Solar_Delhi,,solar,23.64,,21,6,1,3
2023-03-26 22:00:00,0.0,0.0,0.0,22.932,22.932,0.0,0.0,PVWatts,Solar_Delhi,,solar,22.932,,22,6,1,3
2023-03-26 23:00:00,0.0,0.0,0.0,22.267,22.267,0.0,0.0,PVWatts,Solar_Delhi,,solar,22.267,,23,6,1,3
2023-03-27 00:00:00,0.0,0.0,0.0,21.742,21.742,0.0,0.0,PVWatts,Solar_Delhi,,solar,21.742,,0,0,0,3
2023-03-27 01:00:00,0.0,0.0,0.0,21.239,21.239,0.0,0.0,PVWatts,Solar_Delhi,,solar,21.239,,1,0,0,3
2023-03-27 02:00:00,0.0,0.0,0.0,20.699,20.699,0.0,0.0,PVWatts,Solar_Delhi,,solar,20.699,,2,0,0,3
2023-03-27 03:00:00,0.0,0.0,0.0,20.128,20.128,0.0,0.0,PVWatts,Solar_Delhi,,solar,20.128,,3,0,0,3
2023-03-27 04:00:00,0.0,0.0,0.0,19.683,19.683,0.0,0.0,PVWatts,Solar_Delhi,,solar,19.683,,4,0,0,3
2023-03-27 05:00:00,0.0,0.0,0.0,19.349,0.0,0.0,0.0,PVWatts,Solar_Delhi,,solar,19.349,,5,0,0,3
2023-03-27 06:00:00,0.0,49.947,1.89,21.278,21.367,0.0,0.049947000000000005,PVWatts,Solar_Delhi,,solar,21.278,,6,0,0,3
2023-03-27 07:00:00,2858.163,3127.526,98.144,25.367,30.023,2.8581630000000002,3.127526,PVWatts,Solar_Delhi,,solar,25.367,,7,0,0,3
2023-03-27 08:00:00,8960.682,9454.225,304.291,30.06,44.473,8.960682,9.454225000000001,PVWatts,Solar_Delhi,,solar,30.06,,8,0,0,3
2023-03-27 09:00:00,11523.058,12110.732,396.41,33.311,47.286,11.523058,12.110732,PVWatts,Solar_Delhi,,solar,33.311,,9,0,0,3
2023-03-27 10:00:00,15593.391,16330.591,548.706,34.43,53.749,15.593391,16.330591000000002,PVWatts,Solar_Delhi,,solar,34.43,,10,0,0,3
2023-03-27 11:00:00,16523.353,17294.716,586.037,34.386,54.996,16.523353,17.294716,PVWatts,Solar_Delhi,,solar,34.386,,11,0,0,3
2023-03-27 12:00:00,9267.09,9771.889,320.688,34.299,43.283,9.26709,9.771889,PVWatts,Solar_Delhi,,solar,34.299,,12,0,0,3
2023-03-27 13:00:00,8760.12,9246.296,301.96,33.999,42.466,8.76012,9.246296000000001,PVWatts,Solar_Delhi,,solar,33.999,,13,0,0,3
2023-03-27 14:00:00,5829.395,6207.908,201.307,33.422,39.076,5.829395000000001,6.207908000000001,PVWatts,Solar_Delhi,,solar,33.422,,14,0,0,3
2023-03-27 15:00:00,3776.602,4079.704,132.119,32.882,37.55,3.776602,4.079704,PVWatts,Solar_Delhi,,solar,32.882,,15,0,0,3
2023-03-27 16:00:00,4423.106,4749.958,151.197,32.358,37.717,4.423106,4.7499579999999995,PVWatts,Solar_Delhi,,solar,32.358,,16,0,0,3
2023-03-27 17:00:00,1103.399,1308.3,44.737,29.277,30.843,1.1033989999999998,1.3083,PVWatts,Solar_Delhi,,solar,29.277,,17,0,0,3
2023-03-27 18:00:00,0.0,0.0,0.0,27.094,0.0,0.0,0.0,PVWatts,Solar_Delhi,,solar,27.094,,18,0,0,3
2023-03-27 19:00:00,0.0,0.0,0.0,26.399,26.399,0.0,0.0,PVWatts,Solar_Delhi,,solar,26.399,,19,0,0,3
2023-03-27 20:00:00,0.0,0.0,0.0,25.68,25.68,0.0,0.0,PVWatts,Solar_Delhi,,solar,25.68,,20,0,0,3
2023-03-27 21:00:00,0.0,0.0,0.0,24.913,24.913,0.0,0.0,PVWatts,Solar_Delhi,,solar,24.913,,21,0,0,3
2023-03-27 22:00:00,0.0,0.0,0.0,24.162,24.162,0.0,0.0,PVWatts,Solar_Delhi,,solar,24.162,,22,0,0,3
2023-03-27 23:00:00,0.0,0.0,0.0,23.454,23.454,0.0,0.0,PVWatts,Solar_Delhi,,solar,23.454,,23,0,0,3
2023-03-28 00:00:00,0.0,0.0,0.0,22.805,22.805,0.0,0.0,PVWatts,Solar_Delhi,,solar,22.805,,0,1,0,3
2023-03-28 01:00:00,0.0,0.0,0.0,22.149,22.149,0.0,0.0,PVWatts,Solar_Delhi,,solar,22.149,,1,1,0,3
2023-03-28 02:00:00,0.0,0.0,0.0,21.426,21.426,0.0,0.0,PVWatts,Solar_Delhi,,solar,21.426,,2,1,0,3
2023-03-28 03:00:00,0.0,0.0,0.0,20.716,20.716,0.0,0.0,PVWatts,Solar_Delhi,,solar,20.716,,3,1,0,3
2023-03-28 04:00:00,0.0,0.0,0.0,20.104,20.104,0.0,0.0,PVWatts,Solar_Delhi,,solar,20.104,,4,1,0,3
2023-03-28 05:00:00,0.0,0.0,0.0,19.62,0.0,0.0,0.0,PVWatts,Solar_Delhi,,solar,19.62,,5,1,0,3
2023-03-28 06:00:00,0.0,159.248,5.673,21.611,21.81,0.0,0.159248,PVWatts,Solar_Delhi,,solar,21.611,,6,1,0,3
2023-03-28 07:00:00,4923.532,5268.768,163.236,25.135,30.912,4.923532,5.268768,PVWatts,Solar_Delhi,,solar,25.135,,7,1,0,3
2023-03-28 08:00:00,14586.735,15286.955,486.091,29.473,46.713,14.586735000000001,15.286955,PVWatts,Solar_Delhi,,solar,29.473,,8,1,0,3
2023-03-28 09:00:00,20445.968,21361.431,717.543,32.908,58.292,20.445968,21.361431,PVWatts,Solar_Delhi,,solar,32.908,,9,1,0,3
2023-03-28 10:00:00,24245.74,25300.79,888.07,35.363,66.73,24.24574,25.30079,PVWatts,Solar_Delhi,,solar,35.363,,10,1,0,3
2023-03-28 11:00:00,26195.576,27322.255,984.557,36.859,71.607,26.195576000000003,27.322255000000002,PVWatts,Solar_Delhi,,solar,36.859,,11,1,0,3
2023-03-28 12:00:00,26338.908,27470.853,995.404,37.665,72.798,26.338908,27.470852999999998,PVWatts,Solar_Delhi,,solar,37.665,,12,1,0,3
2023-03-28 13:00:00,18591.269,19438.598,701.832,37.759,70.87,18.591269,19.438598000000002,PVWatts,Solar_Delhi,,solar,37.759,,13,1,0,3
2023-03-28 14:00:00,5542.032,5909.989,197.886,37.095,46.43,5.542032,5.9099889999999995,PVWatts,Solar_Delhi,,solar,37.095,,14,1,0,3
2023-03-28 15:00:00,12492.974,13116.279,439.446,35.795,56.626,12.492974,13.116279,PVWatts,Solar_Delhi,,solar,35.795,,15,1,0,3
2023-03-28 16:00:00,9105.884,9604.761,310.386,33.681,44.649,9.105884,9.604761,PVWatts,Solar_Delhi,,solar,33.681,,16,1,0,3
2023-03-28 17:00:00,3261.515,3545.695,129.268,30.986,35.389,3.2615149999999997,3.5456950000000003,PVWatts,Solar_Delhi,,solar,30.986,,17,1,0,3
2023-03-28 18:00:00,0.0,0.0,0.0,29.253,0.0,0.0,0.0,PVWatts,Solar_Delhi,,solar,29.253,,18,1,0,3
2023-03-28 19:00:00,0.0,0.0,0.0,28.321,28.321,0.0,0.0,PVWatts,Solar_Delhi,,solar,28.321,,19,1,0,3
2023-03-28 20:00:00,0.0,0.0,0.0,27.299,27.299,0.0,0.0,PVWatts,Solar_Delhi,,solar,27.299,,20,1,0,3
2023-03-28 21:00:00,0.0,0.0,0.0,26.275,26.275,0.0,0.0,PVWatts,Solar_Delhi,,solar,26.275,,21,1,0,3
2023-03-28 22:00:00,0.0,0.0,0.0,25.328,25.328,0.0,0.0,PVWatts,Solar_Delhi,,solar,25.328,,22,1,0,3
2023-03-28 23:00:00,0.0,0.0,0.0,24.584,24.584,0.0,0.0,PVWatts,Solar_Delhi,,solar,24.584,,23,1,0,3
2023-03-29 00:00:00,0.0,0.0,0.0,23.947,23.947,0.0,0.0,PVWatts,Solar_Delhi,,solar,23.947,,0,2,0,3
2023-03-29 01:00:00,0.0,0.0,0.0,22.981,22.981,0.0,0.0,PVWatts,Solar_Delhi,,solar,22.981,,1,2,0,3
2023-03-29 02:00:00,0.0,0.0,0.0,21.904,21.904,0.0,0.0,PVWatts,Solar_Delhi,,solar,21.904,,2,2,0,3
2023-03-29 03:00:00,0.0,0.0,0.0,21.19,21.19,0.0,0.0,PVWatts,Solar_Delhi,,solar,21.19,,3,2,0,3
2023-03-29 04:00:00,0.0,0.0,0.0,20.715,20.715,0.0,0.0,PVWatts,Solar_Delhi,,solar,20.715,,4,2,0,3
2023-03-29 05:00:00,0.0,0.0,0.0,20.369,0.0,0.0,0.0,PVWatts,Solar_Delhi,,solar,20.369,,5,2,0,3
2023-03-29 06:00:00,48.833,214.993,7.566,22.527,22.793,0.048833,0.214993,PVWatts,Solar_Delhi,,solar,22.527,,6,2,0,3
2023-03-29 07:00:00,1945.849,2181.698,69.361,26.259,29.55,1.945849,2.181698,PVWatts,Solar_Delhi,,solar,26.259,,7,2,0,3
2023-03-29 08:00:00,4223.895,4543.429,147.293,31.426,38.39,4.223895000000001,4.543429,PVWatts,Solar_Delhi,,solar,31.426,,8,2,0,3
2023-03-29 09:00:00,19588.452,20472.413,722.402,34.934,69.155,19.588452,20.472413,PVWatts,Solar_Delhi,,solar,34.934,,9,2,0,3
2023-03-29 10:00:00,19514.412,20395.654,736.141,36.781,71.542,19.514412,20.395654,PVWatts,Solar_Delhi,,solar,36.781,,10,2,0,3
2023-03-29 11:00:00,22215.209,23195.666,869.666,38.131,79.177,22.215208999999998,23.195666000000003,PVWatts,Solar_Delhi,,solar,38.131,,11,2,0,3
2023-03-29 12:00:00,23313.7,24334.511,870.194,38.575,69.248,23.3137,24.334511,PVWatts,Solar_Delhi,,solar,38.575,,12,2,0,3
2023-03-29 13:00:00,21664.086,22624.297,796.235,38.285,66.371,21.664086,22.624297,PVWatts,Solar_Delhi,,solar,38.285,,13,2,0,3
2023-03-29 14:00:00,21020.259,21956.819,759.23,37.439,64.279,21.020259,21.956819,PVWatts,Solar_Delhi,,solar,37.439,,14,2,0,3
2023-03-29 15:00:00,13261.614,13913.155,456.849,36.088,52.26,13.261614,13.913155000000001,PVWatts,Solar_Delhi,,solar,36.088,,15,2,0,3
2023-03-29 16:00:00,7812.368,8263.727,263.364,34.102,41.536,7.812368,8.263727000000001,PVWatts,Solar_Delhi,,solar,34.102,,16,2,0,3
2023-03-29 17:00:00,2535.916,2793.442,94.428,31.32,33.949,2.5359160000000003,2.793442,PVWatts,Solar_Delhi,,solar,31.32,,17,2,0,3
2023-03-29 18:00:00,0.0,0.0,0.97,29.029,29.052,0.0,0.0,PVWatts,Solar_Delhi,,solar,29.029,,18,2,0,3
2023-03-29 19:00:00,0.0,0.0,0.0,28.202,28.202,0.0,0.0,PVWatts,Solar_Delhi,,solar,28.202,,19,2,0,3
2023-03-29 20:00:00,0.0,0.0,0.0,27.32,27.32,0.0,0.0,PVWatts,Solar_Delhi,,solar,27.32,,20,2,0,3
2023-03-29 21:00:00,0.0,0.0,0.0,26.469,26.469,0.0,0.0,PVWatts,Solar_Delhi,,solar,26.469,,21,2,0,3
2023-03-29 22:00:00,0.0,0.0,0.0,25.584,25.584,0.0,0.0,PVWatts,Solar_Delhi,,solar,25.584,,22,2,0,3
2023-03-29 23:00:00,0.0,0.0,0.0,24.84,24.84,0.0,0.0,PVWatts,Solar_Delhi,,solar,24.84,,23,2,0,3
2023-03-30 00:00:00,0.0,0.0,0.0,23.852,23.852,0.0,0.0,PVWatts,Solar_Delhi,,solar,23.852,,0,3,0,3
2023-03-30 01:00:00,0.0,0.0,0.0,23.197,23.197,0.0,0.0,PVWatts,Solar_Delhi,,solar,23.197,,1,3,0,3
2023-03-30 02:00:00,0.0,0.0,0.0,22.462,22.462,0.0,0.0,PVWatts,Solar_Delhi,,solar,22.462,,2,3,0,3
2023-03-30 03:00:00,0.0,0.0,0.0,21.659,21.659,0.0,0.0,PVWatts,Solar_Delhi,,solar,21.659,,3,3,0,3
2023-03-30 04:00:00,0.0,0.0,0.0,21.009,21.009,0.0,0.0,PVWatts,Solar_Delhi,,solar,21.009,,4,3,0,3
2023-03-30 05:00:00,0.0,0.0,0.0,20.545,0.0,0.0,0.0,PVWatts,Solar_Delhi,,solar,20.545,,5,3,0,3
2023-03-30 06:00:00,49.306,215.484,7.566,22.518,22.731,0.049305999999999996,0.215484,PVWatts,Solar_Delhi,,solar,22.518,,6,3,0,3
2023-03-30 07:00:00,6405.461,6805.137,211.406,25.798,33.276,6.405461,6.805136999999999,PVWatts,Solar_Delhi,,solar,25.798,,7,3,0,3
2023-03-30 08:00:00,13726.559,14395.18,459.36,30.39,46.67,13.726559,14.39518,PVWatts,Solar_Delhi,,solar,30.39,,8,3,0,3
2023-03-30 09:00:00,20627.674,21549.812,724.826,32.602,58.232,20.627674,21.549812000000003,PVWatts,Solar_Delhi,,solar,32.602,,9,3,0,3
2023-03-30 10:00:00,24802.558,25878.063,905.14,33.878,65.844,24.802558,25.878062999999997,PVWatts,Solar_Delhi,,solar,33.878,,10,3,0,3
2023-03-30 11:00:00,27573.0,28750.279,997.954,35.193,63.285,27.573,28.750279,PVWatts,Solar_Delhi,,solar,35.193,,11,3,0,3
2023-03-30 12:00:00,26714.94,27860.697,972.798,36.858,64.224,26.71494,27.860697000000002,PVWatts,Solar_Delhi,,solar,36.858,,12,3,0,3
2023-03-30 13:00:00,25960.244,27078.278,935.403,36.782,63.136,25.960244,27.078277999999997,PVWatts,Solar_Delhi,,solar,36.782,,13,3,0,3
2023-03-30 14:00:00,22826.925,23829.854,787.08,36.132,54.607,22.826925,23.829854,PVWatts,Solar_Delhi,,solar,36.132,,14,3,0,3
2023-03-30 15:00:00,17443.761,18248.936,582.463,34.845,48.554,17.443761,18.248936,PVWatts,Solar_Delhi,,solar,34.845,,15,3,0,3
2023-03-30 16:00:00,10378.864,10924.506,348.925,33.069,41.234,10.378864,10.924506,PVWatts,Solar_Delhi,,solar,33.069,,16,3,0,3
2023-03-30 17:00:00,3450.32,3741.437,131.512,30.545,33.542,3.45032,3.741437,PVWatts,Solar_Delhi,,solar,30.545,,17,3,0,3
2023-03-30 18:00:00,0.0,0.0,0.97,27.994,28.013,0.0,0.0,PVWatts,Solar_Delhi,,solar,27.994,,18,3,0,3
2023-03-30 19:00:00,0.0,0.0,0.0,26.949,26.949,0.0,0.0,PVWatts,Solar_Delhi,,solar,26.949,,19,3,0,3
2023-03-30 20:00:00,0.0,0.0,0.0,26.066,26.066,0.0,0.0,PVWatts,Solar_Delhi,,solar,26.066,,20,3,0,3
2023-03-30 21:00:00,0.0,0.0,0.0,25.19,25.19,0.0,0.0,PVWatts,Solar_Delhi,,solar,25.19,,21,3,0,3
2023-03-30 22:00:00,0.0,0.0,0.0,24.345,24.345,0.0,0.0,PVWatts,Solar_Delhi,,solar,24.345,,22,3,0,3
2023-03-30 23:00:00,0.0,0.0,0.0,23.601,23.601,0.0,0.0,PVWatts,Solar_Delhi,,solar,23.601,,23,3,0,3
2023-03-31 00:00:00,0.0,0.0,0.0,23.037,23.037,0.0,0.0,PVWatts,Solar_Delhi,,solar,23.037,,0,4,0,3
2023-03-31 01:00:00,0.0,0.0,0.0,22.48,22.48,0.0,0.0,PVWatts,Solar_Delhi,,solar,22.48,,1,4,0,3
2023-03-31 02:00:00,0.0,0.0,0.0,21.825,21.825,0.0,0.0,PVWatts,Solar_Delhi,,solar,21.825,,2,4,0,3
2023-03-31 03:00:00,0.0,0.0,0.0,21.156,21.156,0.0,0.0,PVWatts,Solar_Delhi,,solar,21.156,,3,4,0,3
2023-03-31 04:00:00,0.0,0.0,0.0,20.386,20.386,0.0,0.0,PVWatts,Solar_Delhi,,solar,20.386,,4,4,0,3
2023-03-31 05:00:00,0.0,0.0,0.0,19.622,0.0,0.0,0.0,PVWatts,Solar_Delhi,,solar,19.622,,5,4,0,3
2023-03-31 06:00:00,106.94,275.236,9.46,20.988,21.209,0.10694,0.275236,PVWatts,Solar_Delhi,,solar,20.988,,6,4,0,3
2023-03-31 07:00:00,6856.808,7273.064,223.198,24.574,30.871,6.856808,7.273064000000001,PVWatts,Solar_Delhi,,solar,24.574,,7,4,0,3
2023-03-31 08:00:00,15339.578,16067.455,500.102,29.529,41.289,15.339578,16.067455,PVWatts,Solar_Delhi,,solar,29.529,,8,4,0,3
2023-03-31 09:00:00,21772.797,22737.002,735.339,32.012,49.264,21.772796999999997,22.737002,PVWatts,Solar_Delhi,,solar,32.012,,9,4,0,3
2023-03-31 10:00:00,26266.509,27395.793,914.965,33.878,55.313,26.266509,27.395793,PVWatts,Solar_Delhi,,solar,33.878,,10,4,0,3
2023-03-31 11:00:00,28498.81,29710.099,1012.171,35.249,58.943,28.498810000000002,29.710099,PVWatts,Solar_Delhi,,solar,35.249,,11,4,0,3
2023-03-31 12:00:00,29114.488,30348.395,1023.163,36.024,56.527,29.114488,30.348395,PVWatts,Solar_Delhi,,solar,36.024,,12,4,0,3
2023-03-31 13:00:00,27221.587,28385.957,947.426,36.196,55.196,27.221587,28.385956999999998,PVWatts,Solar_Delhi,,solar,36.196,,13,4,0,3
2023-03-31 14:00:00,23382.132,24405.456,796.444,35.754,51.755,23.382132000000002,24.405455999999997,PVWatts,Solar_Delhi,,solar,35.754,,14,4,0,3
2023-03-31 15:00:00,17777.915,18595.365,588.65,34.641,46.498,17.777915,18.595365,PVWatts,Solar_Delhi,,solar,34.641,,15,4,0,3
2023-03-31 16:00:00,10631.833,11186.767,354.931,32.938,40.049,10.631833,11.186767,PVWatts,Solar_Delhi,,solar,32.938,,16,4,0,3
2023-03-31 17:00:00,3472.338,3764.263,132.183,30.53,33.543,3.472338,3.764263,PVWatts,Solar_Delhi,,solar,30.53,,17,4,0,3
2023-03-31 18:00:00,0.0,0.0,0.97,27.865,27.884,0.0,0.0,PVWatts,Solar_Delhi,,solar,27.865,,18,4,0,3
2023-03-31 19:00:00,0.0,0.0,0.0,26.693,26.693,0.0,0.0,PVWatts,Solar_Delhi,,solar,26.693,,19,4,0,3
2023-03-31 20:00:00,0.0,0.0,0.0,25.838,25.838,0.0,0.0,PVWatts,Solar_Delhi,,solar,25.838,,20,4,0,3
2023-03-31 21:00:00,0.0,0.0,0.0,25.063,25.063,0.0,0.0,PVWatts,Solar_Delhi,,solar,25.063,,21,4,0,3
2023-03-31 22:00:00,0.0,0.0,0.0,24.28,24.28,0.0,0.0,PVWatts,Solar_Delhi,,solar,24.28,,22,4,0,3
2023-03-31 23:00:00,0.0,0.0,0.0,23.524,23.524,0.0,0.0,PVWatts,Solar_Delhi,,solar,23.524,,23,4,0,3
2023-04-01 00:00:00,0.0,0.0,0.0,22.786,22.786,0.0,0.0,PVWatts,Solar_Delhi,,solar,22.786,,0,5,1,4
2023-04-01 01:00:00,0.0,0.0,0.0,22.057,22.057,0.0,0.0,PVWatts,Solar_Delhi,,solar,22.057,,1,5,1,4
2023-04-01 02:00:00,0.0,0.0,0.0,21.373,21.373,0.0,0.0,PVWatts,Solar_Delhi,,solar,21.373,,2,5,1,4
2023-04-01 03:00:00,0.0,0.0,0.0,20.747,20.747,0.0,0.0,PVWatts,Solar_Delhi,,solar,20.747,,3,5,1,4
2023-04-01 04:00:00,0.0,0.0,0.0,20.213,20.213,0.0,0.0,PVWatts,Solar_Delhi,,solar,20.213,,4,5,1,4
2023-04-01 05:00:00,0.0,0.0,0.0,21.28,0.0,0.0,0.0,PVWatts,Solar_Delhi,,solar,21.28,,5,5,1,4
2023-04-01 06:00:00,132.085,301.304,10.407,23.095,23.462,0.132085,0.30130399999999996,PVWatts,Solar_Delhi,,solar,23.095,,6,5,1,4
2023-04-01 07:00:00,6035.98,6422.082,199.366,25.898,32.952,6.0359799999999995,6.4220820000000005,PVWatts,Solar_Delhi,,solar,25.898,,7,5,1,4
2023-04-01 08:00:00,14385.351,15078.173,480.787,29.686,46.726,14.385351,15.078173000000001,PVWatts,Solar_Delhi,,solar,29.686,,8,5,1,4
2023-04-01 09:00:00,19286.253,20159.113,711.369,35.048,68.727,19.286253000000002,20.159113,PVWatts,Solar_Delhi,,solar,35.048,,9,5,1,4
2023-04-01 10:00:00,23909.981,24952.696,888.795,38.218,69.596,23.909981,24.952696,PVWatts,Solar_Delhi,,solar,38.218,,10,5,1,4
2023-04-01 11:00:00,25883.684,26998.905,986.556,39.463,74.267,25.883684000000002,26.998905,PVWatts,Solar_Delhi,,solar,39.463,,11,5,1,4
2023-04-01 12:00:00,26094.208,27217.163,998.436,39.879,75.105,26.094208,27.217163,PVWatts,Solar_Delhi,,solar,39.879,,12,5,1,4
2023-04-01 13:00:00,24579.371,25646.677,924.816,39.651,72.308,24.579371,25.646677,PVWatts,Solar_Delhi,,solar,39.651,,13,5,1,4
2023-04-01 14:00:00,21303.087,22250.037,775.221,38.909,66.328,21.303086999999998,22.250037,PVWatts,Solar_Delhi,,solar,38.909,,14,5,1,4
2023-04-01 15:00:00,16410.857,17178.088,571.898,37.556,57.836,16.410857,17.178088,PVWatts,Solar_Delhi,,solar,37.556,,15,5,1,4
2023-04-01 16:00:00,10028.182,10560.941,345.584,35.422,47.624,10.028182000000001,10.560941000000001,PVWatts,Solar_Delhi,,solar,35.422,,16,5,1,4
2023-04-01 17:00:00,3284.359,3569.379,124.343,31.546,35.845,3.284359,3.569379,PVWatts,Solar_Delhi,,solar,31.546,,17,5,1,4
2023-04-01 18:00:00,0.0,0.0,0.97,29.109,29.132,0.0,0.0,PVWatts,Solar_Delhi,,solar,29.109,,18,5,1,4
2023-04-01 19:00:00,0.0,0.0,0.0,27.874,27.874,0.0,0.0,PVWatts,Solar_Delhi,,solar,27.874,,19,5,1,4
2023-04-01 20:00:00,0.0,0.0,0.0,26.637,26.637,0.0,0.0,PVWatts,Solar_Delhi,,solar,26.637,,20,5,1,4
2023-04-01 21:00:00,0.0,0.0,0.0,25.392,25.392,0.0,0.0,PVWatts,Solar_Delhi,,solar,25.392,,21,5,1,4
2023-04-01 22:00:00,0.0,0.0,0.0,24.259,24.259,0.0,0.0,PVWatts,Solar_Delhi,,solar,24.259,,22,5,1,4
2023-04-01 23:00:00,0.0,0.0,0.0,23.207,23.207,0.0,0.0,PVWatts,Solar_Delhi,,solar,23.207,,23,5,1,4
2023-04-02 00:00:00,0.0,0.0,0.0,22.253,22.253,0.0,0.0,PVWatts,Solar_Delhi,,solar,22.253,,0,6,1,4
2023-04-02 01:00:00,0.0,0.0,0.0,21.384,21.384,0.0,0.0,PVWatts,Solar_Delhi,,solar,21.384,,1,6,1,4
2023-04-02 02:00:00,0.0,0.0,0.0,20.646,20.646,0.0,0.0,PVWatts,Solar_Delhi,,solar,20.646,,2,6,1,4
2023-04-02 03:00:00,0.0,0.0,0.0,20.001,20.001,0.0,0.0,PVWatts,Solar_Delhi,,solar,20.001,,3,6,1,4
2023-04-02 04:00:00,0.0,0.0,0.0,19.421,19.421,0.0,0.0,PVWatts,Solar_Delhi,,solar,19.421,,4,6,1,4
2023-04-02 05:00:00,0.0,0.0,0.0,18.997,0.0,0.0,0.0,PVWatts,Solar_Delhi,,solar,18.997,,5,6,1,4
2023-04-02 06:00:00,248.312,421.801,14.197,21.307,21.808,0.248312,0.421801,PVWatts,Solar_Delhi,,solar,21.307,,6,6,1,4
2023-04-02 07:00:00,4638.843,4973.621,153.938,24.946,30.396,4.638843,4.9736210000000005,PVWatts,Solar_Delhi,,solar,24.946,,7,6,1,4
2023-04-02 08:00:00,13445.541,14103.839,447.566,28.788,44.64,13.445540999999999,14.103839,PVWatts,Solar_Delhi,,solar,28.788,,8,6,1,4
2023-04-02 09:00:00,19920.955,20817.131,704.118,34.215,59.101,19.920955000000003,20.817131,PVWatts,Solar_Delhi,,solar,34.215,,9,6,1,4
2023-04-02 10:00:00,23819.754,24859.155,885.068,38.138,69.38,23.819754,24.859154999999998,PVWatts,Solar_Delhi,,solar,38.138,,10,6,1,4
2023-04-02 11:00:00,24321.612,25379.45,982.61,39.709,86.128,24.321612000000002,25.379450000000002,PVWatts,Solar_Delhi,,solar,39.709,,11,6,1,4
2023-04-02 12:00:00,24518.097,25583.152,997.25,40.38,87.494,24.518097,25.583152,PVWatts,Solar_Delhi,,solar,40.38,,12,6,1,4
2023-04-02 13:00:00,23197.506,24214.048,923.406,40.234,83.897,23.197506,24.214048,PVWatts,Solar_Delhi,,solar,40.234,,13,6,1,4
2023-04-02 14:00:00,20223.796,21131.098,770.176,39.386,75.859,20.223796,21.131098,PVWatts,Solar_Delhi,,solar,39.386,,14,6,1,4
2023-04-02 15:00:00,16329.937,17094.195,570.104,37.936,58.151,16.329937,17.094195,PVWatts,Solar_Delhi,,solar,37.936,,15,6,1,4
2023-04-02 16:00:00,9949.222,10479.079,343.858,35.718,47.854,9.949221999999999,10.479079,PVWatts,Solar_Delhi,,solar,35.718,,16,6,1,4
2023-04-02 17:00:00,3302.279,3587.957,125.074,31.831,36.156,3.302279,3.587957,PVWatts,Solar_Delhi,,solar,31.831,,17,6,1,4
2023-04-02 18:00:00,0.0,0.0,0.97,29.395,29.423,0.0,0.0,PVWatts,Solar_Delhi,,solar,29.395,,18,6,1,4
2023-04-02 19:00:00,0.0,0.0,0.0,28.344,28.344,0.0,0.0,PVWatts,Solar_Delhi,,solar,28.344,,19,6,1,4
2023-04-02 20:00:00,0.0,0.0,0.0,27.387,27.387,0.0,0.0,PVWatts,Solar_Delhi,,solar,27.387,,20,6,1,4
2023-04-02 21:00:00,0.0,0.0,0.0,26.531,26.531,0.0,0.0,PVWatts,Solar_Delhi,,solar,26.531,,21,6,1,4
2023-04-02 22:00:00,0.0,0.0,0.0,25.699,25.699,0.0,0.0,PVWatts,Solar_Delhi,,solar,25.699,,22,6,1,4
2023-04-02 23:00:00,0.0,0.0,0.0,24.893,24.893,0.0,0.0,PVWatts,Solar_Delhi,,solar,24.893,,23,6,1,4
2023-04-03 00:00:00,0.0,0.0,0.0,24.116,24.116,0.0,0.0,PVWatts,Solar_Delhi,,solar,24.116,,0,0,0,4
2023-04-03 01:00:00,0.0,0.0,0.0,23.355,23.355,0.0,0.0,PVWatts,Solar_Delhi,,solar,23.355,,1,0,0,4
2023-04-03 02:00:00,0.0,0.0,0.0,22.662,22.662,0.0,0.0,PVWatts,Solar_Delhi,,solar,22.662,,2,0,0,4
2023-04-03 03:00:00,0.0,0.0,0.0,21.985,21.985,0.0,0.0,PVWatts,Solar_Delhi,,solar,21.985,,3,0,0,4
2023-04-03 04:00:00,0.0,0.0,0.0,21.397,21.397,0.0,0.0,PVWatts,Solar_Delhi,,solar,21.397,,4,0,0,4
2023-04-03 05:00:00,0.0,0.0,0.0,21.025,0.0,0.0,0.0,PVWatts,Solar_Delhi,,solar,21.025,,5,0,0,4
2023-04-03 06:00:00,245.396,418.778,14.197,23.142,23.542,0.24539599999999998,0.41877800000000004,PVWatts,Solar_Delhi,,solar,23.142,,6,0,0,4
2023-04-03 07:00:00,6653.709,7062.504,220.014,26.808,34.593,6.653709,7.062504,PVWatts,Solar_Delhi,,solar,26.808,,7,0,0,4
2023-04-03 08:00:00,14447.532,15142.638,487.489,31.648,48.924,14.447531999999999,15.142638000000002,PVWatts,Solar_Delhi,,solar,31.648,,8,0,0,4
2023-04-03 09:00:00,20560.284,21479.946,716.669,35.956,56.164,20.560284,21.479945999999998,PVWatts,Solar_Delhi,,solar,35.956,,9,0,0,4
2023-04-03 10:00:00,24761.64,25835.643,893.145,37.785,62.933,24.76164,25.835643,PVWatts,Solar_Delhi,,solar,37.785,,10,0,0,4
2023-04-03 11:00:00,26834.268,27984.41,987.612,38.915,66.704,26.834268,27.98441,PVWatts,Solar_Delhi,,solar,38.915,,11,0,0,4
2023-04-03 12:00:00,26094.138,27217.091,960.385,39.367,66.377,26.094137999999997,27.217091,PVWatts,Solar_Delhi,,solar,39.367,,12,0,0,4
2023-04-03 13:00:00,24042.208,25089.782,871.617,39.152,63.682,24.042208,25.089782,PVWatts,Solar_Delhi,,solar,39.152,,13,0,0,4
2023-04-03 14:00:00,21933.185,22903.282,763.273,38.306,56.212,21.933185,22.903282,PVWatts,Solar_Delhi,,solar,38.306,,14,0,0,4
2023-04-03 15:00:00,16992.633,17781.236,572.987,36.8,50.278,16.992633,17.781236,PVWatts,Solar_Delhi,,solar,36.8,,15,0,0,4
2023-04-03 16:00:00,10179.396,10717.71,343.525,34.697,42.743,10.179396,10.717709999999999,PVWatts,Solar_Delhi,,solar,34.697,,16,0,0,4
2023-04-03 17:00:00,3259.064,3543.154,120.965,31.91,34.697,3.259064,3.543154,PVWatts,Solar_Delhi,,solar,31.91,,17,0,0,4
2023-04-03 18:00:00,0.0,0.0,0.97,29.456,29.475,0.0,0.0,PVWatts,Solar_Delhi,,solar,29.456,,18,0,0,4
2023-04-03 19:00:00,0.0,0.0,0.0,28.384,28.384,0.0,0.0,PVWatts,Solar_Delhi,,solar,28.384,,19,0,0,4
2023-04-03 20:00:00,0.0,0.0,0.0,27.415,27.415,0.0,0.0,PVWatts,Solar_Delhi,,solar,27.415,,20,0,0,4
2023-04-03 21:00:00,0.0,0.0,0.0,26.447,26.447,0.0,0.0,PVWatts,Solar_Delhi,,solar,26.447,,21,0,0,4
2023-04-03 22:00:00,0.0,0.0,0.0,25.466,25.466,0.0,0.0,PVWatts,Solar_Delhi,,solar,25.466,,22,0,0,4
2023-04-03 23:00:00,0.0,0.0,0.0,24.636,24.636,0.0,0.0,PVWatts,Solar_Delhi,,solar,24.636,,23,0,0,4
2023-04-04 00:00:00,0.0,0.0,0.0,23.919,23.919,0.0,0.0,PVWatts,Solar_Delhi,,solar,23.919,,0,1,0,4
2023-04-04 01:00:00,0.0,0.0,0.0,23.228,23.228,0.0,0.0,PVWatts,Solar_Delhi,,solar,23.228,,1,1,0,4
2023-04-04 02:00:00,0.0,0.0,0.0,22.459,22.459,0.0,0.0,PVWatts,Solar_Delhi,,solar,22.459,,2,1,0,4
2023-04-04 03:00:00,0.0,0.0,0.0,21.679,21.679,0.0,0.0,PVWatts,Solar_Delhi,,solar,21.679,,3,1,0,4
2023-04-04 04:00:00,0.0,0.0,0.0,21.075,21.075,0.0,0.0,PVWatts,Solar_Delhi,,solar,21.075,,4,1,0,4
2023-04-04 05:00:00,0.0,0.0,0.0,20.739,0.0,0.0,0.0,PVWatts,Solar_Delhi,,solar,20.739,,5,1,0,4
2023-04-04 06:00:00,389.526,568.202,18.939,22.89,23.333,0.389526,0.568202,PVWatts,Solar_Delhi,,solar,22.89,,6,1,0,4
2023-04-04 07:00:00,7146.47,7573.367,234.271,26.697,33.308,7.14647,7.573367,PVWatts,Solar_Delhi,,solar,26.697,,7,1,0,4
2023-04-04 08:00:00,14757.868,15464.375,490.828,31.677,45.55,14.757868,15.464375,PVWatts,Solar_Delhi,,solar,31.677,,8,1,0,4
2023-04-04 09:00:00,21007.312,21943.396,719.693,35.264,52.14,21.007312000000002,21.943396,PVWatts,Solar_Delhi,,solar,35.264,,9,1,0,4
2023-04-04 10:00:00,25657.264,26764.167,894.308,37.203,55.127,25.657263999999998,26.764167,PVWatts,Solar_Delhi,,solar,37.203,,10,1,0,4
2023-04-04 11:00:00,27933.294,29123.809,990.57,38.495,58.335,27.933294,29.123809,PVWatts,Solar_Delhi,,solar,38.495,,11,1,0,4
2023-04-04 12:00:00,28098.337,29294.915,999.73,39.103,59.128,28.098337,29.294915,PVWatts,Solar_Delhi,,solar,39.103,,12,1,0,4
2023-04-04 13:00:00,26252.382,27381.147,924.457,39.093,57.627,26.252382,27.381147000000002,PVWatts,Solar_Delhi,,solar,39.093,,13,1,0,4
2023-04-04 14:00:00,22512.627,23504.01,775.961,38.488,54.07,22.512627000000002,23.504009999999997,PVWatts,Solar_Delhi,,solar,38.488,,14,1,0,4
2023-04-04 15:00:00,17103.613,17896.292,573.025,37.21,48.746,17.103613000000003,17.896292000000003,PVWatts,Solar_Delhi,,solar,37.21,,15,1,0,4
2023-04-04 16:00:00,10188.478,10727.125,343.95,35.469,42.361,10.188478,10.727125,PVWatts,Solar_Delhi,,solar,35.469,,16,1,0,4
2023-04-04 17:00:00,3474.444,3766.447,132.962,32.659,35.254,3.474444,3.7664470000000003,PVWatts,Solar_Delhi,,solar,32.659,,17,1,0,4
2023-04-04 18:00:00,0.0,0.0,0.97,29.775,29.794,0.0,0.0,PVWatts,Solar_Delhi,,solar,29.775,,18,1,0,4
2023-04-04 19:00:00,0.0,0.0,0.0,28.535,28.535,0.0,0.0,PVWatts,Solar_Delhi,,solar,28.535,,19,1,0,4
2023-04-04 20:00:00,0.0,0.0,0.0,27.527,27.527,0.0,0.0,PVWatts,Solar_Delhi,,solar,27.527,,20,1,0,4
2023-04-04 21:00:00,0.0,0.0,0.0,26.631,26.631,0.0,0.0,PVWatts,Solar_Delhi,,solar,26.631,,21,1,0,4
2023-04-04 22:00:00,0.0,0.0,0.0,25.753,25.753,0.0,0.0,PVWatts,Solar_Delhi,,solar,25.753,,22,1,0,4
2023-04-04 23:00:00,0.0,0.0,0.0,24.931,24.931,0.0,0.0,PVWatts,Solar_Delhi,,solar,24.931,,23,1,0,4
2023-04-05 00:00:00,0.0,0.0,0.0,24.222,24.222,0.0,0.0,PVWatts,Solar_Delhi,,solar,24.222,,0,2,0,4
2023-04-05 01:00:00,0.0,0.0,0.0,23.581,23.581,0.0,0.0,PVWatts,Solar_Delhi,,solar,23.581,,1,2,0,4
2023-04-05 02:00:00,0.0,0.0,0.0,22.91,22.91,0.0,0.0,PVWatts,Solar_Delhi,,solar,22.91,,2,2,0,4
2023-04-05 03:00:00,0.0,0.0,0.0,22.311,22.311,0.0,0.0,PVWatts,Solar_Delhi,,solar,22.311,,3,2,0,4
2023-04-05 04:00:00,0.0,0.0,0.0,21.814,21.814,0.0,0.0,PVWatts,Solar_Delhi,,solar,21.814,,4,2,0,4
2023-04-05 05:00:00,0.0,0.0,0.0,21.46,0.0,0.0,0.0,PVWatts,Solar_Delhi,,solar,21.46,,5,2,0,4
2023-04-05 06:00:00,331.359,507.899,17.042,23.457,23.857,0.33135899999999996,0.507899,PVWatts,Solar_Delhi,,solar,23.457,,6,2,0,4
2023-04-05 07:00:00,7270.072,7701.509,238.63,27.15,33.885,7.270072,7.701509,PVWatts,Solar_Delhi,,solar,27.15,,7,2,0,4
2023-04-05 08:00:00,14789.484,15497.152,493.52,32.362,46.309,14.789484,15.497152,PVWatts,Solar_Delhi,,solar,32.362,,8,2,0,4
2023-04-05 09:00:00,20959.875,21894.217,721.676,36.347,53.27,20.959875,21.894217,PVWatts,Solar_Delhi,,solar,36.347,,9,2,0,4
2023-04-05 10:00:00,25573.57,26677.399,896.43,38.421,56.388,25.57357,26.677399,PVWatts,Solar_Delhi,,solar,38.421,,10,2,0,4
2023-04-05 11:00:00,27796.6,28982.093,991.463,39.736,59.592,27.796599999999998,28.982093,PVWatts,Solar_Delhi,,solar,39.736,,11,2,0,4
2023-04-05 12:00:00,25800.675,26912.847,918.35,40.345,58.726,25.800675,26.912847000000003,PVWatts,Solar_Delhi,,solar,40.345,,12,2,0,4
2023-04-05 13:00:00,26156.503,27281.746,916.909,40.362,56.426,26.156503,27.281746,PVWatts,Solar_Delhi,,solar,40.362,,13,2,0,4
2023-04-05 14:00:00,22420.409,23408.405,770.635,39.792,53.317,22.420409,23.408405,PVWatts,Solar_Delhi,,solar,39.792,,14,2,0,4
2023-04-05 15:00:00,16882.172,17666.716,565.57,38.688,48.641,16.882171999999997,17.666716,PVWatts,Solar_Delhi,,solar,38.688,,15,2,0,4
2023-04-05 16:00:00,10162.64,10700.338,344.18,37.023,43.05,10.16264,10.700338,PVWatts,Solar_Delhi,,solar,37.023,,16,2,0,4
2023-04-05 17:00:00,3420.188,3710.197,130.006,34.172,36.721,3.420188,3.710197,PVWatts,Solar_Delhi,,solar,34.172,,17,2,0,4
2023-04-05 18:00:00,0.0,0.0,0.97,31.11,31.129,0.0,0.0,PVWatts,Solar_Delhi,,solar,31.11,,18,2,0,4
2023-04-05 19:00:00,0.0,0.0,0.0,29.811,29.811,0.0,0.0,PVWatts,Solar_Delhi,,solar,29.811,,19,2,0,4
2023-04-05 20:00:00,0.0,0.0,0.0,28.845,28.845,0.0,0.0,PVWatts,Solar_Delhi,,solar,28.845,,20,2,0,4
2023-04-05 21:00:00,0.0,0.0,0.0,27.903,27.903,0.0,0.0,PVWatts,Solar_Delhi,,solar,27.903,,21,2,0,4
2023-04-05 22:00:00,0.0,0.0,0.0,26.989,26.989,0.0,0.0,PVWatts,Solar_Delhi,,solar,26.989,,22,2,0,4
2023-04-05 23:00:00,0.0,0.0,0.0,26.087,26.087,0.0,0.0,PVWatts,Solar_Delhi,,solar,26.087,,23,2,0,4
2023-04-06 00:00:00,0.0,0.0,0.0,25.254,25.254,0.0,0.0,PVWatts,Solar_Delhi,,solar,25.254,,0,3,0,4
2023-04-06 01:00:00,0.0,0.0,0.0,24.42,24.42,0.0,0.0,PVWatts,Solar_Delhi,,solar,24.42,,1,3,0,4
2023-04-06 02:00:00,0.0,0.0,0.0,23.625,23.625,0.0,0.0,PVWatts,Solar_Delhi,,solar,23.625,,2,3,0,4
2023-04-06 03:00:00,0.0,0.0,0.0,22.92,22.92,0.0,0.0,PVWatts,Solar_Delhi,,solar,22.92,,3,3,0,4
2023-04-06 04:00:00,0.0,0.0,0.0,22.274,22.274,0.0,0.0,PVWatts,Solar_Delhi,,solar,22.274,,4,3,0,4
2023-04-06 05:00:00,0.0,0.0,0.0,21.81,0.0,0.0,0.0,PVWatts,Solar_Delhi,,solar,21.81,,5,3,0,4
2023-04-06 06:00:00,388.414,567.049,18.939,23.796,24.24,0.388414,0.567049,PVWatts,Solar_Delhi,,solar,23.796,,6,3,0,4
2023-04-06 07:00:00,7188.835,7617.289,236.217,27.375,34.042,7.188835,7.6172889999999995,PVWatts,Solar_Delhi,,solar,27.375,,7,3,0,4
2023-04-06 08:00:00,14858.638,15568.846,496.838,32.736,46.777,14.858638000000001,15.568845999999999,PVWatts,Solar_Delhi,,solar,32.736,,8,3,0,4
2023-04-06 09:00:00,20927.08,21860.217,723.638,37.258,54.225,20.92708,21.860217000000002,PVWatts,Solar_Delhi,,solar,37.258,,9,3,0,4
2023-04-06 10:00:00,25160.827,26249.494,898.519,39.545,60.583,25.160827,26.249494,PVWatts,Solar_Delhi,,solar,39.545,,10,3,0,4
2023-04-06 11:00:00,27259.165,28424.915,992.41,40.976,64.197,27.259165,28.424915000000002,PVWatts,Solar_Delhi,,solar,40.976,,11,3,0,4
2023-04-06 12:00:00,27037.156,28194.751,987.08,41.691,64.787,27.037156,28.194751,PVWatts,Solar_Delhi,,solar,41.691,,12,3,0,4
2023-04-06 13:00:00,25625.239,26730.966,925.393,41.583,63.257,25.625239,26.730966,PVWatts,Solar_Delhi,,solar,41.583,,13,3,0,4
2023-04-06 14:00:00,22290.932,23274.171,776.576,40.876,56.469,22.290932,23.274171,PVWatts,Solar_Delhi,,solar,40.876,,14,3,0,4
2023-04-06 15:00:00,16922.02,17708.028,573.069,39.649,51.186,16.92202,17.708028,PVWatts,Solar_Delhi,,solar,39.649,,15,3,0,4
2023-04-06 16:00:00,10106.763,10642.408,345.02,37.951,44.863,10.106763,10.642408,PVWatts,Solar_Delhi,,solar,37.951,,16,3,0,4
2023-04-06 17:00:00,3406.159,3695.653,131.987,35.201,38.213,3.406159,3.6956529999999996,PVWatts,Solar_Delhi,,solar,35.201,,17,3,0,4
2023-04-06 18:00:00,0.0,0.0,0.97,32.149,32.168,0.0,0.0,PVWatts,Solar_Delhi,,solar,32.149,,18,3,0,4
2023-04-06 19:00:00,0.0,0.0,0.0,30.943,30.943,0.0,0.0,PVWatts,Solar_Delhi,,solar,30.943,,19,3,0,4
2023-04-06 20:00:00,0.0,0.0,0.0,29.997,29.997,0.0,0.0,PVWatts,Solar_Delhi,,solar,29.997,,20,3,0,4
2023-04-06 21:00:00,0.0,0.0,0.0,29.068,29.068,0.0,0.0,PVWatts,Solar_Delhi,,solar,29.068,,21,3,0,4
2023-04-06 22:00:00,0.0,0.0,0.0,28.197,28.197,0.0,0.0,PVWatts,Solar_Delhi,,solar,28.197,,22,3,0,4
2023-04-06 23:00:00,0.0,0.0,0.0,27.348,27.348,0.0,0.0,PVWatts,Solar_Delhi,,solar,27.348,,23,3,0,4
2023-04-07 00:00:00,0.0,0.0,0.0,26.557,26.557,0.0,0.0,PVWatts,Solar_Delhi,,solar,26.557,,0,4,0,4
2023-04-07 01:00:00,0.0,0.0,0.0,25.775,25.775,0.0,0.0,PVWatts,Solar_Delhi,,solar,25.775,,1,4,0,4
2023-04-07 02:00:00,0.0,0.0,0.0,24.96,24.96,0.0,0.0,PVWatts,Solar_Delhi,,solar,24.96,,2,4,0,4
2023-04-07 03:00:00,0.0,0.0,0.0,24.142,24.142,0.0,0.0,PVWatts,Solar_Delhi,,solar,24.142,,3,4,0,4
2023-04-07 04:00:00,0.0,0.0,0.0,23.472,23.472,0.0,0.0,PVWatts,Solar_Delhi,,solar,23.472,,4,4,0,4
2023-04-07 05:00:00,0.0,0.0,0.0,22.996,0.0,0.0,0.0,PVWatts,Solar_Delhi,,solar,22.996,,5,4,0,4
2023-04-07 06:00:00,470.219,651.859,21.786,25.273,26.043,0.470219,0.6518590000000001,PVWatts,Solar_Delhi,,solar,25.273,,6,4,0,4
2023-04-07 07:00:00,6972.659,7393.171,232.36,28.998,37.22,6.972658999999999,7.393171000000001,PVWatts,Solar_Delhi,,solar,28.998,,7,4,0,4
2023-04-07 08:00:00,14253.85,14941.842,500.146,34.013,57.741,14.25385,14.941842000000001,PVWatts,Solar_Delhi,,solar,34.013,,8,4,0,4
2023-04-07 09:00:00,20062.273,20963.641,726.595,38.903,64.584,20.062273,20.963641,PVWatts,Solar_Delhi,,solar,38.903,,9,4,0,4
2023-04-07 10:00:00,23789.863,24828.166,899.585,41.288,73.039,23.789863,24.828166,PVWatts,Solar_Delhi,,solar,41.288,,10,4,0,4
2023-04-07 11:00:00,25615.871,26721.253,991.285,42.312,77.276,25.615871,26.721253,PVWatts,Solar_Delhi,,solar,42.312,,11,4,0,4
2023-04-07 12:00:00,26378.058,27511.44,988.697,42.687,70.501,26.378058,27.51144,PVWatts,Solar_Delhi,,solar,42.687,,12,4,0,4
2023-04-07 13:00:00,24476.315,25539.836,904.696,42.679,68.148,24.476315,25.539836,PVWatts,Solar_Delhi,,solar,42.679,,13,4,0,4
2023-04-07 14:00:00,21578.981,22536.066,776.121,41.783,63.675,21.578981,22.536065999999998,PVWatts,Solar_Delhi,,solar,41.783,,14,4,0,4
2023-04-07 15:00:00,16531.089,17302.737,573.453,40.416,56.632,16.531089,17.302737,PVWatts,Solar_Delhi,,solar,40.416,,15,4,0,4
2023-04-07 16:00:00,9984.654,10515.813,345.857,38.428,48.161,9.984654,10.515813,PVWatts,Solar_Delhi,,solar,38.428,,16,4,0,4
2023-04-07 17:00:00,3375.977,3664.363,128.867,35.175,38.73,3.375977,3.664363,PVWatts,Solar_Delhi,,solar,35.175,,17,4,0,4
2023-04-07 18:00:00,0.0,0.0,0.97,32.205,32.228,0.0,0.0,PVWatts,Solar_Delhi,,solar,32.205,,18,4,0,4
2023-04-07 19:00:00,0.0,0.0,0.0,31.105,31.105,0.0,0.0,PVWatts,Solar_Delhi,,solar,31.105,,19,4,0,4
2023-04-07 20:00:00,0.0,0.0,0.0,30.099,30.099,0.0,0.0,PVWatts,Solar_Delhi,,solar,30.099,,20,4,0,4
2023-04-07 21:00:00,0.0,0.0,0.0,29.153,29.153,0.0,0.0,PVWatts,Solar_Delhi,,solar,29.153,,21,4,0,4
2023-04-07 22:00:00,0.0,0.0,0.0,28.268,28.268,0.0,0.0,PVWatts,Solar_Delhi,,solar,28.268,,22,4,0,4
2023-04-07 23:00:00,0.0,0.0,0.0,27.436,27.436,0.0,0.0,PVWatts,Solar_Delhi,,solar,27.436,,23,4,0,4
2023-04-08 00:00:00,0.0,0.0,0.0,26.68,26.68,0.0,0.0,PVWatts,Solar_Delhi,,solar,26.68,,0,5,1,4
2023-04-08 01:00:00,0.0,0.0,0.0,26.001,26.001,0.0,0.0,PVWatts,Solar_Delhi,,solar,26.001,,1,5,1,4
2023-04-08 02:00:00,0.0,0.0,0.0,25.317,25.317,0.0,0.0,PVWatts,Solar_Delhi,,solar,25.317,,2,5,1,4
2023-04-08 03:00:00,0.0,0.0,0.0,24.632,24.632,0.0,0.0,PVWatts,Solar_Delhi,,solar,24.632,,3,5,1,4
2023-04-08 04:00:00,0.0,0.0,0.0,23.941,23.941,0.0,0.0,PVWatts,Solar_Delhi,,solar,23.941,,4,5,1,4
2023-04-08 05:00:00,0.0,0.0,0.0,23.501,0.0,0.0,0.0,PVWatts,Solar_Delhi,,solar,23.501,,5,5,1,4
2023-04-08 06:00:00,527.124,710.855,23.685,25.817,26.485,0.527124,0.710855,PVWatts,Solar_Delhi,,solar,25.817,,6,5,1,4
2023-04-08 07:00:00,7361.749,7796.554,243.902,29.673,36.557,7.361749,7.796554,PVWatts,Solar_Delhi,,solar,29.673,,7,5,1,4
2023-04-08 08:00:00,14641.473,15343.704,502.8,35.08,52.893,14.641473,15.343703999999999,PVWatts,Solar_Delhi,,solar,35.08,,8,5,1,4
2023-04-08 09:00:00,20075.663,20977.523,729.725,39.549,65.34,20.075663,20.977523,PVWatts,Solar_Delhi,,solar,39.549,,9,5,1,4
2023-04-08 10:00:00,23778.514,24816.401,901.609,41.759,73.581,23.778513999999998,24.816401000000003,PVWatts,Solar_Delhi,,solar,41.759,,10,5,1,4
2023-04-08 11:00:00,25541.611,26644.266,992.133,43.046,78.04,25.541611,26.644266,PVWatts,Solar_Delhi,,solar,43.046,,11,5,1,4
2023-04-08 12:00:00,25375.857,26472.423,988.068,43.583,78.428,25.375857,26.472423,PVWatts,Solar_Delhi,,solar,43.583,,12,5,1,4
2023-04-08 13:00:00,22442.377,23431.179,852.884,43.404,73.483,22.442377,23.431179,PVWatts,Solar_Delhi,,solar,43.404,,13,5,1,4
2023-04-08 14:00:00,16941.705,17728.437,617.311,42.304,64.09,16.941705000000002,17.728437000000003,PVWatts,Solar_Delhi,,solar,42.304,,14,5,1,4
2023-04-08 15:00:00,16072.583,16827.387,567.735,40.357,60.482,16.072583,16.827386999999998,PVWatts,Solar_Delhi,,solar,40.357,,15,5,1,4
2023-04-08 16:00:00,9885.609,10413.13,346.086,38.282,50.492,9.885609,10.413129999999999,PVWatts,Solar_Delhi,,solar,38.282,,16,5,1,4
2023-04-08 17:00:00,3363.636,3651.568,127.749,35.531,39.964,3.363636,3.651568,PVWatts,Solar_Delhi,,solar,35.531,,17,5,1,4
2023-04-08 18:00:00,0.0,0.0,0.97,33.302,33.325,0.0,0.0,PVWatts,Solar_Delhi,,solar,33.302,,18,5,1,4
2023-04-08 19:00:00,0.0,0.0,0.0,31.969,31.969,0.0,0.0,PVWatts,Solar_Delhi,,solar,31.969,,19,5,1,4
2023-04-08 20:00:00,0.0,0.0,0.0,30.698,30.698,0.0,0.0,PVWatts,Solar_Delhi,,solar,30.698,,20,5,1,4
2023-04-08 21:00:00,0.0,0.0,0.0,29.6,29.6,0.0,0.0,PVWatts,Solar_Delhi,,solar,29.6,,21,5,1,4
2023-04-08 22:00:00,0.0,0.0,0.0,28.602,28.602,0.0,0.0,PVWatts,Solar_Delhi,,solar,28.602,,22,5,1,4
2023-04-08 23:00:00,0.0,0.0,0.0,27.66,27.66,0.0,0.0,PVWatts,Solar_Delhi,,solar,27.66,,23,5,1,4
2023-04-09 00:00:00,0.0,0.0,0.0,26.839,26.839,0.0,0.0,PVWatts,Solar_Delhi,,solar,26.839,,0,6,1,4
2023-04-09 01:00:00,0.0,0.0,0.0,26.091,26.091,0.0,0.0,PVWatts,Solar_Delhi,,solar,26.091,,1,6,1,4
2023-04-09 02:00:00,0.0,0.0,0.0,25.301,25.301,0.0,0.0,PVWatts,Solar_Delhi,,solar,25.301,,2,6,1,4
2023-04-09 03:00:00,0.0,0.0,0.0,24.698,24.698,0.0,0.0,PVWatts,Solar_Delhi,,solar,24.698,,3,6,1,4
2023-04-09 04:00:00,0.0,0.0,0.0,24.247,24.247,0.0,0.0,PVWatts,Solar_Delhi,,solar,24.247,,4,6,1,4
2023-04-09 05:00:00,0.0,0.0,0.0,24.086,0.0,0.0,0.0,PVWatts,Solar_Delhi,,solar,24.086,,5,6,1,4
2023-04-09 06:00:00,241.558,414.798,14.198,26.387,26.787,0.241558,0.414798,PVWatts,Solar_Delhi,,solar,26.387,,6,6,1,4
2023-04-09 07:00:00,5932.875,6315.19,197.695,29.53,35.111,5.932875,6.315189999999999,PVWatts,Solar_Delhi,,solar,29.53,,7,6,1,4
2023-04-09 08:00:00,13913.332,14588.814,468.397,33.962,47.187,13.913332,14.588814000000001,PVWatts,Solar_Delhi,,solar,33.962,,8,6,1,4
2023-04-09 09:00:00,20742.599,21668.959,720.392,37.971,54.855,20.742599,21.668958999999997,PVWatts,Solar_Delhi,,solar,37.971,,9,6,1,4
2023-04-09 10:00:00,23244.637,24262.911,829.091,40.166,59.56,23.244636999999997,24.262911,PVWatts,Solar_Delhi,,solar,40.166,,10,6,1,4
2023-04-09 11:00:00,17200.78,17997.028,611.871,41.386,55.657,17.200779999999998,17.997027999999997,PVWatts,Solar_Delhi,,solar,41.386,,11,6,1,4
2023-04-09 12:00:00,16828.181,17610.742,607.849,41.946,58.991,16.828181,17.610742,PVWatts,Solar_Delhi,,solar,41.946,,12,6,1,4
2023-04-09 13:00:00,24355.83,25414.924,898.1,41.804,67.069,24.35583,25.414924,PVWatts,Solar_Delhi,,solar,41.804,,13,6,1,4
2023-04-09 14:00:00,14262.33,14950.633,504.058,41.206,55.381,14.26233,14.950633,PVWatts,Solar_Delhi,,solar,41.206,,14,6,1,4
2023-04-09 15:00:00,12853.741,13490.298,444.95,39.935,52.488,12.853741,13.490298000000001,PVWatts,Solar_Delhi,,solar,39.935,,15,6,1,4
2023-04-09 16:00:00,9020.853,9516.607,311.702,38.604,47.385,9.020852999999999,9.516607,PVWatts,Solar_Delhi,,solar,38.604,,16,6,1,4
2023-04-09 17:00:00,3473.839,3765.819,135.551,35.613,40.276,3.473839,3.765819,PVWatts,Solar_Delhi,,solar,35.613,,17,6,1,4
2023-04-09 18:00:00,0.0,29.809,1.94,32.842,32.9,0.0,0.029809000000000002,PVWatts,Solar_Delhi,,solar,32.842,,18,6,1,4
2023-04-09 19:00:00,0.0,0.0,0.0,31.91,31.91,0.0,0.0,PVWatts,Solar_Delhi,,solar,31.91,,19,6,1,4
2023-04-09 20:00:00,0.0,0.0,0.0,31.011,31.011,0.0,0.0,PVWatts,Solar_Delhi,,solar,31.011,,20,6,1,4
2023-04-09 21:00:00,0.0,0.0,0.0,30.309,30.309,0.0,0.0,PVWatts,Solar_Delhi,,solar,30.309,,21,6,1,4
2023-04-09 22:00:00,0.0,0.0,0.0,29.538,29.538,0.0,0.0,PVWatts,Solar_Delhi,,solar,29.538,,22,6,1,4
2023-04-09 23:00:00,0.0,0.0,0.0,28.74,28.74,0.0,0.0,PVWatts,Solar_Delhi,,solar,28.74,,23,6,1,4
2023-04-10 00:00:00,0.0,0.0,0.0,27.781,27.781,0.0,0.0,PVWatts,Solar_Delhi,,solar,27.781,,0,0,0,4
2023-04-10 01:00:00,0.0,0.0,0.0,26.945,26.945,0.0,0.0,PVWatts,Solar_Delhi,,solar,26.945,,1,0,0,4
2023-04-10 02:00:00,0.0,0.0,0.0,26.068,26.068,0.0,0.0,PVWatts,Solar_Delhi,,solar,26.068,,2,0,0,4
2023-04-10 03:00:00,0.0,0.0,0.0,25.249,25.249,0.0,0.0,PVWatts,Solar_Delhi,,solar,25.249,,3,0,0,4
2023-04-10 04:00:00,0.0,0.0,0.0,24.527,24.527,0.0,0.0,PVWatts,Solar_Delhi,,solar,24.527,,4,0,0,4
2023-04-10 05:00:00,0.0,0.0,0.0,23.871,0.0,0.0,0.0,PVWatts,Solar_Delhi,,solar,23.871,,5,0,0,4
2023-04-10 06:00:00,704.845,895.104,29.384,25.322,26.011,0.704845,0.895104,PVWatts,Solar_Delhi,,solar,25.322,,6,0,0,4
2023-04-10 07:00:00,5850.634,6229.927,193.726,28.861,33.41,5.850634,6.229927,PVWatts,Solar_Delhi,,solar,28.861,,7,0,0,4
2023-04-10 08:00:00,15297.897,16024.242,504.689,33.065,43.212,15.297897,16.024242,PVWatts,Solar_Delhi,,solar,33.065,,8,0,0,4
2023-04-10 09:00:00,20298.196,21208.231,699.295,36.447,52.835,20.298196,21.208231,PVWatts,Solar_Delhi,,solar,36.447,,9,0,0,4
2023-04-10 10:00:00,24638.276,25707.746,874.734,38.378,58.849,24.638276,25.707746,PVWatts,Solar_Delhi,,solar,38.378,,10,0,0,4
2023-04-10 11:00:00,26991.954,28147.888,974.226,39.23,62.017,26.991954,28.147888,PVWatts,Solar_Delhi,,solar,39.23,,11,0,0,4
2023-04-10 12:00:00,27249.859,28415.268,984.263,39.23,62.255,27.249859,28.415268,PVWatts,Solar_Delhi,,solar,39.23,,12,0,0,4
2023-04-10 13:00:00,25605.002,26709.986,914.648,39.207,60.623,25.605002,26.709986,PVWatts,Solar_Delhi,,solar,39.207,,13,0,0,4
2023-04-10 14:00:00,22164.615,23143.214,773.553,38.579,56.723,22.164615,23.143214,PVWatts,Solar_Delhi,,solar,38.579,,14,0,0,4
2023-04-10 15:00:00,16818.94,17601.162,568.913,37.282,50.66,16.818939999999998,17.601162,PVWatts,Solar_Delhi,,solar,37.282,,15,0,0,4
2023-04-10 16:00:00,10178.335,10716.609,344.959,35.438,43.515,10.178334999999999,10.716609,PVWatts,Solar_Delhi,,solar,35.438,,16,0,0,4
2023-04-10 17:00:00,3422.32,3712.408,126.786,32.766,35.689,3.42232,3.712408,PVWatts,Solar_Delhi,,solar,32.766,,17,0,0,4
2023-04-10 18:00:00,0.0,30.42,1.94,29.763,29.808,0.0,0.030420000000000003,PVWatts,Solar_Delhi,,solar,29.763,,18,0,0,4
2023-04-10 19:00:00,0.0,0.0,0.0,28.695,28.695,0.0,0.0,PVWatts,Solar_Delhi,,solar,28.695,,19,0,0,4
2023-04-10 20:00:00,0.0,0.0,0.0,27.725,27.725,0.0,0.0,PVWatts,Solar_Delhi,,solar,27.725,,20,0,0,4
2023-04-10 21:00:00,0.0,0.0,0.0,26.848,26.848,0.0,0.0,PVWatts,Solar_Delhi,,solar,26.848,,21,0,0,4
2023-04-10 22:00:00,0.0,0.0,0.0,26.24,26.24,0.0,0.0,PVWatts,Solar_Delhi,,solar,26.24,,22,0,0,4
2023-04-10 23:00:00,0.0,0.0,0.0,25.816,25.816,0.0,0.0,PVWatts,Solar_Delhi,,solar,25.816,,23,0,0,4
2023-04-11 00:00:00,0.0,0.0,0.0,25.269,25.269,0.0,0.0,PVWatts,Solar_Delhi,,solar,25.269,,0,1,0,4
2023-04-11 01:00:00,0.0,0.0,0.0,24.495,24.495,0.0,0.0,PVWatts,Solar_Delhi,,solar,24.495,,1,1,0,4
2023-04-11 02:00:00,0.0,0.0,0.0,23.71,23.71,0.0,0.0,PVWatts,Solar_Delhi,,solar,23.71,,2,1,0,4
2023-04-11 03:00:00,0.0,0.0,0.0,22.869,22.869,0.0,0.0,PVWatts,Solar_Delhi,,solar,22.869,,3,1,0,4
2023-04-11 04:00:00,0.0,0.0,0.0,21.976,21.976,0.0,0.0,PVWatts,Solar_Delhi,,solar,21.976,,4,1,0,4
2023-04-11 05:00:00,0.0,0.0,0.0,21.166,0.0,0.0,0.0,PVWatts,Solar_Delhi,,solar,21.166,,5,1,0,4
2023-04-11 06:00:00,715.959,906.627,29.384,22.782,23.472,0.7159589999999999,0.906627,PVWatts,Solar_Delhi,,solar,22.782,,6,1,0,4
2023-04-11 07:00:00,7486.027,7925.398,243.724,26.737,32.459,7.486027,7.925398,PVWatts,Solar_Delhi,,solar,26.737,,7,1,0,4
2023-04-11 08:00:00,14503.314,15200.469,480.25,32.347,43.627,14.503314,15.200469,PVWatts,Solar_Delhi,,solar,32.347,,8,1,0,4
2023-04-11 09:00:00,21279.095,22225.163,732.496,35.66,52.827,21.279095,22.225163000000002,PVWatts,Solar_Delhi,,solar,35.66,,9,1,0,4
2023-04-11 10:00:00,24912.274,25991.81,900.838,37.85,63.206,24.912274,25.99181,PVWatts,Solar_Delhi,,solar,37.85,,10,1,0,4
2023-04-11 11:00:00,25951.244,27068.947,990.374,39.314,74.24,25.951244,27.068947,PVWatts,Solar_Delhi,,solar,39.314,,11,1,0,4
2023-04-11 12:00:00,26105.773,27229.153,1000.957,40.002,75.306,26.105773000000003,27.229153,PVWatts,Solar_Delhi,,solar,40.002,,12,1,0,4
2023-04-11 13:00:00,24603.069,25671.246,928.225,39.872,72.638,24.603068999999998,25.671246,PVWatts,Solar_Delhi,,solar,39.872,,13,1,0,4
2023-04-11 14:00:00,21317.393,22264.869,777.498,39.073,66.563,21.317393,22.264868999999997,PVWatts,Solar_Delhi,,solar,39.073,,14,1,0,4
2023-04-11 15:00:00,16752.681,17532.469,574.753,37.768,54.019,16.752681,17.532469000000003,PVWatts,Solar_Delhi,,solar,37.768,,15,1,0,4
2023-04-11 16:00:00,10121.308,10657.487,347.021,35.878,45.641,10.121308,10.657487,PVWatts,Solar_Delhi,,solar,35.878,,16,1,0,4
2023-04-11 17:00:00,3507.077,3800.279,132.185,32.895,36.542,3.507077,3.800279,PVWatts,Solar_Delhi,,solar,32.895,,17,1,0,4
2023-04-11 18:00:00,0.0,30.409,1.94,29.821,29.866,0.0,0.030409,PVWatts,Solar_Delhi,,solar,29.821,,18,1,0,4
2023-04-11 19:00:00,0.0,0.0,0.0,28.731,28.731,0.0,0.0,PVWatts,Solar_Delhi,,solar,28.731,,19,1,0,4
2023-04-11 20:00:00,0.0,0.0,0.0,27.727,27.727,0.0,0.0,PVWatts,Solar_Delhi,,solar,27.727,,20,1,0,4
2023-04-11 21:00:00,0.0,0.0,0.0,26.772,26.772,0.0,0.0,PVWatts,Solar_Delhi,,solar,26.772,,21,1,0,4
2023-04-11 22:00:00,0.0,0.0,0.0,25.838,25.838,0.0,0.0,PVWatts,Solar_Delhi,,solar,25.838,,22,1,0,4
2023-04-11 23:00:00,0.0,0.0,0.0,24.837,24.837,0.0,0.0,PVWatts,Solar_Delhi,,solar,24.837,,23,1,0,4
2023-04-12 00:00:00,0.0,0.0,0.0,23.815,23.815,0.0,0.0,PVWatts,Solar_Delhi,,solar,23.815,,0,2,0,4
2023-04-12 01:00:00,0.0,0.0,0.0,22.836,22.836,0.0,0.0,PVWatts,Solar_Delhi,,solar,22.836,,1,2,0,4
2023-04-12 02:00:00,0.0,0.0,0.0,21.824,21.824,0.0,0.0,PVWatts,Solar_Delhi,,solar,21.824,,2,2,0,4
2023-04-12 03:00:00,0.0,0.0,0.0,20.956,20.956,0.0,0.0,PVWatts,Solar_Delhi,,solar,20.956,,3,2,0,4
2023-04-12 04:00:00,0.0,0.0,0.0,20.262,20.262,0.0,0.0,PVWatts,Solar_Delhi,,solar,20.262,,4,2,0,4
2023-04-12 05:00:00,0.0,0.0,0.0,19.819,0.0,0.0,0.0,PVWatts,Solar_Delhi,,solar,19.819,,5,2,0,4
2023-04-12 06:00:00,809.03,1003.117,32.235,22.001,22.757,0.80903,1.003117,PVWatts,Solar_Delhi,,solar,22.001,,6,2,0,4
2023-04-12 07:00:00,7818.486,8270.069,254.361,25.633,32.813,7.818486,8.270069,PVWatts,Solar_Delhi,,solar,25.633,,7,2,0,4
2023-04-12 08:00:00,15457.455,16189.662,514.564,31.101,45.637,15.457455,16.189662000000002,PVWatts,Solar_Delhi,,solar,31.101,,8,2,0,4
2023-04-12 09:00:00,21123.35,22063.697,737.355,35.407,56.189,21.12335,22.063697,PVWatts,Solar_Delhi,,solar,35.407,,9,2,0,4
2023-04-12 10:00:00,24268.125,25323.997,903.586,37.699,69.585,24.268125,25.323997,PVWatts,Solar_Delhi,,solar,37.699,,10,2,0,4
2023-04-12 11:00:00,26149.976,27274.979,998.096,39.052,74.25,26.149976,27.274979,PVWatts,Solar_Delhi,,solar,39.052,,11,2,0,4
2023-04-12 12:00:00,26017.297,27137.426,994.416,39.505,74.575,26.017297,27.137425999999998,PVWatts,Solar_Delhi,,solar,39.505,,12,2,0,4
2023-04-12 13:00:00,25170.69,26259.719,917.036,39.18,64.996,25.17069,26.259719,PVWatts,Solar_Delhi,,solar,39.18,,13,2,0,4
2023-04-12 14:00:00,21897.011,22865.779,775.683,38.2,60.075,21.897011,22.865779,PVWatts,Solar_Delhi,,solar,38.2,,14,2,0,4
2023-04-12 15:00:00,16667.274,17443.924,569.818,36.679,52.783,16.667274000000003,17.443924,PVWatts,Solar_Delhi,,solar,36.679,,15,2,0,4
2023-04-12 16:00:00,8584.885,9064.624,290.432,34.596,42.787,8.584885,9.064624,PVWatts,Solar_Delhi,,solar,34.596,,16,2,0,4
2023-04-12 17:00:00,3456.273,3747.608,129.436,31.58,34.549,3.456273,3.747608,PVWatts,Solar_Delhi,,solar,31.58,,17,2,0,4
2023-04-12 18:00:00,0.0,30.709,1.94,28.31,28.348,0.0,0.030709,PVWatts,Solar_Delhi,,solar,28.31,,18,2,0,4
2023-04-12 19:00:00,0.0,0.0,0.0,27.036,27.036,0.0,0.0,PVWatts,Solar_Delhi,,solar,27.036,,19,2,0,4
2023-04-12 20:00:00,0.0,0.0,0.0,25.94,25.94,0.0,0.0,PVWatts,Solar_Delhi,,solar,25.94,,20,2,0,4
2023-04-12 21:00:00,0.0,0.0,0.0,24.876,24.876,0.0,0.0,PVWatts,Solar_Delhi,,solar,24.876,,21,2,0,4
2023-04-12 22:00:00,0.0,0.0,0.0,23.836,23.836,0.0,0.0,PVWatts,Solar_Delhi,,solar,23.836,,22,2,0,4
2023-04-12 23:00:00,0.0,0.0,0.0,22.78,22.78,0.0,0.0,PVWatts,Solar_Delhi,,solar,22.78,,23,2,0,4
2023-04-13 00:00:00,0.0,0.0,0.0,21.813,21.813,0.0,0.0,PVWatts,Solar_Delhi,,solar,21.813,,0,3,0,4
2023-04-13 01:00:00,0.0,0.0,0.0,20.942,20.942,0.0,0.0,PVWatts,Solar_Delhi,,solar,20.942,,1,3,0,4
2023-04-13 02:00:00,0.0,0.0,0.0,20.199,20.199,0.0,0.0,PVWatts,Solar_Delhi,,solar,20.199,,2,3,0,4
2023-04-13 03:00:00,0.0,0.0,0.0,19.601,19.601,0.0,0.0,PVWatts,Solar_Delhi,,solar,19.601,,3,3,0,4
2023-04-13 04:00:00,0.0,0.0,0.0,19.078,19.078,0.0,0.0,PVWatts,Solar_Delhi,,solar,19.078,,4,3,0,4
2023-04-13 05:00:00,0.0,0.0,0.0,18.829,0.0,0.0,0.0,PVWatts,Solar_Delhi,,solar,18.829,,5,3,0,4
2023-04-13 06:00:00,883.538,1080.362,34.512,20.99,21.682,0.883538,1.080362,PVWatts,Solar_Delhi,,solar,20.99,,6,3,0,4
2023-04-13 07:00:00,8198.676,8664.226,263.762,25.28,30.58,8.198675999999999,8.664226000000001,PVWatts,Solar_Delhi,,solar,25.28,,7,3,0,4
2023-04-13 08:00:00,15774.454,16518.305,516.147,31.127,41.506,15.774454,16.518305,PVWatts,Solar_Delhi,,solar,31.127,,8,3,0,4
2023-04-13 09:00:00,21786.563,22751.274,739.342,34.767,49.6,21.786562999999997,22.751274000000002,PVWatts,Solar_Delhi,,solar,34.767,,9,3,0,4
2023-04-13 10:00:00,25651.875,26758.58,908.279,37.161,58.422,25.651875,26.758580000000002,PVWatts,Solar_Delhi,,solar,37.161,,10,3,0,4
2023-04-13 11:00:00,27508.047,28682.94,992.773,38.836,62.06,27.508046999999998,28.68294,PVWatts,Solar_Delhi,,solar,38.836,,11,3,0,4
2023-04-13 12:00:00,26878.878,28030.659,994.869,39.689,67.673,26.878878,28.030659,PVWatts,Solar_Delhi,,solar,39.689,,12,3,0,4
2023-04-13 13:00:00,25116.841,26203.891,917.301,39.688,65.512,25.116841,26.203891,PVWatts,Solar_Delhi,,solar,39.688,,13,3,0,4
2023-04-13 14:00:00,21656.382,22616.31,769.099,38.913,60.601,21.656382,22.616310000000002,PVWatts,Solar_Delhi,,solar,38.913,,14,3,0,4
2023-04-13 15:00:00,16969.159,17756.899,574.697,37.481,50.995,16.969159,17.756899,PVWatts,Solar_Delhi,,solar,37.481,,15,3,0,4
2023-04-13 16:00:00,10233.325,10773.62,347.732,35.36,43.496,10.233325,10.773620000000001,PVWatts,Solar_Delhi,,solar,35.36,,16,3,0,4
2023-04-13 17:00:00,3546.597,3841.251,132.067,32.151,35.186,3.546597,3.841251,PVWatts,Solar_Delhi,,solar,32.151,,17,3,0,4
2023-04-13 18:00:00,0.0,30.631,1.94,28.704,28.742,0.0,0.030631,PVWatts,Solar_Delhi,,solar,28.704,,18,3,0,4
2023-04-13 19:00:00,0.0,0.0,0.0,27.358,27.358,0.0,0.0,PVWatts,Solar_Delhi,,solar,27.358,,19,3,0,4
2023-04-13 20:00:00,0.0,0.0,0.0,26.276,26.276,0.0,0.0,PVWatts,Solar_Delhi,,solar,26.276,,20,3,0,4
2023-04-13 21:00:00,0.0,0.0,0.0,25.249,25.249,0.0,0.0,PVWatts,Solar_Delhi,,solar,25.249,,21,3,0,4
2023-04-13 22:00:00,0.0,0.0,0.0,24.267,24.267,0.0,0.0,PVWatts,Solar_Delhi,,solar,24.267,,22,3,0,4
2023-04-13 23:00:00,0.0,0.0,0.0,23.359,23.359,0.0,0.0,PVWatts,Solar_Delhi,,solar,23.359,,23,3,0,4
2023-04-14 00:00:00,0.0,0.0,0.0,22.498,22.498,0.0,0.0,PVWatts,Solar_Delhi,,solar,22.498,,0,4,0,4
2023-04-14 01:00:00,0.0,0.0,0.0,21.677,21.677,0.0,0.0,PVWatts,Solar_Delhi,,solar,21.677,,1,4,0,4
2023-04-14 02:00:00,0.0,0.0,0.0,20.902,20.902,0.0,0.0,PVWatts,Solar_Delhi,,solar,20.902,,2,4,0,4
2023-04-14 03:00:00,0.0,0.0,0.0,20.251,20.251,0.0,0.0,PVWatts,Solar_Delhi,,solar,20.251,,3,4,0,4
2023-04-14 04:00:00,0.0,0.0,0.0,19.693,19.693,0.0,0.0,PVWatts,Solar_Delhi,,solar,19.693,,4,4,0,4
2023-04-14 05:00:00,0.0,0.0,0.0,19.447,0.0,0.0,0.0,PVWatts,Solar_Delhi,,solar,19.447,,5,4,0,4
2023-04-14 06:00:00,981.542,1181.967,37.938,22.128,23.018,0.981542,1.181967,PVWatts,Solar_Delhi,,solar,22.128,,6,4,0,4
2023-04-14 07:00:00,8215.542,8681.712,267.689,26.259,33.815,8.215542,8.681712,PVWatts,Solar_Delhi,,solar,26.259,,7,4,0,4
2023-04-14 08:00:00,15548.484,16284.035,519.702,31.874,46.554,15.548484,16.284035,PVWatts,Solar_Delhi,,solar,31.874,,8,4,0,4
2023-04-14 09:00:00,21175.099,22117.347,741.117,35.844,56.73,21.175099,22.117347000000002,PVWatts,Solar_Delhi,,solar,35.844,,9,4,0,4
2023-04-14 10:00:00,25057.185,26142.044,909.124,38.289,63.876,25.057185,26.142044000000002,PVWatts,Solar_Delhi,,solar,38.289,,10,4,0,4
2023-04-14 11:00:00,26072.363,27194.516,999.398,39.858,75.1,26.072363000000003,27.194516,PVWatts,Solar_Delhi,,solar,39.858,,11,4,0,4
2023-04-14 12:00:00,25895.838,27011.506,995.297,40.605,75.704,25.895838,27.011506,PVWatts,Solar_Delhi,,solar,40.605,,12,4,0,4
2023-04-14 13:00:00,24496.859,25561.135,927.173,40.528,73.254,24.496859,25.561135,PVWatts,Solar_Delhi,,solar,40.528,,13,4,0,4
2023-04-14 14:00:00,21188.514,22131.255,775.07,39.707,67.108,21.188513999999998,22.131255,PVWatts,Solar_Delhi,,solar,39.707,,14,4,0,4
2023-04-14 15:00:00,16718.657,17497.195,575.038,38.252,54.509,16.718657,17.497195,PVWatts,Solar_Delhi,,solar,38.252,,15,4,0,4
2023-04-14 16:00:00,10120.437,10656.585,347.61,36.124,45.902,10.120436999999999,10.656585,PVWatts,Solar_Delhi,,solar,36.124,,16,4,0,4
2023-04-14 17:00:00,3527.173,3821.113,132.089,32.668,36.318,3.527173,3.821113,PVWatts,Solar_Delhi,,solar,32.668,,17,4,0,4
2023-04-14 18:00:00,0.0,46.894,2.91,29.41,29.478,0.0,0.046894,PVWatts,Solar_Delhi,,solar,29.41,,18,4,0,4
2023-04-14 19:00:00,0.0,0.0,0.0,28.251,28.251,0.0,0.0,PVWatts,Solar_Delhi,,solar,28.251,,19,4,0,4
2023-04-14 20:00:00,0.0,0.0,0.0,27.308,27.308,0.0,0.0,PVWatts,Solar_Delhi,,solar,27.308,,20,4,0,4
2023-04-14 21:00:00,0.0,0.0,0.0,26.419,26.419,0.0,0.0,PVWatts,Solar_Delhi,,solar,26.419,,21,4,0,4
2023-04-14 22:00:00,0.0,0.0,0.0,25.567,25.567,0.0,0.0,PVWatts,Solar_Delhi,,solar,25.567,,22,4,0,4
2023-04-14 23:00:00,0.0,0.0,0.0,24.794,24.794,0.0,0.0,PVWatts,Solar_Delhi,,solar,24.794,,23,4,0,4
2023-04-15 00:00:00,0.0,0.0,0.0,24.055,24.055,0.0,0.0,PVWatts,Solar_Delhi,,solar,24.055,,0,5,1,4
2023-04-15 01:00:00,0.0,0.0,0.0,23.317,23.317,0.0,0.0,PVWatts,Solar_Delhi,,solar,23.317,,1,5,1,4
2023-04-15 02:00:00,0.0,0.0,0.0,22.515,22.515,0.0,0.0,PVWatts,Solar_Delhi,,solar,22.515,,2,5,1,4
2023-04-15 03:00:00,0.0,0.0,0.0,21.738,21.738,0.0,0.0,PVWatts,Solar_Delhi,,solar,21.738,,3,5,1,4
2023-04-15 04:00:00,0.0,0.0,0.0,21.031,21.031,0.0,0.0,PVWatts,Solar_Delhi,,solar,21.031,,4,5,1,4
2023-04-15 05:00:00,0.0,0.0,0.0,20.709,0.0,0.0,0.0,PVWatts,Solar_Delhi,,solar,20.709,,5,5,1,4
2023-04-15 06:00:00,929.24,1127.743,36.42,23.62,24.908,0.92924,1.127743,PVWatts,Solar_Delhi,,solar,23.62,,6,5,1,4
2023-04-15 07:00:00,7564.798,8007.062,254.199,28.337,40.384,7.564798,8.007062,PVWatts,Solar_Delhi,,solar,28.337,,7,5,1,4
2023-04-15 08:00:00,14675.49,15378.97,516.096,33.521,57.992,14.67549,15.378969999999999,PVWatts,Solar_Delhi,,solar,33.521,,8,5,1,4
2023-04-15 09:00:00,19282.569,20155.294,726.882,38.347,72.732,19.282569,20.155294,PVWatts,Solar_Delhi,,solar,38.347,,9,5,1,4
2023-04-15 10:00:00,22488.874,23479.384,893.432,40.599,82.804,22.488874,23.479384,PVWatts,Solar_Delhi,,solar,40.599,,10,5,1,4
2023-04-15 11:00:00,25761.897,26872.644,996.031,41.766,76.889,25.761897,26.872644,PVWatts,Solar_Delhi,,solar,41.766,,11,5,1,4
2023-04-15 12:00:00,25715.053,26824.079,995.722,42.131,77.245,25.715053,26.824079,PVWatts,Solar_Delhi,,solar,42.131,,12,5,1,4
2023-04-15 13:00:00,24333.572,25391.849,927.448,41.967,74.702,24.333572,25.391848999999997,PVWatts,Solar_Delhi,,solar,41.967,,13,5,1,4
2023-04-15 14:00:00,21084.369,22023.284,776.7,41.153,68.612,21.084369,22.023284,PVWatts,Solar_Delhi,,solar,41.153,,14,5,1,4
2023-04-15 15:00:00,15890.176,16638.279,559.391,39.635,59.46,15.890176,16.638278999999997,PVWatts,Solar_Delhi,,solar,39.635,,15,5,1,4
2023-04-15 16:00:00,10081.837,10616.566,351.3,37.612,50.012,10.081837,10.616566,PVWatts,Solar_Delhi,,solar,37.612,,16,5,1,4
2023-04-15 17:00:00,1227.548,1437.01,48.936,33.819,36.128,1.227548,1.43701,PVWatts,Solar_Delhi,,solar,33.819,,17,5,1,4
2023-04-15 18:00:00,0.0,30.243,1.94,30.626,30.703,0.0,0.030243,PVWatts,Solar_Delhi,,solar,30.626,,18,5,1,4
2023-04-15 19:00:00,0.0,0.0,0.0,29.422,29.422,0.0,0.0,PVWatts,Solar_Delhi,,solar,29.422,,19,5,1,4
2023-04-15 20:00:00,0.0,0.0,0.0,28.426,28.426,0.0,0.0,PVWatts,Solar_Delhi,,solar,28.426,,20,5,1,4
2023-04-15 21:00:00,0.0,0.0,0.0,27.435,27.435,0.0,0.0,PVWatts,Solar_Delhi,,solar,27.435,,21,5,1,4
2023-04-15 22:00:00,0.0,0.0,0.0,26.492,26.492,0.0,0.0,PVWatts,Solar_Delhi,,solar,26.492,,22,5,1,4
2023-04-15 23:00:00,0.0,0.0,0.0,25.575,25.575,0.0,0.0,PVWatts,Solar_Delhi,,solar,25.575,,23,5,1,4
2023-04-16 00:00:00,0.0,0.0,0.0,24.664,24.664,0.0,0.0,PVWatts,Solar_Delhi,,solar,24.664,,0,6,1,4
2023-04-16 01:00:00,0.0,0.0,0.0,23.811,23.811,0.0,0.0,PVWatts,Solar_Delhi,,solar,23.811,,1,6,1,4
2023-04-16 02:00:00,0.0,0.0,0.0,22.994,22.994,0.0,0.0,PVWatts,Solar_Delhi,,solar,22.994,,2,6,1,4
2023-04-16 03:00:00,0.0,0.0,0.0,22.3,22.3,0.0,0.0,PVWatts,Solar_Delhi,,solar,22.3,,3,6,1,4
2023-04-16 04:00:00,0.0,0.0,0.0,22.205,22.205,0.0,0.0,PVWatts,Solar_Delhi,,solar,22.205,,4,6,1,4
2023-04-16 05:00:00,0.0,0.0,0.0,22.269,0.0,0.0,0.0,PVWatts,Solar_Delhi,,solar,22.269,,5,6,1,4
2023-04-16 06:00:00,419.171,598.936,19.888,24.624,25.185,0.419171,0.598936,PVWatts,Solar_Delhi,,solar,24.624,,6,6,1,4
2023-04-16 07:00:00,6285.755,6681.034,208.109,28.441,34.316,6.285755,6.6810339999999995,PVWatts,Solar_Delhi,,solar,28.441,,7,6,1,4
2023-04-16 08:00:00,14118.263,14801.274,474.333,32.886,46.27,14.118263,14.801274,PVWatts,Solar_Delhi,,solar,32.886,,8,6,1,4
2023-04-16 09:00:00,20464.152,21380.283,708.723,37.207,53.811,20.464152,21.380283,PVWatts,Solar_Delhi,,solar,37.207,,9,6,1,4
2023-04-16 10:00:00,24997.03,26079.68,895.071,39.759,60.704,24.99703,26.07968,PVWatts,Solar_Delhi,,solar,39.759,,10,6,1,4
2023-04-16 11:00:00,27313.342,28481.082,996.627,41.134,64.446,27.313342000000002,28.481081999999997,PVWatts,Solar_Delhi,,solar,41.134,,11,6,1,4
2023-04-16 12:00:00,27428.372,28600.338,1004.061,41.726,65.215,27.428372,28.600338,PVWatts,Solar_Delhi,,solar,41.726,,12,6,1,4
2023-04-16 13:00:00,25074.143,26159.625,924.346,41.495,67.516,25.074143,26.159625,PVWatts,Solar_Delhi,,solar,41.495,,13,6,1,4
2023-04-16 14:00:00,21172.008,22114.143,758.3,40.656,62.028,21.172008,22.114143,PVWatts,Solar_Delhi,,solar,40.656,,14,6,1,4
2023-04-16 15:00:00,15081.366,15799.757,521.419,39.31,54.032,15.081366,15.799757,PVWatts,Solar_Delhi,,solar,39.31,,15,6,1,4
2023-04-16 16:00:00,7709.67,8157.256,264.051,37.362,44.812,7.70967,8.157256,PVWatts,Solar_Delhi,,solar,37.362,,16,6,1,4
2023-04-16 17:00:00,3497.119,3789.955,131.358,34.284,37.918,3.497119,3.789955,PVWatts,Solar_Delhi,,solar,34.284,,17,6,1,4
2023-04-16 18:00:00,0.0,62.924,3.879,31.183,31.298,0.0,0.062924,PVWatts,Solar_Delhi,,solar,31.183,,18,6,1,4
2023-04-16 19:00:00,0.0,0.0,0.0,30.02,30.02,0.0,0.0,PVWatts,Solar_Delhi,,solar,30.02,,19,6,1,4
2023-04-16 20:00:00,0.0,0.0,0.0,28.929,28.929,0.0,0.0,PVWatts,Solar_Delhi,,solar,28.929,,20,6,1,4
2023-04-16 21:00:00,0.0,0.0,0.0,27.777,27.777,0.0,0.0,PVWatts,Solar_Delhi,,solar,27.777,,21,6,1,4
2023-04-16 22:00:00,0.0,0.0,0.0,26.662,26.662,0.0,0.0,PVWatts,Solar_Delhi,,solar,26.662,,22,6,1,4
2023-04-16 23:00:00,0.0,0.0,0.0,25.63,25.63,0.0,0.0,PVWatts,Solar_Delhi,,solar,25.63,,23,6,1,4
2023-04-17 00:00:00,0.0,0.0,0.0,24.67,24.67,0.0,0.0,PVWatts,Solar_Delhi,,solar,24.67,,0,0,0,4
2023-04-17 01:00:00,0.0,0.0,0.0,23.767,23.767,0.0,0.0,PVWatts,Solar_Delhi,,solar,23.767,,1,0,0,4
2023-04-17 02:00:00,0.0,0.0,0.0,22.932,22.932,0.0,0.0,PVWatts,Solar_Delhi,,solar,22.932,,2,0,0,4
2023-04-17 03:00:00,0.0,0.0,0.0,22.238,22.238,0.0,0.0,PVWatts,Solar_Delhi,,solar,22.238,,3,0,0,4
2023-04-17 04:00:00,0.0,0.0,0.0,21.831,21.831,0.0,0.0,PVWatts,Solar_Delhi,,solar,21.831,,4,0,0,4
2023-04-17 05:00:00,0.0,0.0,0.0,21.701,0.0,0.0,0.0,PVWatts,Solar_Delhi,,solar,21.701,,5,0,0,4
2023-04-17 06:00:00,1130.22,1336.106,42.916,23.729,24.735,1.13022,1.336106,PVWatts,Solar_Delhi,,solar,23.729,,6,0,0,4
2023-04-17 07:00:00,4612.49,4946.3,153.894,27.049,31.394,4.61249,4.9463,PVWatts,Solar_Delhi,,solar,27.049,,7,0,0,4
2023-04-17 08:00:00,10923.653,11489.307,366.87,32.4,42.737,10.923653,11.489307,PVWatts,Solar_Delhi,,solar,32.4,,8,0,0,4
2023-04-17 09:00:00,17176.547,17971.906,600.3,37.224,54.11,17.176547,17.971906,PVWatts,Solar_Delhi,,solar,37.224,,9,0,0,4
2023-04-17 10:00:00,23321.737,24342.843,875.77,39.69,70.56,23.321737000000002,24.342843000000002,PVWatts,Solar_Delhi,,solar,39.69,,10,0,0,4
2023-04-17 11:00:00,10855.634,11418.79,391.881,41.002,54.764,10.855634,11.418790000000001,PVWatts,Solar_Delhi,,solar,41.002,,11,0,0,4
2023-04-17 12:00:00,18607.675,19455.607,689.863,41.523,65.792,18.607675,19.455607,PVWatts,Solar_Delhi,,solar,41.523,,12,0,0,4
2023-04-17 13:00:00,13854.186,14527.495,502.727,41.324,59.001,13.854186,14.527495,PVWatts,Solar_Delhi,,solar,41.324,,13,0,0,4
2023-04-17 14:00:00,9131.212,9631.02,325.08,40.26,51.704,9.131212,9.631020000000001,PVWatts,Solar_Delhi,,solar,40.26,,14,0,0,4
2023-04-17 15:00:00,4741.237,5079.776,167.511,38.525,43.242,4.741237,5.079776,PVWatts,Solar_Delhi,,solar,38.525,,15,0,0,4
2023-04-17 16:00:00,2237.629,2484.196,81.723,36.298,38.608,2.237629,2.484196,PVWatts,Solar_Delhi,,solar,36.298,,16,0,0,4
2023-04-17 17:00:00,3703.461,4003.877,135.749,33.539,37.314,3.703461,4.003877,PVWatts,Solar_Delhi,,solar,33.539,,17,0,0,4
2023-04-17 18:00:00,0.0,46.555,2.91,30.577,30.634,0.0,0.046555,PVWatts,Solar_Delhi,,solar,30.577,,18,0,0,4
2023-04-17 19:00:00,0.0,0.0,0.0,29.427,29.427,0.0,0.0,PVWatts,Solar_Delhi,,solar,29.427,,19,0,0,4
2023-04-17 20:00:00,0.0,0.0,0.0,28.543,28.543,0.0,0.0,PVWatts,Solar_Delhi,,solar,28.543,,20,0,0,4
2023-04-17 21:00:00,0.0,0.0,0.0,27.769,27.769,0.0,0.0,PVWatts,Solar_Delhi,,solar,27.769,,21,0,0,4
2023-04-17 22:00:00,0.0,0.0,0.0,27.228,27.228,0.0,0.0,PVWatts,Solar_Delhi,,solar,27.228,,22,0,0,4
2023-04-17 23:00:00,0.0,0.0,0.0,26.621,26.621,0.0,0.0,PVWatts,Solar_Delhi,,solar,26.621,,23,0,0,4
2023-04-18 00:00:00,0.0,0.0,0.0,25.957,25.957,0.0,0.0,PVWatts,Solar_Delhi,,solar,25.957,,0,1,0,4
2023-04-18 01:00:00,0.0,0.0,0.0,25.377,25.377,0.0,0.0,PVWatts,Solar_Delhi,,solar,25.377,,1,1,0,4
2023-04-18 02:00:00,0.0,0.0,0.0,24.857,24.857,0.0,0.0,PVWatts,Solar_Delhi,,solar,24.857,,2,1,0,4
2023-04-18 03:00:00,0.0,0.0,0.0,24.424,24.424,0.0,0.0,PVWatts,Solar_Delhi,,solar,24.424,,3,1,0,4
2023-04-18 04:00:00,0.0,0.0,0.0,24.175,24.175,0.0,0.0,PVWatts,Solar_Delhi,,solar,24.175,,4,1,0,4
2023-04-18 05:00:00,0.0,0.0,0.0,24.161,0.0,0.0,0.0,PVWatts,Solar_Delhi,,solar,24.161,,5,1,0,4
2023-04-18 06:00:00,1197.093,1405.436,45.617,25.816,26.884,1.1970930000000002,1.405436,PVWatts,Solar_Delhi,,solar,25.816,,6,1,0,4
2023-04-18 07:00:00,7869.274,8322.724,258.61,28.151,35.451,7.869274000000001,8.322724000000001,PVWatts,Solar_Delhi,,solar,28.151,,7,1,0,4
2023-04-18 08:00:00,15768.629,16512.266,526.487,31.301,46.168,15.768629,16.512266,PVWatts,Solar_Delhi,,solar,31.301,,8,1,0,4
2023-04-18 09:00:00,21374.57,22324.146,747.508,35.366,56.429,21.37457,22.324146,PVWatts,Solar_Delhi,,solar,35.366,,9,1,0,4
2023-04-18 10:00:00,24458.432,25521.295,912.237,37.614,69.799,24.458432000000002,25.521295,PVWatts,Solar_Delhi,,solar,37.614,,10,1,0,4
2023-04-18 11:00:00,26181.026,27307.17,1000.654,39.123,74.405,26.181026000000003,27.30717,PVWatts,Solar_Delhi,,solar,39.123,,11,1,0,4
2023-04-18 12:00:00,26204.883,27331.904,1004.725,39.708,75.137,26.204883000000002,27.331903999999998,PVWatts,Solar_Delhi,,solar,39.708,,12,1,0,4
2023-04-18 13:00:00,24582.824,25650.257,926.187,39.521,72.209,24.582824000000002,25.650257,PVWatts,Solar_Delhi,,solar,39.521,,13,1,0,4
2023-04-18 14:00:00,21296.62,22243.332,775.662,38.685,66.106,21.296619999999997,22.243332,PVWatts,Solar_Delhi,,solar,38.685,,14,1,0,4
2023-04-18 15:00:00,16792.563,17573.815,575.271,37.228,53.49,16.792562999999998,17.573815,PVWatts,Solar_Delhi,,solar,37.228,,15,1,0,4
2023-04-18 16:00:00,10200.614,10739.707,349.472,35.329,45.157,10.200614,10.739707000000001,PVWatts,Solar_Delhi,,solar,35.329,,16,1,0,4
2023-04-18 17:00:00,3626.526,3924.116,135.691,32.76,36.509,3.6265259999999997,3.924116,PVWatts,Solar_Delhi,,solar,32.76,,17,1,0,4
2023-04-18 18:00:00,0.0,132.228,7.759,29.696,29.926,0.0,0.132228,PVWatts,Solar_Delhi,,solar,29.696,,18,1,0,4
2023-04-18 19:00:00,0.0,0.0,0.0,28.654,28.654,0.0,0.0,PVWatts,Solar_Delhi,,solar,28.654,,19,1,0,4
2023-04-18 20:00:00,0.0,0.0,0.0,27.704,27.704,0.0,0.0,PVWatts,Solar_Delhi,,solar,27.704,,20,1,0,4
2023-04-18 21:00:00,0.0,0.0,0.0,26.816,26.816,0.0,0.0,PVWatts,Solar_Delhi,,solar,26.816,,21,1,0,4
2023-04-18 22:00:00,0.0,0.0,0.0,25.942,25.942,0.0,0.0,PVWatts,Solar_Delhi,,solar,25.942,,22,1,0,4
2023-04-18 23:00:00,0.0,0.0,0.0,25.124,25.124,0.0,0.0,PVWatts,Solar_Delhi,,solar,25.124,,23,1,0,4
2023-04-19 00:00:00,0.0,0.0,0.0,24.309,24.309,0.0,0.0,PVWatts,Solar_Delhi,,solar,24.309,,0,2,0,4
2023-04-19 01:00:00,0.0,0.0,0.0,23.486,23.486,0.0,0.0,PVWatts,Solar_Delhi,,solar,23.486,,1,2,0,4
2023-04-19 02:00:00,0.0,0.0,0.0,22.488,22.488,0.0,0.0,PVWatts,Solar_Delhi,,solar,22.488,,2,2,0,4
2023-04-19 03:00:00,0.0,0.0,0.0,21.427,21.427,0.0,0.0,PVWatts,Solar_Delhi,,solar,21.427,,3,2,0,4
2023-04-19 04:00:00,0.0,0.0,0.0,20.425,20.425,0.0,0.0,PVWatts,Solar_Delhi,,solar,20.425,,4,2,0,4
2023-04-19 05:00:00,0.0,0.0,0.0,19.716,0.0,0.0,0.0,PVWatts,Solar_Delhi,,solar,19.716,,5,2,0,4
2023-04-19 06:00:00,666.596,855.451,27.481,21.25,21.896,0.666596,0.8554510000000001,PVWatts,Solar_Delhi,,solar,21.25,,6,2,0,4
2023-04-19 07:00:00,5887.337,6267.979,191.888,24.915,29.42,5.8873370000000005,6.267979,PVWatts,Solar_Delhi,,solar,24.915,,7,2,0,4
2023-04-19 08:00:00,10506.693,11057.03,346.425,29.171,37.285,10.506692999999999,11.057030000000001,PVWatts,Solar_Delhi,,solar,29.171,,8,2,0,4
2023-04-19 09:00:00,13612.306,14276.729,460.066,32.749,43.497,13.612306,14.276729,PVWatts,Solar_Delhi,,solar,32.749,,9,2,0,4
2023-04-19 10:00:00,25664.786,26771.966,902.413,35.551,56.671,25.664786,26.771966,PVWatts,Solar_Delhi,,solar,35.551,,10,2,0,4
2023-04-19 11:00:00,21491.81,22445.693,772.32,37.717,59.393,21.49181,22.445693,PVWatts,Solar_Delhi,,solar,37.717,,11,2,0,4
2023-04-19 12:00:00,15761.686,16505.068,561.328,39.246,54.978,15.761686,16.505067999999998,PVWatts,Solar_Delhi,,solar,39.246,,12,2,0,4
2023-04-19 13:00:00,5116.212,5468.526,185.438,39.985,46.5,5.116212000000001,5.468526,PVWatts,Solar_Delhi,,solar,39.985,,13,2,0,4
2023-04-19 14:00:00,20527.603,21446.065,751.949,39.777,66.327,20.527603,21.446064999999997,PVWatts,Solar_Delhi,,solar,39.777,,14,2,0,4
2023-04-19 15:00:00,11770.758,12367.531,420.388,38.658,58.561,11.770757999999999,12.367531000000001,PVWatts,Solar_Delhi,,solar,38.658,,15,2,0,4
2023-04-19 16:00:00,9733.444,10255.375,344.606,36.837,53.121,9.733443999999999,10.255375,PVWatts,Solar_Delhi,,solar,36.837,,16,2,0,4
2023-04-19 17:00:00,3533.061,3827.217,134.038,34.119,40.345,3.533061,3.827217,PVWatts,Solar_Delhi,,solar,34.119,,17,2,0,4
2023-04-19 18:00:00,1.342,165.758,9.698,31.413,31.7,0.001342,0.16575800000000002,PVWatts,Solar_Delhi,,solar,31.413,,18,2,0,4
2023-04-19 19:00:00,0.0,0.0,0.0,30.444,30.444,0.0,0.0,PVWatts,Solar_Delhi,,solar,30.444,,19,2,0,4
2023-04-19 20:00:00,0.0,0.0,0.0,29.644,29.644,0.0,0.0,PVWatts,Solar_Delhi,,solar,29.644,,20,2,0,4
2023-04-19 21:00:00,0.0,0.0,0.0,28.812,28.812,0.0,0.0,PVWatts,Solar_Delhi,,solar,28.812,,21,2,0,4
2023-04-19 22:00:00,0.0,0.0,0.0,27.983,27.983,0.0,0.0,PVWatts,Solar_Delhi,,solar,27.983,,22,2,0,4
2023-04-19 23:00:00,0.0,0.0,0.0,27.196,27.196,0.0,0.0,PVWatts,Solar_Delhi,,solar,27.196,,23,2,0,4
2023-04-20 00:00:00,0.0,0.0,0.0,26.484,26.484,0.0,0.0,PVWatts,Solar_Delhi,,solar,26.484,,0,3,0,4
2023-04-20 01:00:00,0.0,0.0,0.0,25.82,25.82,0.0,0.0,PVWatts,Solar_Delhi,,solar,25.82,,1,3,0,4
2023-04-20 02:00:00,0.0,0.0,0.0,25.142,25.142,0.0,0.0,PVWatts,Solar_Delhi,,solar,25.142,,2,3,0,4
2023-04-20 03:00:00,0.0,0.0,0.0,24.5,24.5,0.0,0.0,PVWatts,Solar_Delhi,,solar,24.5,,3,3,0,4
2023-04-20 04:00:00,0.0,0.0,0.0,23.914,23.914,0.0,0.0,PVWatts,Solar_Delhi,,solar,23.914,,4,3,0,4
2023-04-20 05:00:00,0.0,0.0,0.0,23.703,0.0,0.0,0.0,PVWatts,Solar_Delhi,,solar,23.703,,5,3,0,4
2023-04-20 06:00:00,1384.517,1599.745,51.89,25.845,27.306,1.384517,1.599745,PVWatts,Solar_Delhi,,solar,25.845,,6,3,0,4
2023-04-20 07:00:00,8271.075,8739.285,273.233,29.623,37.336,8.271075000000002,8.739285,PVWatts,Solar_Delhi,,solar,29.623,,7,3,0,4
2023-04-20 08:00:00,15839.721,16585.971,531.027,34.722,47.195,15.839720999999999,16.585971,PVWatts,Solar_Delhi,,solar,34.722,,8,3,0,4
2023-04-20 09:00:00,21017.768,21954.237,742.205,37.715,58.628,21.017768,21.954237000000003,PVWatts,Solar_Delhi,,solar,37.715,,9,3,0,4
2023-04-20 10:00:00,24586.961,25654.546,898.349,39.996,65.275,24.586961,25.654546,PVWatts,Solar_Delhi,,solar,39.996,,10,3,0,4
2023-04-20 11:00:00,25417.104,26515.185,979.732,41.654,76.198,25.417104,26.515185000000002,PVWatts,Solar_Delhi,,solar,41.654,,11,3,0,4
2023-04-20 12:00:00,25378.576,26475.242,982.644,42.565,77.216,25.378576000000002,26.475241999999998,PVWatts,Solar_Delhi,,solar,42.565,,12,3,0,4
2023-04-20 13:00:00,22579.201,23573.03,907.782,42.61,85.512,22.579201,23.57303,PVWatts,Solar_Delhi,,solar,42.61,,13,3,0,4
2023-04-20 14:00:00,19781.949,20673.019,762.521,41.938,78.035,19.781949,20.673019,PVWatts,Solar_Delhi,,solar,41.938,,14,3,0,4
2023-04-20 15:00:00,15549.984,16285.59,567.558,40.473,67.41,15.549984,16.28559,PVWatts,Solar_Delhi,,solar,40.473,,15,3,0,4
2023-04-20 16:00:00,9873.701,10400.785,347.087,38.453,50.687,9.873700999999999,10.400784999999999,PVWatts,Solar_Delhi,,solar,38.453,,16,3,0,4
2023-04-20 17:00:00,3554.957,3849.918,134.948,35.888,40.569,3.554957,3.849918,PVWatts,Solar_Delhi,,solar,35.888,,17,3,0,4
2023-04-20 18:00:00,0.0,129.598,7.759,33.175,33.405,0.0,0.12959800000000002,PVWatts,Solar_Delhi,,solar,33.175,,18,3,0,4
2023-04-20 19:00:00,0.0,0.0,0.0,32.207,32.207,0.0,0.0,PVWatts,Solar_Delhi,,solar,32.207,,19,3,0,4
2023-04-20 20:00:00,0.0,0.0,0.0,31.279,31.279,0.0,0.0,PVWatts,Solar_Delhi,,solar,31.279,,20,3,0,4
2023-04-20 21:00:00,0.0,0.0,0.0,30.369,30.369,0.0,0.0,PVWatts,Solar_Delhi,,solar,30.369,,21,3,0,4
2023-04-20 22:00:00,0.0,0.0,0.0,29.444,29.444,0.0,0.0,PVWatts,Solar_Delhi,,solar,29.444,,22,3,0,4
2023-04-20 23:00:00,0.0,0.0,0.0,28.554,28.554,0.0,0.0,PVWatts,Solar_Delhi,,solar,28.554,,23,3,0,4
2023-04-21 00:00:00,0.0,0.0,0.0,27.746,27.746,0.0,0.0,PVWatts,Solar_Delhi,,solar,27.746,,0,4,0,4
2023-04-21 01:00:00,0.0,0.0,0.0,27.048,27.048,0.0,0.0,PVWatts,Solar_Delhi,,solar,27.048,,1,4,0,4
2023-04-21 02:00:00,0.0,0.0,0.0,26.333,26.333,0.0,0.0,PVWatts,Solar_Delhi,,solar,26.333,,2,4,0,4
2023-04-21 03:00:00,0.0,0.0,0.0,25.756,25.756,0.0,0.0,PVWatts,Solar_Delhi,,solar,25.756,,3,4,0,4
2023-04-21 04:00:00,0.0,0.0,0.0,25.157,25.157,0.0,0.0,PVWatts,Solar_Delhi,,solar,25.157,,4,4,0,4
2023-04-21 05:00:00,0.0,0.0,0.0,25.01,0.0,0.0,0.0,PVWatts,Solar_Delhi,,solar,25.01,,5,4,0,4
2023-04-21 06:00:00,525.021,708.675,23.683,27.632,28.755,0.525021,0.7086749999999999,PVWatts,Solar_Delhi,,solar,27.632,,6,4,0,4
2023-04-21 07:00:00,6888.625,7306.05,235.033,31.635,42.773,6.888625,7.30605,PVWatts,Solar_Delhi,,solar,31.635,,7,4,0,4
2023-04-21 08:00:00,9344.429,9852.069,329.342,36.437,52.007,9.344429,9.852069,PVWatts,Solar_Delhi,,solar,36.437,,8,4,0,4
2023-04-21 09:00:00,16221.931,16982.221,581.483,38.787,59.285,16.221931,16.982221000000003,PVWatts,Solar_Delhi,,solar,38.787,,9,4,0,4
2023-04-21 10:00:00,13452.653,14111.212,485.061,39.984,57.033,13.452653,14.111212,PVWatts,Solar_Delhi,,solar,39.984,,10,4,0,4
2023-04-21 11:00:00,23313.751,24334.564,855.152,40.731,64.752,23.313751,24.334563999999997,PVWatts,Solar_Delhi,,solar,40.731,,11,4,0,4
2023-04-21 12:00:00,22868.824,23873.293,838.495,40.991,64.54,22.868824,23.873293,PVWatts,Solar_Delhi,,solar,40.991,,12,4,0,4
2023-04-21 13:00:00,13423.917,14081.42,478.17,40.938,54.346,13.423917,14.08142,PVWatts,Solar_Delhi,,solar,40.938,,13,4,0,4
2023-04-21 14:00:00,12589.022,13215.854,442.933,40.216,52.662,12.589022000000002,13.215854,PVWatts,Solar_Delhi,,solar,40.216,,14,4,0,4
2023-04-21 15:00:00,3028.431,3304.05,110.471,38.95,42.06,3.028431,3.30405,PVWatts,Solar_Delhi,,solar,38.95,,15,4,0,4
2023-04-21 16:00:00,2890.007,3160.54,103.538,37.118,40.043,2.890007,3.16054,PVWatts,Solar_Delhi,,solar,37.118,,16,4,0,4
2023-04-21 17:00:00,2392.872,2645.142,87.68,34.944,37.412,2.3928719999999997,2.645142,PVWatts,Solar_Delhi,,solar,34.944,,17,4,0,4
2023-04-21 18:00:00,0.0,45.974,2.91,32.561,32.618,0.0,0.045973999999999994,PVWatts,Solar_Delhi,,solar,32.561,,18,4,0,4
2023-04-21 19:00:00,0.0,0.0,0.0,31.433,31.433,0.0,0.0,PVWatts,Solar_Delhi,,solar,31.433,,19,4,0,4
2023-04-21 20:00:00,0.0,0.0,0.0,30.737,30.737,0.0,0.0,PVWatts,Solar_Delhi,,solar,30.737,,20,4,0,4
2023-04-21 21:00:00,0.0,0.0,0.0,29.949,29.949,0.0,0.0,PVWatts,Solar_Delhi,,solar,29.949,,21,4,0,4
2023-04-21 22:00:00,0.0,0.0,0.0,28.986,28.986,0.0,0.0,PVWatts,Solar_Delhi,,solar,28.986,,22,4,0,4
2023-04-21 23:00:00,0.0,0.0,0.0,28.15,28.15,0.0,0.0,PVWatts,Solar_Delhi,,solar,28.15,,23,4,0,4
2023-04-22 00:00:00,0.0,0.0,0.0,27.417,27.417,0.0,0.0,PVWatts,Solar_Delhi,,solar,27.417,,0,5,1,4
2023-04-22 01:00:00,0.0,0.0,0.0,26.718,26.718,0.0,0.0,PVWatts,Solar_Delhi,,solar,26.718,,1,5,1,4
2023-04-22 02:00:00,0.0,0.0,0.0,26.012,26.012,0.0,0.0,PVWatts,Solar_Delhi,,solar,26.012,,2,5,1,4
2023-04-22 03:00:00,0.0,0.0,0.0,25.395,25.395,0.0,0.0,PVWatts,Solar_Delhi,,solar,25.395,,3,5,1,4
2023-04-22 04:00:00,0.0,0.0,0.0,24.846,24.846,0.0,0.0,PVWatts,Solar_Delhi,,solar,24.846,,4,5,1,4
2023-04-22 05:00:00,0.0,0.0,0.0,24.799,0.0,0.0,0.0,PVWatts,Solar_Delhi,,solar,24.799,,5,5,1,4
2023-04-22 06:00:00,1332.363,1545.675,50.237,27.557,28.973,1.332363,1.545675,PVWatts,Solar_Delhi,,solar,27.557,,6,5,1,4
2023-04-22 07:00:00,7691.915,8138.849,258.524,31.466,40.615,7.691915,8.138849,PVWatts,Solar_Delhi,,solar,31.466,,7,5,1,4
2023-04-22 08:00:00,15136.906,15857.337,517.078,36.388,50.983,15.136906000000002,15.857337,PVWatts,Solar_Delhi,,solar,36.388,,8,5,1,4
2023-04-22 09:00:00,20573.746,21493.903,730.654,38.952,59.531,20.573746,21.493903,PVWatts,Solar_Delhi,,solar,38.952,,9,5,1,4
2023-04-22 10:00:00,24674.233,25745.024,905.996,40.689,66.177,24.674233,25.745024,PVWatts,Solar_Delhi,,solar,40.689,,10,5,1,4
2023-04-22 11:00:00,26538.13,27677.393,992.582,41.842,69.755,26.538130000000002,27.677393,PVWatts,Solar_Delhi,,solar,41.842,,11,5,1,4
2023-04-22 12:00:00,27100.131,28260.039,994.048,42.347,65.599,27.100131,28.260039,PVWatts,Solar_Delhi,,solar,42.347,,12,5,1,4
2023-04-22 13:00:00,25270.101,26362.781,915.479,42.22,63.652,25.270101,26.362781,PVWatts,Solar_Delhi,,solar,42.22,,13,5,1,4
2023-04-22 14:00:00,21746.51,22709.749,769.254,41.563,59.602,21.746509999999997,22.709749,PVWatts,Solar_Delhi,,solar,41.563,,14,5,1,4
2023-04-22 15:00:00,16701.692,17479.606,572.982,40.314,53.785,16.701691999999998,17.479606,PVWatts,Solar_Delhi,,solar,40.314,,15,5,1,4
2023-04-22 16:00:00,10169.307,10707.25,351.078,38.542,46.752,10.169307,10.70725,PVWatts,Solar_Delhi,,solar,38.542,,16,5,1,4
2023-04-22 17:00:00,3603.627,3900.375,136.133,36.35,39.481,3.603627,3.900375,PVWatts,Solar_Delhi,,solar,36.35,,17,5,1,4
2023-04-22 18:00:00,0.0,129.379,7.759,33.51,33.693,0.0,0.129379,PVWatts,Solar_Delhi,,solar,33.51,,18,5,1,4
2023-04-22 19:00:00,0.0,0.0,0.0,32.288,32.288,0.0,0.0,PVWatts,Solar_Delhi,,solar,32.288,,19,5,1,4
2023-04-22 20:00:00,0.0,0.0,0.0,31.399,31.399,0.0,0.0,PVWatts,Solar_Delhi,,solar,31.399,,20,5,1,4
2023-04-22 21:00:00,0.0,0.0,0.0,30.622,30.622,0.0,0.0,PVWatts,Solar_Delhi,,solar,30.622,,21,5,1,4
2023-04-22 22:00:00,0.0,0.0,0.0,29.845,29.845,0.0,0.0,PVWatts,Solar_Delhi,,solar,29.845,,22,5,1,4
2023-04-22 23:00:00,0.0,0.0,0.0,29.093,29.093,0.0,0.0,PVWatts,Solar_Delhi,,solar,29.093,,23,5,1,4
2023-04-23 00:00:00,0.0,0.0,0.0,28.387,28.387,0.0,0.0,PVWatts,Solar_Delhi,,solar,28.387,,0,6,1,4
2023-04-23 01:00:00,0.0,0.0,0.0,27.663,27.663,0.0,0.0,PVWatts,Solar_Delhi,,solar,27.663,,1,6,1,4
2023-04-23 02:00:00,0.0,0.0,0.0,26.987,26.987,0.0,0.0,PVWatts,Solar_Delhi,,solar,26.987,,2,6,1,4
2023-04-23 03:00:00,0.0,0.0,0.0,26.339,26.339,0.0,0.0,PVWatts,Solar_Delhi,,solar,26.339,,3,6,1,4
2023-04-23 04:00:00,0.0,0.0,0.0,25.735,25.735,0.0,0.0,PVWatts,Solar_Delhi,,solar,25.735,,4,6,1,4
2023-04-23 05:00:00,0.0,0.0,0.0,25.577,0.0,0.0,0.0,PVWatts,Solar_Delhi,,solar,25.577,,5,6,1,4
2023-04-23 06:00:00,1311.635,1524.185,49.635,28.202,29.958,1.3116349999999999,1.524185,PVWatts,Solar_Delhi,,solar,28.202,,6,6,1,4
2023-04-23 07:00:00,7588.211,8031.336,255.13,31.483,40.512,7.588211,8.031336,PVWatts,Solar_Delhi,,solar,31.483,,7,6,1,4
2023-04-23 08:00:00,14439.144,15133.942,500.11,35.989,53.683,14.439144,15.133942,PVWatts,Solar_Delhi,,solar,35.989,,8,6,1,4
2023-04-23 09:00:00,20555.549,21475.037,732.007,39.515,60.133,20.555549,21.475037,PVWatts,Solar_Delhi,,solar,39.515,,9,6,1,4
2023-04-23 10:00:00,23992.761,25038.518,885.719,42.243,67.154,23.992760999999998,25.038518,PVWatts,Solar_Delhi,,solar,42.243,,10,6,1,4
2023-04-23 11:00:00,26660.515,27804.273,983.01,43.655,66.645,26.660515,27.804273000000002,PVWatts,Solar_Delhi,,solar,43.655,,11,6,1,4
2023-04-23 12:00:00,26619.239,27761.481,983.428,44.169,67.172,26.619239,27.761481,PVWatts,Solar_Delhi,,solar,44.169,,12,6,1,4
2023-04-23 13:00:00,24822.973,25899.228,905.458,43.954,65.151,24.822973,25.899228,PVWatts,Solar_Delhi,,solar,43.954,,13,6,1,4
2023-04-23 14:00:00,21335.03,22283.153,760.274,43.13,60.952,21.33503,22.283153,PVWatts,Solar_Delhi,,solar,43.13,,14,6,1,4
2023-04-23 15:00:00,16401.885,17168.786,566.341,41.843,55.157,16.401885,17.168786,PVWatts,Solar_Delhi,,solar,41.843,,15,6,1,4
2023-04-23 16:00:00,10025.072,10557.717,347.419,40.076,48.207,10.025072,10.557717,PVWatts,Solar_Delhi,,solar,40.076,,16,6,1,4
2023-04-23 17:00:00,3550.805,3845.613,134.552,37.901,41.0,3.550805,3.8456129999999997,PVWatts,Solar_Delhi,,solar,37.901,,17,6,1,4
2023-04-23 18:00:00,0.0,128.186,7.759,35.116,35.269,0.0,0.128186,PVWatts,Solar_Delhi,,solar,35.116,,18,6,1,4
2023-04-23 19:00:00,0.0,0.0,0.0,33.865,33.865,0.0,0.0,PVWatts,Solar_Delhi,,solar,33.865,,19,6,1,4
2023-04-23 20:00:00,0.0,0.0,0.0,32.881,32.881,0.0,0.0,PVWatts,Solar_Delhi,,solar,32.881,,20,6,1,4
2023-04-23 21:00:00,0.0,0.0,0.0,31.955,31.955,0.0,0.0,PVWatts,Solar_Delhi,,solar,31.955,,21,6,1,4
2023-04-23 22:00:00,0.0,0.0,0.0,30.995,30.995,0.0,0.0,PVWatts,Solar_Delhi,,solar,30.995,,22,6,1,4
2023-04-23 23:00:00,0.0,0.0,0.0,30.123,30.123,0.0,0.0,PVWatts,Solar_Delhi,,solar,30.123,,23,6,1,4
2023-04-24 00:00:00,0.0,0.0,0.0,29.207,29.207,0.0,0.0,PVWatts,Solar_Delhi,,solar,29.207,,0,0,0,4
2023-04-24 01:00:00,0.0,0.0,0.0,28.293,28.293,0.0,0.0,PVWatts,Solar_Delhi,,solar,28.293,,1,0,0,4
2023-04-24 02:00:00,0.0,0.0,0.0,27.415,27.415,0.0,0.0,PVWatts,Solar_Delhi,,solar,27.415,,2,0,0,4
2023-04-24 03:00:00,0.0,0.0,0.0,26.7,26.7,0.0,0.0,PVWatts,Solar_Delhi,,solar,26.7,,3,0,0,4
2023-04-24 04:00:00,0.0,0.0,0.0,26.074,26.074,0.0,0.0,PVWatts,Solar_Delhi,,solar,26.074,,4,0,0,4
2023-04-24 05:00:00,0.0,0.0,0.0,25.903,0.0,0.0,0.0,PVWatts,Solar_Delhi,,solar,25.903,,5,0,0,4
2023-04-24 06:00:00,1478.91,1697.606,55.534,28.637,30.598,1.4789100000000002,1.697606,PVWatts,Solar_Delhi,,solar,28.637,,6,0,0,4
2023-04-24 07:00:00,8504.622,8981.412,286.903,32.592,42.746,8.504622,8.981412,PVWatts,Solar_Delhi,,solar,32.592,,7,0,0,4
2023-04-24 08:00:00,15437.881,16169.368,540.639,37.924,57.06,15.437880999999999,16.169368,PVWatts,Solar_Delhi,,solar,37.924,,8,0,0,4
2023-04-24 09:00:00,20485.551,21402.468,754.231,41.04,67.679,20.485551,21.402468000000002,PVWatts,Solar_Delhi,,solar,41.04,,9,0,0,4
2023-04-24 10:00:00,23800.008,24838.684,911.247,43.083,75.228,23.800008000000002,24.838684,PVWatts,Solar_Delhi,,solar,43.083,,10,0,0,4
2023-04-24 11:00:00,25323.505,26418.147,991.364,44.372,79.323,25.323505,26.418147,PVWatts,Solar_Delhi,,solar,44.372,,11,0,0,4
2023-04-24 12:00:00,25284.901,26378.126,992.536,44.971,79.968,25.284901,26.378126,PVWatts,Solar_Delhi,,solar,44.971,,12,0,0,4
2023-04-24 13:00:00,23732.319,24768.509,915.774,44.829,77.146,23.732319,24.768508999999998,PVWatts,Solar_Delhi,,solar,44.829,,13,0,0,4
2023-04-24 14:00:00,21173.309,22115.491,770.328,44.071,65.79,21.173309,22.115491000000002,PVWatts,Solar_Delhi,,solar,44.071,,14,0,0,4
2023-04-24 15:00:00,16351.766,17116.826,573.924,42.657,58.879,16.351766,17.116826,PVWatts,Solar_Delhi,,solar,42.657,,15,0,0,4
2023-04-24 16:00:00,9990.673,10522.054,350.989,40.712,50.579,9.990673000000001,10.522054,PVWatts,Solar_Delhi,,solar,40.712,,16,0,0,4
2023-04-24 17:00:00,3611.327,3908.358,138.037,38.341,42.159,3.611327,3.908358,PVWatts,Solar_Delhi,,solar,38.341,,17,0,0,4
2023-04-24 18:00:00,0.0,127.92,7.759,35.437,35.62,0.0,0.12792,PVWatts,Solar_Delhi,,solar,35.437,,18,0,0,4
2023-04-24 19:00:00,0.0,0.0,0.0,34.182,34.182,0.0,0.0,PVWatts,Solar_Delhi,,solar,34.182,,19,0,0,4
2023-04-24 20:00:00,0.0,0.0,0.0,33.125,33.125,0.0,0.0,PVWatts,Solar_Delhi,,solar,33.125,,20,0,0,4
2023-04-24 21:00:00,0.0,0.0,0.0,32.139,32.139,0.0,0.0,PVWatts,Solar_Delhi,,solar,32.139,,21,0,0,4
2023-04-24 22:00:00,0.0,0.0,0.0,31.196,31.196,0.0,0.0,PVWatts,Solar_Delhi,,solar,31.196,,22,0,0,4
2023-04-24 23:00:00,0.0,0.0,0.0,30.348,30.348,0.0,0.0,PVWatts,Solar_Delhi,,solar,30.348,,23,0,0,4
2023-04-25 00:00:00,0.0,0.0,0.0,29.546,29.546,0.0,0.0,PVWatts,Solar_Delhi,,solar,29.546,,0,1,0,4
2023-04-25 01:00:00,0.0,0.0,0.0,28.809,28.809,0.0,0.0,PVWatts,Solar_Delhi,,solar,28.809,,1,1,0,4
2023-04-25 02:00:00,0.0,0.0,0.0,28.076,28.076,0.0,0.0,PVWatts,Solar_Delhi,,solar,28.076,,2,1,0,4
2023-04-25 03:00:00,0.0,0.0,0.0,27.408,27.408,0.0,0.0,PVWatts,Solar_Delhi,,solar,27.408,,3,1,0,4
2023-04-25 04:00:00,0.0,0.0,0.0,26.74,26.74,0.0,0.0,PVWatts,Solar_Delhi,,solar,26.74,,4,1,0,4
2023-04-25 05:00:00,0.0,0.0,0.0,26.522,0.0,0.0,0.0,PVWatts,Solar_Delhi,,solar,26.522,,5,1,0,4
2023-04-25 06:00:00,1692.882,1919.438,63.247,29.271,32.257,1.692882,1.9194380000000002,PVWatts,Solar_Delhi,,solar,29.271,,6,1,0,4
2023-04-25 07:00:00,8282.573,8751.206,284.457,33.192,46.673,8.282573000000001,8.751206,PVWatts,Solar_Delhi,,solar,33.192,,7,1,0,4
2023-04-25 08:00:00,14929.979,15642.808,542.0,39.23,64.92,14.929979,15.642808,PVWatts,Solar_Delhi,,solar,39.23,,8,1,0,4
2023-04-25 09:00:00,19512.623,20393.799,755.56,42.509,78.244,19.512622999999998,20.393798999999998,PVWatts,Solar_Delhi,,solar,42.509,,9,1,0,4
2023-04-25 10:00:00,23758.959,24796.127,916.605,44.448,76.78,23.758958999999997,24.796127000000002,PVWatts,Solar_Delhi,,solar,44.448,,10,1,0,4
2023-04-25 11:00:00,25378.968,26475.648,1001.558,45.597,80.905,25.378968,26.475648,PVWatts,Solar_Delhi,,solar,45.597,,11,1,0,4
2023-04-25 12:00:00,25363.215,26459.316,1002.531,45.973,81.32,25.363215,26.459315999999998,PVWatts,Solar_Delhi,,solar,45.973,,12,1,0,4
2023-04-25 13:00:00,23800.012,24838.688,923.496,45.667,78.256,23.800012,24.838687999999998,PVWatts,Solar_Delhi,,solar,45.667,,13,1,0,4
2023-04-25 14:00:00,21215.111,22158.829,774.808,44.713,66.556,21.215111,22.158829,PVWatts,Solar_Delhi,,solar,44.713,,14,1,0,4
2023-04-25 15:00:00,16306.452,17069.847,574.34,43.319,59.551,16.306452,17.069847000000003,PVWatts,Solar_Delhi,,solar,43.319,,15,1,0,4
2023-04-25 16:00:00,9954.02,10484.054,350.963,41.464,51.329,9.95402,10.484054,PVWatts,Solar_Delhi,,solar,41.464,,16,1,0,4
2023-04-25 17:00:00,3608.897,3905.839,141.145,39.063,42.944,3.608897,3.905839,PVWatts,Solar_Delhi,,solar,39.063,,17,1,0,4
2023-04-25 18:00:00,30.345,195.827,11.638,36.058,36.333,0.030345,0.195827,PVWatts,Solar_Delhi,,solar,36.058,,18,1,0,4
2023-04-25 19:00:00,0.0,0.0,0.0,34.857,34.857,0.0,0.0,PVWatts,Solar_Delhi,,solar,34.857,,19,1,0,4
2023-04-25 20:00:00,0.0,0.0,0.0,33.966,33.966,0.0,0.0,PVWatts,Solar_Delhi,,solar,33.966,,20,1,0,4
2023-04-25 21:00:00,0.0,0.0,0.0,33.024,33.024,0.0,0.0,PVWatts,Solar_Delhi,,solar,33.024,,21,1,0,4
2023-04-25 22:00:00,0.0,0.0,0.0,32.142,32.142,0.0,0.0,PVWatts,Solar_Delhi,,solar,32.142,,22,1,0,4
2023-04-25 23:00:00,0.0,0.0,0.0,31.298,31.298,0.0,0.0,PVWatts,Solar_Delhi,,solar,31.298,,23,1,0,4
2023-04-26 00:00:00,0.0,0.0,0.0,30.472,30.472,0.0,0.0,PVWatts,Solar_Delhi,,solar,30.472,,0,2,0,4
2023-04-26 01:00:00,0.0,0.0,0.0,29.675,29.675,0.0,0.0,PVWatts,Solar_Delhi,,solar,29.675,,1,2,0,4
2023-04-26 02:00:00,0.0,0.0,0.0,28.866,28.866,0.0,0.0,PVWatts,Solar_Delhi,,solar,28.866,,2,2,0,4
2023-04-26 03:00:00,0.0,0.0,0.0,28.033,28.033,0.0,0.0,PVWatts,Solar_Delhi,,solar,28.033,,3,2,0,4
2023-04-26 04:00:00,0.0,0.0,0.0,27.266,27.266,0.0,0.0,PVWatts,Solar_Delhi,,solar,27.266,,4,2,0,4
2023-04-26 05:00:00,0.0,0.0,0.0,26.988,0.0,0.0,0.0,PVWatts,Solar_Delhi,,solar,26.988,,5,2,0,4
2023-04-26 06:00:00,1525.949,1746.372,57.237,29.691,31.713,1.525949,1.746372,PVWatts,Solar_Delhi,,solar,29.691,,6,2,0,4
2023-04-26 07:00:00,7336.648,7770.531,252.459,33.582,45.545,7.336648,7.770531,PVWatts,Solar_Delhi,,solar,33.582,,7,2,0,4
2023-04-26 08:00:00,14260.328,14948.557,500.438,38.76,56.462,14.260328,14.948557000000001,PVWatts,Solar_Delhi,,solar,38.76,,8,2,0,4
2023-04-26 09:00:00,20276.867,21186.118,732.128,42.551,63.171,20.276867,21.186117999999997,PVWatts,Solar_Delhi,,solar,42.551,,9,2,0,4
2023-04-26 10:00:00,23970.836,25015.787,896.351,44.732,69.943,23.970836,25.015787,PVWatts,Solar_Delhi,,solar,44.732,,10,2,0,4
2023-04-26 11:00:00,25794.02,26905.947,983.508,46.02,73.67,25.79402,26.905947,PVWatts,Solar_Delhi,,solar,46.02,,11,2,0,4
2023-04-26 12:00:00,26622.119,27764.467,995.895,46.528,69.821,26.622118999999998,27.764467,PVWatts,Solar_Delhi,,solar,46.528,,12,2,0,4
2023-04-26 13:00:00,24876.211,25954.422,918.77,46.317,67.825,24.876210999999998,25.954421999999997,PVWatts,Solar_Delhi,,solar,46.317,,13,2,0,4
2023-04-26 14:00:00,21438.747,22390.68,772.177,45.446,63.552,21.438747,22.39068,PVWatts,Solar_Delhi,,solar,45.446,,14,2,0,4
2023-04-26 15:00:00,16451.223,17219.936,574.349,44.065,57.565,16.451223000000002,17.219936,PVWatts,Solar_Delhi,,solar,44.065,,15,2,0,4
2023-04-26 16:00:00,10085.087,10619.936,353.385,42.285,50.552,10.085087,10.619936,PVWatts,Solar_Delhi,,solar,42.285,,16,2,0,4
2023-04-26 17:00:00,3609.181,3906.133,136.419,39.966,43.118,3.609181,3.9061329999999996,PVWatts,Solar_Delhi,,solar,39.966,,17,2,0,4
2023-04-26 18:00:00,12.921,177.762,10.668,36.867,37.119,0.012921,0.177762,PVWatts,Solar_Delhi,,solar,36.867,,18,2,0,4
2023-04-26 19:00:00,0.0,0.0,0.0,35.559,35.559,0.0,0.0,PVWatts,Solar_Delhi,,solar,35.559,,19,2,0,4
2023-04-26 20:00:00,0.0,0.0,0.0,34.644,34.644,0.0,0.0,PVWatts,Solar_Delhi,,solar,34.644,,20,2,0,4
2023-04-26 21:00:00,0.0,0.0,0.0,33.807,33.807,0.0,0.0,PVWatts,Solar_Delhi,,solar,33.807,,21,2,0,4
2023-04-26 22:00:00,0.0,0.0,0.0,32.98,32.98,0.0,0.0,PVWatts,Solar_Delhi,,solar,32.98,,22,2,0,4
2023-04-26 23:00:00,0.0,0.0,0.0,32.205,32.205,0.0,0.0,PVWatts,Solar_Delhi,,solar,32.205,,23,2,0,4
2023-04-27 00:00:00,0.0,0.0,0.0,31.41,31.41,0.0,0.0,PVWatts,Solar_Delhi,,solar,31.41,,0,3,0,4
2023-04-27 01:00:00,0.0,0.0,0.0,30.66,30.66,0.0,0.0,PVWatts,Solar_Delhi,,solar,30.66,,1,3,0,4
2023-04-27 02:00:00,0.0,0.0,0.0,29.827,29.827,0.0,0.0,PVWatts,Solar_Delhi,,solar,29.827,,2,3,0,4
2023-04-27 03:00:00,0.0,0.0,0.0,29.003,29.003,0.0,0.0,PVWatts,Solar_Delhi,,solar,29.003,,3,3,0,4
2023-04-27 04:00:00,0.0,0.0,0.0,28.267,28.267,0.0,0.0,PVWatts,Solar_Delhi,,solar,28.267,,4,3,0,4
2023-04-27 05:00:00,0.0,0.0,0.0,27.919,0.0,0.0,0.0,PVWatts,Solar_Delhi,,solar,27.919,,5,3,0,4
2023-04-27 06:00:00,1632.349,1856.681,60.69,30.003,31.425,1.6323489999999998,1.856681,PVWatts,Solar_Delhi,,solar,30.003,,6,3,0,4
2023-04-27 07:00:00,7817.608,8269.16,262.002,33.902,40.053,7.817608,8.26916,PVWatts,Solar_Delhi,,solar,33.902,,7,3,0,4
2023-04-27 08:00:00,15516.391,16250.763,530.652,38.848,51.305,15.516391,16.250763,PVWatts,Solar_Delhi,,solar,38.848,,8,3,0,4
2023-04-27 09:00:00,21383.331,22333.228,752.01,42.325,57.404,21.383331,22.333228,PVWatts,Solar_Delhi,,solar,42.325,,9,3,0,4
2023-04-27 10:00:00,25152.385,26240.741,908.979,44.493,62.698,25.152385,26.240741000000003,PVWatts,Solar_Delhi,,solar,44.493,,10,3,0,4
2023-04-27 11:00:00,26907.938,28060.785,987.384,45.753,65.517,26.907937999999998,28.060785,PVWatts,Solar_Delhi,,solar,45.753,,11,3,0,4
2023-04-27 12:00:00,26826.198,27976.043,986.229,46.293,66.036,26.826198,27.976043,PVWatts,Solar_Delhi,,solar,46.293,,12,3,0,4
2023-04-27 13:00:00,25019.993,26103.485,909.661,46.139,64.365,25.019993,26.103485,PVWatts,Solar_Delhi,,solar,46.139,,13,3,0,4
2023-04-27 14:00:00,21499.093,22453.243,764.847,45.421,60.771,21.499093000000002,22.453242999999997,PVWatts,Solar_Delhi,,solar,45.421,,14,3,0,4
2023-04-27 15:00:00,16472.586,17242.084,570.062,44.138,55.608,16.472586,17.242084,PVWatts,Solar_Delhi,,solar,44.138,,15,3,0,4
2023-04-27 16:00:00,10059.565,10593.476,351.891,42.462,49.503,10.059565000000001,10.593476,PVWatts,Solar_Delhi,,solar,42.462,,16,3,0,4
2023-04-27 17:00:00,3651.922,3950.445,140.206,40.427,43.186,3.651922,3.950445,PVWatts,Solar_Delhi,,solar,40.427,,17,3,0,4
2023-04-27 18:00:00,0.0,159.87,9.698,37.777,37.968,0.0,0.15987,PVWatts,Solar_Delhi,,solar,37.777,,18,3,0,4
2023-04-27 19:00:00,0.0,0.0,0.0,36.358,36.358,0.0,0.0,PVWatts,Solar_Delhi,,solar,36.358,,19,3,0,4
2023-04-27 20:00:00,0.0,0.0,0.0,35.323,35.323,0.0,0.0,PVWatts,Solar_Delhi,,solar,35.323,,20,3,0,4
2023-04-27 21:00:00,0.0,0.0,0.0,34.33,34.33,0.0,0.0,PVWatts,Solar_Delhi,,solar,34.33,,21,3,0,4
2023-04-27 22:00:00,0.0,0.0,0.0,33.444,33.444,0.0,0.0,PVWatts,Solar_Delhi,,solar,33.444,,22,3,0,4
2023-04-27 23:00:00,0.0,0.0,0.0,32.624,32.624,0.0,0.0,PVWatts,Solar_Delhi,,solar,32.624,,23,3,0,4
2023-04-28 00:00:00,0.0,0.0,0.0,31.883,31.883,0.0,0.0,PVWatts,Solar_Delhi,,solar,31.883,,0,4,0,4
2023-04-28 01:00:00,0.0,0.0,0.0,31.178,31.178,0.0,0.0,PVWatts,Solar_Delhi,,solar,31.178,,1,4,0,4
2023-04-28 02:00:00,0.0,0.0,0.0,30.517,30.517,0.0,0.0,PVWatts,Solar_Delhi,,solar,30.517,,2,4,0,4
2023-04-28 03:00:00,0.0,0.0,0.0,29.834,29.834,0.0,0.0,PVWatts,Solar_Delhi,,solar,29.834,,3,4,0,4
2023-04-28 04:00:00,0.0,0.0,0.0,29.242,29.242,0.0,0.0,PVWatts,Solar_Delhi,,solar,29.242,,4,4,0,4
2023-04-28 05:00:00,0.0,0.0,0.0,29.042,0.0,0.0,0.0,PVWatts,Solar_Delhi,,solar,29.042,,5,4,0,4
2023-04-28 06:00:00,1559.008,1780.646,58.928,31.655,34.444,1.559008,1.780646,PVWatts,Solar_Delhi,,solar,31.655,,6,4,0,4
2023-04-28 07:00:00,7634.207,8079.021,264.81,35.37,47.919,7.634207,8.079021,PVWatts,Solar_Delhi,,solar,35.37,,7,4,0,4
2023-04-28 08:00:00,14597.014,15297.611,533.253,40.647,65.914,14.597014,15.297611000000002,PVWatts,Solar_Delhi,,solar,40.647,,8,4,0,4
2023-04-28 09:00:00,20132.026,21035.956,751.423,44.026,70.565,20.132026000000003,21.035956,PVWatts,Solar_Delhi,,solar,44.026,,9,4,0,4
2023-04-28 10:00:00,23204.849,24221.661,898.97,45.883,77.591,23.204849,24.221661,PVWatts,Solar_Delhi,,solar,45.883,,10,4,0,4
2023-04-28 11:00:00,24679.149,25750.121,976.735,47.069,81.501,24.679149000000002,25.750121,PVWatts,Solar_Delhi,,solar,47.069,,11,4,0,4
2023-04-28 12:00:00,24606.837,25675.152,975.576,47.558,81.954,24.606837,25.675151999999997,PVWatts,Solar_Delhi,,solar,47.558,,12,4,0,4
2023-04-28 13:00:00,23067.615,24079.386,898.741,47.352,79.065,23.067615,24.079386,PVWatts,Solar_Delhi,,solar,47.352,,13,4,0,4
2023-04-28 14:00:00,20022.332,20922.233,754.231,46.443,73.101,20.022332,20.922233,PVWatts,Solar_Delhi,,solar,46.443,,14,4,0,4
2023-04-28 15:00:00,15570.696,16307.063,562.321,44.97,64.895,15.570696,16.307063,PVWatts,Solar_Delhi,,solar,44.97,,15,4,0,4
2023-04-28 16:00:00,9737.607,10259.691,346.041,42.965,52.689,9.737607,10.259691,PVWatts,Solar_Delhi,,solar,42.965,,16,4,0,4
2023-04-28 17:00:00,3639.973,3938.057,141.213,40.558,45.453,3.639973,3.9380569999999997,PVWatts,Solar_Delhi,,solar,40.558,,17,4,0,4
2023-04-28 18:00:00,44.92,210.937,12.608,37.795,38.168,0.04492,0.210937,PVWatts,Solar_Delhi,,solar,37.795,,18,4,0,4
2023-04-28 19:00:00,0.0,0.0,0.0,36.684,36.684,0.0,0.0,PVWatts,Solar_Delhi,,solar,36.684,,19,4,0,4
2023-04-28 20:00:00,0.0,0.0,0.0,35.809,35.809,0.0,0.0,PVWatts,Solar_Delhi,,solar,35.809,,20,4,0,4
2023-04-28 21:00:00,0.0,0.0,0.0,35.012,35.012,0.0,0.0,PVWatts,Solar_Delhi,,solar,35.012,,21,4,0,4
2023-04-28 22:00:00,0.0,0.0,0.0,34.211,34.211,0.0,0.0,PVWatts,Solar_Delhi,,solar,34.211,,22,4,0,4
2023-04-28 23:00:00,0.0,0.0,0.0,33.377,33.377,0.0,0.0,PVWatts,Solar_Delhi,,solar,33.377,,23,4,0,4
2023-04-29 00:00:00,0.0,0.0,0.0,32.57,32.57,0.0,0.0,PVWatts,Solar_Delhi,,solar,32.57,,0,5,1,4
2023-04-29 01:00:00,0.0,0.0,0.0,31.729,31.729,0.0,0.0,PVWatts,Solar_Delhi,,solar,31.729,,1,5,1,4
2023-04-29 02:00:00,0.0,0.0,0.0,30.904,30.904,0.0,0.0,PVWatts,Solar_Delhi,,solar,30.904,,2,5,1,4
2023-04-29 03:00:00,0.0,0.0,0.0,30.142,30.142,0.0,0.0,PVWatts,Solar_Delhi,,solar,30.142,,3,5,1,4
2023-04-29 04:00:00,0.0,0.0,0.0,29.526,29.526,0.0,0.0,PVWatts,Solar_Delhi,,solar,29.526,,4,5,1,4
2023-04-29 05:00:00,0.0,0.0,0.0,29.389,0.0,0.0,0.0,PVWatts,Solar_Delhi,,solar,29.389,,5,5,1,4
2023-04-29 06:00:00,1321.329,1534.236,50.308,31.68,33.102,1.321329,1.5342360000000002,PVWatts,Solar_Delhi,,solar,31.68,,6,5,1,4
2023-04-29 07:00:00,8504.9,8981.7,288.514,35.843,43.986,8.5049,8.9817,PVWatts,Solar_Delhi,,solar,35.843,,7,5,1,4
2023-04-29 08:00:00,14690.016,15394.03,521.394,40.862,59.306,14.690016,15.39403,PVWatts,Solar_Delhi,,solar,40.862,,8,5,1,4
2023-04-29 09:00:00,20005.225,20904.497,745.07,43.744,70.058,20.005225,20.904497,PVWatts,Solar_Delhi,,solar,43.744,,9,5,1,4
2023-04-29 10:00:00,23108.929,24122.217,893.704,45.692,77.213,23.108929,24.122217,PVWatts,Solar_Delhi,,solar,45.692,,10,5,1,4
2023-04-29 11:00:00,24571.209,25638.216,970.069,46.8,80.996,24.571209,25.638216,PVWatts,Solar_Delhi,,solar,46.8,,11,5,1,4
2023-04-29 12:00:00,24537.299,25603.059,969.844,47.132,81.325,24.537298999999997,25.603059000000002,PVWatts,Solar_Delhi,,solar,47.132,,12,5,1,4
2023-04-29 13:00:00,23055.14,24066.453,895.154,46.756,78.342,23.055139999999998,24.066453000000003,PVWatts,Solar_Delhi,,solar,46.756,,13,5,1,4
2023-04-29 14:00:00,20537.556,21456.384,751.989,45.828,67.027,20.537556000000002,21.456384,PVWatts,Solar_Delhi,,solar,45.828,,14,5,1,4
2023-04-29 15:00:00,15899.326,16647.765,562.367,44.453,60.346,15.899325999999999,16.647765,PVWatts,Solar_Delhi,,solar,44.453,,15,5,1,4
2023-04-29 16:00:00,9761.552,10284.516,346.436,42.624,52.359,9.761552,10.284516,PVWatts,Solar_Delhi,,solar,42.624,,16,5,1,4
2023-04-29 17:00:00,3034.85,3310.704,113.452,40.517,43.695,3.03485,3.3107040000000003,PVWatts,Solar_Delhi,,solar,40.517,,17,5,1,4
2023-04-29 18:00:00,111.613,280.08,16.487,37.926,38.316,0.111613,0.28008,PVWatts,Solar_Delhi,,solar,37.926,,18,5,1,4
2023-04-29 19:00:00,0.0,0.0,0.0,36.755,36.755,0.0,0.0,PVWatts,Solar_Delhi,,solar,36.755,,19,5,1,4
2023-04-29 20:00:00,0.0,0.0,0.0,35.885,35.885,0.0,0.0,PVWatts,Solar_Delhi,,solar,35.885,,20,5,1,4
2023-04-29 21:00:00,0.0,0.0,0.0,35.098,35.098,0.0,0.0,PVWatts,Solar_Delhi,,solar,35.098,,21,5,1,4
2023-04-29 22:00:00,0.0,0.0,0.0,34.327,34.327,0.0,0.0,PVWatts,Solar_Delhi,,solar,34.327,,22,5,1,4
2023-04-29 23:00:00,0.0,0.0,0.0,33.543,33.543,0.0,0.0,PVWatts,Solar_Delhi,,solar,33.543,,23,5,1,4
2023-04-30 00:00:00,0.0,0.0,0.0,32.85,32.85,0.0,0.0,PVWatts,Solar_Delhi,,solar,32.85,,0,6,1,4
2023-04-30 01:00:00,0.0,0.0,0.0,32.165,32.165,0.0,0.0,PVWatts,Solar_Delhi,,solar,32.165,,1,6,1,4
2023-04-30 02:00:00,0.0,0.0,0.0,31.56,31.56,0.0,0.0,PVWatts,Solar_Delhi,,solar,31.56,,2,6,1,4
2023-04-30 03:00:00,0.0,0.0,0.0,31.273,31.273,0.0,0.0,PVWatts,Solar_Delhi,,solar,31.273,,3,6,1,4
2023-04-30 04:00:00,0.0,0.0,0.0,31.034,31.034,0.0,0.0,PVWatts,Solar_Delhi,,solar,31.034,,4,6,1,4
2023-04-30 05:00:00,0.0,0.0,0.0,31.258,0.0,0.0,0.0,PVWatts,Solar_Delhi,,solar,31.258,,5,6,1,4
2023-04-30 06:00:00,1720.274,1947.836,64.687,33.377,35.662,1.7202739999999999,1.9478360000000001,PVWatts,Solar_Delhi,,solar,33.377,,6,6,1,4
2023-04-30 07:00:00,7090.405,7515.243,243.495,37.615,44.487,7.090405,7.515243000000001,PVWatts,Solar_Delhi,,solar,37.615,,7,6,1,4
2023-04-30 08:00:00,13912.596,14588.052,487.049,41.523,55.257,13.912595999999999,14.588052,PVWatts,Solar_Delhi,,solar,41.523,,8,6,1,4
2023-04-30 09:00:00,19686.505,20574.068,715.41,44.023,64.164,19.686505,20.574068,PVWatts,Solar_Delhi,,solar,44.023,,9,6,1,4
2023-04-30 10:00:00,22717.133,23716.029,878.529,45.822,76.791,22.717133,23.716029,PVWatts,Solar_Delhi,,solar,45.822,,10,6,1,4
2023-04-30 11:00:00,25302.636,26396.512,966.356,46.949,74.119,25.302636,26.396511999999998,PVWatts,Solar_Delhi,,solar,46.949,,11,6,1,4
2023-04-30 12:00:00,25264.139,26356.601,966.078,47.318,74.485,25.264139,26.356600999999998,PVWatts,Solar_Delhi,,solar,47.318,,12,6,1,4
2023-04-30 13:00:00,23641.109,24673.947,890.663,46.966,72.033,23.641109,24.673947000000002,PVWatts,Solar_Delhi,,solar,46.966,,13,6,1,4
2023-04-30 14:00:00,20788.466,21716.511,749.757,46.122,63.7,20.788466,21.716510999999997,PVWatts,Solar_Delhi,,solar,46.122,,14,6,1,4
2023-04-30 15:00:00,16002.015,16754.226,560.087,44.801,57.965,16.002015,16.754226,PVWatts,Solar_Delhi,,solar,44.801,,15,6,1,4
2023-04-30 16:00:00,9648.441,10167.25,338.795,43.024,50.953,9.648441,10.16725,PVWatts,Solar_Delhi,,solar,43.024,,16,6,1,4
2023-04-30 17:00:00,3001.498,3276.126,111.928,40.979,43.589,3.001498,3.276126,PVWatts,Solar_Delhi,,solar,40.979,,17,6,1,4
2023-04-30 18:00:00,0.0,76.184,4.849,38.579,38.674,0.0,0.076184,PVWatts,Solar_Delhi,,solar,38.579,,18,6,1,4
2023-04-30 19:00:00,0.0,0.0,0.0,37.278,37.278,0.0,0.0,PVWatts,Solar_Delhi,,solar,37.278,,19,6,1,4
2023-04-30 20:00:00,0.0,0.0,0.0,36.368,36.368,0.0,0.0,PVWatts,Solar_Delhi,,solar,36.368,,20,6,1,4
2023-04-30 21:00:00,0.0,0.0,0.0,35.545,35.545,0.0,0.0,PVWatts,Solar_Delhi,,solar,35.545,,21,6,1,4
2023-04-30 22:00:00,0.0,0.0,0.0,34.627,34.627,0.0,0.0,PVWatts,Solar_Delhi,,solar,34.627,,22,6,1,4
2023-04-30 23:00:00,0.0,0.0,0.0,33.74,33.74,0.0,0.0,PVWatts,Solar_Delhi,,solar,33.74,,23,6,1,4
2023-05-01 00:00:00,0.0,0.0,0.0,32.853,32.853,0.0,0.0,PVWatts,Solar_Delhi,,solar,32.853,,0,0,0,5
2023-05-01 01:00:00,0.0,0.0,0.0,32.039,32.039,0.0,0.0,PVWatts,Solar_Delhi,,solar,32.039,,1,0,0,5
2023-05-01 02:00:00,0.0,0.0,0.0,31.311,31.311,0.0,0.0,PVWatts,Solar_Delhi,,solar,31.311,,2,0,0,5
2023-05-01 03:00:00,0.0,0.0,0.0,30.661,30.661,0.0,0.0,PVWatts,Solar_Delhi,,solar,30.661,,3,0,0,5
2023-05-01 04:00:00,0.0,0.0,0.0,30.057,30.057,0.0,0.0,PVWatts,Solar_Delhi,,solar,30.057,,4,0,0,5
2023-05-01 05:00:00,0.0,0.0,0.0,30.793,0.0,0.0,0.0,PVWatts,Solar_Delhi,,solar,30.793,,5,0,0,5
2023-05-01 06:00:00,1416.002,1632.386,53.809,32.908,34.428,1.416002,1.632386,PVWatts,Solar_Delhi,,solar,32.908,,6,0,0,5
2023-05-01 07:00:00,6788.879,7202.64,233.154,37.267,43.846,6.788879,7.202640000000001,PVWatts,Solar_Delhi,,solar,37.267,,7,0,0,5
2023-05-01 08:00:00,13684.543,14351.62,477.776,41.093,54.567,13.684543,14.35162,PVWatts,Solar_Delhi,,solar,41.093,,8,0,0,5
2023-05-01 09:00:00,18858.968,19716.132,681.847,43.461,62.651,18.858968,19.716132,PVWatts,Solar_Delhi,,solar,43.461,,9,0,0,5
2023-05-01 10:00:00,22526.566,23518.461,839.635,45.21,68.813,22.526566,23.518461,PVWatts,Solar_Delhi,,solar,45.21,,10,0,0,5
2023-05-01 11:00:00,23118.261,24131.892,871.965,46.388,70.884,23.118260999999997,24.131892,PVWatts,Solar_Delhi,,solar,46.388,,11,0,0,5
2023-05-01 12:00:00,21811.794,22777.431,846.108,46.913,76.712,21.811794000000003,22.777431,PVWatts,Solar_Delhi,,solar,46.913,,12,0,0,5
2023-05-01 13:00:00,21202.638,22145.898,814.632,46.781,75.502,21.202638,22.145898000000003,PVWatts,Solar_Delhi,,solar,46.781,,13,0,0,5
2023-05-01 14:00:00,18256.598,19091.633,680.228,45.369,69.378,18.256598,19.091633,PVWatts,Solar_Delhi,,solar,45.369,,14,0,0,5
2023-05-01 15:00:00,5458.63,5823.523,198.217,42.366,51.736,5.45863,5.823523,PVWatts,Solar_Delhi,,solar,42.366,,15,0,0,5
2023-05-01 16:00:00,7430.325,7867.649,264.311,40.117,52.63,7.430325,7.867649,PVWatts,Solar_Delhi,,solar,40.117,,16,0,0,5
2023-05-01 17:00:00,645.697,833.784,29.387,38.285,39.675,0.645697,0.833784,PVWatts,Solar_Delhi,,solar,38.285,,17,0,0,5
2023-05-01 18:00:00,0.0,60.64,3.879,37.08,37.194,0.0,0.06064,PVWatts,Solar_Delhi,,solar,37.08,,18,0,0,5
2023-05-01 19:00:00,0.0,0.0,0.0,35.803,35.803,0.0,0.0,PVWatts,Solar_Delhi,,solar,35.803,,19,0,0,5
2023-05-01 20:00:00,0.0,0.0,0.0,33.227,33.227,0.0,0.0,PVWatts,Solar_Delhi,,solar,33.227,,20,0,0,5
2023-05-01 21:00:00,0.0,0.0,0.0,31.857,31.857,0.0,0.0,PVWatts,Solar_Delhi,,solar,31.857,,21,0,0,5
2023-05-01 22:00:00,0.0,0.0,0.0,30.434,30.434,0.0,0.0,PVWatts,Solar_Delhi,,solar,30.434,,22,0,0,5
2023-05-01 23:00:00,0.0,0.0,0.0,29.519,29.519,0.0,0.0,PVWatts,Solar_Delhi,,solar,29.519,,23,0,0,5
2023-05-02 00:00:00,0.0,0.0,0.0,28.796,28.796,0.0,0.0,PVWatts,Solar_Delhi,,solar,28.796,,0,1,0,5
2023-05-02 01:00:00,0.0,0.0,0.0,28.314,28.314,0.0,0.0,PVWatts,Solar_Delhi,,solar,28.314,,1,1,0,5
2023-05-02 02:00:00,0.0,0.0,0.0,27.867,27.867,0.0,0.0,PVWatts,Solar_Delhi,,solar,27.867,,2,1,0,5
2023-05-02 03:00:00,0.0,0.0,0.0,27.44,27.44,0.0,0.0,PVWatts,Solar_Delhi,,solar,27.44,,3,1,0,5
2023-05-02 04:00:00,0.0,0.0,0.0,27.132,27.132,0.0,0.0,PVWatts,Solar_Delhi,,solar,27.132,,4,1,0,5
2023-05-02 05:00:00,0.0,0.0,0.0,27.231,0.0,0.0,0.0,PVWatts,Solar_Delhi,,solar,27.231,,5,1,0,5
2023-05-02 06:00:00,842.159,1037.463,34.131,28.853,29.818,0.842159,1.037463,PVWatts,Solar_Delhi,,solar,28.853,,6,1,0,5
2023-05-02 07:00:00,4187.532,4505.73,143.251,31.051,35.092,4.187532,4.50573,PVWatts,Solar_Delhi,,solar,31.051,,7,1,0,5
2023-05-02 08:00:00,8056.9,8517.242,278.019,34.895,44.702,8.056899999999999,8.517242,PVWatts,Solar_Delhi,,solar,34.895,,8,1,0,5
2023-05-02 09:00:00,18363.054,19202.0,661.066,37.908,61.223,18.363054,19.202,PVWatts,Solar_Delhi,,solar,37.908,,9,1,0,5
2023-05-02 10:00:00,22321.863,23306.238,834.502,39.995,69.403,22.321863,23.306238,PVWatts,Solar_Delhi,,solar,39.995,,10,1,0,5
2023-05-02 11:00:00,24145.777,25197.155,923.093,41.352,73.869,24.145777,25.197155,PVWatts,Solar_Delhi,,solar,41.352,,11,1,0,5
2023-05-02 12:00:00,24000.873,25046.928,919.913,42.125,74.536,24.000873,25.046928,PVWatts,Solar_Delhi,,solar,42.125,,12,1,0,5
2023-05-02 13:00:00,21685.271,22646.26,815.342,42.155,70.899,21.685271,22.646259999999998,PVWatts,Solar_Delhi,,solar,42.155,,13,1,0,5
2023-05-02 14:00:00,16326.583,17090.718,592.349,41.42,62.308,16.326583,17.090718000000003,PVWatts,Solar_Delhi,,solar,41.42,,14,1,0,5
2023-05-02 15:00:00,13088.996,13734.196,461.898,40.056,56.381,13.088996,13.734196,PVWatts,Solar_Delhi,,solar,40.056,,15,1,0,5
2023-05-02 16:00:00,8972.744,9466.731,310.027,38.158,46.887,8.972744,9.466731,PVWatts,Solar_Delhi,,solar,38.158,,16,1,0,5
2023-05-02 17:00:00,3558.167,3853.246,129.288,35.864,38.87,3.558167,3.853246,PVWatts,Solar_Delhi,,solar,35.864,,17,1,0,5
2023-05-02 18:00:00,33.216,198.803,11.638,33.448,33.677,0.033216,0.198803,PVWatts,Solar_Delhi,,solar,33.448,,18,1,0,5
2023-05-02 19:00:00,0.0,0.0,0.0,31.981,31.981,0.0,0.0,PVWatts,Solar_Delhi,,solar,31.981,,19,1,0,5
2023-05-02 20:00:00,0.0,0.0,0.0,31.125,31.125,0.0,0.0,PVWatts,Solar_Delhi,,solar,31.125,,20,1,0,5
2023-05-02 21:00:00,0.0,0.0,0.0,30.4,30.4,0.0,0.0,PVWatts,Solar_Delhi,,solar,30.4,,21,1,0,5
2023-05-02 22:00:00,0.0,0.0,0.0,29.77,29.77,0.0,0.0,PVWatts,Solar_Delhi,,solar,29.77,,22,1,0,5
2023-05-02 23:00:00,0.0,0.0,0.0,29.095,29.095,0.0,0.0,PVWatts,Solar_Delhi,,solar,29.095,,23,1,0,5
2023-05-03 00:00:00,0.0,0.0,0.0,28.419,28.419,0.0,0.0,PVWatts,Solar_Delhi,,solar,28.419,,0,2,0,5
2023-05-03 01:00:00,0.0,0.0,0.0,27.757,27.757,0.0,0.0,PVWatts,Solar_Delhi,,solar,27.757,,1,2,0,5
2023-05-03 02:00:00,0.0,0.0,0.0,27.312,27.312,0.0,0.0,PVWatts,Solar_Delhi,,solar,27.312,,2,2,0,5
2023-05-03 03:00:00,0.0,0.0,0.0,26.912,26.912,0.0,0.0,PVWatts,Solar_Delhi,,solar,26.912,,3,2,0,5
2023-05-03 04:00:00,0.0,0.0,0.0,26.558,26.558,0.0,0.0,PVWatts,Solar_Delhi,,solar,26.558,,4,2,0,5
2023-05-03 05:00:00,0.0,0.0,0.0,26.601,0.0,0.0,0.0,PVWatts,Solar_Delhi,,solar,26.601,,5,2,0,5
2023-05-03 06:00:00,2005.68,2243.727,73.222,28.418,30.474,2.00568,2.243727,PVWatts,Solar_Delhi,,solar,28.418,,6,2,0,5
2023-05-03 07:00:00,7476.503,7915.524,251.034,32.627,39.711,7.476503,7.9155240000000004,PVWatts,Solar_Delhi,,solar,32.627,,7,2,0,5
2023-05-03 08:00:00,14273.188,14961.889,488.456,36.437,50.212,14.273188,14.961889,PVWatts,Solar_Delhi,,solar,36.437,,8,2,0,5
2023-05-03 09:00:00,19415.038,20292.629,689.529,39.346,58.752,19.415038,20.292629,PVWatts,Solar_Delhi,,solar,39.346,,9,2,0,5
2023-05-03 10:00:00,22282.018,23264.93,840.414,41.705,71.323,22.282018,23.26493,PVWatts,Solar_Delhi,,solar,41.705,,10,2,0,5
2023-05-03 11:00:00,24009.605,25055.981,928.353,43.5,76.201,24.009605,25.055981,PVWatts,Solar_Delhi,,solar,43.5,,11,2,0,5
2023-05-03 12:00:00,23818.726,24858.09,925.095,44.667,77.259,23.818725999999998,24.85809,PVWatts,Solar_Delhi,,solar,44.667,,12,2,0,5
2023-05-03 13:00:00,21051.388,21989.091,847.491,45.078,85.095,21.051388,21.989091000000002,PVWatts,Solar_Delhi,,solar,45.078,,13,2,0,5
2023-05-03 14:00:00,16033.292,16786.652,613.027,44.713,73.663,16.033292,16.786651999999997,PVWatts,Solar_Delhi,,solar,44.713,,14,2,0,5
2023-05-03 15:00:00,11773.459,12370.331,431.467,43.554,63.973,11.773459,12.370331,PVWatts,Solar_Delhi,,solar,43.554,,15,2,0,5
2023-05-03 16:00:00,9165.853,9666.933,325.391,41.788,53.273,9.165852999999998,9.666933,PVWatts,Solar_Delhi,,solar,41.788,,16,2,0,5
2023-05-03 17:00:00,3409.372,3698.985,127.015,39.302,43.754,3.409372,3.698985,PVWatts,Solar_Delhi,,solar,39.302,,17,2,0,5
2023-05-03 18:00:00,46.686,212.767,12.608,36.285,36.658,0.046686,0.21276699999999998,PVWatts,Solar_Delhi,,solar,36.285,,18,2,0,5
2023-05-03 19:00:00,0.0,0.0,0.0,34.836,34.836,0.0,0.0,PVWatts,Solar_Delhi,,solar,34.836,,19,2,0,5
2023-05-03 20:00:00,0.0,0.0,0.0,34.8,34.8,0.0,0.0,PVWatts,Solar_Delhi,,solar,34.8,,20,2,0,5
2023-05-03 21:00:00,0.0,0.0,0.0,33.529,33.529,0.0,0.0,PVWatts,Solar_Delhi,,solar,33.529,,21,2,0,5
2023-05-03 22:00:00,0.0,0.0,0.0,33.0,33.0,0.0,0.0,PVWatts,Solar_Delhi,,solar,33.0,,22,2,0,5
2023-05-03 23:00:00,0.0,0.0,0.0,32.443,32.443,0.0,0.0,PVWatts,Solar_Delhi,,solar,32.443,,23,2,0,5
2023-05-04 00:00:00,0.0,0.0,0.0,31.575,31.575,0.0,0.0,PVWatts,Solar_Delhi,,solar,31.575,,0,3,0,5
2023-05-04 01:00:00,0.0,0.0,0.0,30.603,30.603,0.0,0.0,PVWatts,Solar_Delhi,,solar,30.603,,1,3,0,5
2023-05-04 02:00:00,0.0,0.0,0.0,29.549,29.549,0.0,0.0,PVWatts,Solar_Delhi,,solar,29.549,,2,3,0,5
2023-05-04 03:00:00,0.0,0.0,0.0,28.623,28.623,0.0,0.0,PVWatts,Solar_Delhi,,solar,28.623,,3,3,0,5
2023-05-04 04:00:00,0.0,0.0,0.0,27.679,27.679,0.0,0.0,PVWatts,Solar_Delhi,,solar,27.679,,4,3,0,5
2023-05-04 05:00:00,0.0,0.0,0.0,27.354,0.0,0.0,0.0,PVWatts,Solar_Delhi,,solar,27.354,,5,3,0,5
2023-05-04 06:00:00,1631.758,1856.068,59.914,29.143,30.835,1.631758,1.856068,PVWatts,Solar_Delhi,,solar,29.143,,6,3,0,5
2023-05-04 07:00:00,7516.89,7957.395,252.352,32.604,39.724,7.51689,7.957395,PVWatts,Solar_Delhi,,solar,32.604,,7,3,0,5
2023-05-04 08:00:00,14294.966,14984.468,489.944,36.735,50.551,14.294966,14.984468000000001,PVWatts,Solar_Delhi,,solar,36.735,,8,3,0,5
2023-05-04 09:00:00,19348.663,20223.816,689.983,40.234,59.653,19.348663000000002,20.223816,PVWatts,Solar_Delhi,,solar,40.234,,9,3,0,5
2023-05-04 10:00:00,22316.144,23300.31,847.298,42.892,72.753,22.316144,23.30031,PVWatts,Solar_Delhi,,solar,42.892,,10,3,0,5
2023-05-04 11:00:00,23966.676,25011.474,932.595,44.642,77.492,23.966676,25.011474,PVWatts,Solar_Delhi,,solar,44.642,,11,3,0,5
2023-05-04 12:00:00,22646.446,23642.745,936.192,45.526,89.691,22.646446,23.642744999999998,PVWatts,Solar_Delhi,,solar,45.526,,12,3,0,5
2023-05-04 13:00:00,21257.456,22202.729,861.438,45.676,86.348,21.257455999999998,22.202728999999998,PVWatts,Solar_Delhi,,solar,45.676,,13,3,0,5
2023-05-04 14:00:00,18504.608,19348.753,720.649,45.106,79.185,18.504608,19.348753000000002,PVWatts,Solar_Delhi,,solar,45.106,,14,3,0,5
2023-05-04 15:00:00,14762.128,15468.791,530.274,43.88,62.652,14.762128,15.468791,PVWatts,Solar_Delhi,,solar,43.88,,15,3,0,5
2023-05-04 16:00:00,9263.387,9768.05,329.45,42.053,53.679,9.263387,9.768049999999999,PVWatts,Solar_Delhi,,solar,42.053,,16,3,0,5
2023-05-04 17:00:00,3530.508,3824.57,133.179,39.522,45.762,3.5305079999999998,3.82457,PVWatts,Solar_Delhi,,solar,39.522,,17,3,0,5
2023-05-04 18:00:00,62.59,229.256,13.578,36.804,37.343,0.06259,0.229256,PVWatts,Solar_Delhi,,solar,36.804,,18,3,0,5
2023-05-04 19:00:00,0.0,0.0,0.0,35.26,35.26,0.0,0.0,PVWatts,Solar_Delhi,,solar,35.26,,19,3,0,5
2023-05-04 20:00:00,0.0,0.0,0.0,35.21,35.21,0.0,0.0,PVWatts,Solar_Delhi,,solar,35.21,,20,3,0,5
2023-05-04 21:00:00,0.0,0.0,0.0,34.139,34.139,0.0,0.0,PVWatts,Solar_Delhi,,solar,34.139,,21,3,0,5
2023-05-04 22:00:00,0.0,0.0,0.0,33.98,33.98,0.0,0.0,PVWatts,Solar_Delhi,,solar,33.98,,22,3,0,5
2023-05-04 23:00:00,0.0,0.0,0.0,33.13,33.13,0.0,0.0,PVWatts,Solar_Delhi,,solar,33.13,,23,3,0,5
2023-05-05 00:00:00,0.0,0.0,0.0,32.225,32.225,0.0,0.0,PVWatts,Solar_Delhi,,solar,32.225,,0,4,0,5
2023-05-05 01:00:00,0.0,0.0,0.0,31.332,31.332,0.0,0.0,PVWatts,Solar_Delhi,,solar,31.332,,1,4,0,5
2023-05-05 02:00:00,0.0,0.0,0.0,30.454,30.454,0.0,0.0,PVWatts,Solar_Delhi,,solar,30.454,,2,4,0,5
2023-05-05 03:00:00,0.0,0.0,0.0,29.745,29.745,0.0,0.0,PVWatts,Solar_Delhi,,solar,29.745,,3,4,0,5
2023-05-05 04:00:00,0.0,0.0,0.0,29.108,29.108,0.0,0.0,PVWatts,Solar_Delhi,,solar,29.108,,4,4,0,5
2023-05-05 05:00:00,0.0,0.0,0.0,29.043,0.0,0.0,0.0,PVWatts,Solar_Delhi,,solar,29.043,,5,4,0,5
2023-05-05 06:00:00,1357.633,1571.873,51.257,30.808,32.257,1.357633,1.571873,PVWatts,Solar_Delhi,,solar,30.808,,6,4,0,5
2023-05-05 07:00:00,7001.767,7423.348,236.745,33.758,40.438,7.001767,7.423348,PVWatts,Solar_Delhi,,solar,33.758,,7,4,0,5
2023-05-05 08:00:00,13530.889,14192.322,465.384,37.546,50.665,13.530888999999998,14.192322,PVWatts,Solar_Delhi,,solar,37.546,,8,4,0,5
2023-05-05 09:00:00,18305.258,19142.081,653.206,40.76,59.133,18.305258000000002,19.142080999999997,PVWatts,Solar_Delhi,,solar,40.76,,9,4,0,5
2023-05-05 10:00:00,21870.144,22837.925,830.087,43.3,72.55,21.870144,22.837925,PVWatts,Solar_Delhi,,solar,43.3,,10,4,0,5
2023-05-05 11:00:00,23755.18,24792.209,925.899,45.222,77.836,23.75518,24.792209,PVWatts,Solar_Delhi,,solar,45.222,,11,4,0,5
2023-05-05 12:00:00,23667.4,24701.204,927.502,46.384,79.059,23.6674,24.701204,PVWatts,Solar_Delhi,,solar,46.384,,12,4,0,5
2023-05-05 13:00:00,21046.548,21984.073,855.946,46.624,87.036,21.046547999999998,21.984073,PVWatts,Solar_Delhi,,solar,46.624,,13,4,0,5
2023-05-05 14:00:00,18253.204,19088.114,713.865,46.129,79.882,18.253204,19.088114,PVWatts,Solar_Delhi,,solar,46.129,,14,4,0,5
2023-05-05 15:00:00,12665.281,13294.915,456.163,44.799,60.925,12.665281,13.294915000000001,PVWatts,Solar_Delhi,,solar,44.799,,15,4,0,5
2023-05-05 16:00:00,8847.47,9336.854,315.184,42.834,53.962,8.84747,9.336853999999999,PVWatts,Solar_Delhi,,solar,42.834,,16,4,0,5
2023-05-05 17:00:00,3361.15,3648.991,125.658,40.452,44.861,3.3611500000000003,3.648991,PVWatts,Solar_Delhi,,solar,40.452,,17,4,0,5
2023-05-05 18:00:00,145.008,314.701,18.427,37.997,38.543,0.145008,0.314701,PVWatts,Solar_Delhi,,solar,37.997,,18,4,0,5
2023-05-05 19:00:00,0.0,0.0,0.0,36.288,36.288,0.0,0.0,PVWatts,Solar_Delhi,,solar,36.288,,19,4,0,5
2023-05-05 20:00:00,0.0,0.0,0.0,35.897,35.897,0.0,0.0,PVWatts,Solar_Delhi,,solar,35.897,,20,4,0,5
2023-05-05 21:00:00,0.0,0.0,0.0,35.089,35.089,0.0,0.0,PVWatts,Solar_Delhi,,solar,35.089,,21,4,0,5
2023-05-05 22:00:00,0.0,0.0,0.0,34.757,34.757,0.0,0.0,PVWatts,Solar_Delhi,,solar,34.757,,22,4,0,5
2023-05-05 23:00:00,0.0,0.0,0.0,33.944,33.944,0.0,0.0,PVWatts,Solar_Delhi,,solar,33.944,,23,4,0,5
2023-05-06 00:00:00,0.0,0.0,0.0,33.383,33.383,0.0,0.0,PVWatts,Solar_Delhi,,solar,33.383,,0,5,1,5
2023-05-06 01:00:00,0.0,0.0,0.0,32.596,32.596,0.0,0.0,PVWatts,Solar_Delhi,,solar,32.596,,1,5,1,5
2023-05-06 02:00:00,0.0,0.0,0.0,31.783,31.783,0.0,0.0,PVWatts,Solar_Delhi,,solar,31.783,,2,5,1,5
2023-05-06 03:00:00,0.0,0.0,0.0,30.931,30.931,0.0,0.0,PVWatts,Solar_Delhi,,solar,30.931,,3,5,1,5
2023-05-06 04:00:00,0.0,0.0,0.0,30.341,30.341,0.0,0.0,PVWatts,Solar_Delhi,,solar,30.341,,4,5,1,5
2023-05-06 05:00:00,0.0,0.0,0.0,30.215,0.0,0.0,0.0,PVWatts,Solar_Delhi,,solar,30.215,,5,5,1,5
2023-05-06 06:00:00,1404.51,1620.472,53.162,32.054,33.938,1.40451,1.620472,PVWatts,Solar_Delhi,,solar,32.054,,6,5,1,5
2023-05-06 07:00:00,5526.885,5894.286,189.556,34.928,40.276,5.526885,5.894286,PVWatts,Solar_Delhi,,solar,34.928,,7,5,1,5
2023-05-06 08:00:00,11140.346,11713.961,384.585,38.01,48.838,11.140346,11.713961,PVWatts,Solar_Delhi,,solar,38.01,,8,5,1,5
2023-05-06 09:00:00,15586.929,16323.892,553.105,40.471,56.009,15.586929,16.323892,PVWatts,Solar_Delhi,,solar,40.471,,9,5,1,5
2023-05-06 10:00:00,17516.964,18324.828,635.196,42.439,60.254,17.516964,18.324828,PVWatts,Solar_Delhi,,solar,42.439,,10,5,1,5
2023-05-06 11:00:00,18915.055,19774.279,694.224,43.655,63.122,18.915055,19.774279,PVWatts,Solar_Delhi,,solar,43.655,,11,5,1,5
2023-05-06 12:00:00,22403.394,23390.764,817.024,44.025,63.103,22.403394,23.390764,PVWatts,Solar_Delhi,,solar,44.025,,12,5,1,5
2023-05-06 13:00:00,18900.553,19759.244,679.327,43.628,59.492,18.900553,19.759244,PVWatts,Solar_Delhi,,solar,43.628,,13,5,1,5
2023-05-06 14:00:00,14419.226,15113.292,504.159,42.259,52.344,14.419226,15.113292,PVWatts,Solar_Delhi,,solar,42.259,,14,5,1,5
2023-05-06 15:00:00,4568.851,4901.057,161.358,38.886,42.119,4.5688509999999996,4.901057,PVWatts,Solar_Delhi,,solar,38.886,,15,5,1,5
2023-05-06 16:00:00,4122.082,4437.876,142.708,35.906,38.776,4.122082000000001,4.437876,PVWatts,Solar_Delhi,,solar,35.906,,16,5,1,5
2023-05-06 17:00:00,2526.738,2783.927,90.874,34.376,36.201,2.526738,2.7839270000000003,PVWatts,Solar_Delhi,,solar,34.376,,17,5,1,5
2023-05-06 18:00:00,84.799,252.28,14.548,33.043,33.288,0.08479900000000001,0.25228,PVWatts,Solar_Delhi,,solar,33.043,,18,5,1,5
2023-05-06 19:00:00,0.0,0.0,0.0,32.329,32.329,0.0,0.0,PVWatts,Solar_Delhi,,solar,32.329,,19,5,1,5
2023-05-06 20:00:00,0.0,0.0,0.0,31.946,31.946,0.0,0.0,PVWatts,Solar_Delhi,,solar,31.946,,20,5,1,5
2023-05-06 21:00:00,0.0,0.0,0.0,31.593,31.593,0.0,0.0,PVWatts,Solar_Delhi,,solar,31.593,,21,5,1,5
2023-05-06 22:00:00,0.0,0.0,0.0,31.175,31.175,0.0,0.0,PVWatts,Solar_Delhi,,solar,31.175,,22,5,1,5
2023-05-06 23:00:00,0.0,0.0,0.0,30.726,30.726,0.0,0.0,PVWatts,Solar_Delhi,,solar,30.726,,23,5,1,5
2023-05-07 00:00:00,0.0,0.0,0.0,30.248,30.248,0.0,0.0,PVWatts,Solar_Delhi,,solar,30.248,,0,6,1,5
2023-05-07 01:00:00,0.0,0.0,0.0,29.83,29.83,0.0,0.0,PVWatts,Solar_Delhi,,solar,29.83,,1,6,1,5
2023-05-07 02:00:00,0.0,0.0,0.0,29.391,29.391,0.0,0.0,PVWatts,Solar_Delhi,,solar,29.391,,2,6,1,5
2023-05-07 03:00:00,0.0,0.0,0.0,28.935,28.935,0.0,0.0,PVWatts,Solar_Delhi,,solar,28.935,,3,6,1,5
2023-05-07 04:00:00,0.0,0.0,0.0,28.441,28.441,0.0,0.0,PVWatts,Solar_Delhi,,solar,28.441,,4,6,1,5
2023-05-07 05:00:00,0.0,0.0,0.0,28.286,0.0,0.0,0.0,PVWatts,Solar_Delhi,,solar,28.286,,5,6,1,5
2023-05-07 06:00:00,1603.294,1826.558,58.844,29.72,31.103,1.603294,1.826558,PVWatts,Solar_Delhi,,solar,29.72,,6,6,1,5
2023-05-07 07:00:00,5844.369,6223.432,197.413,32.835,37.467,5.8443689999999995,6.223432,PVWatts,Solar_Delhi,,solar,32.835,,7,6,1,5
2023-05-07 08:00:00,13995.694,14674.202,473.809,35.965,47.072,13.995694,14.674202,PVWatts,Solar_Delhi,,solar,35.965,,8,6,1,5
2023-05-07 09:00:00,18407.726,19248.313,641.796,38.65,53.661,18.407726,19.248313,PVWatts,Solar_Delhi,,solar,38.65,,9,6,1,5
2023-05-07 10:00:00,22211.723,23192.052,791.128,39.796,58.282,22.211723000000003,23.192052,PVWatts,Solar_Delhi,,solar,39.796,,10,6,1,5
2023-05-07 11:00:00,16730.471,17509.443,601.747,40.736,57.601,16.730471,17.509443,PVWatts,Solar_Delhi,,solar,40.736,,11,6,1,5
2023-05-07 12:00:00,23702.005,24737.08,907.267,42.188,74.148,23.702005,24.737080000000002,PVWatts,Solar_Delhi,,solar,42.188,,12,6,1,5
2023-05-07 13:00:00,21387.957,22338.025,851.688,42.626,82.837,21.387957,22.338025000000002,PVWatts,Solar_Delhi,,solar,42.626,,13,6,1,5
2023-05-07 14:00:00,18630.008,19478.76,712.865,41.768,75.477,18.630008,19.478759999999998,PVWatts,Solar_Delhi,,solar,41.768,,14,6,1,5
2023-05-07 15:00:00,15124.422,15844.394,526.872,40.318,55.183,15.124422000000001,15.844394,PVWatts,Solar_Delhi,,solar,40.318,,15,6,1,5
2023-05-07 16:00:00,5884.569,6265.109,202.624,38.015,42.772,5.884569000000001,6.265109000000001,PVWatts,Solar_Delhi,,solar,38.015,,16,6,1,5
2023-05-07 17:00:00,3430.635,3721.028,123.279,35.175,37.635,3.430635,3.721028,PVWatts,Solar_Delhi,,solar,35.175,,17,6,1,5
2023-05-07 18:00:00,92.722,260.495,14.995,32.665,32.886,0.092722,0.26049500000000003,PVWatts,Solar_Delhi,,solar,32.665,,18,6,1,5
2023-05-07 19:00:00,0.0,0.0,0.0,31.239,31.239,0.0,0.0,PVWatts,Solar_Delhi,,solar,31.239,,19,6,1,5
2023-05-07 20:00:00,0.0,0.0,0.0,30.228,30.228,0.0,0.0,PVWatts,Solar_Delhi,,solar,30.228,,20,6,1,5
2023-05-07 21:00:00,0.0,0.0,0.0,29.409,29.409,0.0,0.0,PVWatts,Solar_Delhi,,solar,29.409,,21,6,1,5
2023-05-07 22:00:00,0.0,0.0,0.0,28.683,28.683,0.0,0.0,PVWatts,Solar_Delhi,,solar,28.683,,22,6,1,5
2023-05-07 23:00:00,0.0,0.0,0.0,27.972,27.972,0.0,0.0,PVWatts,Solar_Delhi,,solar,27.972,,23,6,1,5
2023-05-08 00:00:00,0.0,0.0,0.0,27.364,27.364,0.0,0.0,PVWatts,Solar_Delhi,,solar,27.364,,0,0,0,5
2023-05-08 01:00:00,0.0,0.0,0.0,26.799,26.799,0.0,0.0,PVWatts,Solar_Delhi,,solar,26.799,,1,0,0,5
2023-05-08 02:00:00,0.0,0.0,0.0,26.282,26.282,0.0,0.0,PVWatts,Solar_Delhi,,solar,26.282,,2,0,0,5
2023-05-08 03:00:00,0.0,0.0,0.0,25.875,25.875,0.0,0.0,PVWatts,Solar_Delhi,,solar,25.875,,3,0,0,5
2023-05-08 04:00:00,0.0,0.0,0.0,25.515,25.515,0.0,0.0,PVWatts,Solar_Delhi,,solar,25.515,,4,0,0,5
2023-05-08 05:00:00,0.0,0.0,0.0,25.676,0.0,0.0,0.0,PVWatts,Solar_Delhi,,solar,25.676,,5,0,0,5
2023-05-08 06:00:00,1468.411,1686.72,54.114,27.426,29.344,1.4684110000000001,1.68672,PVWatts,Solar_Delhi,,solar,27.426,,6,0,0,5
2023-05-08 07:00:00,7036.74,7459.606,237.065,31.156,39.541,7.03674,7.459606,PVWatts,Solar_Delhi,,solar,31.156,,7,0,0,5
2023-05-08 08:00:00,13757.99,14427.766,475.893,35.214,52.031,13.75799,14.427766,PVWatts,Solar_Delhi,,solar,35.214,,8,0,0,5
2023-05-08 09:00:00,19274.071,20146.484,696.438,37.916,62.486,19.274071,20.146484,PVWatts,Solar_Delhi,,solar,37.916,,9,0,0,5
2023-05-08 10:00:00,22647.138,23643.462,848.742,40.021,69.931,22.647137999999998,23.643462,PVWatts,Solar_Delhi,,solar,40.021,,10,0,0,5
2023-05-08 11:00:00,24193.482,25246.612,926.646,41.527,74.165,24.193482,25.246612000000002,PVWatts,Solar_Delhi,,solar,41.527,,11,0,0,5
2023-05-08 12:00:00,24168.614,25220.831,929.062,42.309,75.038,24.168614,25.220830999999997,PVWatts,Solar_Delhi,,solar,42.309,,12,0,0,5
2023-05-08 13:00:00,22645.353,23641.612,858.398,42.436,72.7,22.645353,23.641612000000002,PVWatts,Solar_Delhi,,solar,42.436,,13,0,0,5
2023-05-08 14:00:00,20005.826,20905.12,718.981,41.868,62.118,20.005826000000003,20.90512,PVWatts,Solar_Delhi,,solar,41.868,,14,0,0,5
2023-05-08 15:00:00,15239.08,15963.264,530.77,40.778,55.764,15.23908,15.963263999999999,PVWatts,Solar_Delhi,,solar,40.778,,15,0,0,5
2023-05-08 16:00:00,9604.292,10121.479,331.411,39.152,46.909,9.604292,10.121478999999999,PVWatts,Solar_Delhi,,solar,39.152,,16,0,0,5
2023-05-08 17:00:00,3673.586,3972.904,134.47,37.159,40.282,3.673586,3.972904,PVWatts,Solar_Delhi,,solar,37.159,,17,0,0,5
2023-05-08 18:00:00,103.389,271.553,15.779,34.813,35.122,0.103389,0.271553,PVWatts,Solar_Delhi,,solar,34.813,,18,0,0,5
2023-05-08 19:00:00,0.0,0.0,0.0,33.454,33.454,0.0,0.0,PVWatts,Solar_Delhi,,solar,33.454,,19,0,0,5
2023-05-08 20:00:00,0.0,0.0,0.0,32.385,32.385,0.0,0.0,PVWatts,Solar_Delhi,,solar,32.385,,20,0,0,5
2023-05-08 21:00:00,0.0,0.0,0.0,31.411,31.411,0.0,0.0,PVWatts,Solar_Delhi,,solar,31.411,,21,0,0,5
2023-05-08 22:00:00,0.0,0.0,0.0,30.567,30.567,0.0,0.0,PVWatts,Solar_Delhi,,solar,30.567,,22,0,0,5
2023-05-08 23:00:00,0.0,0.0,0.0,29.837,29.837,0.0,0.0,PVWatts,Solar_Delhi,,solar,29.837,,23,0,0,5
2023-05-09 00:00:00,0.0,0.0,0.0,29.227,29.227,0.0,0.0,PVWatts,Solar_Delhi,,solar,29.227,,0,1,0,5
2023-05-09 01:00:00,0.0,0.0,0.0,28.744,28.744,0.0,0.0,PVWatts,Solar_Delhi,,solar,28.744,,1,1,0,5
2023-05-09 02:00:00,0.0,0.0,0.0,28.271,28.271,0.0,0.0,PVWatts,Solar_Delhi,,solar,28.271,,2,1,0,5
2023-05-09 03:00:00,0.0,0.0,0.0,27.808,27.808,0.0,0.0,PVWatts,Solar_Delhi,,solar,27.808,,3,1,0,5
2023-05-09 04:00:00,0.0,0.0,0.0,27.324,27.324,0.0,0.0,PVWatts,Solar_Delhi,,solar,27.324,,4,1,0,5
2023-05-09 05:00:00,0.0,0.0,0.0,27.478,0.0,0.0,0.0,PVWatts,Solar_Delhi,,solar,27.478,,5,1,0,5
2023-05-09 06:00:00,1602.903,1826.154,58.856,29.835,31.219,1.602903,1.826154,PVWatts,Solar_Delhi,,solar,29.835,,6,1,0,5
2023-05-09 07:00:00,7482.586,7921.83,251.279,33.695,39.591,7.482586,7.92183,PVWatts,Solar_Delhi,,solar,33.695,,7,1,0,5
2023-05-09 08:00:00,14538.594,15237.045,490.581,36.948,46.794,14.538594,15.237045,PVWatts,Solar_Delhi,,solar,36.948,,8,1,0,5
2023-05-09 09:00:00,19493.64,20374.119,682.293,39.256,55.223,19.49364,20.374119,PVWatts,Solar_Delhi,,solar,39.256,,9,1,0,5
2023-05-09 10:00:00,23112.262,24125.674,830.488,41.173,60.585,23.112261999999998,24.125674,PVWatts,Solar_Delhi,,solar,41.173,,10,1,0,5
2023-05-09 11:00:00,25196.17,26286.135,920.945,42.568,64.087,25.19617,26.286134999999998,PVWatts,Solar_Delhi,,solar,42.568,,11,1,0,5
2023-05-09 12:00:00,25169.606,26258.595,923.345,43.426,65.004,25.169605999999998,26.258595,PVWatts,Solar_Delhi,,solar,43.426,,12,1,0,5
2023-05-09 13:00:00,23007.229,24016.782,834.225,43.635,63.148,23.007229,24.016782,PVWatts,Solar_Delhi,,solar,43.635,,13,1,0,5
2023-05-09 14:00:00,20164.114,21069.222,717.445,43.065,59.871,20.164114,21.069222,PVWatts,Solar_Delhi,,solar,43.065,,14,1,0,5
2023-05-09 15:00:00,15069.119,15787.06,521.733,41.835,54.083,15.069119,15.78706,PVWatts,Solar_Delhi,,solar,41.835,,15,1,0,5
2023-05-09 16:00:00,9543.191,10058.133,329.677,40.165,46.768,9.543191,10.058133,PVWatts,Solar_Delhi,,solar,40.165,,16,1,0,5
2023-05-09 17:00:00,3757.679,4060.087,138.126,38.16,40.904,3.757679,4.060087,PVWatts,Solar_Delhi,,solar,38.16,,17,1,0,5
2023-05-09 18:00:00,116.995,285.66,16.643,35.841,36.168,0.116995,0.28566,PVWatts,Solar_Delhi,,solar,35.841,,18,1,0,5
2023-05-09 19:00:00,0.0,0.0,0.0,34.548,34.548,0.0,0.0,PVWatts,Solar_Delhi,,solar,34.548,,19,1,0,5
2023-05-09 20:00:00,0.0,0.0,0.0,33.722,33.722,0.0,0.0,PVWatts,Solar_Delhi,,solar,33.722,,20,1,0,5
2023-05-09 21:00:00,0.0,0.0,0.0,33.011,33.011,0.0,0.0,PVWatts,Solar_Delhi,,solar,33.011,,21,1,0,5
2023-05-09 22:00:00,0.0,0.0,0.0,32.321,32.321,0.0,0.0,PVWatts,Solar_Delhi,,solar,32.321,,22,1,0,5
2023-05-09 23:00:00,0.0,0.0,0.0,31.678,31.678,0.0,0.0,PVWatts,Solar_Delhi,,solar,31.678,,23,1,0,5
2023-05-10 00:00:00,0.0,0.0,0.0,31.063,31.063,0.0,0.0,PVWatts,Solar_Delhi,,solar,31.063,,0,2,0,5
2023-05-10 01:00:00,0.0,0.0,0.0,30.451,30.451,0.0,0.0,PVWatts,Solar_Delhi,,solar,30.451,,1,2,0,5
2023-05-10 02:00:00,0.0,0.0,0.0,29.838,29.838,0.0,0.0,PVWatts,Solar_Delhi,,solar,29.838,,2,2,0,5
2023-05-10 03:00:00,0.0,0.0,0.0,29.257,29.257,0.0,0.0,PVWatts,Solar_Delhi,,solar,29.257,,3,2,0,5
2023-05-10 04:00:00,0.0,0.0,0.0,28.612,28.612,0.0,0.0,PVWatts,Solar_Delhi,,solar,28.612,,4,2,0,5
2023-05-10 05:00:00,0.0,0.0,0.0,28.767,0.0,0.0,0.0,PVWatts,Solar_Delhi,,solar,28.767,,5,2,0,5
2023-05-10 06:00:00,1837.198,2069.055,67.378,31.155,33.539,1.837198,2.0690549999999996,PVWatts,Solar_Delhi,,solar,31.155,,6,2,0,5
2023-05-10 07:00:00,7788.071,8238.537,266.223,34.99,44.407,7.7880709999999995,8.238537,PVWatts,Solar_Delhi,,solar,34.99,,7,2,0,5
2023-05-10 08:00:00,14041.623,14721.818,495.665,39.624,57.145,14.041623,14.721817999999999,PVWatts,Solar_Delhi,,solar,39.624,,8,2,0,5
2023-05-10 09:00:00,18977.168,19838.674,699.213,42.138,66.808,18.977168000000002,19.838673999999997,PVWatts,Solar_Delhi,,solar,42.138,,9,2,0,5
2023-05-10 10:00:00,22841.728,23845.201,847.436,43.919,67.739,22.841728,23.845201,PVWatts,Solar_Delhi,,solar,43.919,,10,2,0,5
2023-05-10 11:00:00,24545.315,25611.37,926.131,44.951,70.969,24.545315,25.611369999999997,PVWatts,Solar_Delhi,,solar,44.951,,11,2,0,5
2023-05-10 12:00:00,24580.798,25648.157,929.466,45.415,71.53,24.580797999999998,25.648156999999998,PVWatts,Solar_Delhi,,solar,45.415,,12,2,0,5
2023-05-10 13:00:00,23437.132,24462.477,858.912,45.312,65.399,23.437132000000002,24.462477,PVWatts,Solar_Delhi,,solar,45.312,,13,2,0,5
2023-05-10 14:00:00,20057.267,20958.45,718.603,44.571,61.404,20.057267,20.95845,PVWatts,Solar_Delhi,,solar,44.571,,14,2,0,5
2023-05-10 15:00:00,14994.806,15710.017,522.533,43.272,55.539,14.994806,15.710017,PVWatts,Solar_Delhi,,solar,43.272,,15,2,0,5
2023-05-10 16:00:00,9444.332,9955.642,329.864,41.494,49.211,9.444332000000001,9.955642,PVWatts,Solar_Delhi,,solar,41.494,,16,2,0,5
2023-05-10 17:00:00,3692.349,3992.357,136.495,39.398,42.568,3.692349,3.992357,PVWatts,Solar_Delhi,,solar,39.398,,17,2,0,5
2023-05-10 18:00:00,130.582,299.745,17.505,36.773,37.117,0.130582,0.299745,PVWatts,Solar_Delhi,,solar,36.773,,18,2,0,5
2023-05-10 19:00:00,0.0,0.0,0.0,35.389,35.389,0.0,0.0,PVWatts,Solar_Delhi,,solar,35.389,,19,2,0,5
2023-05-10 20:00:00,0.0,0.0,0.0,34.493,34.493,0.0,0.0,PVWatts,Solar_Delhi,,solar,34.493,,20,2,0,5
2023-05-10 21:00:00,0.0,0.0,0.0,33.649,33.649,0.0,0.0,PVWatts,Solar_Delhi,,solar,33.649,,21,2,0,5
2023-05-10 22:00:00,0.0,0.0,0.0,32.847,32.847,0.0,0.0,PVWatts,Solar_Delhi,,solar,32.847,,22,2,0,5
2023-05-10 23:00:00,0.0,0.0,0.0,31.993,31.993,0.0,0.0,PVWatts,Solar_Delhi,,solar,31.993,,23,2,0,5
2023-05-11 00:00:00,0.0,0.0,0.0,31.191,31.191,0.0,0.0,PVWatts,Solar_Delhi,,solar,31.191,,0,3,0,5
2023-05-11 01:00:00,0.0,0.0,0.0,30.304,30.304,0.0,0.0,PVWatts,Solar_Delhi,,solar,30.304,,1,3,0,5
2023-05-11 02:00:00,0.0,0.0,0.0,29.409,29.409,0.0,0.0,PVWatts,Solar_Delhi,,solar,29.409,,2,3,0,5
2023-05-11 03:00:00,0.0,0.0,0.0,28.581,28.581,0.0,0.0,PVWatts,Solar_Delhi,,solar,28.581,,3,3,0,5
2023-05-11 04:00:00,0.0,0.0,0.0,27.89,27.89,0.0,0.0,PVWatts,Solar_Delhi,,solar,27.89,,4,3,0,5
2023-05-11 05:00:00,0.0,0.0,0.0,27.983,0.0,0.0,0.0,PVWatts,Solar_Delhi,,solar,27.983,,5,3,0,5
2023-05-11 06:00:00,1655.247,1880.421,60.955,30.518,32.678,1.6552470000000001,1.8804210000000001,PVWatts,Solar_Delhi,,solar,30.518,,6,3,0,5
2023-05-11 07:00:00,8121.857,8584.585,276.73,34.368,44.157,8.121857,8.584584999999999,PVWatts,Solar_Delhi,,solar,34.368,,7,3,0,5
2023-05-11 08:00:00,14057.463,14738.24,496.091,39.539,57.075,14.057463,14.73824,PVWatts,Solar_Delhi,,solar,39.539,,8,3,0,5
2023-05-11 09:00:00,18920.967,19780.408,698.604,42.601,67.249,18.920967,19.780407999999998,PVWatts,Solar_Delhi,,solar,42.601,,9,3,0,5
2023-05-11 10:00:00,22161.296,23139.773,848.761,44.584,74.493,22.161296,23.139773,PVWatts,Solar_Delhi,,solar,44.584,,10,3,0,5
2023-05-11 11:00:00,23673.003,24707.013,925.378,45.792,78.385,23.673003,24.707013,PVWatts,Solar_Delhi,,solar,45.792,,11,3,0,5
2023-05-11 12:00:00,23766.528,24803.974,931.639,46.225,79.042,23.766527999999997,24.803973999999997,PVWatts,Solar_Delhi,,solar,46.225,,12,3,0,5
2023-05-11 13:00:00,22253.675,23235.545,858.139,46.002,76.256,22.253674999999998,23.235545,PVWatts,Solar_Delhi,,solar,46.002,,13,3,0,5
2023-05-11 14:00:00,19679.751,20567.066,718.053,45.173,65.397,19.679751,20.567066,PVWatts,Solar_Delhi,,solar,45.173,,14,3,0,5
2023-05-11 15:00:00,13619.346,14284.028,481.341,43.811,57.386,13.619346,14.284028000000001,PVWatts,Solar_Delhi,,solar,43.811,,15,3,0,5
2023-05-11 16:00:00,9446.397,9957.783,332.468,41.931,51.287,9.446397000000001,9.957783,PVWatts,Solar_Delhi,,solar,41.931,,16,3,0,5
2023-05-11 17:00:00,3682.568,3982.217,136.791,39.716,43.536,3.6825680000000003,3.982217,PVWatts,Solar_Delhi,,solar,39.716,,17,3,0,5
2023-05-11 18:00:00,158.697,328.893,19.149,37.071,37.523,0.158697,0.328893,PVWatts,Solar_Delhi,,solar,37.071,,18,3,0,5
2023-05-11 19:00:00,0.0,0.0,0.0,35.79,35.79,0.0,0.0,PVWatts,Solar_Delhi,,solar,35.79,,19,3,0,5
2023-05-11 20:00:00,0.0,0.0,0.0,34.912,34.912,0.0,0.0,PVWatts,Solar_Delhi,,solar,34.912,,20,3,0,5
2023-05-11 21:00:00,0.0,0.0,0.0,34.141,34.141,0.0,0.0,PVWatts,Solar_Delhi,,solar,34.141,,21,3,0,5
2023-05-11 22:00:00,0.0,0.0,0.0,33.397,33.397,0.0,0.0,PVWatts,Solar_Delhi,,solar,33.397,,22,3,0,5
2023-05-11 23:00:00,0.0,0.0,0.0,32.712,32.712,0.0,0.0,PVWatts,Solar_Delhi,,solar,32.712,,23,3,0,5
2023-05-12 00:00:00,0.0,0.0,0.0,31.977,31.977,0.0,0.0,PVWatts,Solar_Delhi,,solar,31.977,,0,4,0,5
2023-05-12 01:00:00,0.0,0.0,0.0,31.29,31.29,0.0,0.0,PVWatts,Solar_Delhi,,solar,31.29,,1,4,0,5
2023-05-12 02:00:00,0.0,0.0,0.0,30.553,30.553,0.0,0.0,PVWatts,Solar_Delhi,,solar,30.553,,2,4,0,5
2023-05-12 03:00:00,0.0,0.0,0.0,29.805,29.805,0.0,0.0,PVWatts,Solar_Delhi,,solar,29.805,,3,4,0,5
2023-05-12 04:00:00,0.0,0.0,0.0,29.08,29.08,0.0,0.0,PVWatts,Solar_Delhi,,solar,29.08,,4,4,0,5
2023-05-12 05:00:00,0.0,0.0,0.0,29.054,0.0,0.0,0.0,PVWatts,Solar_Delhi,,solar,29.054,,5,4,0,5
2023-05-12 06:00:00,1942.394,2178.116,70.852,31.48,33.479,1.942394,2.178116,PVWatts,Solar_Delhi,,solar,31.48,,6,4,0,5
2023-05-12 07:00:00,8161.918,8626.118,277.111,35.531,43.349,8.161918,8.626118,PVWatts,Solar_Delhi,,solar,35.531,,7,4,0,5
2023-05-12 08:00:00,14266.452,14954.907,497.478,40.372,54.398,14.266452,14.954906999999999,PVWatts,Solar_Delhi,,solar,40.372,,8,4,0,5
2023-05-12 09:00:00,19320.659,20194.783,699.103,43.165,62.838,19.320659,20.194783,PVWatts,Solar_Delhi,,solar,43.165,,9,4,0,5
2023-05-12 10:00:00,22051.693,23026.143,847.131,45.268,75.119,22.051693,23.026143,PVWatts,Solar_Delhi,,solar,45.268,,10,4,0,5
2023-05-12 11:00:00,23648.179,24681.278,928.569,46.579,79.283,23.648179,24.681278,PVWatts,Solar_Delhi,,solar,46.579,,11,4,0,5
2023-05-12 12:00:00,23672.141,24706.12,931.848,47.066,79.89,23.672141,24.70612,PVWatts,Solar_Delhi,,solar,47.066,,12,4,0,5
2023-05-12 13:00:00,22805.424,23807.563,857.45,46.815,70.926,22.805424,23.807563,PVWatts,Solar_Delhi,,solar,46.815,,13,4,0,5
2023-05-12 14:00:00,19617.033,20502.045,718.473,45.966,66.201,19.617033,20.502045,PVWatts,Solar_Delhi,,solar,45.966,,14,4,0,5
2023-05-12 15:00:00,14994.122,15709.308,531.482,44.59,59.594,14.994121999999999,15.709308,PVWatts,Solar_Delhi,,solar,44.59,,15,4,0,5
2023-05-12 16:00:00,9418.709,9929.078,330.827,42.716,50.456,9.418709000000002,9.929077999999999,PVWatts,Solar_Delhi,,solar,42.716,,16,4,0,5
2023-05-12 17:00:00,3814.575,4119.072,142.405,40.551,43.852,3.8145749999999996,4.119072,PVWatts,Solar_Delhi,,solar,40.551,,17,4,0,5
2023-05-12 18:00:00,170.006,340.618,19.863,37.805,38.195,0.170006,0.340618,PVWatts,Solar_Delhi,,solar,37.805,,18,4,0,5
2023-05-12 19:00:00,0.0,0.0,0.0,36.365,36.365,0.0,0.0,PVWatts,Solar_Delhi,,solar,36.365,,19,4,0,5
2023-05-12 20:00:00,0.0,0.0,0.0,35.341,35.341,0.0,0.0,PVWatts,Solar_Delhi,,solar,35.341,,20,4,0,5
2023-05-12 21:00:00,0.0,0.0,0.0,34.384,34.384,0.0,0.0,PVWatts,Solar_Delhi,,solar,34.384,,21,4,0,5
2023-05-12 22:00:00,0.0,0.0,0.0,33.5,33.5,0.0,0.0,PVWatts,Solar_Delhi,,solar,33.5,,22,4,0,5
2023-05-12 23:00:00,0.0,0.0,0.0,32.691,32.691,0.0,0.0,PVWatts,Solar_Delhi,,solar,32.691,,23,4,0,5
2023-05-13 00:00:00,0.0,0.0,0.0,31.992,31.992,0.0,0.0,PVWatts,Solar_Delhi,,solar,31.992,,0,5,1,5
2023-05-13 01:00:00,0.0,0.0,0.0,31.307,31.307,0.0,0.0,PVWatts,Solar_Delhi,,solar,31.307,,1,5,1,5
2023-05-13 02:00:00,0.0,0.0,0.0,30.664,30.664,0.0,0.0,PVWatts,Solar_Delhi,,solar,30.664,,2,5,1,5
2023-05-13 03:00:00,0.0,0.0,0.0,30.069,30.069,0.0,0.0,PVWatts,Solar_Delhi,,solar,30.069,,3,5,1,5
2023-05-13 04:00:00,0.0,0.0,0.0,29.502,29.502,0.0,0.0,PVWatts,Solar_Delhi,,solar,29.502,,4,5,1,5
2023-05-13 05:00:00,0.0,0.0,0.0,29.632,0.0,0.0,0.0,PVWatts,Solar_Delhi,,solar,29.632,,5,5,1,5
2023-05-13 06:00:00,1963.037,2199.517,72.012,32.402,34.949,1.9630370000000001,2.1995169999999997,PVWatts,Solar_Delhi,,solar,32.402,,6,5,1,5
2023-05-13 07:00:00,8116.467,8578.997,278.887,36.239,46.104,8.116467,8.578997,PVWatts,Solar_Delhi,,solar,36.239,,7,5,1,5
2023-05-13 08:00:00,13946.202,14622.892,496.91,41.61,59.174,13.946202,14.622892,PVWatts,Solar_Delhi,,solar,41.61,,8,5,1,5
2023-05-13 09:00:00,18761.732,19615.324,698.62,44.386,69.033,18.761732,19.615324,PVWatts,Solar_Delhi,,solar,44.386,,9,5,1,5
2023-05-13 10:00:00,21946.496,22917.082,847.418,46.316,76.177,21.946496,22.917081999999997,PVWatts,Solar_Delhi,,solar,46.316,,10,5,1,5
2023-05-13 11:00:00,23439.418,24464.847,923.868,47.526,80.065,23.439418,24.464847000000002,PVWatts,Solar_Delhi,,solar,47.526,,11,5,1,5
2023-05-13 12:00:00,23438.307,24463.695,926.239,48.002,80.626,23.438307000000002,24.463695,PVWatts,Solar_Delhi,,solar,48.002,,12,5,1,5
2023-05-13 13:00:00,21636.971,22596.186,812.836,47.777,70.631,21.636971000000003,22.596186000000003,PVWatts,Solar_Delhi,,solar,47.777,,13,5,1,5
2023-05-13 14:00:00,18582.905,19429.927,681.295,46.938,66.123,18.582905,19.429927,PVWatts,Solar_Delhi,,solar,46.938,,14,5,1,5
2023-05-13 15:00:00,15003.769,15719.309,534.919,45.563,60.66,15.003769,15.719308999999999,PVWatts,Solar_Delhi,,solar,45.563,,15,5,1,5
2023-05-13 16:00:00,6173.57,6564.727,218.718,43.609,49.781,6.17357,6.5647269999999995,PVWatts,Solar_Delhi,,solar,43.609,,16,5,1,5
2023-05-13 17:00:00,3774.493,4077.518,141.411,41.297,45.242,3.774493,4.077518,PVWatts,Solar_Delhi,,solar,41.297,,17,5,1,5
2023-05-13 18:00:00,143.094,312.718,18.379,38.344,38.778,0.143094,0.312718,PVWatts,Solar_Delhi,,solar,38.344,,18,5,1,5
2023-05-13 19:00:00,0.0,0.0,0.0,36.927,36.927,0.0,0.0,PVWatts,Solar_Delhi,,solar,36.927,,19,5,1,5
2023-05-13 20:00:00,0.0,0.0,0.0,35.975,35.975,0.0,0.0,PVWatts,Solar_Delhi,,solar,35.975,,20,5,1,5
2023-05-13 21:00:00,0.0,0.0,0.0,35.099,35.099,0.0,0.0,PVWatts,Solar_Delhi,,solar,35.099,,21,5,1,5
2023-05-13 22:00:00,0.0,0.0,0.0,34.333,34.333,0.0,0.0,PVWatts,Solar_Delhi,,solar,34.333,,22,5,1,5
2023-05-13 23:00:00,0.0,0.0,0.0,33.622,33.622,0.0,0.0,PVWatts,Solar_Delhi,,solar,33.622,,23,5,1,5
2023-05-14 00:00:00,0.0,0.0,0.0,32.935,32.935,0.0,0.0,PVWatts,Solar_Delhi,,solar,32.935,,0,6,1,5
2023-05-14 01:00:00,0.0,0.0,0.0,32.352,32.352,0.0,0.0,PVWatts,Solar_Delhi,,solar,32.352,,1,6,1,5
2023-05-14 02:00:00,0.0,0.0,0.0,31.708,31.708,0.0,0.0,PVWatts,Solar_Delhi,,solar,31.708,,2,6,1,5
2023-05-14 03:00:00,0.0,0.0,0.0,31.03,31.03,0.0,0.0,PVWatts,Solar_Delhi,,solar,31.03,,3,6,1,5
2023-05-14 04:00:00,0.0,0.0,0.0,30.342,30.342,0.0,0.0,PVWatts,Solar_Delhi,,solar,30.342,,4,6,1,5
2023-05-14 05:00:00,0.0,0.0,0.0,30.166,0.0,0.0,0.0,PVWatts,Solar_Delhi,,solar,30.166,,5,6,1,5
2023-05-14 06:00:00,1809.085,2039.91,66.294,31.808,33.681,1.809085,2.03991,PVWatts,Solar_Delhi,,solar,31.808,,6,6,1,5
2023-05-14 07:00:00,7417.934,7854.803,253.697,34.751,43.723,7.417934,7.8548029999999995,PVWatts,Solar_Delhi,,solar,34.751,,7,6,1,5
2023-05-14 08:00:00,13860.455,14533.995,489.552,39.711,57.013,13.860455,14.533995,PVWatts,Solar_Delhi,,solar,39.711,,8,6,1,5
2023-05-14 09:00:00,18586.774,19433.938,689.46,43.778,68.101,18.586774000000002,19.433937999999998,PVWatts,Solar_Delhi,,solar,43.778,,9,6,1,5
2023-05-14 10:00:00,21790.425,22755.277,840.279,46.247,75.855,21.790425,22.755277,PVWatts,Solar_Delhi,,solar,46.247,,10,6,1,5
2023-05-14 11:00:00,23378.691,24401.89,924.1,48.086,80.633,23.378691,24.401889999999998,PVWatts,Solar_Delhi,,solar,48.086,,11,6,1,5
2023-05-14 12:00:00,23359.912,24382.42,926.394,48.769,81.401,23.359912,24.38242,PVWatts,Solar_Delhi,,solar,48.769,,12,6,1,5
2023-05-14 13:00:00,21898.862,22867.698,855.141,48.67,78.817,21.898862,22.867698,PVWatts,Solar_Delhi,,solar,48.67,,13,6,1,5
2023-05-14 14:00:00,18944.101,19804.392,717.258,47.917,73.242,18.944101,19.804392,PVWatts,Solar_Delhi,,solar,47.917,,14,6,1,5
2023-05-14 15:00:00,14751.757,15458.039,527.525,46.477,61.367,14.751757,15.458039000000001,PVWatts,Solar_Delhi,,solar,46.477,,15,6,1,5
2023-05-14 16:00:00,9403.829,9913.651,334.906,44.474,53.898,9.403829,9.913651,PVWatts,Solar_Delhi,,solar,44.474,,16,6,1,5
2023-05-14 17:00:00,3725.879,4027.118,139.813,42.112,46.016,3.725879,4.027118,PVWatts,Solar_Delhi,,solar,42.112,,17,6,1,5
2023-05-14 18:00:00,156.528,326.645,19.235,39.157,39.611,0.156528,0.32664499999999996,PVWatts,Solar_Delhi,,solar,39.157,,18,6,1,5
2023-05-14 19:00:00,0.0,0.0,0.0,37.864,37.864,0.0,0.0,PVWatts,Solar_Delhi,,solar,37.864,,19,6,1,5
2023-05-14 20:00:00,0.0,0.0,0.0,36.834,36.834,0.0,0.0,PVWatts,Solar_Delhi,,solar,36.834,,20,6,1,5
2023-05-14 21:00:00,0.0,0.0,0.0,35.817,35.817,0.0,0.0,PVWatts,Solar_Delhi,,solar,35.817,,21,6,1,5
2023-05-14 22:00:00,0.0,0.0,0.0,34.794,34.794,0.0,0.0,PVWatts,Solar_Delhi,,solar,34.794,,22,6,1,5
2023-05-14 23:00:00,0.0,0.0,0.0,33.887,33.887,0.0,0.0,PVWatts,Solar_Delhi,,solar,33.887,,23,6,1,5
2023-05-15 00:00:00,0.0,0.0,0.0,33.031,33.031,0.0,0.0,PVWatts,Solar_Delhi,,solar,33.031,,0,0,0,5
2023-05-15 01:00:00,0.0,0.0,0.0,32.327,32.327,0.0,0.0,PVWatts,Solar_Delhi,,solar,32.327,,1,0,0,5
2023-05-15 02:00:00,0.0,0.0,0.0,31.661,31.661,0.0,0.0,PVWatts,Solar_Delhi,,solar,31.661,,2,0,0,5
2023-05-15 03:00:00,0.0,0.0,0.0,30.985,30.985,0.0,0.0,PVWatts,Solar_Delhi,,solar,30.985,,3,0,0,5
2023-05-15 04:00:00,0.0,0.0,0.0,30.397,30.397,0.0,0.0,PVWatts,Solar_Delhi,,solar,30.397,,4,0,0,5
2023-05-15 05:00:00,0.0,0.0,0.0,30.515,0.0,0.0,0.0,PVWatts,Solar_Delhi,,solar,30.515,,5,0,0,5
2023-05-15 06:00:00,793.14,986.644,33.182,33.243,34.181,0.79314,0.986644,PVWatts,Solar_Delhi,,solar,33.243,,6,0,0,5
2023-05-15 07:00:00,7767.701,8217.419,268.146,37.09,46.574,7.767701,8.217419,PVWatts,Solar_Delhi,,solar,37.09,,7,0,0,5
2023-05-15 08:00:00,13936.376,14612.705,497.995,42.184,59.786,13.936376000000001,14.612705,PVWatts,Solar_Delhi,,solar,42.184,,8,0,0,5
2023-05-15 09:00:00,18716.564,19568.496,698.456,44.834,69.475,18.716563999999998,19.568496,PVWatts,Solar_Delhi,,solar,44.834,,9,0,0,5
2023-05-15 10:00:00,21909.729,22878.964,847.082,46.572,76.421,21.909729,22.878964,PVWatts,Solar_Delhi,,solar,46.572,,10,0,0,5
2023-05-15 11:00:00,23465.698,24492.093,926.302,47.72,80.344,23.465698,24.492093,PVWatts,Solar_Delhi,,solar,47.72,,11,0,0,5
2023-05-15 12:00:00,23495.599,24523.093,929.571,48.156,80.899,23.495599,24.523093,PVWatts,Solar_Delhi,,solar,48.156,,12,0,0,5
2023-05-15 13:00:00,21993.382,22965.69,855.463,47.841,77.999,21.993382,22.96569,PVWatts,Solar_Delhi,,solar,47.841,,13,0,0,5
2023-05-15 14:00:00,19047.954,19912.06,717.726,46.878,72.219,19.047954,19.91206,PVWatts,Solar_Delhi,,solar,46.878,,14,0,0,5
2023-05-15 15:00:00,14694.255,15398.425,532.127,45.369,64.202,14.694255,15.398425,PVWatts,Solar_Delhi,,solar,45.369,,15,0,0,5
2023-05-15 16:00:00,9457.803,9969.608,335.147,43.354,52.784,9.457803,9.969608000000001,PVWatts,Solar_Delhi,,solar,43.354,,16,0,0,5
2023-05-15 17:00:00,3774.918,4077.959,140.881,41.049,44.983,3.774918,4.077959,PVWatts,Solar_Delhi,,solar,41.049,,17,0,0,5
2023-05-15 18:00:00,170.491,341.121,19.961,38.396,38.867,0.170491,0.341121,PVWatts,Solar_Delhi,,solar,38.396,,18,0,0,5
2023-05-15 19:00:00,0.0,0.0,0.0,36.995,36.995,0.0,0.0,PVWatts,Solar_Delhi,,solar,36.995,,19,0,0,5
2023-05-15 20:00:00,0.0,0.0,0.0,36.053,36.053,0.0,0.0,PVWatts,Solar_Delhi,,solar,36.053,,20,0,0,5
2023-05-15 21:00:00,0.0,0.0,0.0,35.131,35.131,0.0,0.0,PVWatts,Solar_Delhi,,solar,35.131,,21,0,0,5
2023-05-15 22:00:00,0.0,0.0,0.0,34.211,34.211,0.0,0.0,PVWatts,Solar_Delhi,,solar,34.211,,22,0,0,5
2023-05-15 23:00:00,0.0,0.0,0.0,33.326,33.326,0.0,0.0,PVWatts,Solar_Delhi,,solar,33.326,,23,0,0,5
2023-05-16 00:00:00,0.0,0.0,0.0,32.525,32.525,0.0,0.0,PVWatts,Solar_Delhi,,solar,32.525,,0,1,0,5
2023-05-16 01:00:00,0.0,0.0,0.0,31.679,31.679,0.0,0.0,PVWatts,Solar_Delhi,,solar,31.679,,1,1,0,5
2023-05-16 02:00:00,0.0,0.0,0.0,30.922,30.922,0.0,0.0,PVWatts,Solar_Delhi,,solar,30.922,,2,1,0,5
2023-05-16 03:00:00,0.0,0.0,0.0,30.125,30.125,0.0,0.0,PVWatts,Solar_Delhi,,solar,30.125,,3,1,0,5
2023-05-16 04:00:00,0.0,0.0,0.0,29.419,0.0,0.0,0.0,PVWatts,Solar_Delhi,,solar,29.419,,4,1,0,5
2023-05-16 05:00:00,0.0,0.0,0.0,29.57,0.0,0.0,0.0,PVWatts,Solar_Delhi,,solar,29.57,,5,1,0,5
2023-05-16 06:00:00,2195.899,2440.933,80.272,32.442,36.241,2.195899,2.440933,PVWatts,Solar_Delhi,,solar,32.442,,6,1,0,5
2023-05-16 07:00:00,8057.653,8518.023,281.851,36.772,50.121,8.057653,8.518023,PVWatts,Solar_Delhi,,solar,36.772,,7,1,0,5
2023-05-16 08:00:00,13945.328,14621.986,498.37,42.188,59.803,13.945328,14.621986000000001,PVWatts,Solar_Delhi,,solar,42.188,,8,1,0,5
2023-05-16 09:00:00,18673.545,19523.896,698.775,45.402,70.054,18.673544999999997,19.523896,PVWatts,Solar_Delhi,,solar,45.402,,9,1,0,5
2023-05-16 10:00:00,21786.749,22751.466,846.42,47.588,77.413,21.786749,22.751466,PVWatts,Solar_Delhi,,solar,47.588,,10,1,0,5
2023-05-16 11:00:00,24098.09,25147.716,926.536,48.866,74.894,24.09809,25.147716,PVWatts,Solar_Delhi,,solar,48.866,,11,1,0,5
2023-05-16 12:00:00,24104.059,25153.904,928.833,49.368,75.464,24.104059,25.153903999999997,PVWatts,Solar_Delhi,,solar,49.368,,12,1,0,5
2023-05-16 13:00:00,22485.663,23476.055,854.83,49.194,73.23,22.485663,23.476055,PVWatts,Solar_Delhi,,solar,49.194,,13,1,0,5
2023-05-16 14:00:00,19362.792,20238.464,717.257,48.391,68.59,19.362792000000002,20.238464,PVWatts,Solar_Delhi,,solar,48.391,,14,1,0,5
2023-05-16 15:00:00,14850.889,15560.813,532.443,46.995,62.026,14.850888999999999,15.560813,PVWatts,Solar_Delhi,,solar,46.995,,15,1,0,5
2023-05-16 16:00:00,9411.393,9921.494,334.172,45.065,52.883,9.411393,9.921494000000001,PVWatts,Solar_Delhi,,solar,45.065,,16,1,0,5
2023-05-16 17:00:00,3828.508,4133.518,143.896,42.739,46.078,3.828508,4.1335180000000005,PVWatts,Solar_Delhi,,solar,42.739,,17,1,0,5
2023-05-16 18:00:00,182.665,353.742,20.805,39.74,40.232,0.182665,0.353742,PVWatts,Solar_Delhi,,solar,39.74,,18,1,0,5
2023-05-16 19:00:00,0.0,0.0,0.0,38.296,38.296,0.0,0.0,PVWatts,Solar_Delhi,,solar,38.296,,19,1,0,5
2023-05-16 20:00:00,0.0,0.0,0.0,37.343,37.343,0.0,0.0,PVWatts,Solar_Delhi,,solar,37.343,,20,1,0,5
2023-05-16 21:00:00,0.0,0.0,0.0,36.492,36.492,0.0,0.0,PVWatts,Solar_Delhi,,solar,36.492,,21,1,0,5
2023-05-16 22:00:00,0.0,0.0,0.0,35.62,35.62,0.0,0.0,PVWatts,Solar_Delhi,,solar,35.62,,22,1,0,5
2023-05-16 23:00:00,0.0,0.0,0.0,34.842,34.842,0.0,0.0,PVWatts,Solar_Delhi,,solar,34.842,,23,1,0,5
2023-05-17 00:00:00,0.0,0.0,0.0,34.089,34.089,0.0,0.0,PVWatts,Solar_Delhi,,solar,34.089,,0,2,0,5
2023-05-17 01:00:00,0.0,0.0,0.0,33.392,33.392,0.0,0.0,PVWatts,Solar_Delhi,,solar,33.392,,1,2,0,5
2023-05-17 02:00:00,0.0,0.0,0.0,32.695,32.695,0.0,0.0,PVWatts,Solar_Delhi,,solar,32.695,,2,2,0,5
2023-05-17 03:00:00,0.0,0.0,0.0,31.998,31.998,0.0,0.0,PVWatts,Solar_Delhi,,solar,31.998,,3,2,0,5
2023-05-17 04:00:00,0.0,0.0,0.0,31.358,0.0,0.0,0.0,PVWatts,Solar_Delhi,,solar,31.358,,4,2,0,5
2023-05-17 05:00:00,0.0,0.0,0.0,31.503,0.0,0.0,0.0,PVWatts,Solar_Delhi,,solar,31.503,,5,2,0,5
2023-05-17 06:00:00,844.036,1039.409,35.082,34.26,35.504,0.8440359999999999,1.039409,PVWatts,Solar_Delhi,,solar,34.26,,6,2,0,5
2023-05-17 07:00:00,3491.389,3784.014,125.261,37.912,42.34,3.4913890000000003,3.784014,PVWatts,Solar_Delhi,,solar,37.912,,7,2,0,5
2023-05-17 08:00:00,10986.61,11554.577,393.547,43.348,57.239,10.98661,11.554577,PVWatts,Solar_Delhi,,solar,43.348,,8,2,0,5
2023-05-17 09:00:00,17787.608,18605.414,698.58,46.965,79.965,17.787608,18.605414,PVWatts,Solar_Delhi,,solar,46.965,,9,2,0,5
2023-05-17 10:00:00,20436.779,21351.904,838.901,48.834,88.42,20.436778999999998,21.351903999999998,PVWatts,Solar_Delhi,,solar,48.834,,10,2,0,5
2023-05-17 11:00:00,21848.559,22815.547,921.861,49.941,93.418,21.848559,22.815547,PVWatts,Solar_Delhi,,solar,49.941,,11,2,0,5
2023-05-17 12:00:00,23004.04,24013.475,918.31,50.382,82.729,23.00404,24.013475,PVWatts,Solar_Delhi,,solar,50.382,,12,2,0,5
2023-05-17 13:00:00,21330.261,22278.209,836.304,50.129,79.611,21.330261,22.278209,PVWatts,Solar_Delhi,,solar,50.129,,13,2,0,5
2023-05-17 14:00:00,16894.137,17679.121,639.593,49.362,71.92,16.894136999999997,17.679121,PVWatts,Solar_Delhi,,solar,49.362,,14,2,0,5
2023-05-17 15:00:00,13493.25,14153.301,494.505,48.012,65.497,13.49325,14.153300999999999,PVWatts,Solar_Delhi,,solar,48.012,,15,2,0,5
2023-05-17 16:00:00,9255.695,9760.076,335.846,46.072,57.919,9.255695,9.760076,PVWatts,Solar_Delhi,,solar,46.072,,16,2,0,5
2023-05-17 17:00:00,3662.775,3961.696,138.297,43.623,48.473,3.662775,3.961696,PVWatts,Solar_Delhi,,solar,43.623,,17,2,0,5
2023-05-17 18:00:00,141.047,310.595,18.511,40.806,41.354,0.141047,0.310595,PVWatts,Solar_Delhi,,solar,40.806,,18,2,0,5
2023-05-17 19:00:00,0.0,0.0,0.0,39.536,39.536,0.0,0.0,PVWatts,Solar_Delhi,,solar,39.536,,19,2,0,5
2023-05-17 20:00:00,0.0,0.0,0.0,38.632,38.632,0.0,0.0,PVWatts,Solar_Delhi,,solar,38.632,,20,2,0,5
2023-05-17 21:00:00,0.0,0.0,0.0,37.754,37.754,0.0,0.0,PVWatts,Solar_Delhi,,solar,37.754,,21,2,0,5
2023-05-17 22:00:00,0.0,0.0,0.0,36.86,36.86,0.0,0.0,PVWatts,Solar_Delhi,,solar,36.86,,22,2,0,5
2023-05-17 23:00:00,0.0,0.0,0.0,35.959,35.959,0.0,0.0,PVWatts,Solar_Delhi,,solar,35.959,,23,2,0,5
2023-05-18 00:00:00,0.0,0.0,0.0,35.071,35.071,0.0,0.0,PVWatts,Solar_Delhi,,solar,35.071,,0,3,0,5
2023-05-18 01:00:00,0.0,0.0,0.0,34.249,34.249,0.0,0.0,PVWatts,Solar_Delhi,,solar,34.249,,1,3,0,5
2023-05-18 02:00:00,0.0,0.0,0.0,33.47,33.47,0.0,0.0,PVWatts,Solar_Delhi,,solar,33.47,,2,3,0,5
2023-05-18 03:00:00,0.0,0.0,0.0,32.73,32.73,0.0,0.0,PVWatts,Solar_Delhi,,solar,32.73,,3,3,0,5
2023-05-18 04:00:00,0.0,0.0,0.0,32.053,0.0,0.0,0.0,PVWatts,Solar_Delhi,,solar,32.053,,4,3,0,5
2023-05-18 05:00:00,0.0,0.0,0.0,32.223,0.0,0.0,0.0,PVWatts,Solar_Delhi,,solar,32.223,,5,3,0,5
2023-05-18 06:00:00,1727.952,1955.796,64.486,34.797,37.083,1.727952,1.955796,PVWatts,Solar_Delhi,,solar,34.797,,6,3,0,5
2023-05-18 07:00:00,5975.374,6359.25,209.916,39.371,46.792,5.9753739999999995,6.35925,PVWatts,Solar_Delhi,,solar,39.371,,7,3,0,5
2023-05-18 08:00:00,10937.729,11503.9,392.586,43.589,57.442,10.937729,11.5039,PVWatts,Solar_Delhi,,solar,43.589,,8,3,0,5
2023-05-18 09:00:00,14612.568,15313.737,542.124,46.465,65.557,14.612568,15.313737,PVWatts,Solar_Delhi,,solar,46.465,,9,3,0,5
2023-05-18 10:00:00,17851.408,18671.559,682.642,48.355,72.371,17.851408,18.671559000000002,PVWatts,Solar_Delhi,,solar,48.355,,10,3,0,5
2023-05-18 11:00:00,23096.141,24108.96,885.642,49.372,74.248,23.096141,24.10896,PVWatts,Solar_Delhi,,solar,49.372,,11,3,0,5
2023-05-18 12:00:00,23691.286,24725.968,911.717,49.62,75.236,23.691286,24.725968,PVWatts,Solar_Delhi,,solar,49.62,,12,3,0,5
2023-05-18 13:00:00,22747.619,23747.634,847.804,49.178,69.004,22.747619,23.747633999999998,PVWatts,Solar_Delhi,,solar,49.178,,13,3,0,5
2023-05-18 14:00:00,17459.326,18265.073,634.977,48.21,63.061,17.459326,18.265073,PVWatts,Solar_Delhi,,solar,48.21,,14,3,0,5
2023-05-18 15:00:00,7646.418,8091.68,273.979,46.649,53.062,7.646418,8.09168,PVWatts,Solar_Delhi,,solar,46.649,,15,3,0,5
2023-05-18 16:00:00,3631.003,3928.757,132.193,44.592,47.697,3.631003,3.928757,PVWatts,Solar_Delhi,,solar,44.592,,16,3,0,5
2023-05-18 17:00:00,2372.496,2624.018,88.666,42.2,44.282,2.372496,2.624018,PVWatts,Solar_Delhi,,solar,42.2,,17,3,0,5
2023-05-18 18:00:00,0.0,105.278,6.622,39.501,39.631,0.0,0.10527800000000001,PVWatts,Solar_Delhi,,solar,39.501,,18,3,0,5
2023-05-18 19:00:00,0.0,0.0,0.0,37.882,37.882,0.0,0.0,PVWatts,Solar_Delhi,,solar,37.882,,19,3,0,5
2023-05-18 20:00:00,0.0,0.0,0.0,36.897,36.897,0.0,0.0,PVWatts,Solar_Delhi,,solar,36.897,,20,3,0,5
2023-05-18 21:00:00,0.0,0.0,0.0,36.057,36.057,0.0,0.0,PVWatts,Solar_Delhi,,solar,36.057,,21,3,0,5
2023-05-18 22:00:00,0.0,0.0,0.0,35.303,35.303,0.0,0.0,PVWatts,Solar_Delhi,,solar,35.303,,22,3,0,5
2023-05-18 23:00:00,0.0,0.0,0.0,34.547,34.547,0.0,0.0,PVWatts,Solar_Delhi,,solar,34.547,,23,3,0,5
2023-05-19 00:00:00,0.0,0.0,0.0,33.878,33.878,0.0,0.0,PVWatts,Solar_Delhi,,solar,33.878,,0,4,0,5
2023-05-19 01:00:00,0.0,0.0,0.0,33.163,33.163,0.0,0.0,PVWatts,Solar_Delhi,,solar,33.163,,1,4,0,5
2023-05-19 02:00:00,0.0,0.0,0.0,32.417,32.417,0.0,0.0,PVWatts,Solar_Delhi,,solar,32.417,,2,4,0,5
2023-05-19 03:00:00,0.0,0.0,0.0,31.634,31.634,0.0,0.0,PVWatts,Solar_Delhi,,solar,31.634,,3,4,0,5
2023-05-19 04:00:00,0.0,0.0,0.0,30.851,0.0,0.0,0.0,PVWatts,Solar_Delhi,,solar,30.851,,4,4,0,5
2023-05-19 05:00:00,0.0,0.0,0.0,30.744,0.0,0.0,0.0,PVWatts,Solar_Delhi,,solar,30.744,,5,4,0,5
2023-05-19 06:00:00,2003.395,2241.358,73.007,32.843,34.557,2.003395,2.241358,PVWatts,Solar_Delhi,,solar,32.843,,6,4,0,5
2023-05-19 07:00:00,8055.178,8515.457,272.828,36.93,42.409,8.055178,8.515457,PVWatts,Solar_Delhi,,solar,36.93,,7,4,0,5
2023-05-19 08:00:00,14517.227,15214.893,497.758,40.463,50.452,14.517227,15.214893,PVWatts,Solar_Delhi,,solar,40.463,,8,4,0,5
2023-05-19 09:00:00,19561.996,20444.985,698.185,43.37,59.709,19.561996,20.444985,PVWatts,Solar_Delhi,,solar,43.37,,9,4,0,5
2023-05-19 10:00:00,22979.01,23987.526,843.452,45.605,65.32,22.97901,23.987526000000003,PVWatts,Solar_Delhi,,solar,45.605,,10,4,0,5
2023-05-19 11:00:00,24258.239,25313.748,924.319,47.012,72.977,24.258239,25.313748,PVWatts,Solar_Delhi,,solar,47.012,,11,4,0,5
2023-05-19 12:00:00,24257.394,25312.872,926.691,47.594,73.629,24.257394,25.312872,PVWatts,Solar_Delhi,,solar,47.594,,12,4,0,5
2023-05-19 13:00:00,22659.676,23656.461,853.998,47.349,71.361,22.659676,23.656461,PVWatts,Solar_Delhi,,solar,47.349,,13,4,0,5
2023-05-19 14:00:00,19838.053,20731.183,716.724,46.34,63.126,19.838053,20.731183,PVWatts,Solar_Delhi,,solar,46.34,,14,4,0,5
2023-05-19 15:00:00,14115.862,14798.784,496.331,44.819,56.46,14.115862,14.798784,PVWatts,Solar_Delhi,,solar,44.819,,15,4,0,5
2023-05-19 16:00:00,9545.631,10060.663,335.543,42.809,50.658,9.545631,10.060663,PVWatts,Solar_Delhi,,solar,42.809,,16,4,0,5
2023-05-19 17:00:00,3971.14,4281.389,147.201,40.562,43.484,3.9711399999999997,4.281389,PVWatts,Solar_Delhi,,solar,40.562,,17,4,0,5
2023-05-19 18:00:00,239.683,412.855,23.901,38.355,38.824,0.23968299999999998,0.412855,PVWatts,Solar_Delhi,,solar,38.355,,18,4,0,5
2023-05-19 19:00:00,0.0,0.0,0.0,36.787,36.787,0.0,0.0,PVWatts,Solar_Delhi,,solar,36.787,,19,4,0,5
2023-05-19 20:00:00,0.0,0.0,0.0,35.837,35.837,0.0,0.0,PVWatts,Solar_Delhi,,solar,35.837,,20,4,0,5
2023-05-19 21:00:00,0.0,0.0,0.0,35.005,35.005,0.0,0.0,PVWatts,Solar_Delhi,,solar,35.005,,21,4,0,5
2023-05-19 22:00:00,0.0,0.0,0.0,34.223,34.223,0.0,0.0,PVWatts,Solar_Delhi,,solar,34.223,,22,4,0,5
2023-05-19 23:00:00,0.0,0.0,0.0,33.416,33.416,0.0,0.0,PVWatts,Solar_Delhi,,solar,33.416,,23,4,0,5
2023-05-20 00:00:00,0.0,0.0,0.0,32.688,32.688,0.0,0.0,PVWatts,Solar_Delhi,,solar,32.688,,0,5,1,5
2023-05-20 01:00:00,0.0,0.0,0.0,31.952,31.952,0.0,0.0,PVWatts,Solar_Delhi,,solar,31.952,,1,5,1,5
2023-05-20 02:00:00,0.0,0.0,0.0,31.305,31.305,0.0,0.0,PVWatts,Solar_Delhi,,solar,31.305,,2,5,1,5
2023-05-20 03:00:00,0.0,0.0,0.0,30.751,30.751,0.0,0.0,PVWatts,Solar_Delhi,,solar,30.751,,3,5,1,5
2023-05-20 04:00:00,0.0,0.0,0.0,30.247,0.0,0.0,0.0,PVWatts,Solar_Delhi,,solar,30.247,,4,5,1,5
2023-05-20 05:00:00,0.0,0.0,0.0,30.549,0.0,0.0,0.0,PVWatts,Solar_Delhi,,solar,30.549,,5,5,1,5
2023-05-20 06:00:00,2254.871,2502.071,81.637,33.074,34.988,2.254871,2.502071,PVWatts,Solar_Delhi,,solar,33.074,,6,5,1,5
2023-05-20 07:00:00,8371.794,8843.704,283.68,37.305,43.001,8.371794,8.843703999999999,PVWatts,Solar_Delhi,,solar,37.305,,7,5,1,5
2023-05-20 08:00:00,14576.67,15276.52,499.421,40.279,50.301,14.57667,15.27652,PVWatts,Solar_Delhi,,solar,40.279,,8,5,1,5
2023-05-20 09:00:00,19860.978,20754.951,698.623,42.424,56.417,19.860978,20.754951000000002,PVWatts,Solar_Delhi,,solar,42.424,,9,5,1,5
2023-05-20 10:00:00,23434.795,24460.054,843.767,44.156,61.037,23.434794999999998,24.460054,PVWatts,Solar_Delhi,,solar,44.156,,10,5,1,5
2023-05-20 11:00:00,25288.247,26381.594,923.595,45.323,63.791,25.288247,26.381594,PVWatts,Solar_Delhi,,solar,45.323,,11,5,1,5
2023-05-20 12:00:00,25591.222,26695.699,926.98,45.851,62.055,25.591222000000002,26.695699,PVWatts,Solar_Delhi,,solar,45.851,,12,5,1,5
2023-05-20 13:00:00,23778.52,24816.406,853.434,45.739,60.669,23.77852,24.816406,PVWatts,Solar_Delhi,,solar,45.739,,13,5,1,5
2023-05-20 14:00:00,20343.955,21255.67,717.282,45.096,57.664,20.343955,21.25567,PVWatts,Solar_Delhi,,solar,45.096,,14,5,1,5
2023-05-20 15:00:00,15514.519,16248.821,532.728,44.021,52.331,15.514519,16.248821,PVWatts,Solar_Delhi,,solar,44.021,,15,5,1,5
2023-05-20 16:00:00,9707.679,10228.664,336.757,42.492,47.726,9.707679,10.228664,PVWatts,Solar_Delhi,,solar,42.492,,16,5,1,5
2023-05-20 17:00:00,4004.858,4316.346,148.198,40.713,43.285,4.0048580000000005,4.316345999999999,PVWatts,Solar_Delhi,,solar,40.713,,17,5,1,5
2023-05-20 18:00:00,254.247,427.954,24.728,38.424,38.84,0.254247,0.427954,PVWatts,Solar_Delhi,,solar,38.424,,18,5,1,5
2023-05-20 19:00:00,0.0,0.0,0.0,36.876,36.876,0.0,0.0,PVWatts,Solar_Delhi,,solar,36.876,,19,5,1,5
2023-05-20 20:00:00,0.0,0.0,0.0,35.857,35.857,0.0,0.0,PVWatts,Solar_Delhi,,solar,35.857,,20,5,1,5
2023-05-20 21:00:00,0.0,0.0,0.0,34.977,34.977,0.0,0.0,PVWatts,Solar_Delhi,,solar,34.977,,21,5,1,5
2023-05-20 22:00:00,0.0,0.0,0.0,34.019,34.019,0.0,0.0,PVWatts,Solar_Delhi,,solar,34.019,,22,5,1,5
2023-05-20 23:00:00,0.0,0.0,0.0,33.106,33.106,0.0,0.0,PVWatts,Solar_Delhi,,solar,33.106,,23,5,1,5
2023-05-21 00:00:00,0.0,0.0,0.0,32.203,32.203,0.0,0.0,PVWatts,Solar_Delhi,,solar,32.203,,0,6,1,5
2023-05-21 01:00:00,0.0,0.0,0.0,31.366,31.366,0.0,0.0,PVWatts,Solar_Delhi,,solar,31.366,,1,6,1,5
2023-05-21 02:00:00,0.0,0.0,0.0,30.545,30.545,0.0,0.0,PVWatts,Solar_Delhi,,solar,30.545,,2,6,1,5
2023-05-21 03:00:00,0.0,0.0,0.0,29.842,29.842,0.0,0.0,PVWatts,Solar_Delhi,,solar,29.842,,3,6,1,5
2023-05-21 04:00:00,0.0,0.0,0.0,29.178,0.0,0.0,0.0,PVWatts,Solar_Delhi,,solar,29.178,,4,6,1,5
2023-05-21 05:00:00,0.0,0.0,0.0,29.445,0.0,0.0,0.0,PVWatts,Solar_Delhi,,solar,29.445,,5,6,1,5
2023-05-21 06:00:00,2395.39,2647.753,86.183,32.242,34.672,2.39539,2.6477530000000002,PVWatts,Solar_Delhi,,solar,32.242,,6,6,1,5
2023-05-21 07:00:00,8282.988,8751.635,284.937,36.361,46.437,8.282988,8.751635,PVWatts,Solar_Delhi,,solar,36.361,,7,6,1,5
2023-05-21 08:00:00,14016.004,14695.258,500.056,41.714,59.387,14.016004,14.695257999999999,PVWatts,Solar_Delhi,,solar,41.714,,8,6,1,5
2023-05-21 09:00:00,18715.197,19567.079,697.945,44.655,69.277,18.715197,19.567079000000003,PVWatts,Solar_Delhi,,solar,44.655,,9,6,1,5
2023-05-21 10:00:00,21816.291,22782.094,844.04,46.778,76.518,21.816291,22.782094,PVWatts,Solar_Delhi,,solar,46.778,,10,6,1,5
2023-05-21 11:00:00,23309.467,24330.122,921.9,48.231,80.698,23.309467,24.330122,PVWatts,Solar_Delhi,,solar,48.231,,11,6,1,5
2023-05-21 12:00:00,23319.21,24340.223,925.332,48.87,81.462,23.319209999999998,24.340223,PVWatts,Solar_Delhi,,solar,48.87,,12,6,1,5
2023-05-21 13:00:00,21842.766,22809.541,853.853,48.863,78.961,21.842766,22.809541,PVWatts,Solar_Delhi,,solar,48.863,,13,6,1,5
2023-05-21 14:00:00,18915.073,19774.298,716.909,48.058,73.368,18.915073,19.774297999999998,PVWatts,Solar_Delhi,,solar,48.058,,14,6,1,5
2023-05-21 15:00:00,14638.571,15340.696,533.503,46.603,65.482,14.638571,15.340696,PVWatts,Solar_Delhi,,solar,46.603,,15,6,1,5
2023-05-21 16:00:00,9443.225,9954.495,337.075,44.581,54.061,9.443225,9.954495000000001,PVWatts,Solar_Delhi,,solar,44.581,,16,6,1,5
2023-05-21 17:00:00,3977.331,4287.807,149.203,42.145,46.306,3.977331,4.287807,PVWatts,Solar_Delhi,,solar,42.145,,17,6,1,5
2023-05-21 18:00:00,303.741,479.266,27.661,39.163,39.816,0.303741,0.479266,PVWatts,Solar_Delhi,,solar,39.163,,18,6,1,5
2023-05-21 19:00:00,0.0,0.0,0.0,37.769,37.769,0.0,0.0,PVWatts,Solar_Delhi,,solar,37.769,,19,6,1,5
2023-05-21 20:00:00,0.0,0.0,0.0,36.866,36.866,0.0,0.0,PVWatts,Solar_Delhi,,solar,36.866,,20,6,1,5
2023-05-21 21:00:00,0.0,0.0,0.0,35.995,35.995,0.0,0.0,PVWatts,Solar_Delhi,,solar,35.995,,21,6,1,5
2023-05-21 22:00:00,0.0,0.0,0.0,35.199,35.199,0.0,0.0,PVWatts,Solar_Delhi,,solar,35.199,,22,6,1,5
2023-05-21 23:00:00,0.0,0.0,0.0,34.413,34.413,0.0,0.0,PVWatts,Solar_Delhi,,solar,34.413,,23,6,1,5
2023-05-22 00:00:00,0.0,0.0,0.0,33.686,33.686,0.0,0.0,PVWatts,Solar_Delhi,,solar,33.686,,0,0,0,5
2023-05-22 01:00:00,0.0,0.0,0.0,32.97,32.97,0.0,0.0,PVWatts,Solar_Delhi,,solar,32.97,,1,0,0,5
2023-05-22 02:00:00,0.0,0.0,0.0,32.312,32.312,0.0,0.0,PVWatts,Solar_Delhi,,solar,32.312,,2,0,0,5
2023-05-22 03:00:00,0.0,0.0,0.0,31.631,31.631,0.0,0.0,PVWatts,Solar_Delhi,,solar,31.631,,3,0,0,5
2023-05-22 04:00:00,0.0,0.0,0.0,31.045,0.0,0.0,0.0,PVWatts,Solar_Delhi,,solar,31.045,,4,0,0,5
2023-05-22 05:00:00,0.0,0.0,0.0,31.302,0.0,0.0,0.0,PVWatts,Solar_Delhi,,solar,31.302,,5,0,0,5
2023-05-22 06:00:00,2358.283,2609.283,86.4,34.241,38.329,2.3582829999999997,2.609283,PVWatts,Solar_Delhi,,solar,34.241,,6,0,0,5
2023-05-22 07:00:00,8102.161,8564.166,285.25,38.042,51.55,8.102161,8.564165999999998,PVWatts,Solar_Delhi,,solar,38.042,,7,0,0,5
2023-05-22 08:00:00,13492.298,14152.313,499.718,43.76,67.409,13.492298,14.152313,PVWatts,Solar_Delhi,,solar,43.76,,8,0,0,5
2023-05-22 09:00:00,17768.523,18585.628,697.407,46.907,79.852,17.768523000000002,18.585628,PVWatts,Solar_Delhi,,solar,46.907,,9,0,0,5
2023-05-22 10:00:00,20520.66,21438.867,843.383,48.821,88.615,20.52066,21.438867,PVWatts,Solar_Delhi,,solar,48.821,,10,0,0,5
2023-05-22 11:00:00,21835.547,22802.057,922.173,50.067,93.556,21.835547,22.802057,PVWatts,Solar_Delhi,,solar,50.067,,11,0,0,5
2023-05-22 12:00:00,21817.597,22783.448,924.675,50.703,94.317,21.817597000000003,22.783448,PVWatts,Solar_Delhi,,solar,50.703,,12,0,0,5
2023-05-22 13:00:00,20536.462,21455.25,852.29,50.568,90.799,20.536462,21.45525,PVWatts,Solar_Delhi,,solar,50.568,,13,0,0,5
2023-05-22 14:00:00,17969.435,18793.921,716.556,49.791,83.667,17.969435,18.793920999999997,PVWatts,Solar_Delhi,,solar,49.791,,14,0,0,5
2023-05-22 15:00:00,14085.273,14767.072,533.927,48.393,73.694,14.085272999999999,14.767072,PVWatts,Solar_Delhi,,solar,48.393,,15,0,0,5
2023-05-22 16:00:00,9097.395,9595.96,337.409,46.312,62.243,9.097395,9.59596,PVWatts,Solar_Delhi,,solar,46.312,,16,0,0,5
2023-05-22 17:00:00,3900.08,4207.718,149.497,43.764,50.764,3.90008,4.207718,PVWatts,Solar_Delhi,,solar,43.764,,17,0,0,5
2023-05-22 18:00:00,272.824,447.213,26.172,40.739,41.776,0.272824,0.447213,PVWatts,Solar_Delhi,,solar,40.739,,18,0,0,5
2023-05-22 19:00:00,0.0,0.0,0.0,39.466,39.466,0.0,0.0,PVWatts,Solar_Delhi,,solar,39.466,,19,0,0,5
2023-05-22 20:00:00,0.0,0.0,0.0,38.564,38.564,0.0,0.0,PVWatts,Solar_Delhi,,solar,38.564,,20,0,0,5
2023-05-22 21:00:00,0.0,0.0,0.0,37.699,37.699,0.0,0.0,PVWatts,Solar_Delhi,,solar,37.699,,21,0,0,5
2023-05-22 22:00:00,0.0,0.0,0.0,36.822,36.822,0.0,0.0,PVWatts,Solar_Delhi,,solar,36.822,,22,0,0,5
2023-05-22 23:00:00,0.0,0.0,0.0,35.919,35.919,0.0,0.0,PVWatts,Solar_Delhi,,solar,35.919,,23,0,0,5
2023-05-23 00:00:00,0.0,0.0,0.0,35.043,35.043,0.0,0.0,PVWatts,Solar_Delhi,,solar,35.043,,0,1,0,5
2023-05-23 01:00:00,0.0,0.0,0.0,34.24,34.24,0.0,0.0,PVWatts,Solar_Delhi,,solar,34.24,,1,1,0,5
2023-05-23 02:00:00,0.0,0.0,0.0,33.447,33.447,0.0,0.0,PVWatts,Solar_Delhi,,solar,33.447,,2,1,0,5
2023-05-23 03:00:00,0.0,0.0,0.0,32.676,32.676,0.0,0.0,PVWatts,Solar_Delhi,,solar,32.676,,3,1,0,5
2023-05-23 04:00:00,0.0,0.0,0.0,31.997,0.0,0.0,0.0,PVWatts,Solar_Delhi,,solar,31.997,,4,1,0,5
2023-05-23 05:00:00,0.0,0.0,0.0,32.216,0.0,0.0,0.0,PVWatts,Solar_Delhi,,solar,32.216,,5,1,0,5
2023-05-23 06:00:00,1963.831,2200.341,72.341,34.82,36.863,1.9638309999999999,2.200341,PVWatts,Solar_Delhi,,solar,34.82,,6,1,0,5
2023-05-23 07:00:00,7949.591,8405.991,274.14,38.7,46.432,7.949591000000001,8.405991,PVWatts,Solar_Delhi,,solar,38.7,,7,1,0,5
2023-05-23 08:00:00,13680.929,14347.874,484.694,43.771,57.431,13.680929,14.347874,PVWatts,Solar_Delhi,,solar,43.771,,8,1,0,5
2023-05-23 09:00:00,18464.396,19307.064,680.175,47.303,66.439,18.464396,19.307063999999997,PVWatts,Solar_Delhi,,solar,47.303,,9,1,0,5
2023-05-23 10:00:00,19233.395,20104.313,745.303,49.742,75.981,19.233395,20.104312999999998,PVWatts,Solar_Delhi,,solar,49.742,,10,1,0,5
2023-05-23 11:00:00,22324.503,23308.975,892.039,51.301,82.714,22.324503,23.308975,PVWatts,Solar_Delhi,,solar,51.301,,11,1,0,5
2023-05-23 12:00:00,21038.533,21975.764,835.908,51.967,81.399,21.038533,21.975763999999998,PVWatts,Solar_Delhi,,solar,51.967,,12,1,0,5
2023-05-23 13:00:00,15733.27,16475.608,606.12,51.831,73.149,15.733270000000001,16.475608,PVWatts,Solar_Delhi,,solar,51.831,,13,1,0,5
2023-05-23 14:00:00,14179.078,14864.322,536.102,50.82,69.705,14.179077999999999,14.864322,PVWatts,Solar_Delhi,,solar,50.82,,14,1,0,5
2023-05-23 15:00:00,13284.053,13936.418,481.722,49.138,62.719,13.284053,13.936418,PVWatts,Solar_Delhi,,solar,49.138,,15,1,0,5
2023-05-23 16:00:00,9441.89,9953.111,338.303,46.999,54.912,9.441889999999999,9.953111000000002,PVWatts,Solar_Delhi,,solar,46.999,,16,1,0,5
2023-05-23 17:00:00,3939.867,4248.967,148.667,44.635,48.087,3.939867,4.2489669999999995,PVWatts,Solar_Delhi,,solar,44.635,,17,1,0,5
2023-05-23 18:00:00,247.856,421.328,24.844,42.105,42.592,0.247856,0.421328,PVWatts,Solar_Delhi,,solar,42.105,,18,1,0,5
2023-05-23 19:00:00,0.0,0.0,0.0,40.418,40.418,0.0,0.0,PVWatts,Solar_Delhi,,solar,40.418,,19,1,0,5
2023-05-23 20:00:00,0.0,0.0,0.0,39.191,39.191,0.0,0.0,PVWatts,Solar_Delhi,,solar,39.191,,20,1,0,5
2023-05-23 21:00:00,0.0,0.0,0.0,38.081,38.081,0.0,0.0,PVWatts,Solar_Delhi,,solar,38.081,,21,1,0,5
2023-05-23 22:00:00,0.0,0.0,0.0,37.09,37.09,0.0,0.0,PVWatts,Solar_Delhi,,solar,37.09,,22,1,0,5
2023-05-23 23:00:00,0.0,0.0,0.0,36.273,36.273,0.0,0.0,PVWatts,Solar_Delhi,,solar,36.273,,23,1,0,5
2023-05-24 00:00:00,0.0,0.0,0.0,35.594,35.594,0.0,0.0,PVWatts,Solar_Delhi,,solar,35.594,,0,2,0,5
2023-05-24 01:00:00,0.0,0.0,0.0,34.928,34.928,0.0,0.0,PVWatts,Solar_Delhi,,solar,34.928,,1,2,0,5
2023-05-24 02:00:00,0.0,0.0,0.0,34.326,34.326,0.0,0.0,PVWatts,Solar_Delhi,,solar,34.326,,2,2,0,5
2023-05-24 03:00:00,0.0,0.0,0.0,33.706,33.706,0.0,0.0,PVWatts,Solar_Delhi,,solar,33.706,,3,2,0,5
2023-05-24 04:00:00,0.0,0.0,0.0,33.131,0.0,0.0,0.0,PVWatts,Solar_Delhi,,solar,33.131,,4,2,0,5
2023-05-24 05:00:00,0.0,0.0,0.0,33.503,0.0,0.0,0.0,PVWatts,Solar_Delhi,,solar,33.503,,5,2,0,5
2023-05-24 06:00:00,2089.145,2330.257,77.389,36.28,39.018,2.089145,2.330257,PVWatts,Solar_Delhi,,solar,36.28,,6,2,0,5
2023-05-24 07:00:00,7481.549,7920.756,262.683,40.488,49.776,7.481549,7.920756,PVWatts,Solar_Delhi,,solar,40.488,,7,2,0,5
2023-05-24 08:00:00,13565.398,14228.099,491.666,45.195,62.568,13.565398,14.228099,PVWatts,Solar_Delhi,,solar,45.195,,8,2,0,5
2023-05-24 09:00:00,18124.006,18954.17,686.077,48.088,72.289,18.124006,18.954169999999998,PVWatts,Solar_Delhi,,solar,48.088,,9,2,0,5
2023-05-24 10:00:00,21844.294,22811.126,832.853,49.994,73.399,21.844294,22.811126,PVWatts,Solar_Delhi,,solar,49.994,,10,2,0,5
2023-05-24 11:00:00,23585.758,24616.563,914.925,51.024,76.725,23.585758000000002,24.616563,PVWatts,Solar_Delhi,,solar,51.024,,11,2,0,5
2023-05-24 12:00:00,24213.89,25267.77,921.463,51.263,72.793,24.21389,25.26777,PVWatts,Solar_Delhi,,solar,51.263,,12,2,0,5
2023-05-24 13:00:00,22663.402,23660.324,852.263,50.925,70.853,22.663401999999998,23.660324,PVWatts,Solar_Delhi,,solar,50.925,,13,2,0,5
2023-05-24 14:00:00,19716.98,20605.663,716.675,50.027,64.393,19.71698,20.605663,PVWatts,Solar_Delhi,,solar,50.027,,14,2,0,5
2023-05-24 15:00:00,15086.098,15804.663,534.621,48.616,59.358,15.086098,15.804663,PVWatts,Solar_Delhi,,solar,48.616,,15,2,0,5
2023-05-24 16:00:00,9534.999,10049.64,339.574,46.827,53.626,9.534999,10.04964,PVWatts,Solar_Delhi,,solar,46.827,,16,2,0,5
2023-05-24 17:00:00,3976.747,4287.202,149.693,44.762,47.737,3.976747,4.287202000000001,PVWatts,Solar_Delhi,,solar,44.762,,17,2,0,5
2023-05-24 18:00:00,298.458,473.789,27.804,42.464,42.931,0.298458,0.47378899999999996,PVWatts,Solar_Delhi,,solar,42.464,,18,2,0,5
2023-05-24 19:00:00,0.0,0.0,0.0,40.857,40.857,0.0,0.0,PVWatts,Solar_Delhi,,solar,40.857,,19,2,0,5
2023-05-24 20:00:00,0.0,0.0,0.0,39.858,39.858,0.0,0.0,PVWatts,Solar_Delhi,,solar,39.858,,20,2,0,5
2023-05-24 21:00:00,0.0,0.0,0.0,38.916,38.916,0.0,0.0,PVWatts,Solar_Delhi,,solar,38.916,,21,2,0,5
2023-05-24 22:00:00,0.0,0.0,0.0,38.035,38.035,0.0,0.0,PVWatts,Solar_Delhi,,solar,38.035,,22,2,0,5
2023-05-24 23:00:00,0.0,0.0,0.0,37.174,37.174,0.0,0.0,PVWatts,Solar_Delhi,,solar,37.174,,23,2,0,5
2023-05-25 00:00:00,0.0,0.0,0.0,36.318,36.318,0.0,0.0,PVWatts,Solar_Delhi,,solar,36.318,,0,3,0,5
2023-05-25 01:00:00,0.0,0.0,0.0,35.542,35.542,0.0,0.0,PVWatts,Solar_Delhi,,solar,35.542,,1,3,0,5
2023-05-25 02:00:00,0.0,0.0,0.0,34.782,34.782,0.0,0.0,PVWatts,Solar_Delhi,,solar,34.782,,2,3,0,5
2023-05-25 03:00:00,0.0,0.0,0.0,34.077,34.077,0.0,0.0,PVWatts,Solar_Delhi,,solar,34.077,,3,3,0,5
2023-05-25 04:00:00,0.0,0.0,0.0,33.351,0.0,0.0,0.0,PVWatts,Solar_Delhi,,solar,33.351,,4,3,0,5
2023-05-25 05:00:00,0.0,0.0,0.0,33.542,0.0,0.0,0.0,PVWatts,Solar_Delhi,,solar,33.542,,5,3,0,5
2023-05-25 06:00:00,2204.126,2449.463,81.142,36.145,38.434,2.204126,2.449463,PVWatts,Solar_Delhi,,solar,36.145,,6,3,0,5
2023-05-25 07:00:00,8243.402,8710.595,286.174,40.359,48.43,8.243402,8.710595,PVWatts,Solar_Delhi,,solar,40.359,,7,3,0,5
2023-05-25 08:00:00,14199.115,14885.095,499.331,44.44,56.146,14.199114999999999,14.885095,PVWatts,Solar_Delhi,,solar,44.44,,8,3,0,5
2023-05-25 09:00:00,19226.837,20097.514,696.75,46.728,63.033,19.226837,20.097514,PVWatts,Solar_Delhi,,solar,46.728,,9,3,0,5
2023-05-25 10:00:00,22637.607,23633.581,841.438,48.355,68.023,22.637607,23.633581,PVWatts,Solar_Delhi,,solar,48.355,,10,3,0,5
2023-05-25 11:00:00,24365.367,25424.811,919.144,49.347,70.82,24.365367,25.424811000000002,PVWatts,Solar_Delhi,,solar,49.347,,11,3,0,5
2023-05-25 12:00:00,24772.291,25846.684,922.806,49.75,68.205,24.772291000000003,25.846684,PVWatts,Solar_Delhi,,solar,49.75,,12,3,0,5
2023-05-25 13:00:00,23096.866,24109.712,851.798,49.595,66.643,23.096866000000002,24.109712,PVWatts,Solar_Delhi,,solar,49.595,,13,3,0,5
2023-05-25 14:00:00,19812.398,20704.587,716.387,48.873,63.233,19.812398,20.704587,PVWatts,Solar_Delhi,,solar,48.873,,14,3,0,5
2023-05-25 15:00:00,15257.136,15981.984,535.102,47.65,57.047,15.257136000000001,15.981984,PVWatts,Solar_Delhi,,solar,47.65,,15,3,0,5
2023-05-25 16:00:00,9618.366,10136.069,339.955,46.01,51.959,9.618366,10.136068999999999,PVWatts,Solar_Delhi,,solar,46.01,,16,3,0,5
2023-05-25 17:00:00,4063.073,4376.7,151.785,44.106,46.744,4.063073,4.3767,PVWatts,Solar_Delhi,,solar,44.106,,17,3,0,5
2023-05-25 18:00:00,310.015,485.771,28.381,41.926,42.343,0.310015,0.485771,PVWatts,Solar_Delhi,,solar,41.926,,18,3,0,5
2023-05-25 19:00:00,0.0,0.0,0.0,40.506,40.506,0.0,0.0,PVWatts,Solar_Delhi,,solar,40.506,,19,3,0,5
2023-05-25 20:00:00,0.0,0.0,0.0,39.577,39.577,0.0,0.0,PVWatts,Solar_Delhi,,solar,39.577,,20,3,0,5
2023-05-25 21:00:00,0.0,0.0,0.0,38.659,38.659,0.0,0.0,PVWatts,Solar_Delhi,,solar,38.659,,21,3,0,5
2023-05-25 22:00:00,0.0,0.0,0.0,37.778,37.778,0.0,0.0,PVWatts,Solar_Delhi,,solar,37.778,,22,3,0,5
2023-05-25 23:00:00,0.0,0.0,0.0,36.918,36.918,0.0,0.0,PVWatts,Solar_Delhi,,solar,36.918,,23,3,0,5
2023-05-26 00:00:00,0.0,0.0,0.0,36.09,36.09,0.0,0.0,PVWatts,Solar_Delhi,,solar,36.09,,0,4,0,5
2023-05-26 01:00:00,0.0,0.0,0.0,35.312,35.312,0.0,0.0,PVWatts,Solar_Delhi,,solar,35.312,,1,4,0,5
2023-05-26 02:00:00,0.0,0.0,0.0,34.532,34.532,0.0,0.0,PVWatts,Solar_Delhi,,solar,34.532,,2,4,0,5
2023-05-26 03:00:00,0.0,0.0,0.0,33.808,33.808,0.0,0.0,PVWatts,Solar_Delhi,,solar,33.808,,3,4,0,5
2023-05-26 04:00:00,0.0,0.0,0.0,33.045,0.0,0.0,0.0,PVWatts,Solar_Delhi,,solar,33.045,,4,4,0,5
2023-05-26 05:00:00,0.0,0.0,0.0,33.1,0.0,0.0,0.0,PVWatts,Solar_Delhi,,solar,33.1,,5,4,0,5
2023-05-26 06:00:00,2249.464,2496.466,82.268,35.426,37.355,2.249464,2.496466,PVWatts,Solar_Delhi,,solar,35.426,,6,4,0,5
2023-05-26 07:00:00,8356.654,8828.008,287.396,39.623,46.365,8.356654,8.828008,PVWatts,Solar_Delhi,,solar,39.623,,7,4,0,5
2023-05-26 08:00:00,14314.943,15005.179,499.631,44.434,54.46,14.314943,15.005179,PVWatts,Solar_Delhi,,solar,44.434,,8,4,0,5
2023-05-26 09:00:00,19119.547,19986.283,695.244,47.508,63.778,19.119546999999997,19.986283,PVWatts,Solar_Delhi,,solar,47.508,,9,4,0,5
2023-05-26 10:00:00,22507.058,23498.236,840.802,49.45,69.102,22.507058,23.498236000000002,PVWatts,Solar_Delhi,,solar,49.45,,10,4,0,5
2023-05-26 11:00:00,24161.535,25213.492,917.51,50.797,72.232,24.161535,25.213492,PVWatts,Solar_Delhi,,solar,50.797,,11,4,0,5
2023-05-26 12:00:00,23716.237,24751.835,922.22,51.385,77.293,23.716237,24.751835,PVWatts,Solar_Delhi,,solar,51.385,,12,4,0,5
2023-05-26 13:00:00,22179.001,23158.128,851.355,51.233,75.169,22.179001,23.158128,PVWatts,Solar_Delhi,,solar,51.233,,13,4,0,5
2023-05-26 14:00:00,19451.039,20329.953,716.12,50.379,67.149,19.451039,20.329953,PVWatts,Solar_Delhi,,solar,50.379,,14,4,0,5
2023-05-26 15:00:00,14946.925,15660.377,535.021,48.97,61.529,14.946924999999998,15.660377,PVWatts,Solar_Delhi,,solar,48.97,,15,4,0,5
2023-05-26 16:00:00,9542.729,10057.654,340.349,47.139,53.953,9.542729,10.057654000000001,PVWatts,Solar_Delhi,,solar,47.139,,16,4,0,5
2023-05-26 17:00:00,4045.041,4358.005,152.105,45.097,48.121,4.045041,4.358005,PVWatts,Solar_Delhi,,solar,45.097,,17,4,0,5
2023-05-26 18:00:00,322.43,498.641,29.188,42.499,42.989,0.32243,0.498641,PVWatts,Solar_Delhi,,solar,42.499,,18,4,0,5
2023-05-26 19:00:00,0.0,0.0,0.0,40.841,40.841,0.0,0.0,PVWatts,Solar_Delhi,,solar,40.841,,19,4,0,5
2023-05-26 20:00:00,0.0,0.0,0.0,39.891,39.891,0.0,0.0,PVWatts,Solar_Delhi,,solar,39.891,,20,4,0,5
2023-05-26 21:00:00,0.0,0.0,0.0,38.991,38.991,0.0,0.0,PVWatts,Solar_Delhi,,solar,38.991,,21,4,0,5
2023-05-26 22:00:00,0.0,0.0,0.0,38.104,38.104,0.0,0.0,PVWatts,Solar_Delhi,,solar,38.104,,22,4,0,5
2023-05-26 23:00:00,0.0,0.0,0.0,37.132,37.132,0.0,0.0,PVWatts,Solar_Delhi,,solar,37.132,,23,4,0,5
2023-05-27 00:00:00,0.0,0.0,0.0,36.16,36.16,0.0,0.0,PVWatts,Solar_Delhi,,solar,36.16,,0,5,1,5
2023-05-27 01:00:00,0.0,0.0,0.0,35.222,35.222,0.0,0.0,PVWatts,Solar_Delhi,,solar,35.222,,1,5,1,5
2023-05-27 02:00:00,0.0,0.0,0.0,34.419,34.419,0.0,0.0,PVWatts,Solar_Delhi,,solar,34.419,,2,5,1,5
2023-05-27 03:00:00,0.0,0.0,0.0,33.702,33.702,0.0,0.0,PVWatts,Solar_Delhi,,solar,33.702,,3,5,1,5
2023-05-27 04:00:00,0.0,0.0,0.0,33.09,0.0,0.0,0.0,PVWatts,Solar_Delhi,,solar,33.09,,4,5,1,5
2023-05-27 05:00:00,0.0,0.0,0.0,33.379,0.0,0.0,0.0,PVWatts,Solar_Delhi,,solar,33.379,,5,5,1,5
2023-05-27 06:00:00,1940.274,2175.918,71.669,35.859,37.544,1.9402739999999998,2.1759180000000002,PVWatts,Solar_Delhi,,solar,35.859,,6,5,1,5
2023-05-27 07:00:00,6717.051,7128.173,233.175,40.093,45.562,6.7170510000000005,7.128172999999999,PVWatts,Solar_Delhi,,solar,40.093,,7,5,1,5
2023-05-27 08:00:00,12435.121,13056.3,438.517,44.775,55.047,12.435120999999999,13.056299999999998,PVWatts,Solar_Delhi,,solar,44.775,,8,5,1,5
2023-05-27 09:00:00,17453.385,18258.914,634.505,47.91,62.747,17.453384999999997,18.258914,PVWatts,Solar_Delhi,,solar,47.91,,9,5,1,5
2023-05-27 10:00:00,20817.508,21746.62,789.733,49.845,72.031,20.817508,21.74662,PVWatts,Solar_Delhi,,solar,49.845,,10,5,1,5
2023-05-27 11:00:00,22460.671,23450.146,864.978,50.903,75.2,22.460670999999998,23.450146,PVWatts,Solar_Delhi,,solar,50.903,,11,5,1,5
2023-05-27 12:00:00,22813.968,23816.421,880.858,51.111,75.858,22.813968,23.816421,PVWatts,Solar_Delhi,,solar,51.111,,12,5,1,5
2023-05-27 13:00:00,21397.582,22348.003,799.469,50.593,69.284,21.397582,22.348003000000002,PVWatts,Solar_Delhi,,solar,50.593,,13,5,1,5
2023-05-27 14:00:00,18239.826,19074.245,667.701,49.665,65.294,18.239826,19.074244999999998,PVWatts,Solar_Delhi,,solar,49.665,,14,5,1,5
2023-05-27 15:00:00,13834.082,14506.653,494.687,48.351,59.951,13.834082,14.506653,PVWatts,Solar_Delhi,,solar,48.351,,15,5,1,5
2023-05-27 16:00:00,8928.206,9420.556,317.383,46.622,54.06,8.928206,9.420556000000001,PVWatts,Solar_Delhi,,solar,46.622,,16,5,1,5
2023-05-27 17:00:00,3822.936,4127.741,141.851,44.671,47.982,3.8229360000000003,4.127741,PVWatts,Solar_Delhi,,solar,44.671,,17,5,1,5
2023-05-27 18:00:00,275.55,450.04,26.505,42.556,43.076,0.27555,0.45004,PVWatts,Solar_Delhi,,solar,42.556,,18,5,1,5
2023-05-27 19:00:00,0.0,0.0,0.0,41.065,41.065,0.0,0.0,PVWatts,Solar_Delhi,,solar,41.065,,19,5,1,5
2023-05-27 20:00:00,0.0,0.0,0.0,40.124,40.124,0.0,0.0,PVWatts,Solar_Delhi,,solar,40.124,,20,5,1,5
2023-05-27 21:00:00,0.0,0.0,0.0,39.213,39.213,0.0,0.0,PVWatts,Solar_Delhi,,solar,39.213,,21,5,1,5
2023-05-27 22:00:00,0.0,0.0,0.0,38.233,38.233,0.0,0.0,PVWatts,Solar_Delhi,,solar,38.233,,22,5,1,5
2023-05-27 23:00:00,0.0,0.0,0.0,37.273,37.273,0.0,0.0,PVWatts,Solar_Delhi,,solar,37.273,,23,5,1,5
2023-05-28 00:00:00,0.0,0.0,0.0,36.249,36.249,0.0,0.0,PVWatts,Solar_Delhi,,solar,36.249,,0,6,1,5
2023-05-28 01:00:00,0.0,0.0,0.0,35.278,35.278,0.0,0.0,PVWatts,Solar_Delhi,,solar,35.278,,1,6,1,5
2023-05-28 02:00:00,0.0,0.0,0.0,34.417,34.417,0.0,0.0,PVWatts,Solar_Delhi,,solar,34.417,,2,6,1,5
2023-05-28 03:00:00,0.0,0.0,0.0,33.723,33.723,0.0,0.0,PVWatts,Solar_Delhi,,solar,33.723,,3,6,1,5
2023-05-28 04:00:00,0.0,0.0,0.0,32.931,0.0,0.0,0.0,PVWatts,Solar_Delhi,,solar,32.931,,4,6,1,5
2023-05-28 05:00:00,0.0,0.0,0.0,32.639,0.0,0.0,0.0,PVWatts,Solar_Delhi,,solar,32.639,,5,6,1,5
2023-05-28 06:00:00,2195.436,2440.453,79.467,34.2,35.44,2.195436,2.4404529999999998,PVWatts,Solar_Delhi,,solar,34.2,,6,6,1,5
2023-05-28 07:00:00,6561.632,6967.045,223.004,36.694,40.169,6.5616319999999995,6.967045,PVWatts,Solar_Delhi,,solar,36.694,,7,6,1,5
2023-05-28 08:00:00,12009.936,12615.496,408.664,39.515,45.872,12.009936,12.615495999999998,PVWatts,Solar_Delhi,,solar,39.515,,8,6,1,5
2023-05-28 09:00:00,17059.946,17851.021,594.767,42.269,52.669,17.059946,17.851021,PVWatts,Solar_Delhi,,solar,42.269,,9,6,1,5
2023-05-28 10:00:00,20881.566,21813.031,743.747,44.73,57.724,20.881566,21.813031,PVWatts,Solar_Delhi,,solar,44.73,,10,6,1,5
2023-05-28 11:00:00,23305.647,24326.162,851.667,46.723,63.749,23.305647,24.326162,PVWatts,Solar_Delhi,,solar,46.723,,11,6,1,5
2023-05-28 12:00:00,23080.506,24092.751,847.53,48.053,65.0,23.080506,24.092751,PVWatts,Solar_Delhi,,solar,48.053,,12,6,1,5
2023-05-28 13:00:00,21441.114,22393.134,793.279,48.708,67.257,21.441114000000002,22.393134,PVWatts,Solar_Delhi,,solar,48.708,,13,6,1,5
2023-05-28 14:00:00,18510.969,19355.348,674.067,48.466,64.245,18.510969,19.355348000000003,PVWatts,Solar_Delhi,,solar,48.466,,14,6,1,5
2023-05-28 15:00:00,14415.368,15109.293,513.458,47.49,59.532,14.415368,15.109293,PVWatts,Solar_Delhi,,solar,47.49,,15,6,1,5
2023-05-28 16:00:00,9016.953,9512.563,322.671,45.899,54.984,9.016952999999999,9.512563,PVWatts,Solar_Delhi,,solar,45.899,,16,6,1,5
2023-05-28 17:00:00,3744.637,4046.566,139.07,43.836,47.739,3.744637,4.046565999999999,PVWatts,Solar_Delhi,,solar,43.836,,17,6,1,5
2023-05-28 18:00:00,291.383,466.454,27.326,41.792,42.437,0.291383,0.46645400000000004,PVWatts,Solar_Delhi,,solar,41.792,,18,6,1,5
2023-05-28 19:00:00,0.0,0.0,0.0,40.421,40.421,0.0,0.0,PVWatts,Solar_Delhi,,solar,40.421,,19,6,1,5
2023-05-28 20:00:00,0.0,0.0,0.0,39.53,39.53,0.0,0.0,PVWatts,Solar_Delhi,,solar,39.53,,20,6,1,5
2023-05-28 21:00:00,0.0,0.0,0.0,38.537,38.537,0.0,0.0,PVWatts,Solar_Delhi,,solar,38.537,,21,6,1,5
2023-05-28 22:00:00,0.0,0.0,0.0,37.612,37.612,0.0,0.0,PVWatts,Solar_Delhi,,solar,37.612,,22,6,1,5
2023-05-28 23:00:00,0.0,0.0,0.0,36.665,36.665,0.0,0.0,PVWatts,Solar_Delhi,,solar,36.665,,23,6,1,5
2023-05-29 00:00:00,0.0,0.0,0.0,35.773,35.773,0.0,0.0,PVWatts,Solar_Delhi,,solar,35.773,,0,0,0,5
2023-05-29 01:00:00,0.0,0.0,0.0,34.864,34.864,0.0,0.0,PVWatts,Solar_Delhi,,solar,34.864,,1,0,0,5
2023-05-29 02:00:00,0.0,0.0,0.0,33.934,33.934,0.0,0.0,PVWatts,Solar_Delhi,,solar,33.934,,2,0,0,5
2023-05-29 03:00:00,0.0,0.0,0.0,32.994,32.994,0.0,0.0,PVWatts,Solar_Delhi,,solar,32.994,,3,0,0,5
2023-05-29 04:00:00,0.0,0.0,0.0,31.958,0.0,0.0,0.0,PVWatts,Solar_Delhi,,solar,31.958,,4,0,0,5
2023-05-29 05:00:00,0.0,0.0,0.0,31.945,0.0,0.0,0.0,PVWatts,Solar_Delhi,,solar,31.945,,5,0,0,5
2023-05-29 06:00:00,1877.622,2110.965,69.372,34.524,36.982,1.8776220000000001,2.110965,PVWatts,Solar_Delhi,,solar,34.524,,6,0,0,5
2023-05-29 07:00:00,6217.481,6610.251,217.87,38.894,46.595,6.217480999999999,6.610251,PVWatts,Solar_Delhi,,solar,38.894,,7,0,0,5
2023-05-29 08:00:00,11407.808,11991.248,409.084,43.23,57.667,11.407808000000001,11.991247999999999,PVWatts,Solar_Delhi,,solar,43.23,,8,0,0,5
2023-05-29 09:00:00,16102.719,16858.629,600.303,46.447,67.599,16.102719,16.858629,PVWatts,Solar_Delhi,,solar,46.447,,9,0,0,5
2023-05-29 10:00:00,19574.873,20458.335,755.11,48.557,75.143,19.574873,20.458334999999998,PVWatts,Solar_Delhi,,solar,48.557,,10,0,0,5
2023-05-29 11:00:00,21467.626,22420.62,845.229,49.782,79.54,21.467626,22.42062,PVWatts,Solar_Delhi,,solar,49.782,,11,0,0,5
2023-05-29 12:00:00,21785.203,22749.864,860.556,50.148,80.455,21.785203000000003,22.749864000000002,PVWatts,Solar_Delhi,,solar,50.148,,12,0,0,5
2023-05-29 13:00:00,21421.761,22373.07,812.212,49.766,72.603,21.421761,22.37307,PVWatts,Solar_Delhi,,solar,49.766,,13,0,0,5
2023-05-29 14:00:00,18593.38,19440.787,688.942,48.709,68.1,18.59338,19.440787,PVWatts,Solar_Delhi,,solar,48.709,,14,0,0,5
2023-05-29 15:00:00,12445.693,13067.26,443.036,47.144,57.526,12.445692999999999,13.067260000000001,PVWatts,Solar_Delhi,,solar,47.144,,15,0,0,5
2023-05-29 16:00:00,1801.097,2031.628,70.31,45.111,46.762,1.801097,2.031628,PVWatts,Solar_Delhi,,solar,45.111,,16,0,0,5
2023-05-29 17:00:00,800.228,993.991,35.084,42.842,43.666,0.8002279999999999,0.993991,PVWatts,Solar_Delhi,,solar,42.842,,17,0,0,5
2023-05-29 18:00:00,174.443,345.218,20.376,40.256,40.656,0.17444300000000001,0.345218,PVWatts,Solar_Delhi,,solar,40.256,,18,0,0,5
2023-05-29 19:00:00,0.0,0.0,0.0,38.464,38.464,0.0,0.0,PVWatts,Solar_Delhi,,solar,38.464,,19,0,0,5
2023-05-29 20:00:00,0.0,0.0,0.0,37.353,37.353,0.0,0.0,PVWatts,Solar_Delhi,,solar,37.353,,20,0,0,5
2023-05-29 21:00:00,0.0,0.0,0.0,36.332,36.332,0.0,0.0,PVWatts,Solar_Delhi,,solar,36.332,,21,0,0,5
2023-05-29 22:00:00,0.0,0.0,0.0,35.374,35.374,0.0,0.0,PVWatts,Solar_Delhi,,solar,35.374,,22,0,0,5
2023-05-29 23:00:00,0.0,0.0,0.0,34.437,34.437,0.0,0.0,PVWatts,Solar_Delhi,,solar,34.437,,23,0,0,5
2023-05-30 00:00:00,0.0,0.0,0.0,33.556,33.556,0.0,0.0,PVWatts,Solar_Delhi,,solar,33.556,,0,1,0,5
2023-05-30 01:00:00,0.0,0.0,0.0,32.658,32.658,0.0,0.0,PVWatts,Solar_Delhi,,solar,32.658,,1,1,0,5
2023-05-30 02:00:00,0.0,0.0,0.0,31.843,31.843,0.0,0.0,PVWatts,Solar_Delhi,,solar,31.843,,2,1,0,5
2023-05-30 03:00:00,0.0,0.0,0.0,31.151,31.151,0.0,0.0,PVWatts,Solar_Delhi,,solar,31.151,,3,1,0,5
2023-05-30 04:00:00,0.0,0.0,0.0,30.494,0.0,0.0,0.0,PVWatts,Solar_Delhi,,solar,30.494,,4,1,0,5
2023-05-30 05:00:00,0.0,0.0,0.0,30.782,0.0,0.0,0.0,PVWatts,Solar_Delhi,,solar,30.782,,5,1,0,5
2023-05-30 06:00:00,2027.138,2265.973,73.738,33.374,35.107,2.027138,2.265973,PVWatts,Solar_Delhi,,solar,33.374,,6,1,0,5
2023-05-30 07:00:00,6649.787,7058.438,229.699,37.719,44.195,6.649787,7.058438,PVWatts,Solar_Delhi,,solar,37.719,,7,1,0,5
2023-05-30 08:00:00,12715.505,13346.984,445.617,41.199,53.749,12.715504999999999,13.346984,PVWatts,Solar_Delhi,,solar,41.199,,8,1,0,5
2023-05-30 09:00:00,17577.685,18387.78,634.682,43.409,61.253,17.577685000000002,18.38778,PVWatts,Solar_Delhi,,solar,43.409,,9,1,0,5
2023-05-30 10:00:00,21565.447,22522.034,800.888,45.059,67.561,21.565447,22.522033999999998,PVWatts,Solar_Delhi,,solar,45.059,,10,1,0,5
2023-05-30 11:00:00,23532.628,24561.481,888.665,46.084,71.046,23.532628,24.561481,PVWatts,Solar_Delhi,,solar,46.084,,11,1,0,5
2023-05-30 12:00:00,23831.292,24871.117,902.564,46.453,71.81,23.831292,24.871116999999998,PVWatts,Solar_Delhi,,solar,46.453,,12,1,0,5
2023-05-30 13:00:00,22487.85,23478.323,842.109,46.256,69.932,22.487849999999998,23.478323,PVWatts,Solar_Delhi,,solar,46.256,,13,1,0,5
2023-05-30 14:00:00,19894.631,20789.841,716.033,45.389,62.156,19.894631,20.789841,PVWatts,Solar_Delhi,,solar,45.389,,14,1,0,5
2023-05-30 15:00:00,15337.183,16064.972,536.99,44.0,56.604,15.337183000000001,16.064972,PVWatts,Solar_Delhi,,solar,44.0,,15,1,0,5
2023-05-30 16:00:00,9799.896,10324.269,343.521,42.194,50.229,9.799896,10.324269000000001,PVWatts,Solar_Delhi,,solar,42.194,,16,1,0,5
2023-05-30 17:00:00,4367.337,4692.14,160.04,40.114,43.832,4.367337,4.69214,PVWatts,Solar_Delhi,,solar,40.114,,17,1,0,5
2023-05-30 18:00:00,397.638,576.612,32.762,38.043,38.686,0.397638,0.576612,PVWatts,Solar_Delhi,,solar,38.043,,18,1,0,5
2023-05-30 19:00:00,0.0,0.0,0.0,36.535,36.535,0.0,0.0,PVWatts,Solar_Delhi,,solar,36.535,,19,1,0,5
2023-05-30 20:00:00,0.0,0.0,0.0,35.681,35.681,0.0,0.0,PVWatts,Solar_Delhi,,solar,35.681,,20,1,0,5
2023-05-30 21:00:00,0.0,0.0,0.0,34.901,34.901,0.0,0.0,PVWatts,Solar_Delhi,,solar,34.901,,21,1,0,5
2023-05-30 22:00:00,0.0,0.0,0.0,34.171,34.171,0.0,0.0,PVWatts,Solar_Delhi,,solar,34.171,,22,1,0,5
2023-05-30 23:00:00,0.0,0.0,0.0,33.56,33.56,0.0,0.0,PVWatts,Solar_Delhi,,solar,33.56,,23,1,0,5
2023-05-31 00:00:00,0.0,0.0,0.0,32.957,32.957,0.0,0.0,PVWatts,Solar_Delhi,,solar,32.957,,0,2,0,5
2023-05-31 01:00:00,0.0,0.0,0.0,32.404,32.404,0.0,0.0,PVWatts,Solar_Delhi,,solar,32.404,,1,2,0,5
2023-05-31 02:00:00,0.0,0.0,0.0,31.832,31.832,0.0,0.0,PVWatts,Solar_Delhi,,solar,31.832,,2,2,0,5
2023-05-31 03:00:00,0.0,0.0,0.0,31.3,31.3,0.0,0.0,PVWatts,Solar_Delhi,,solar,31.3,,3,2,0,5
2023-05-31 04:00:00,0.0,0.0,0.0,30.742,0.0,0.0,0.0,PVWatts,Solar_Delhi,,solar,30.742,,4,2,0,5
2023-05-31 05:00:00,0.0,0.0,0.0,31.251,0.0,0.0,0.0,PVWatts,Solar_Delhi,,solar,31.251,,5,2,0,5
2023-05-31 06:00:00,2353.218,2604.032,85.371,34.032,36.439,2.353218,2.604032,PVWatts,Solar_Delhi,,solar,34.032,,6,2,0,5
2023-05-31 07:00:00,8362.888,8834.471,287.881,38.361,46.479,8.362888000000002,8.834470999999999,PVWatts,Solar_Delhi,,solar,38.361,,7,2,0,5
2023-05-31 08:00:00,14302.501,14992.28,498.75,42.517,54.209,14.302501,14.992280000000001,PVWatts,Solar_Delhi,,solar,42.517,,8,2,0,5
2023-05-31 09:00:00,19297.145,20170.405,693.535,44.934,61.163,19.297145,20.170405,PVWatts,Solar_Delhi,,solar,44.934,,9,2,0,5
2023-05-31 10:00:00,22617.919,23613.17,833.962,46.755,66.247,22.617919,23.613169999999997,PVWatts,Solar_Delhi,,solar,46.755,,10,2,0,5
2023-05-31 11:00:00,24436.829,25498.899,915.425,47.915,69.3,24.436829000000003,25.498899,PVWatts,Solar_Delhi,,solar,47.915,,11,2,0,5
2023-05-31 12:00:00,24491.461,25555.538,919.596,48.397,69.882,24.491461,25.555538000000002,PVWatts,Solar_Delhi,,solar,48.397,,12,2,0,5
2023-05-31 13:00:00,22895.804,23901.263,850.436,48.262,68.147,22.895804000000002,23.901263,PVWatts,Solar_Delhi,,solar,48.262,,13,2,0,5
2023-05-31 14:00:00,19718.827,20607.578,716.822,47.554,64.34,19.718827,20.607578,PVWatts,Solar_Delhi,,solar,47.554,,14,2,0,5
2023-05-31 15:00:00,15327.755,16055.197,537.944,46.321,57.128,15.327755,16.055197,PVWatts,Solar_Delhi,,solar,46.321,,15,2,0,5
2023-05-31 16:00:00,9756.767,10279.555,343.986,44.637,51.523,9.756767,10.279555,PVWatts,Solar_Delhi,,solar,44.637,,16,2,0,5
2023-05-31 17:00:00,4189.895,4508.181,155.175,42.673,45.76,4.189895000000001,4.5081809999999995,PVWatts,Solar_Delhi,,solar,42.673,,17,2,0,5
2023-05-31 18:00:00,370.427,548.402,31.599,40.317,40.937,0.370427,0.5484020000000001,PVWatts,Solar_Delhi,,solar,40.317,,18,2,0,5
2023-05-31 19:00:00,0.0,0.0,0.0,38.663,38.663,0.0,0.0,PVWatts,Solar_Delhi,,solar,38.663,,19,2,0,5
2023-05-31 20:00:00,0.0,0.0,0.0,37.747,37.747,0.0,0.0,PVWatts,Solar_Delhi,,solar,37.747,,20,2,0,5
2023-05-31 21:00:00,0.0,0.0,0.0,36.891,36.891,0.0,0.0,PVWatts,Solar_Delhi,,solar,36.891,,21,2,0,5
2023-05-31 22:00:00,0.0,0.0,0.0,36.096,36.096,0.0,0.0,PVWatts,Solar_Delhi,,solar,36.096,,22,2,0,5
2023-05-31 23:00:00,0.0,0.0,0.0,35.316,35.316,0.0,0.0,PVWatts,Solar_Delhi,,solar,35.316,,23,2,0,5
2023-06-01 00:00:00,0.0,0.0,0.0,34.575,34.575,0.0,0.0,PVWatts,Solar_Delhi,,solar,34.575,,0,3,0,6
2023-06-01 01:00:00,0.0,0.0,0.0,33.813,33.813,0.0,0.0,PVWatts,Solar_Delhi,,solar,33.813,,1,3,0,6
2023-06-01 02:00:00,0.0,0.0,0.0,33.056,33.056,0.0,0.0,PVWatts,Solar_Delhi,,solar,33.056,,2,3,0,6
2023-06-01 03:00:00,0.0,0.0,0.0,32.365,32.365,0.0,0.0,PVWatts,Solar_Delhi,,solar,32.365,,3,3,0,6
2023-06-01 04:00:00,0.0,0.0,0.0,31.664,0.0,0.0,0.0,PVWatts,Solar_Delhi,,solar,31.664,,4,3,0,6
2023-06-01 05:00:00,0.0,0.0,0.0,30.936,0.0,0.0,0.0,PVWatts,Solar_Delhi,,solar,30.936,,5,3,0,6
2023-06-01 06:00:00,2279.02,2527.108,82.404,33.002,34.934,2.27902,2.527108,PVWatts,Solar_Delhi,,solar,33.002,,6,3,0,6
2023-06-01 07:00:00,8135.524,8598.754,274.853,36.13,41.648,8.135524,8.598754000000001,PVWatts,Solar_Delhi,,solar,36.13,,7,3,0,6
2023-06-01 08:00:00,14063.601,14744.603,480.188,39.449,49.084,14.063601,14.744603,PVWatts,Solar_Delhi,,solar,39.449,,8,3,0,6
2023-06-01 09:00:00,18854.423,19711.42,669.146,42.532,58.189,18.854423,19.711419999999997,PVWatts,Solar_Delhi,,solar,42.532,,9,3,0,6
2023-06-01 10:00:00,21796.748,22761.833,810.027,45.123,67.886,21.796748,22.761833,PVWatts,Solar_Delhi,,solar,45.123,,10,3,0,6
2023-06-01 11:00:00,23422.574,24447.384,888.526,47.002,71.958,23.422574,24.447384,PVWatts,Solar_Delhi,,solar,47.002,,11,3,0,6
2023-06-01 12:00:00,22702.309,23700.66,893.072,48.16,79.612,22.702309,23.70066,PVWatts,Solar_Delhi,,solar,48.16,,12,3,0,6
2023-06-01 13:00:00,21235.73,22180.205,824.71,48.412,77.479,21.23573,22.180205,PVWatts,Solar_Delhi,,solar,48.412,,13,3,0,6
2023-06-01 14:00:00,17667.264,18480.649,695.054,47.88,80.733,17.667264,18.480649,PVWatts,Solar_Delhi,,solar,47.88,,14,3,0,6
2023-06-01 15:00:00,13868.962,14542.814,520.682,46.672,71.339,13.868962,14.542814,PVWatts,Solar_Delhi,,solar,46.672,,15,3,0,6
2023-06-01 16:00:00,9048.151,9544.908,332.968,44.796,60.519,9.048151,9.544908,PVWatts,Solar_Delhi,,solar,44.796,,16,3,0,6
2023-06-01 17:00:00,4154.693,4471.685,156.57,42.448,49.796,4.154693,4.471685000000001,PVWatts,Solar_Delhi,,solar,42.448,,17,3,0,6
2023-06-01 18:00:00,383.79,562.255,32.392,39.893,41.177,0.38379,0.562255,PVWatts,Solar_Delhi,,solar,39.893,,18,3,0,6
2023-06-01 19:00:00,0.0,0.0,0.0,38.554,38.554,0.0,0.0,PVWatts,Solar_Delhi,,solar,38.554,,19,3,0,6
2023-06-01 20:00:00,0.0,0.0,0.0,37.864,37.864,0.0,0.0,PVWatts,Solar_Delhi,,solar,37.864,,20,3,0,6
2023-06-01 21:00:00,0.0,0.0,0.0,36.924,36.924,0.0,0.0,PVWatts,Solar_Delhi,,solar,36.924,,21,3,0,6
2023-06-01 22:00:00,0.0,0.0,0.0,35.884,35.884,0.0,0.0,PVWatts,Solar_Delhi,,solar,35.884,,22,3,0,6
2023-06-01 23:00:00,0.0,0.0,0.0,34.895,34.895,0.0,0.0,PVWatts,Solar_Delhi,,solar,34.895,,23,3,0,6
2023-06-02 00:00:00,0.0,0.0,0.0,34.018,34.018,0.0,0.0,PVWatts,Solar_Delhi,,solar,34.018,,0,4,0,6
2023-06-02 01:00:00,0.0,0.0,0.0,33.208,33.208,0.0,0.0,PVWatts,Solar_Delhi,,solar,33.208,,1,4,0,6
2023-06-02 02:00:00,0.0,0.0,0.0,32.522,32.522,0.0,0.0,PVWatts,Solar_Delhi,,solar,32.522,,2,4,0,6
2023-06-02 03:00:00,0.0,0.0,0.0,31.866,31.866,0.0,0.0,PVWatts,Solar_Delhi,,solar,31.866,,3,4,0,6
2023-06-02 04:00:00,0.0,0.0,0.0,31.22,0.0,0.0,0.0,PVWatts,Solar_Delhi,,solar,31.22,,4,4,0,6
2023-06-02 05:00:00,0.0,0.0,0.0,31.489,0.0,0.0,0.0,PVWatts,Solar_Delhi,,solar,31.489,,5,4,0,6
2023-06-02 06:00:00,2295.906,2544.615,83.295,33.951,35.905,2.295906,2.544615,PVWatts,Solar_Delhi,,solar,33.951,,6,4,0,6
2023-06-02 07:00:00,8031.67,8491.085,274.672,37.944,44.385,8.03167,8.491085,PVWatts,Solar_Delhi,,solar,37.944,,7,4,0,6
2023-06-02 08:00:00,13670.101,14336.648,478.872,41.394,54.891,13.670101,14.336647999999999,PVWatts,Solar_Delhi,,solar,41.394,,8,4,0,6
2023-06-02 09:00:00,18424.275,19265.47,668.649,44.332,63.144,18.424275,19.26547,PVWatts,Solar_Delhi,,solar,44.332,,9,4,0,6
2023-06-02 10:00:00,21042.147,21979.511,809.482,46.69,75.209,21.042147,21.979511,PVWatts,Solar_Delhi,,solar,46.69,,10,4,0,6
2023-06-02 11:00:00,21373.793,22323.341,887.026,48.304,90.132,21.373793000000003,22.323341,PVWatts,Solar_Delhi,,solar,48.304,,11,4,0,6
2023-06-02 12:00:00,21382.954,22332.837,891.674,49.086,91.138,21.382954,22.332836999999998,PVWatts,Solar_Delhi,,solar,49.086,,12,4,0,6
2023-06-02 13:00:00,20135.292,21039.342,824.434,49.128,88.038,20.135292,21.039342,PVWatts,Solar_Delhi,,solar,49.128,,13,4,0,6
2023-06-02 14:00:00,17615.882,18427.38,694.942,48.426,81.273,17.615882000000003,18.42738,PVWatts,Solar_Delhi,,solar,48.426,,14,4,0,6
2023-06-02 15:00:00,13862.016,14535.613,521.304,46.99,71.686,13.862015999999999,14.535613,PVWatts,Solar_Delhi,,solar,46.99,,15,4,0,6
2023-06-02 16:00:00,9223.661,9726.865,333.451,44.994,56.752,9.223661,9.726865,PVWatts,Solar_Delhi,,solar,44.994,,16,4,0,6
2023-06-02 17:00:00,4199.033,4517.654,157.06,42.705,48.209,4.199033,4.517654,PVWatts,Solar_Delhi,,solar,42.705,,17,4,0,6
2023-06-02 18:00:00,392.425,571.207,32.899,40.313,41.287,0.392425,0.571207,PVWatts,Solar_Delhi,,solar,40.313,,18,4,0,6
2023-06-02 19:00:00,0.0,0.0,0.0,39.032,39.032,0.0,0.0,PVWatts,Solar_Delhi,,solar,39.032,,19,4,0,6
2023-06-02 20:00:00,0.0,0.0,0.0,38.259,38.259,0.0,0.0,PVWatts,Solar_Delhi,,solar,38.259,,20,4,0,6
2023-06-02 21:00:00,0.0,0.0,0.0,37.574,37.574,0.0,0.0,PVWatts,Solar_Delhi,,solar,37.574,,21,4,0,6
2023-06-02 22:00:00,0.0,0.0,0.0,36.856,36.856,0.0,0.0,PVWatts,Solar_Delhi,,solar,36.856,,22,4,0,6
2023-06-02 23:00:00,0.0,0.0,0.0,36.175,36.175,0.0,0.0,PVWatts,Solar_Delhi,,solar,36.175,,23,4,0,6
2023-06-03 00:00:00,0.0,0.0,0.0,35.485,35.485,0.0,0.0,PVWatts,Solar_Delhi,,solar,35.485,,0,5,1,6
2023-06-03 01:00:00,0.0,0.0,0.0,34.874,34.874,0.0,0.0,PVWatts,Solar_Delhi,,solar,34.874,,1,5,1,6
2023-06-03 02:00:00,0.0,0.0,0.0,34.223,34.223,0.0,0.0,PVWatts,Solar_Delhi,,solar,34.223,,2,5,1,6
2023-06-03 03:00:00,0.0,0.0,0.0,33.614,33.614,0.0,0.0,PVWatts,Solar_Delhi,,solar,33.614,,3,5,1,6
2023-06-03 04:00:00,0.0,0.0,0.0,32.991,0.0,0.0,0.0,PVWatts,Solar_Delhi,,solar,32.991,,4,5,1,6
2023-06-03 05:00:00,0.0,0.0,0.0,33.416,0.0,0.0,0.0,PVWatts,Solar_Delhi,,solar,33.416,,5,5,1,6
2023-06-03 06:00:00,1863.34,2096.157,69.149,35.941,37.896,1.86334,2.0961570000000003,PVWatts,Solar_Delhi,,solar,35.941,,6,5,1,6
2023-06-03 07:00:00,7527.241,7968.126,261.993,40.262,47.649,7.527241,7.968126,PVWatts,Solar_Delhi,,solar,40.262,,7,5,1,6
2023-06-03 08:00:00,13294.6,13947.353,478.517,43.95,60.859,13.2946,13.947353,PVWatts,Solar_Delhi,,solar,43.95,,8,5,1,6
2023-06-03 09:00:00,17829.099,18648.43,668.158,46.485,70.053,17.829099,18.64843,PVWatts,Solar_Delhi,,solar,46.485,,9,5,1,6
2023-06-03 10:00:00,19874.329,20768.792,808.95,48.422,86.588,19.874329000000003,20.768792,PVWatts,Solar_Delhi,,solar,48.422,,10,5,1,6
2023-06-03 11:00:00,21213.179,22156.826,886.52,49.663,91.467,21.213179,22.156826000000002,PVWatts,Solar_Delhi,,solar,49.663,,11,5,1,6
2023-06-03 12:00:00,19942.94,20839.924,823.742,50.258,89.101,19.94294,20.839924,PVWatts,Solar_Delhi,,solar,50.258,,12,5,1,6
2023-06-03 13:00:00,19926.86,20823.254,819.372,50.189,88.861,19.92686,20.823254000000002,PVWatts,Solar_Delhi,,solar,50.189,,13,5,1,6
2023-06-03 14:00:00,15018.177,15734.246,585.98,49.473,77.13,15.018177,15.734245999999999,PVWatts,Solar_Delhi,,solar,49.473,,14,5,1,6
2023-06-03 15:00:00,13717.146,14385.421,519.016,48.093,72.674,13.717146000000001,14.385421000000001,PVWatts,Solar_Delhi,,solar,48.093,,15,5,1,6
2023-06-03 16:00:00,8839.406,9328.495,326.054,46.141,61.553,8.839406,9.328495,PVWatts,Solar_Delhi,,solar,46.141,,16,5,1,6
2023-06-03 17:00:00,1540.982,1761.958,61.193,43.775,46.677,1.540982,1.7619580000000001,PVWatts,Solar_Delhi,,solar,43.775,,17,5,1,6
2023-06-03 18:00:00,367.726,545.601,31.711,41.329,42.586,0.367726,0.545601,PVWatts,Solar_Delhi,,solar,41.329,,18,5,1,6
2023-06-03 19:00:00,0.0,0.0,0.0,40.044,40.044,0.0,0.0,PVWatts,Solar_Delhi,,solar,40.044,,19,5,1,6
2023-06-03 20:00:00,0.0,0.0,0.0,39.315,39.315,0.0,0.0,PVWatts,Solar_Delhi,,solar,39.315,,20,5,1,6
2023-06-03 21:00:00,0.0,0.0,0.0,38.542,38.542,0.0,0.0,PVWatts,Solar_Delhi,,solar,38.542,,21,5,1,6
2023-06-03 22:00:00,0.0,0.0,0.0,37.848,37.848,0.0,0.0,PVWatts,Solar_Delhi,,solar,37.848,,22,5,1,6
2023-06-03 23:00:00,0.0,0.0,0.0,37.13,37.13,0.0,0.0,PVWatts,Solar_Delhi,,solar,37.13,,23,5,1,6
2023-06-04 00:00:00,0.0,0.0,0.0,36.391,36.391,0.0,0.0,PVWatts,Solar_Delhi,,solar,36.391,,0,6,1,6
2023-06-04 01:00:00,0.0,0.0,0.0,35.684,35.684,0.0,0.0,PVWatts,Solar_Delhi,,solar,35.684,,1,6,1,6
2023-06-04 02:00:00,0.0,0.0,0.0,35.033,35.033,0.0,0.0,PVWatts,Solar_Delhi,,solar,35.033,,2,6,1,6
2023-06-04 03:00:00,0.0,0.0,0.0,34.454,34.454,0.0,0.0,PVWatts,Solar_Delhi,,solar,34.454,,3,6,1,6
2023-06-04 04:00:00,0.0,0.0,0.0,33.917,0.0,0.0,0.0,PVWatts,Solar_Delhi,,solar,33.917,,4,6,1,6
2023-06-04 05:00:00,0.0,0.0,0.0,34.446,0.0,0.0,0.0,PVWatts,Solar_Delhi,,solar,34.446,,5,6,1,6
2023-06-04 06:00:00,2045.454,2284.961,75.983,37.152,39.297,2.045454,2.2849609999999996,PVWatts,Solar_Delhi,,solar,37.152,,6,6,1,6
2023-06-04 07:00:00,7587.678,8030.783,267.715,41.435,50.899,7.5876779999999995,8.030783,PVWatts,Solar_Delhi,,solar,41.435,,7,6,1,6
2023-06-04 08:00:00,12835.93,13471.833,478.162,45.544,68.17,12.835930000000001,13.471833,PVWatts,Solar_Delhi,,solar,45.544,,8,6,1,6
2023-06-04 09:00:00,17018.02,17807.555,667.675,47.965,79.502,17.01802,17.807555,PVWatts,Solar_Delhi,,solar,47.965,,9,6,1,6
2023-06-04 10:00:00,19731.113,20620.315,808.433,49.728,87.869,19.731113,20.620314999999998,PVWatts,Solar_Delhi,,solar,49.728,,10,6,1,6
2023-06-04 11:00:00,22256.636,23238.615,886.033,50.734,81.934,22.256636,23.238615000000003,PVWatts,Solar_Delhi,,solar,50.734,,11,6,1,6
2023-06-04 12:00:00,22338.109,23323.081,890.889,51.008,82.383,22.338109,23.323081,PVWatts,Solar_Delhi,,solar,51.008,,12,6,1,6
2023-06-04 13:00:00,21601.75,22559.671,824.912,50.772,73.961,21.60175,22.559670999999998,PVWatts,Solar_Delhi,,solar,50.772,,13,6,1,6
2023-06-04 14:00:00,18657.497,19507.259,694.781,49.804,69.364,18.657497,19.507258999999998,PVWatts,Solar_Delhi,,solar,49.804,,14,6,1,6
2023-06-04 15:00:00,14476.241,15172.402,522.378,48.204,62.944,14.476241,15.172402,PVWatts,Solar_Delhi,,solar,48.204,,15,6,1,6
2023-06-04 16:00:00,9361.381,9869.644,334.086,46.168,53.983,9.361381,9.869644000000001,PVWatts,Solar_Delhi,,solar,46.168,,16,6,1,6
2023-06-04 17:00:00,4276.894,4598.375,159.365,43.926,47.631,4.276894,4.598375,PVWatts,Solar_Delhi,,solar,43.926,,17,6,1,6
2023-06-04 18:00:00,415.644,595.28,34.459,41.914,42.727,0.415644,0.5952799999999999,PVWatts,Solar_Delhi,,solar,41.914,,18,6,1,6
2023-06-04 19:00:00,0.0,0.0,0.0,40.703,40.703,0.0,0.0,PVWatts,Solar_Delhi,,solar,40.703,,19,6,1,6
2023-06-04 20:00:00,0.0,0.0,0.0,40.04,40.04,0.0,0.0,PVWatts,Solar_Delhi,,solar,40.04,,20,6,1,6
2023-06-04 21:00:00,0.0,0.0,0.0,39.356,39.356,0.0,0.0,PVWatts,Solar_Delhi,,solar,39.356,,21,6,1,6
2023-06-04 22:00:00,0.0,0.0,0.0,38.648,38.648,0.0,0.0,PVWatts,Solar_Delhi,,solar,38.648,,22,6,1,6
2023-06-04 23:00:00,0.0,0.0,0.0,37.996,37.996,0.0,0.0,PVWatts,Solar_Delhi,,solar,37.996,,23,6,1,6
2023-06-05 00:00:00,0.0,0.0,0.0,37.337,37.337,0.0,0.0,PVWatts,Solar_Delhi,,solar,37.337,,0,0,0,6
2023-06-05 01:00:00,0.0,0.0,0.0,36.737,36.737,0.0,0.0,PVWatts,Solar_Delhi,,solar,36.737,,1,0,0,6
2023-06-05 02:00:00,0.0,0.0,0.0,36.127,36.127,0.0,0.0,PVWatts,Solar_Delhi,,solar,36.127,,2,0,0,6
2023-06-05 03:00:00,0.0,0.0,0.0,35.527,35.527,0.0,0.0,PVWatts,Solar_Delhi,,solar,35.527,,3,0,0,6
2023-06-05 04:00:00,0.0,0.0,0.0,34.958,0.0,0.0,0.0,PVWatts,Solar_Delhi,,solar,34.958,,4,0,0,6
2023-06-05 05:00:00,0.0,0.0,0.0,35.425,0.0,0.0,0.0,PVWatts,Solar_Delhi,,solar,35.425,,5,0,0,6
2023-06-05 06:00:00,2145.463,2388.644,79.843,38.107,40.359,2.1454630000000003,2.3886439999999998,PVWatts,Solar_Delhi,,solar,38.107,,6,0,0,6
2023-06-05 07:00:00,7560.805,8002.923,267.544,42.047,51.504,7.560805,8.002923,PVWatts,Solar_Delhi,,solar,42.047,,7,0,0,6
2023-06-05 08:00:00,13180.392,13828.949,477.81,45.506,62.39,13.180392,13.828949,PVWatts,Solar_Delhi,,solar,45.506,,8,0,0,6
2023-06-05 09:00:00,16995.323,17784.024,667.201,48.108,79.623,16.995323,17.784024000000002,PVWatts,Solar_Delhi,,solar,48.108,,9,0,0,6
2023-06-05 10:00:00,19694.024,20581.864,807.976,49.997,88.117,19.694024000000002,20.581864000000003,PVWatts,Solar_Delhi,,solar,49.997,,10,0,0,6
2023-06-05 11:00:00,21027.595,21964.425,885.567,51.171,92.93,21.027595,21.964425,PVWatts,Solar_Delhi,,solar,51.171,,11,0,0,6
2023-06-05 12:00:00,21080.589,22019.365,890.532,51.595,93.593,21.080589,22.019365,PVWatts,Solar_Delhi,,solar,51.595,,12,0,0,6
2023-06-05 13:00:00,19891.966,20787.077,823.746,51.329,90.206,19.891966,20.787077,PVWatts,Solar_Delhi,,solar,51.329,,13,0,0,6
2023-06-05 14:00:00,18178.066,19010.216,695.492,50.486,75.034,18.178065999999998,19.010216,PVWatts,Solar_Delhi,,solar,50.486,,14,0,0,6
2023-06-05 15:00:00,14164.325,14849.027,522.108,49.007,67.477,14.164325000000002,14.849027,PVWatts,Solar_Delhi,,solar,49.007,,15,0,0,6
2023-06-05 16:00:00,9193.586,9695.685,335.507,47.024,58.855,9.193586,9.695685,PVWatts,Solar_Delhi,,solar,47.024,,16,0,0,6
2023-06-05 17:00:00,4254.229,4574.878,159.735,44.763,49.227,4.2542290000000005,4.574878,PVWatts,Solar_Delhi,,solar,44.763,,17,0,0,6
2023-06-05 18:00:00,457.497,638.67,35.233,42.678,43.53,0.457497,0.63867,PVWatts,Solar_Delhi,,solar,42.678,,18,0,0,6
2023-06-05 19:00:00,0.0,0.0,0.0,41.402,41.402,0.0,0.0,PVWatts,Solar_Delhi,,solar,41.402,,19,0,0,6
2023-06-05 20:00:00,0.0,0.0,0.0,40.607,40.607,0.0,0.0,PVWatts,Solar_Delhi,,solar,40.607,,20,0,0,6
2023-06-05 21:00:00,0.0,0.0,0.0,39.904,39.904,0.0,0.0,PVWatts,Solar_Delhi,,solar,39.904,,21,0,0,6
2023-06-05 22:00:00,0.0,0.0,0.0,39.166,39.166,0.0,0.0,PVWatts,Solar_Delhi,,solar,39.166,,22,0,0,6
2023-06-05 23:00:00,0.0,0.0,0.0,38.434,38.434,0.0,0.0,PVWatts,Solar_Delhi,,solar,38.434,,23,0,0,6
2023-06-06 00:00:00,0.0,0.0,0.0,37.671,37.671,0.0,0.0,PVWatts,Solar_Delhi,,solar,37.671,,0,1,0,6
2023-06-06 01:00:00,0.0,0.0,0.0,36.928,36.928,0.0,0.0,PVWatts,Solar_Delhi,,solar,36.928,,1,1,0,6
2023-06-06 02:00:00,0.0,0.0,0.0,36.094,36.094,0.0,0.0,PVWatts,Solar_Delhi,,solar,36.094,,2,1,0,6
2023-06-06 03:00:00,0.0,0.0,0.0,35.502,35.502,0.0,0.0,PVWatts,Solar_Delhi,,solar,35.502,,3,1,0,6
2023-06-06 04:00:00,0.0,0.0,0.0,35.399,0.0,0.0,0.0,PVWatts,Solar_Delhi,,solar,35.399,,4,1,0,6
2023-06-06 05:00:00,0.0,0.0,0.0,35.934,0.0,0.0,0.0,PVWatts,Solar_Delhi,,solar,35.934,,5,1,0,6
2023-06-06 06:00:00,2181.222,2425.717,80.75,37.723,39.618,2.181222,2.425717,PVWatts,Solar_Delhi,,solar,37.723,,6,1,0,6
2023-06-06 07:00:00,7699.876,8147.103,267.372,41.073,47.342,7.699876000000001,8.147103,PVWatts,Solar_Delhi,,solar,41.073,,7,1,0,6
2023-06-06 08:00:00,13441.029,14099.161,477.461,44.502,57.959,13.441029,14.099161,PVWatts,Solar_Delhi,,solar,44.502,,8,1,0,6
2023-06-06 09:00:00,17692.31,18506.615,665.775,47.427,70.911,17.692310000000003,18.506615,PVWatts,Solar_Delhi,,solar,47.427,,9,1,0,6
2023-06-06 10:00:00,19686.22,20573.774,805.551,49.605,87.61,19.686220000000002,20.573774,PVWatts,Solar_Delhi,,solar,49.605,,10,1,0,6
2023-06-06 11:00:00,21024.262,21960.969,884.149,50.964,92.656,21.024262,21.960969000000002,PVWatts,Solar_Delhi,,solar,50.964,,11,1,0,6
2023-06-06 12:00:00,22263.621,23245.857,890.198,51.54,82.891,22.263621,23.245857,PVWatts,Solar_Delhi,,solar,51.54,,12,1,0,6
2023-06-06 13:00:00,20909.917,21842.424,823.564,51.294,80.32,20.909917,21.842423999999998,PVWatts,Solar_Delhi,,solar,51.294,,13,1,0,6
2023-06-06 14:00:00,18180.655,19012.901,695.465,50.441,74.987,18.180654999999998,19.012901000000003,PVWatts,Solar_Delhi,,solar,50.441,,14,1,0,6
2023-06-06 15:00:00,14551.508,15250.434,528.059,48.931,63.823,14.551508,15.250433999999998,PVWatts,Solar_Delhi,,solar,48.931,,15,1,0,6
2023-06-06 16:00:00,3649.261,3947.686,134.876,46.95,50.757,3.649261,3.947686,PVWatts,Solar_Delhi,,solar,46.95,,16,1,0,6
2023-06-06 17:00:00,2264.802,2512.367,85.908,44.784,47.212,2.264802,2.5123670000000002,PVWatts,Solar_Delhi,,solar,44.784,,17,1,0,6
2023-06-06 18:00:00,0.0,151.008,9.464,42.567,42.791,0.0,0.151008,PVWatts,Solar_Delhi,,solar,42.567,,18,1,0,6
2023-06-06 19:00:00,0.0,0.0,0.0,41.169,41.169,0.0,0.0,PVWatts,Solar_Delhi,,solar,41.169,,19,1,0,6
2023-06-06 20:00:00,0.0,0.0,0.0,40.39,40.39,0.0,0.0,PVWatts,Solar_Delhi,,solar,40.39,,20,1,0,6
2023-06-06 21:00:00,0.0,0.0,0.0,39.64,39.64,0.0,0.0,PVWatts,Solar_Delhi,,solar,39.64,,21,1,0,6
2023-06-06 22:00:00,0.0,0.0,0.0,38.898,38.898,0.0,0.0,PVWatts,Solar_Delhi,,solar,38.898,,22,1,0,6
2023-06-06 23:00:00,0.0,0.0,0.0,38.134,38.134,0.0,0.0,PVWatts,Solar_Delhi,,solar,38.134,,23,1,0,6
2023-06-07 00:00:00,0.0,0.0,0.0,37.393,37.393,0.0,0.0,PVWatts,Solar_Delhi,,solar,37.393,,0,2,0,6
2023-06-07 01:00:00,0.0,0.0,0.0,36.72,36.72,0.0,0.0,PVWatts,Solar_Delhi,,solar,36.72,,1,2,0,6
2023-06-07 02:00:00,0.0,0.0,0.0,36.024,36.024,0.0,0.0,PVWatts,Solar_Delhi,,solar,36.024,,2,2,0,6
2023-06-07 03:00:00,0.0,0.0,0.0,35.329,35.329,0.0,0.0,PVWatts,Solar_Delhi,,solar,35.329,,3,2,0,6
2023-06-07 04:00:00,0.0,0.0,0.0,34.723,0.0,0.0,0.0,PVWatts,Solar_Delhi,,solar,34.723,,4,2,0,6
2023-06-07 05:00:00,0.0,0.0,0.0,35.153,0.0,0.0,0.0,PVWatts,Solar_Delhi,,solar,35.153,,5,2,0,6
2023-06-07 06:00:00,1844.658,2076.789,69.368,37.955,40.414,1.844658,2.076789,PVWatts,Solar_Delhi,,solar,37.955,,6,2,0,6
2023-06-07 07:00:00,7081.835,7506.358,250.987,42.081,50.952,7.081835,7.5063580000000005,PVWatts,Solar_Delhi,,solar,42.081,,7,2,0,6
2023-06-07 08:00:00,9087.842,9586.057,335.781,45.669,61.526,9.087842,9.586057,PVWatts,Solar_Delhi,,solar,45.669,,8,2,0,6
2023-06-07 09:00:00,14559.007,15258.209,563.101,48.188,74.752,14.559007,15.258209,PVWatts,Solar_Delhi,,solar,48.188,,9,2,0,6
2023-06-07 10:00:00,18946.032,19806.394,771.316,49.982,86.365,18.946032,19.806394,PVWatts,Solar_Delhi,,solar,49.982,,10,2,0,6
2023-06-07 11:00:00,20566.142,21486.019,860.33,51.124,91.698,20.566142,21.486019,PVWatts,Solar_Delhi,,solar,51.124,,11,2,0,6
2023-06-07 12:00:00,20530.769,21449.348,860.719,51.605,92.202,20.530769,21.449348,PVWatts,Solar_Delhi,,solar,51.605,,12,2,0,6
2023-06-07 13:00:00,19220.544,20090.99,789.656,51.425,88.699,19.220544,20.09099,PVWatts,Solar_Delhi,,solar,51.425,,13,2,0,6
2023-06-07 14:00:00,17451.538,18256.999,696.405,50.601,83.515,17.451538,18.256999,PVWatts,Solar_Delhi,,solar,50.601,,14,2,0,6
2023-06-07 15:00:00,14178.823,14864.058,522.919,49.078,67.576,14.178823,14.864058000000002,PVWatts,Solar_Delhi,,solar,49.078,,15,2,0,6
2023-06-07 16:00:00,9212.09,9714.868,336.21,47.056,58.912,9.21209,9.714868000000001,PVWatts,Solar_Delhi,,solar,47.056,,16,2,0,6
2023-06-07 17:00:00,4295.587,4617.755,162.071,44.758,50.436,4.295587,4.617755,PVWatts,Solar_Delhi,,solar,44.758,,17,2,0,6
2023-06-07 18:00:00,522.793,706.365,39.388,42.651,43.836,0.522793,0.706365,PVWatts,Solar_Delhi,,solar,42.651,,18,2,0,6
2023-06-07 19:00:00,0.0,0.0,0.0,41.431,41.431,0.0,0.0,PVWatts,Solar_Delhi,,solar,41.431,,19,2,0,6
2023-06-07 20:00:00,0.0,0.0,0.0,40.775,40.775,0.0,0.0,PVWatts,Solar_Delhi,,solar,40.775,,20,2,0,6
2023-06-07 21:00:00,0.0,0.0,0.0,40.123,40.123,0.0,0.0,PVWatts,Solar_Delhi,,solar,40.123,,21,2,0,6
2023-06-07 22:00:00,0.0,0.0,0.0,39.483,39.483,0.0,0.0,PVWatts,Solar_Delhi,,solar,39.483,,22,2,0,6
2023-06-07 23:00:00,0.0,0.0,0.0,38.759,38.759,0.0,0.0,PVWatts,Solar_Delhi,,solar,38.759,,23,2,0,6
2023-06-08 00:00:00,0.0,0.0,0.0,38.012,38.012,0.0,0.0,PVWatts,Solar_Delhi,,solar,38.012,,0,3,0,6
2023-06-08 01:00:00,0.0,0.0,0.0,37.244,37.244,0.0,0.0,PVWatts,Solar_Delhi,,solar,37.244,,1,3,0,6
2023-06-08 02:00:00,0.0,0.0,0.0,36.312,36.312,0.0,0.0,PVWatts,Solar_Delhi,,solar,36.312,,2,3,0,6
2023-06-08 03:00:00,0.0,0.0,0.0,35.311,35.311,0.0,0.0,PVWatts,Solar_Delhi,,solar,35.311,,3,3,0,6
2023-06-08 04:00:00,0.0,0.0,0.0,34.379,0.0,0.0,0.0,PVWatts,Solar_Delhi,,solar,34.379,,4,3,0,6
2023-06-08 05:00:00,0.0,0.0,0.0,34.327,0.0,0.0,0.0,PVWatts,Solar_Delhi,,solar,34.327,,5,3,0,6
2023-06-08 06:00:00,2085.258,2326.228,76.872,36.278,38.083,2.0852579999999996,2.326228,PVWatts,Solar_Delhi,,solar,36.278,,6,3,0,6
2023-06-08 07:00:00,7572.637,8015.19,261.174,39.369,45.493,7.572636999999999,8.01519,PVWatts,Solar_Delhi,,solar,39.369,,7,3,0,6
2023-06-08 08:00:00,13215.968,13865.832,465.619,42.676,55.797,13.215968,13.865832000000001,PVWatts,Solar_Delhi,,solar,42.676,,8,3,0,6
2023-06-08 09:00:00,18145.677,18976.638,678.587,45.66,69.594,18.145677,18.976637999999998,PVWatts,Solar_Delhi,,solar,45.66,,9,3,0,6
2023-06-08 10:00:00,20985.995,21921.296,812.505,47.864,76.488,20.985995,21.921295999999998,PVWatts,Solar_Delhi,,solar,47.864,,10,3,0,6
2023-06-08 11:00:00,22414.636,23402.419,886.233,49.313,80.519,22.414635999999998,23.402419000000002,PVWatts,Solar_Delhi,,solar,49.313,,11,3,0,6
2023-06-08 12:00:00,22459.146,23448.564,891.553,50.017,81.414,22.459146,23.448563999999998,PVWatts,Solar_Delhi,,solar,50.017,,12,3,0,6
2023-06-08 13:00:00,20711.052,21636.252,784.007,50.036,72.077,20.711052,21.636252,PVWatts,Solar_Delhi,,solar,50.036,,13,3,0,6
2023-06-08 14:00:00,18982.095,19843.782,706.988,49.471,69.372,18.982095,19.843782,PVWatts,Solar_Delhi,,solar,49.471,,14,3,0,6
2023-06-08 15:00:00,13563.082,14225.698,490.273,48.289,62.11,13.563082,14.225698,PVWatts,Solar_Delhi,,solar,48.289,,15,3,0,6
2023-06-08 16:00:00,9350.82,9858.695,336.763,46.611,56.084,9.35082,9.858694999999999,PVWatts,Solar_Delhi,,solar,46.611,,16,3,0,6
2023-06-08 17:00:00,4310.439,4633.153,161.199,44.586,49.094,4.310439000000001,4.633153,PVWatts,Solar_Delhi,,solar,44.586,,17,3,0,6
2023-06-08 18:00:00,477.981,659.907,35.32,42.799,43.665,0.477981,0.659907,PVWatts,Solar_Delhi,,solar,42.799,,18,3,0,6
2023-06-08 19:00:00,0.0,0.0,0.0,41.814,41.814,0.0,0.0,PVWatts,Solar_Delhi,,solar,41.814,,19,3,0,6
2023-06-08 20:00:00,0.0,0.0,0.0,41.078,41.078,0.0,0.0,PVWatts,Solar_Delhi,,solar,41.078,,20,3,0,6
2023-06-08 21:00:00,0.0,0.0,0.0,40.287,40.287,0.0,0.0,PVWatts,Solar_Delhi,,solar,40.287,,21,3,0,6
2023-06-08 22:00:00,0.0,0.0,0.0,39.363,39.363,0.0,0.0,PVWatts,Solar_Delhi,,solar,39.363,,22,3,0,6
2023-06-08 23:00:00,0.0,0.0,0.0,38.423,38.423,0.0,0.0,PVWatts,Solar_Delhi,,solar,38.423,,23,3,0,6
2023-06-09 00:00:00,0.0,0.0,0.0,37.544,37.544,0.0,0.0,PVWatts,Solar_Delhi,,solar,37.544,,0,4,0,6
2023-06-09 01:00:00,0.0,0.0,0.0,36.832,36.832,0.0,0.0,PVWatts,Solar_Delhi,,solar,36.832,,1,4,0,6
2023-06-09 02:00:00,0.0,0.0,0.0,36.285,36.285,0.0,0.0,PVWatts,Solar_Delhi,,solar,36.285,,2,4,0,6
2023-06-09 03:00:00,0.0,0.0,0.0,35.784,35.784,0.0,0.0,PVWatts,Solar_Delhi,,solar,35.784,,3,4,0,6
2023-06-09 04:00:00,0.0,0.0,0.0,35.356,0.0,0.0,0.0,PVWatts,Solar_Delhi,,solar,35.356,,4,4,0,6
2023-06-09 05:00:00,0.0,0.0,0.0,35.589,0.0,0.0,0.0,PVWatts,Solar_Delhi,,solar,35.589,,5,4,0,6
2023-06-09 06:00:00,2074.067,2314.626,76.863,37.318,39.122,2.074067,2.314626,PVWatts,Solar_Delhi,,solar,37.318,,6,4,0,6
2023-06-09 07:00:00,7709.82,8157.412,266.855,40.294,46.551,7.70982,8.157412,PVWatts,Solar_Delhi,,solar,40.294,,7,4,0,6
2023-06-09 08:00:00,13605.122,14269.282,475.783,43.297,54.449,13.605122,14.269281999999999,PVWatts,Solar_Delhi,,solar,43.297,,8,4,0,6
2023-06-09 09:00:00,18771.552,19625.504,672.186,44.391,60.118,18.771552,19.625504,PVWatts,Solar_Delhi,,solar,44.391,,9,4,0,6
2023-06-09 10:00:00,21536.218,22491.732,804.569,46.342,68.95,21.536218,22.491732,PVWatts,Solar_Delhi,,solar,46.342,,10,4,0,6
2023-06-09 11:00:00,23003.672,24013.094,878.083,48.567,73.228,23.003671999999998,24.013094000000002,PVWatts,Solar_Delhi,,solar,48.567,,11,4,0,6
2023-06-09 12:00:00,21732.442,22695.164,810.509,49.177,68.107,21.732442,22.695164000000002,PVWatts,Solar_Delhi,,solar,49.177,,12,4,0,6
2023-06-09 13:00:00,21415.342,22366.415,795.768,49.543,68.149,21.415342,22.366415,PVWatts,Solar_Delhi,,solar,49.543,,13,4,0,6
2023-06-09 14:00:00,17831.704,18651.13,651.078,49.045,64.278,17.831704000000002,18.651130000000002,PVWatts,Solar_Delhi,,solar,49.045,,14,4,0,6
2023-06-09 15:00:00,14800.204,15508.266,527.993,47.849,60.235,14.800203999999999,15.508265999999999,PVWatts,Solar_Delhi,,solar,47.849,,15,4,0,6
2023-06-09 16:00:00,8130.05,8593.08,287.281,45.977,51.741,8.13005,8.59308,PVWatts,Solar_Delhi,,solar,45.977,,16,4,0,6
2023-06-09 17:00:00,4277.699,4599.21,156.554,43.823,46.951,4.277698999999999,4.59921,PVWatts,Solar_Delhi,,solar,43.823,,17,4,0,6
2023-06-09 18:00:00,640.667,828.569,41.971,41.774,42.519,0.640667,0.828569,PVWatts,Solar_Delhi,,solar,41.774,,18,4,0,6
2023-06-09 19:00:00,0.0,0.0,0.0,40.602,40.602,0.0,0.0,PVWatts,Solar_Delhi,,solar,40.602,,19,4,0,6
2023-06-09 20:00:00,0.0,0.0,0.0,39.657,39.657,0.0,0.0,PVWatts,Solar_Delhi,,solar,39.657,,20,4,0,6
2023-06-09 21:00:00,0.0,0.0,0.0,38.784,38.784,0.0,0.0,PVWatts,Solar_Delhi,,solar,38.784,,21,4,0,6
2023-06-09 22:00:00,0.0,0.0,0.0,38.034,38.034,0.0,0.0,PVWatts,Solar_Delhi,,solar,38.034,,22,4,0,6
2023-06-09 23:00:00,0.0,0.0,0.0,37.452,37.452,0.0,0.0,PVWatts,Solar_Delhi,,solar,37.452,,23,4,0,6
2023-06-10 00:00:00,0.0,0.0,0.0,36.845,36.845,0.0,0.0,PVWatts,Solar_Delhi,,solar,36.845,,0,5,1,6
2023-06-10 01:00:00,0.0,0.0,0.0,36.408,36.408,0.0,0.0,PVWatts,Solar_Delhi,,solar,36.408,,1,5,1,6
2023-06-10 02:00:00,0.0,0.0,0.0,36.015,36.015,0.0,0.0,PVWatts,Solar_Delhi,,solar,36.015,,2,5,1,6
2023-06-10 03:00:00,0.0,0.0,0.0,35.697,35.697,0.0,0.0,PVWatts,Solar_Delhi,,solar,35.697,,3,5,1,6
2023-06-10 04:00:00,0.0,0.0,0.0,35.366,0.0,0.0,0.0,PVWatts,Solar_Delhi,,solar,35.366,,4,5,1,6
2023-06-10 05:00:00,0.0,0.0,0.0,35.742,0.0,0.0,0.0,PVWatts,Solar_Delhi,,solar,35.742,,5,5,1,6
2023-06-10 06:00:00,1395.664,1611.301,54.109,37.774,39.046,1.395664,1.6113009999999999,PVWatts,Solar_Delhi,,solar,37.774,,6,5,1,6
2023-06-10 07:00:00,7690.898,8137.795,266.405,40.455,46.701,7.690898,8.137795,PVWatts,Solar_Delhi,,solar,40.455,,7,5,1,6
2023-06-10 08:00:00,13638.635,14304.026,474.494,42.15,53.272,13.638635,14.304026,PVWatts,Solar_Delhi,,solar,42.15,,8,5,1,6
2023-06-10 09:00:00,18852.729,19709.663,669.189,42.477,58.134,18.852729,19.709663,PVWatts,Solar_Delhi,,solar,42.477,,9,5,1,6
2023-06-10 10:00:00,22206.928,23187.081,802.313,42.864,61.613,22.206928,23.187081,PVWatts,Solar_Delhi,,solar,42.864,,10,5,1,6
2023-06-10 11:00:00,23625.943,24658.224,875.789,42.349,66.945,23.625943,24.658223999999997,PVWatts,Solar_Delhi,,solar,42.349,,11,5,1,6
2023-06-10 12:00:00,23933.513,24977.093,881.428,40.849,65.607,23.933512999999998,24.977093,PVWatts,Solar_Delhi,,solar,40.849,,12,5,1,6
2023-06-10 13:00:00,21933.916,22904.04,819.797,40.445,69.335,21.933916,22.904040000000002,PVWatts,Solar_Delhi,,solar,40.445,,13,5,1,6
2023-06-10 14:00:00,19212.806,20082.968,700.626,40.039,64.765,19.212806,20.082968,PVWatts,Solar_Delhi,,solar,40.039,,14,5,1,6
2023-06-10 15:00:00,15133.094,15853.385,536.082,39.951,58.912,15.133094,15.853385,PVWatts,Solar_Delhi,,solar,39.951,,15,5,1,6
2023-06-10 16:00:00,9591.824,10108.552,338.433,39.75,51.686,9.591824,10.108552,PVWatts,Solar_Delhi,,solar,39.75,,16,5,1,6
2023-06-10 17:00:00,4464.494,4792.867,163.408,39.103,44.833,4.464493999999999,4.792867,PVWatts,Solar_Delhi,,solar,39.103,,17,5,1,6
2023-06-10 18:00:00,504.031,686.914,36.516,38.025,38.912,0.504031,0.686914,PVWatts,Solar_Delhi,,solar,38.025,,18,5,1,6
2023-06-10 19:00:00,0.0,0.0,0.0,37.386,37.386,0.0,0.0,PVWatts,Solar_Delhi,,solar,37.386,,19,5,1,6
2023-06-10 20:00:00,0.0,0.0,0.0,36.85,36.85,0.0,0.0,PVWatts,Solar_Delhi,,solar,36.85,,20,5,1,6
2023-06-10 21:00:00,0.0,0.0,0.0,36.341,36.341,0.0,0.0,PVWatts,Solar_Delhi,,solar,36.341,,21,5,1,6
2023-06-10 22:00:00,0.0,0.0,0.0,35.747,35.747,0.0,0.0,PVWatts,Solar_Delhi,,solar,35.747,,22,5,1,6
2023-06-10 23:00:00,0.0,0.0,0.0,35.209,35.209,0.0,0.0,PVWatts,Solar_Delhi,,solar,35.209,,23,5,1,6
2023-06-11 00:00:00,0.0,0.0,0.0,34.568,34.568,0.0,0.0,PVWatts,Solar_Delhi,,solar,34.568,,0,6,1,6
2023-06-11 01:00:00,0.0,0.0,0.0,33.899,33.899,0.0,0.0,PVWatts,Solar_Delhi,,solar,33.899,,1,6,1,6
2023-06-11 02:00:00,0.0,0.0,0.0,33.294,33.294,0.0,0.0,PVWatts,Solar_Delhi,,solar,33.294,,2,6,1,6
2023-06-11 03:00:00,0.0,0.0,0.0,32.369,32.369,0.0,0.0,PVWatts,Solar_Delhi,,solar,32.369,,3,6,1,6
2023-06-11 04:00:00,0.0,0.0,0.0,31.672,0.0,0.0,0.0,PVWatts,Solar_Delhi,,solar,31.672,,4,6,1,6
2023-06-11 05:00:00,0.0,0.0,0.0,30.919,0.0,0.0,0.0,PVWatts,Solar_Delhi,,solar,30.919,,5,6,1,6
2023-06-11 06:00:00,976.048,1176.271,38.885,30.915,32.294,0.976048,1.176271,PVWatts,Solar_Delhi,,solar,30.915,,6,6,1,6
2023-06-11 07:00:00,2135.271,2378.079,77.953,31.53,35.219,2.1352710000000004,2.378079,PVWatts,Solar_Delhi,,solar,31.53,,7,6,1,6
2023-06-11 08:00:00,3800.727,4104.716,135.107,32.404,38.775,3.8007269999999997,4.104716000000001,PVWatts,Solar_Delhi,,solar,32.404,,8,6,1,6
2023-06-11 09:00:00,4843.798,5186.105,170.618,32.896,38.89,4.843798,5.1861049999999995,PVWatts,Solar_Delhi,,solar,32.896,,9,6,1,6
2023-06-11 10:00:00,7307.392,7740.201,255.569,33.1,42.067,7.307392,7.740201,PVWatts,Solar_Delhi,,solar,33.1,,10,6,1,6
2023-06-11 11:00:00,9093.573,9591.998,317.16,32.643,43.767,9.093573000000001,9.591998,PVWatts,Solar_Delhi,,solar,32.643,,11,6,1,6
2023-06-11 12:00:00,12183.612,12795.551,435.026,32.225,52.668,12.183611999999998,12.795551,PVWatts,Solar_Delhi,,solar,32.225,,12,6,1,6
2023-06-11 13:00:00,14075.095,14756.52,504.029,31.798,55.514,14.075095,14.75652,PVWatts,Solar_Delhi,,solar,31.798,,13,6,1,6
2023-06-11 14:00:00,14449.008,15144.169,513.63,31.514,55.733,14.449008,15.144169,PVWatts,Solar_Delhi,,solar,31.514,,14,6,1,6
2023-06-11 15:00:00,13908.225,14583.519,473.564,31.283,48.011,13.908225,14.583519,PVWatts,Solar_Delhi,,solar,31.283,,15,6,1,6
2023-06-11 16:00:00,9799.539,10323.899,330.908,31.07,42.757,9.799539000000001,10.323898999999999,PVWatts,Solar_Delhi,,solar,31.07,,16,6,1,6
2023-06-11 17:00:00,4379.656,4704.912,154.433,30.817,38.088,4.379656,4.704912,PVWatts,Solar_Delhi,,solar,30.817,,17,6,1,6
2023-06-11 18:00:00,571.579,756.943,37.268,30.575,32.123,0.571579,0.756943,PVWatts,Solar_Delhi,,solar,30.575,,18,6,1,6
2023-06-11 19:00:00,0.0,0.0,0.0,30.238,30.238,0.0,0.0,PVWatts,Solar_Delhi,,solar,30.238,,19,6,1,6
2023-06-11 20:00:00,0.0,0.0,0.0,29.984,29.984,0.0,0.0,PVWatts,Solar_Delhi,,solar,29.984,,20,6,1,6
2023-06-11 21:00:00,0.0,0.0,0.0,29.657,29.657,0.0,0.0,PVWatts,Solar_Delhi,,solar,29.657,,21,6,1,6
2023-06-11 22:00:00,0.0,0.0,0.0,29.368,29.368,0.0,0.0,PVWatts,Solar_Delhi,,solar,29.368,,22,6,1,6
2023-06-11 23:00:00,0.0,0.0,0.0,29.083,29.083,0.0,0.0,PVWatts,Solar_Delhi,,solar,29.083,,23,6,1,6
2023-06-12 00:00:00,0.0,0.0,0.0,28.814,28.814,0.0,0.0,PVWatts,Solar_Delhi,,solar,28.814,,0,0,0,6
2023-06-12 01:00:00,0.0,0.0,0.0,28.622,28.622,0.0,0.0,PVWatts,Solar_Delhi,,solar,28.622,,1,0,0,6
2023-06-12 02:00:00,0.0,0.0,0.0,28.441,28.441,0.0,0.0,PVWatts,Solar_Delhi,,solar,28.441,,2,0,0,6
2023-06-12 03:00:00,0.0,0.0,0.0,28.321,28.321,0.0,0.0,PVWatts,Solar_Delhi,,solar,28.321,,3,0,0,6
2023-06-12 04:00:00,0.0,0.0,0.0,28.197,0.0,0.0,0.0,PVWatts,Solar_Delhi,,solar,28.197,,4,0,0,6
2023-06-12 05:00:00,0.0,0.0,0.0,28.417,0.0,0.0,0.0,PVWatts,Solar_Delhi,,solar,28.417,,5,0,0,6
2023-06-12 06:00:00,2352.283,2603.062,83.766,29.322,32.284,2.352283,2.603062,PVWatts,Solar_Delhi,,solar,29.322,,6,0,0,6
2023-06-12 07:00:00,7543.204,7984.675,253.78,30.473,39.443,7.543203999999999,7.984675,PVWatts,Solar_Delhi,,solar,30.473,,7,0,0,6
2023-06-12 08:00:00,13933.442,14609.663,474.152,31.456,48.21,13.933442,14.609663000000001,PVWatts,Solar_Delhi,,solar,31.456,,8,0,0,6
2023-06-12 09:00:00,18974.187,19835.583,666.622,32.29,55.801,18.974187,19.835583,PVWatts,Solar_Delhi,,solar,32.29,,9,0,0,6
2023-06-12 10:00:00,22188.06,23167.52,799.656,32.889,61.06,22.18806,23.16752,PVWatts,Solar_Delhi,,solar,32.889,,10,0,0,6
2023-06-12 11:00:00,23844.735,24885.054,872.243,33.315,64.028,23.844735,24.885054,PVWatts,Solar_Delhi,,solar,33.315,,11,0,0,6
2023-06-12 12:00:00,23962.979,25007.642,878.149,33.585,64.51,23.962979,25.007642,PVWatts,Solar_Delhi,,solar,33.585,,12,0,0,6
2023-06-12 13:00:00,22570.48,23563.988,817.918,33.746,62.57,22.57048,23.563988000000002,PVWatts,Solar_Delhi,,solar,33.746,,13,0,0,6
2023-06-12 14:00:00,18476.948,19320.078,651.947,33.711,56.705,18.476948,19.320078000000002,PVWatts,Solar_Delhi,,solar,33.711,,14,0,0,6
2023-06-12 15:00:00,14932.583,15645.508,514.126,33.571,51.745,14.932583000000001,15.645508,PVWatts,Solar_Delhi,,solar,33.571,,15,0,0,6
2023-06-12 16:00:00,7893.292,8347.624,268.43,33.173,42.661,7.893292000000001,8.347624,PVWatts,Solar_Delhi,,solar,33.173,,16,0,0,6
2023-06-12 17:00:00,4390.495,4716.149,154.771,32.577,38.019,4.390495,4.716149000000001,PVWatts,Solar_Delhi,,solar,32.577,,17,0,0,6
2023-06-12 18:00:00,608.081,794.786,38.006,31.821,33.017,0.608081,0.794786,PVWatts,Solar_Delhi,,solar,31.821,,18,0,0,6
2023-06-12 19:00:00,0.0,0.0,0.0,31.372,31.372,0.0,0.0,PVWatts,Solar_Delhi,,solar,31.372,,19,0,0,6
2023-06-12 20:00:00,0.0,0.0,0.0,30.975,30.975,0.0,0.0,PVWatts,Solar_Delhi,,solar,30.975,,20,0,0,6
2023-06-12 21:00:00,0.0,0.0,0.0,30.86,30.86,0.0,0.0,PVWatts,Solar_Delhi,,solar,30.86,,21,0,0,6
2023-06-12 22:00:00,0.0,0.0,0.0,30.459,30.459,0.0,0.0,PVWatts,Solar_Delhi,,solar,30.459,,22,0,0,6
2023-06-12 23:00:00,0.0,0.0,0.0,30.175,30.175,0.0,0.0,PVWatts,Solar_Delhi,,solar,30.175,,23,0,0,6
2023-06-13 00:00:00,0.0,0.0,0.0,29.797,29.797,0.0,0.0,PVWatts,Solar_Delhi,,solar,29.797,,0,1,0,6
2023-06-13 01:00:00,0.0,0.0,0.0,29.518,29.518,0.0,0.0,PVWatts,Solar_Delhi,,solar,29.518,,1,1,0,6
2023-06-13 02:00:00,0.0,0.0,0.0,29.23,29.23,0.0,0.0,PVWatts,Solar_Delhi,,solar,29.23,,2,1,0,6
2023-06-13 03:00:00,0.0,0.0,0.0,29.046,29.046,0.0,0.0,PVWatts,Solar_Delhi,,solar,29.046,,3,1,0,6
2023-06-13 04:00:00,0.0,0.0,0.0,28.805,0.0,0.0,0.0,PVWatts,Solar_Delhi,,solar,28.805,,4,1,0,6
2023-06-13 05:00:00,0.0,0.0,0.0,29.165,0.0,0.0,0.0,PVWatts,Solar_Delhi,,solar,29.165,,5,1,0,6
2023-06-13 06:00:00,347.706,524.845,17.997,31.058,31.566,0.347706,0.524845,PVWatts,Solar_Delhi,,solar,31.058,,6,1,0,6
2023-06-13 07:00:00,7966.661,8423.688,269.814,34.103,41.709,7.966661,8.423688,PVWatts,Solar_Delhi,,solar,34.103,,7,1,0,6
2023-06-13 08:00:00,8141.779,8605.239,280.995,36.486,44.388,8.141779,8.605239,PVWatts,Solar_Delhi,,solar,36.486,,8,1,0,6
2023-06-13 09:00:00,3131.523,3410.929,115.363,38.01,41.243,3.131523,3.410929,PVWatts,Solar_Delhi,,solar,38.01,,9,1,0,6
2023-06-13 10:00:00,3998.511,4309.766,146.181,38.991,43.082,3.998511,4.309766,PVWatts,Solar_Delhi,,solar,38.991,,10,1,0,6
2023-06-13 11:00:00,5157.347,5511.172,187.85,39.535,46.122,5.157347,5.511171999999999,PVWatts,Solar_Delhi,,solar,39.535,,11,1,0,6
2023-06-13 12:00:00,6466.962,6868.897,236.791,39.633,50.753,6.4669620000000005,6.868897,PVWatts,Solar_Delhi,,solar,39.633,,12,1,0,6
2023-06-13 13:00:00,8288.216,8757.056,301.371,39.191,53.361,8.288216,8.757056,PVWatts,Solar_Delhi,,solar,39.191,,13,1,0,6
2023-06-13 14:00:00,12144.381,12754.88,432.172,38.884,54.092,12.144381,12.75488,PVWatts,Solar_Delhi,,solar,38.884,,14,1,0,6
2023-06-13 15:00:00,12037.638,12644.215,421.755,38.134,53.021,12.037638000000001,12.644215,PVWatts,Solar_Delhi,,solar,38.134,,15,1,0,6
2023-06-13 16:00:00,7945.677,8401.933,275.108,37.356,47.081,7.945677,8.401933000000001,PVWatts,Solar_Delhi,,solar,37.356,,16,1,0,6
2023-06-13 17:00:00,4490.35,4819.672,160.644,36.15,40.648,4.49035,4.819672,PVWatts,Solar_Delhi,,solar,36.15,,17,1,0,6
2023-06-13 18:00:00,733.706,925.025,43.29,34.498,35.597,0.733706,0.925025,PVWatts,Solar_Delhi,,solar,34.498,,18,1,0,6
2023-06-13 19:00:00,0.0,0.0,0.0,33.396,33.396,0.0,0.0,PVWatts,Solar_Delhi,,solar,33.396,,19,1,0,6
2023-06-13 20:00:00,0.0,0.0,0.0,32.77,32.77,0.0,0.0,PVWatts,Solar_Delhi,,solar,32.77,,20,1,0,6
2023-06-13 21:00:00,0.0,0.0,0.0,32.186,32.186,0.0,0.0,PVWatts,Solar_Delhi,,solar,32.186,,21,1,0,6
2023-06-13 22:00:00,0.0,0.0,0.0,31.691,31.691,0.0,0.0,PVWatts,Solar_Delhi,,solar,31.691,,22,1,0,6
2023-06-13 23:00:00,0.0,0.0,0.0,31.204,31.204,0.0,0.0,PVWatts,Solar_Delhi,,solar,31.204,,23,1,0,6
2023-06-14 00:00:00,0.0,0.0,0.0,30.71,30.71,0.0,0.0,PVWatts,Solar_Delhi,,solar,30.71,,0,2,0,6
2023-06-14 01:00:00,0.0,0.0,0.0,30.289,30.289,0.0,0.0,PVWatts,Solar_Delhi,,solar,30.289,,1,2,0,6
2023-06-14 02:00:00,0.0,0.0,0.0,29.904,29.904,0.0,0.0,PVWatts,Solar_Delhi,,solar,29.904,,2,2,0,6
2023-06-14 03:00:00,0.0,0.0,0.0,29.439,29.439,0.0,0.0,PVWatts,Solar_Delhi,,solar,29.439,,3,2,0,6
2023-06-14 04:00:00,0.0,0.0,0.0,29.096,0.0,0.0,0.0,PVWatts,Solar_Delhi,,solar,29.096,,4,2,0,6
2023-06-14 05:00:00,0.0,0.0,0.0,29.543,0.0,0.0,0.0,PVWatts,Solar_Delhi,,solar,29.543,,5,2,0,6
2023-06-14 06:00:00,1812.129,2043.065,66.366,31.812,34.164,1.8121289999999999,2.043065,PVWatts,Solar_Delhi,,solar,31.812,,6,2,0,6
2023-06-14 07:00:00,6200.273,6592.41,214.108,35.406,42.972,6.200273,6.59241,PVWatts,Solar_Delhi,,solar,35.406,,7,2,0,6
2023-06-14 08:00:00,12974.399,13615.388,454.583,38.136,54.193,12.974399,13.615388000000001,PVWatts,Solar_Delhi,,solar,38.136,,8,2,0,6
2023-06-14 09:00:00,16045.718,16799.535,579.715,40.183,60.609,16.045718,16.799535,PVWatts,Solar_Delhi,,solar,40.183,,9,2,0,6
2023-06-14 10:00:00,20938.425,21871.979,784.809,41.973,69.621,20.938425,21.871979,PVWatts,Solar_Delhi,,solar,41.973,,10,2,0,6
2023-06-14 11:00:00,22921.967,23928.387,879.466,43.344,74.311,22.921967000000002,23.928386999999997,PVWatts,Solar_Delhi,,solar,43.344,,11,2,0,6
2023-06-14 12:00:00,22115.921,23092.73,848.181,44.179,74.039,22.115921,23.09273,PVWatts,Solar_Delhi,,solar,44.179,,12,2,0,6
2023-06-14 13:00:00,5966.241,6349.781,219.803,44.409,52.128,5.966241,6.349781,PVWatts,Solar_Delhi,,solar,44.409,,13,2,0,6
2023-06-14 14:00:00,10923.698,11489.354,406.809,43.935,63.096,10.923698,11.489353999999999,PVWatts,Solar_Delhi,,solar,43.935,,14,2,0,6
2023-06-14 15:00:00,6677.892,7087.576,243.201,42.801,54.283,6.677892,7.087576,PVWatts,Solar_Delhi,,solar,42.801,,15,2,0,6
2023-06-14 16:00:00,4830.184,5171.99,173.647,41.058,49.284,4.830184,5.17199,PVWatts,Solar_Delhi,,solar,41.058,,16,2,0,6
2023-06-14 17:00:00,956.568,1156.075,39.837,38.83,40.721,0.956568,1.156075,PVWatts,Solar_Delhi,,solar,38.83,,17,2,0,6
2023-06-14 18:00:00,23.102,188.317,9.463,36.908,37.315,0.023102,0.188317,PVWatts,Solar_Delhi,,solar,36.908,,18,2,0,6
2023-06-14 19:00:00,0.0,0.0,0.0,34.703,34.703,0.0,0.0,PVWatts,Solar_Delhi,,solar,34.703,,19,2,0,6
2023-06-14 20:00:00,0.0,0.0,0.0,34.994,34.994,0.0,0.0,PVWatts,Solar_Delhi,,solar,34.994,,20,2,0,6
2023-06-14 21:00:00,0.0,0.0,0.0,33.733,33.733,0.0,0.0,PVWatts,Solar_Delhi,,solar,33.733,,21,2,0,6
2023-06-14 22:00:00,0.0,0.0,0.0,33.082,33.082,0.0,0.0,PVWatts,Solar_Delhi,,solar,33.082,,22,2,0,6
2023-06-14 23:00:00,0.0,0.0,0.0,32.997,32.997,0.0,0.0,PVWatts,Solar_Delhi,,solar,32.997,,23,2,0,6
2023-06-15 00:00:00,0.0,0.0,0.0,32.508,32.508,0.0,0.0,PVWatts,Solar_Delhi,,solar,32.508,,0,3,0,6
2023-06-15 01:00:00,0.0,0.0,0.0,32.244,32.244,0.0,0.0,PVWatts,Solar_Delhi,,solar,32.244,,1,3,0,6
2023-06-15 02:00:00,0.0,0.0,0.0,32.205,32.205,0.0,0.0,PVWatts,Solar_Delhi,,solar,32.205,,2,3,0,6
2023-06-15 03:00:00,0.0,0.0,0.0,31.55,31.55,0.0,0.0,PVWatts,Solar_Delhi,,solar,31.55,,3,3,0,6
2023-06-15 04:00:00,0.0,0.0,0.0,31.05,0.0,0.0,0.0,PVWatts,Solar_Delhi,,solar,31.05,,4,3,0,6
2023-06-15 05:00:00,0.0,0.0,0.0,30.727,0.0,0.0,0.0,PVWatts,Solar_Delhi,,solar,30.727,,5,3,0,6
2023-06-15 06:00:00,2395.445,2647.81,85.673,31.43,33.148,2.395445,2.6478099999999998,PVWatts,Solar_Delhi,,solar,31.43,,6,3,0,6
2023-06-15 07:00:00,8121.142,8583.845,270.863,32.786,38.222,8.121141999999999,8.583845,PVWatts,Solar_Delhi,,solar,32.786,,7,3,0,6
2023-06-15 08:00:00,14079.596,14761.186,471.309,34.891,44.347,14.079595999999999,14.761186,PVWatts,Solar_Delhi,,solar,34.891,,8,3,0,6
2023-06-15 09:00:00,19469.96,20349.569,668.085,36.995,50.374,19.46996,20.349569,PVWatts,Solar_Delhi,,solar,36.995,,9,3,0,6
2023-06-15 10:00:00,22664.678,23661.647,802.358,38.281,57.032,22.664678,23.661647000000002,PVWatts,Solar_Delhi,,solar,38.281,,10,3,0,6
2023-06-15 11:00:00,23360.785,24383.325,833.615,39.02,58.493,23.360785,24.383325,PVWatts,Solar_Delhi,,solar,39.02,,11,3,0,6
2023-06-15 12:00:00,21515.788,22470.552,766.039,39.295,57.173,21.515788,22.470552,PVWatts,Solar_Delhi,,solar,39.295,,12,3,0,6
2023-06-15 13:00:00,21706.002,22667.753,768.905,39.037,57.003,21.706002,22.667753,PVWatts,Solar_Delhi,,solar,39.037,,13,3,0,6
2023-06-15 14:00:00,9856.118,10382.556,342.963,38.544,46.547,9.856118,10.382556000000001,PVWatts,Solar_Delhi,,solar,38.544,,14,3,0,6
2023-06-15 15:00:00,13431.933,14089.731,458.19,37.464,48.201,13.431933,14.089731,PVWatts,Solar_Delhi,,solar,37.464,,15,3,0,6
2023-06-15 16:00:00,6205.791,6598.132,211.955,36.105,41.078,6.2057910000000005,6.598132,PVWatts,Solar_Delhi,,solar,36.105,,16,3,0,6
2023-06-15 17:00:00,4075.746,4389.838,142.873,34.582,37.441,4.0757460000000005,4.389838,PVWatts,Solar_Delhi,,solar,34.582,,17,3,0,6
2023-06-15 18:00:00,313.048,488.915,22.402,33.058,33.54,0.313048,0.48891500000000004,PVWatts,Solar_Delhi,,solar,33.058,,18,3,0,6
2023-06-15 19:00:00,0.0,0.0,0.0,32.089,32.089,0.0,0.0,PVWatts,Solar_Delhi,,solar,32.089,,19,3,0,6
2023-06-15 20:00:00,0.0,0.0,0.0,31.462,31.462,0.0,0.0,PVWatts,Solar_Delhi,,solar,31.462,,20,3,0,6
2023-06-15 21:00:00,0.0,0.0,0.0,30.979,30.979,0.0,0.0,PVWatts,Solar_Delhi,,solar,30.979,,21,3,0,6
2023-06-15 22:00:00,0.0,0.0,0.0,30.531,30.531,0.0,0.0,PVWatts,Solar_Delhi,,solar,30.531,,22,3,0,6
2023-06-15 23:00:00,0.0,0.0,0.0,30.147,30.147,0.0,0.0,PVWatts,Solar_Delhi,,solar,30.147,,23,3,0,6
2023-06-16 00:00:00,0.0,0.0,0.0,29.838,29.838,0.0,0.0,PVWatts,Solar_Delhi,,solar,29.838,,0,4,0,6
2023-06-16 01:00:00,0.0,0.0,0.0,29.552,29.552,0.0,0.0,PVWatts,Solar_Delhi,,solar,29.552,,1,4,0,6
2023-06-16 02:00:00,0.0,0.0,0.0,29.277,29.277,0.0,0.0,PVWatts,Solar_Delhi,,solar,29.277,,2,4,0,6
2023-06-16 03:00:00,0.0,0.0,0.0,28.996,28.996,0.0,0.0,PVWatts,Solar_Delhi,,solar,28.996,,3,4,0,6
2023-06-16 04:00:00,0.0,0.0,0.0,28.801,0.0,0.0,0.0,PVWatts,Solar_Delhi,,solar,28.801,,4,4,0,6
2023-06-16 05:00:00,0.0,0.0,0.0,29.046,0.0,0.0,0.0,PVWatts,Solar_Delhi,,solar,29.046,,5,4,0,6
2023-06-16 06:00:00,1926.425,2161.56,69.127,29.784,31.175,1.926425,2.16156,PVWatts,Solar_Delhi,,solar,29.784,,6,4,0,6
2023-06-16 07:00:00,8199.224,8664.795,270.237,29.973,35.396,8.199224000000001,8.664795,PVWatts,Solar_Delhi,,solar,29.973,,7,4,0,6
2023-06-16 08:00:00,13235.995,13886.595,433.707,30.407,38.008,13.235995,13.886595,PVWatts,Solar_Delhi,,solar,30.407,,8,4,0,6
2023-06-16 09:00:00,10845.269,11408.044,362.467,30.876,37.201,10.845269,11.408044,PVWatts,Solar_Delhi,,solar,30.876,,9,4,0,6
2023-06-16 10:00:00,9625.607,10143.576,325.278,31.506,37.171,9.625607,10.143576,PVWatts,Solar_Delhi,,solar,31.506,,10,4,0,6
2023-06-16 11:00:00,10975.292,11542.844,371.248,31.866,38.329,10.975292,11.542843999999999,PVWatts,Solar_Delhi,,solar,31.866,,11,4,0,6
2023-06-16 12:00:00,13583.889,14247.269,458.191,31.968,39.948,13.583889,14.247269000000001,PVWatts,Solar_Delhi,,solar,31.968,,12,4,0,6
2023-06-16 13:00:00,6792.39,7206.28,231.984,31.675,35.716,6.79239,7.20628,PVWatts,Solar_Delhi,,solar,31.675,,13,4,0,6
2023-06-16 14:00:00,3460.682,3752.179,121.974,31.033,33.468,3.460682,3.752179,PVWatts,Solar_Delhi,,solar,31.033,,14,4,0,6
2023-06-16 15:00:00,2825.969,3094.15,99.893,30.247,32.247,2.825969,3.09415,PVWatts,Solar_Delhi,,solar,30.247,,15,4,0,6
2023-06-16 16:00:00,1980.615,2217.741,71.266,29.457,30.889,1.980615,2.217741,PVWatts,Solar_Delhi,,solar,29.457,,16,4,0,6
2023-06-16 17:00:00,931.374,1129.955,36.984,28.669,29.414,0.931374,1.1299549999999998,PVWatts,Solar_Delhi,,solar,28.669,,17,4,0,6
2023-06-16 18:00:00,48.113,214.247,10.412,27.748,27.936,0.048113,0.21424700000000002,PVWatts,Solar_Delhi,,solar,27.748,,18,4,0,6
2023-06-16 19:00:00,0.0,0.0,0.0,27.007,27.007,0.0,0.0,PVWatts,Solar_Delhi,,solar,27.007,,19,4,0,6
2023-06-16 20:00:00,0.0,0.0,0.0,26.553,26.553,0.0,0.0,PVWatts,Solar_Delhi,,solar,26.553,,20,4,0,6
2023-06-16 21:00:00,0.0,0.0,0.0,26.366,26.366,0.0,0.0,PVWatts,Solar_Delhi,,solar,26.366,,21,4,0,6
2023-06-16 22:00:00,0.0,0.0,0.0,26.322,26.322,0.0,0.0,PVWatts,Solar_Delhi,,solar,26.322,,22,4,0,6
2023-06-16 23:00:00,0.0,0.0,0.0,26.284,26.284,0.0,0.0,PVWatts,Solar_Delhi,,solar,26.284,,23,4,0,6
2023-06-17 00:00:00,0.0,0.0,0.0,26.223,26.223,0.0,0.0,PVWatts,Solar_Delhi,,solar,26.223,,0,5,1,6
2023-06-17 01:00:00,0.0,0.0,0.0,26.13,26.13,0.0,0.0,PVWatts,Solar_Delhi,,solar,26.13,,1,5,1,6
2023-06-17 02:00:00,0.0,0.0,0.0,25.975,25.975,0.0,0.0,PVWatts,Solar_Delhi,,solar,25.975,,2,5,1,6
2023-06-17 03:00:00,0.0,0.0,0.0,25.846,25.846,0.0,0.0,PVWatts,Solar_Delhi,,solar,25.846,,3,5,1,6
2023-06-17 04:00:00,0.0,0.0,0.0,25.743,0.0,0.0,0.0,PVWatts,Solar_Delhi,,solar,25.743,,4,5,1,6
2023-06-17 05:00:00,0.0,0.0,0.0,25.927,0.0,0.0,0.0,PVWatts,Solar_Delhi,,solar,25.927,,5,5,1,6
2023-06-17 06:00:00,1029.345,1231.526,39.836,27.024,27.961,1.029345,1.2315260000000001,PVWatts,Solar_Delhi,,solar,27.024,,6,5,1,6
2023-06-17 07:00:00,4158.343,4475.47,140.862,28.649,31.951,4.1583429999999995,4.4754700000000005,PVWatts,Solar_Delhi,,solar,28.649,,7,5,1,6
2023-06-17 08:00:00,6173.078,6564.217,208.566,30.006,34.88,6.173078,6.564216999999999,PVWatts,Solar_Delhi,,solar,30.006,,8,5,1,6
2023-06-17 09:00:00,12568.846,13194.937,426.959,31.218,43.2,12.568845999999999,13.194937,PVWatts,Solar_Delhi,,solar,31.218,,9,5,1,6
2023-06-17 10:00:00,9723.623,10245.193,334.707,32.497,41.866,9.723623,10.245192999999999,PVWatts,Solar_Delhi,,solar,32.497,,10,5,1,6
2023-06-17 11:00:00,13027.108,13670.034,458.243,33.426,49.502,13.027108,13.670034,PVWatts,Solar_Delhi,,solar,33.426,,11,5,1,6
2023-06-17 12:00:00,14923.818,15636.421,528.609,33.884,52.437,14.923817999999999,15.636421,PVWatts,Solar_Delhi,,solar,33.884,,12,5,1,6
2023-06-17 13:00:00,14209.869,14896.245,500.008,33.906,51.474,14.209869000000001,14.896245,PVWatts,Solar_Delhi,,solar,33.906,,13,5,1,6
2023-06-17 14:00:00,18093.402,18922.441,662.287,33.549,64.826,18.093401999999998,18.922441,PVWatts,Solar_Delhi,,solar,33.549,,14,5,1,6
2023-06-17 15:00:00,10431.368,10978.938,356.566,32.78,45.359,10.431368,10.978938,PVWatts,Solar_Delhi,,solar,32.78,,15,5,1,6
2023-06-17 16:00:00,7984.69,8442.38,269.721,31.787,41.322,7.98469,8.44238,PVWatts,Solar_Delhi,,solar,31.787,,16,5,1,6
2023-06-17 17:00:00,4554.766,4886.455,160.024,30.651,36.267,4.554766,4.886455,PVWatts,Solar_Delhi,,solar,30.651,,17,5,1,6
2023-06-17 18:00:00,543.72,728.061,32.971,29.457,30.301,0.54372,0.7280610000000001,PVWatts,Solar_Delhi,,solar,29.457,,18,5,1,6
2023-06-17 19:00:00,0.0,0.0,0.0,28.595,28.595,0.0,0.0,PVWatts,Solar_Delhi,,solar,28.595,,19,5,1,6
2023-06-17 20:00:00,0.0,0.0,0.0,27.869,27.869,0.0,0.0,PVWatts,Solar_Delhi,,solar,27.869,,20,5,1,6
2023-06-17 21:00:00,0.0,0.0,0.0,27.328,27.328,0.0,0.0,PVWatts,Solar_Delhi,,solar,27.328,,21,5,1,6
2023-06-17 22:00:00,0.0,0.0,0.0,26.948,26.948,0.0,0.0,PVWatts,Solar_Delhi,,solar,26.948,,22,5,1,6
2023-06-17 23:00:00,0.0,0.0,0.0,26.681,26.681,0.0,0.0,PVWatts,Solar_Delhi,,solar,26.681,,23,5,1,6
2023-06-18 00:00:00,0.0,0.0,0.0,26.462,26.462,0.0,0.0,PVWatts,Solar_Delhi,,solar,26.462,,0,6,1,6
2023-06-18 01:00:00,0.0,0.0,0.0,26.237,26.237,0.0,0.0,PVWatts,Solar_Delhi,,solar,26.237,,1,6,1,6
2023-06-18 02:00:00,0.0,0.0,0.0,26.029,26.029,0.0,0.0,PVWatts,Solar_Delhi,,solar,26.029,,2,6,1,6
2023-06-18 03:00:00,0.0,0.0,0.0,26.065,26.065,0.0,0.0,PVWatts,Solar_Delhi,,solar,26.065,,3,6,1,6
2023-06-18 04:00:00,0.0,0.0,0.0,26.063,0.0,0.0,0.0,PVWatts,Solar_Delhi,,solar,26.063,,4,6,1,6
2023-06-18 05:00:00,0.0,0.0,0.0,26.201,0.0,0.0,0.0,PVWatts,Solar_Delhi,,solar,26.201,,5,6,1,6
2023-06-18 06:00:00,557.402,742.246,24.637,27.486,28.359,0.5574020000000001,0.742246,PVWatts,Solar_Delhi,,solar,27.486,,6,6,1,6
2023-06-18 07:00:00,3702.9,4003.296,127.862,29.899,34.418,3.7029,4.003296,PVWatts,Solar_Delhi,,solar,29.899,,7,6,1,6
2023-06-18 08:00:00,5351.257,5712.205,185.098,31.777,38.296,5.3512569999999995,5.712205,PVWatts,Solar_Delhi,,solar,31.777,,8,6,1,6
2023-06-18 09:00:00,8522.744,9000.2,296.437,33.678,44.096,8.522744000000001,9.000200000000001,PVWatts,Solar_Delhi,,solar,33.678,,9,6,1,6
2023-06-18 10:00:00,8343.871,8814.755,291.587,35.568,43.73,8.343871,8.814755,PVWatts,Solar_Delhi,,solar,35.568,,10,6,1,6
2023-06-18 11:00:00,12636.634,13265.215,445.475,37.281,49.747,12.636634,13.265215,PVWatts,Solar_Delhi,,solar,37.281,,11,6,1,6
2023-06-18 12:00:00,12029.957,12636.252,426.042,38.354,50.274,12.029957,12.636252,PVWatts,Solar_Delhi,,solar,38.354,,12,6,1,6
2023-06-18 13:00:00,13205.678,13855.165,467.702,38.766,51.864,13.205678,13.855165000000001,PVWatts,Solar_Delhi,,solar,38.766,,13,6,1,6
2023-06-18 14:00:00,11216.951,11793.379,393.381,38.533,49.568,11.216951,11.793379000000002,PVWatts,Solar_Delhi,,solar,38.533,,14,6,1,6
2023-06-18 15:00:00,13705.016,14372.845,472.789,37.709,51.03,13.705015999999999,14.372845,PVWatts,Solar_Delhi,,solar,37.709,,15,6,1,6
2023-06-18 16:00:00,9637.675,10156.088,332.951,36.317,48.077,9.637675,10.156088,PVWatts,Solar_Delhi,,solar,36.317,,16,6,1,6
2023-06-18 17:00:00,4155.622,4472.648,146.667,34.635,39.807,4.155622,4.472648,PVWatts,Solar_Delhi,,solar,34.635,,17,6,1,6
2023-06-18 18:00:00,592.019,778.134,35.08,32.541,33.674,0.592019,0.778134,PVWatts,Solar_Delhi,,solar,32.541,,18,6,1,6
2023-06-18 19:00:00,0.0,0.0,0.0,31.233,31.233,0.0,0.0,PVWatts,Solar_Delhi,,solar,31.233,,19,6,1,6
2023-06-18 20:00:00,0.0,0.0,0.0,30.422,30.422,0.0,0.0,PVWatts,Solar_Delhi,,solar,30.422,,20,6,1,6
2023-06-18 21:00:00,0.0,0.0,0.0,29.568,29.568,0.0,0.0,PVWatts,Solar_Delhi,,solar,29.568,,21,6,1,6
2023-06-18 22:00:00,0.0,0.0,0.0,28.804,28.804,0.0,0.0,PVWatts,Solar_Delhi,,solar,28.804,,22,6,1,6
2023-06-18 23:00:00,0.0,0.0,0.0,28.102,28.102,0.0,0.0,PVWatts,Solar_Delhi,,solar,28.102,,23,6,1,6
2023-06-19 00:00:00,0.0,0.0,0.0,27.544,27.544,0.0,0.0,PVWatts,Solar_Delhi,,solar,27.544,,0,0,0,6
2023-06-19 01:00:00,0.0,0.0,0.0,27.032,27.032,0.0,0.0,PVWatts,Solar_Delhi,,solar,27.032,,1,0,0,6
2023-06-19 02:00:00,0.0,0.0,0.0,26.495,26.495,0.0,0.0,PVWatts,Solar_Delhi,,solar,26.495,,2,0,0,6
2023-06-19 03:00:00,0.0,0.0,0.0,25.993,25.993,0.0,0.0,PVWatts,Solar_Delhi,,solar,25.993,,3,0,0,6
2023-06-19 04:00:00,0.0,0.0,0.0,25.509,0.0,0.0,0.0,PVWatts,Solar_Delhi,,solar,25.509,,4,0,0,6
2023-06-19 05:00:00,0.0,0.0,0.0,25.863,0.0,0.0,0.0,PVWatts,Solar_Delhi,,solar,25.863,,5,0,0,6
2023-06-19 06:00:00,1977.114,2214.112,70.673,28.039,30.543,1.977114,2.214112,PVWatts,Solar_Delhi,,solar,28.039,,6,0,0,6
2023-06-19 07:00:00,7445.378,7883.256,255.352,31.722,43.806,7.445378,7.883256,PVWatts,Solar_Delhi,,solar,31.722,,7,0,0,6
2023-06-19 08:00:00,13236.999,13887.636,468.881,35.039,57.227,13.236998999999999,13.887636,PVWatts,Solar_Delhi,,solar,35.039,,8,0,0,6
2023-06-19 09:00:00,17352.731,18154.562,644.66,37.479,67.924,17.352731,18.154562000000002,PVWatts,Solar_Delhi,,solar,37.479,,9,0,0,6
2023-06-19 10:00:00,21156.289,22097.846,782.687,39.215,66.788,21.156289,22.097846,PVWatts,Solar_Delhi,,solar,39.215,,10,0,0,6
2023-06-19 11:00:00,22181.491,23160.71,832.916,40.458,69.789,22.181491,23.160709999999998,PVWatts,Solar_Delhi,,solar,40.458,,11,0,0,6
2023-06-19 12:00:00,23343.157,24365.05,887.207,41.163,72.407,23.343156999999998,24.36505,PVWatts,Solar_Delhi,,solar,41.163,,12,0,0,6
2023-06-19 13:00:00,21950.736,22921.477,824.357,41.309,70.36,21.950736,22.921477,PVWatts,Solar_Delhi,,solar,41.309,,13,0,0,6
2023-06-19 14:00:00,19575.896,20459.396,700.409,40.854,60.569,19.575896,20.459396,PVWatts,Solar_Delhi,,solar,40.854,,14,0,0,6
2023-06-19 15:00:00,15202.862,15925.716,528.91,39.852,54.773,15.202862,15.925716,PVWatts,Solar_Delhi,,solar,39.852,,15,0,0,6
2023-06-19 16:00:00,9904.829,10433.056,346.738,38.388,50.622,9.904829,10.433056,PVWatts,Solar_Delhi,,solar,38.388,,16,0,0,6
2023-06-19 17:00:00,3904.256,4212.048,138.257,36.722,41.609,3.9042559999999997,4.212047999999999,PVWatts,Solar_Delhi,,solar,36.722,,17,0,0,6
2023-06-19 18:00:00,742.417,934.057,41.42,33.969,35.315,0.742417,0.934057,PVWatts,Solar_Delhi,,solar,33.969,,18,0,0,6
2023-06-19 19:00:00,0.0,0.0,0.0,32.149,32.149,0.0,0.0,PVWatts,Solar_Delhi,,solar,32.149,,19,0,0,6
2023-06-19 20:00:00,0.0,0.0,0.0,32.584,32.584,0.0,0.0,PVWatts,Solar_Delhi,,solar,32.584,,20,0,0,6
2023-06-19 21:00:00,0.0,0.0,0.0,31.84,31.84,0.0,0.0,PVWatts,Solar_Delhi,,solar,31.84,,21,0,0,6
2023-06-19 22:00:00,0.0,0.0,0.0,31.625,31.625,0.0,0.0,PVWatts,Solar_Delhi,,solar,31.625,,22,0,0,6
2023-06-19 23:00:00,0.0,0.0,0.0,30.92,30.92,0.0,0.0,PVWatts,Solar_Delhi,,solar,30.92,,23,0,0,6
2023-06-20 00:00:00,0.0,0.0,0.0,30.207,30.207,0.0,0.0,PVWatts,Solar_Delhi,,solar,30.207,,0,1,0,6
2023-06-20 01:00:00,0.0,0.0,0.0,29.478,29.478,0.0,0.0,PVWatts,Solar_Delhi,,solar,29.478,,1,1,0,6
2023-06-20 02:00:00,0.0,0.0,0.0,28.771,28.771,0.0,0.0,PVWatts,Solar_Delhi,,solar,28.771,,2,1,0,6
2023-06-20 03:00:00,0.0,0.0,0.0,28.098,28.098,0.0,0.0,PVWatts,Solar_Delhi,,solar,28.098,,3,1,0,6
2023-06-20 04:00:00,0.0,0.0,0.0,27.521,0.0,0.0,0.0,PVWatts,Solar_Delhi,,solar,27.521,,4,1,0,6
2023-06-20 05:00:00,0.0,0.0,0.0,27.911,0.0,0.0,0.0,PVWatts,Solar_Delhi,,solar,27.911,,5,1,0,6
2023-06-20 06:00:00,2049.919,2289.591,73.561,29.622,31.699,2.049919,2.2895909999999997,PVWatts,Solar_Delhi,,solar,29.622,,6,1,0,6
2023-06-20 07:00:00,7627.221,8071.779,259.598,33.105,42.279,7.627221,8.071779000000001,PVWatts,Solar_Delhi,,solar,33.105,,7,1,0,6
2023-06-20 08:00:00,13651.285,14317.14,468.617,36.963,50.172,13.651285,14.31714,PVWatts,Solar_Delhi,,solar,36.963,,8,1,0,6
2023-06-20 09:00:00,18493.876,19337.628,656.36,39.672,58.139,18.493876,19.337628000000002,PVWatts,Solar_Delhi,,solar,39.672,,9,1,0,6
2023-06-20 10:00:00,21831.936,22798.313,797.881,41.801,64.223,21.831936000000002,22.798312999999997,PVWatts,Solar_Delhi,,solar,41.801,,10,1,0,6
2023-06-20 11:00:00,23702.253,24737.338,883.293,43.295,68.103,23.702253,24.737338,PVWatts,Solar_Delhi,,solar,43.295,,11,1,0,6
2023-06-20 12:00:00,23777.299,24815.14,890.139,44.153,69.156,23.777299,24.81514,PVWatts,Solar_Delhi,,solar,44.153,,12,1,0,6
2023-06-20 13:00:00,22381.656,23368.227,830.324,44.368,67.706,22.381656,23.368226999999997,PVWatts,Solar_Delhi,,solar,44.368,,13,1,0,6
2023-06-20 14:00:00,19578.18,20461.764,711.218,43.897,63.916,19.57818,20.461764,PVWatts,Solar_Delhi,,solar,43.897,,14,1,0,6
2023-06-20 15:00:00,15030.057,15746.563,530.04,42.878,57.831,15.030057000000001,15.746563,PVWatts,Solar_Delhi,,solar,42.878,,15,1,0,6
2023-06-20 16:00:00,9857.103,10383.577,346.39,41.488,51.234,9.857102999999999,10.383576999999999,PVWatts,Solar_Delhi,,solar,41.488,,16,1,0,6
2023-06-20 17:00:00,4671.648,5007.631,170.479,39.834,44.6,4.671648,5.007631,PVWatts,Solar_Delhi,,solar,39.834,,17,1,0,6
2023-06-20 18:00:00,765.953,958.457,42.669,37.734,39.127,0.765953,0.958457,PVWatts,Solar_Delhi,,solar,37.734,,18,1,0,6
2023-06-20 19:00:00,0.0,0.0,0.0,35.687,35.687,0.0,0.0,PVWatts,Solar_Delhi,,solar,35.687,,19,1,0,6
2023-06-20 20:00:00,0.0,0.0,0.0,35.905,35.905,0.0,0.0,PVWatts,Solar_Delhi,,solar,35.905,,20,1,0,6
2023-06-20 21:00:00,0.0,0.0,0.0,35.18,35.18,0.0,0.0,PVWatts,Solar_Delhi,,solar,35.18,,21,1,0,6
2023-06-20 22:00:00,0.0,0.0,0.0,34.534,34.534,0.0,0.0,PVWatts,Solar_Delhi,,solar,34.534,,22,1,0,6
2023-06-20 23:00:00,0.0,0.0,0.0,33.729,33.729,0.0,0.0,PVWatts,Solar_Delhi,,solar,33.729,,23,1,0,6
2023-06-21 00:00:00,0.0,0.0,0.0,33.015,33.015,0.0,0.0,PVWatts,Solar_Delhi,,solar,33.015,,0,2,0,6
2023-06-21 01:00:00,0.0,0.0,0.0,32.317,32.317,0.0,0.0,PVWatts,Solar_Delhi,,solar,32.317,,1,2,0,6
2023-06-21 02:00:00,0.0,0.0,0.0,31.702,31.702,0.0,0.0,PVWatts,Solar_Delhi,,solar,31.702,,2,2,0,6
2023-06-21 03:00:00,0.0,0.0,0.0,31.215,31.215,0.0,0.0,PVWatts,Solar_Delhi,,solar,31.215,,3,2,0,6
2023-06-21 04:00:00,0.0,0.0,0.0,30.875,0.0,0.0,0.0,PVWatts,Solar_Delhi,,solar,30.875,,4,2,0,6
2023-06-21 05:00:00,0.0,0.0,0.0,31.379,0.0,0.0,0.0,PVWatts,Solar_Delhi,,solar,31.379,,5,2,0,6
2023-06-21 06:00:00,2092.617,2333.857,76.226,33.363,35.153,2.092617,2.333857,PVWatts,Solar_Delhi,,solar,33.363,,6,2,0,6
2023-06-21 07:00:00,7604.345,8048.062,259.011,36.335,42.407,7.604345,8.048062,PVWatts,Solar_Delhi,,solar,36.335,,7,2,0,6
2023-06-21 08:00:00,13696.868,14364.398,466.767,39.11,48.475,13.696868,14.364398,PVWatts,Solar_Delhi,,solar,39.11,,8,2,0,6
2023-06-21 09:00:00,18769.955,19623.848,655.14,41.236,54.358,18.769955000000003,19.623848000000002,PVWatts,Solar_Delhi,,solar,41.236,,9,2,0,6
2023-06-21 10:00:00,22592.033,23586.333,807.388,43.053,59.204,22.592033,23.586333,PVWatts,Solar_Delhi,,solar,43.053,,10,2,0,6
2023-06-21 11:00:00,24225.594,25279.904,877.402,44.31,61.853,24.225594,25.279904,PVWatts,Solar_Delhi,,solar,44.31,,11,2,0,6
2023-06-21 12:00:00,24393.278,25453.748,887.289,45.126,62.868,24.393278,25.453748,PVWatts,Solar_Delhi,,solar,45.126,,12,2,0,6
2023-06-21 13:00:00,22576.131,23569.846,825.584,45.292,64.592,22.576131,23.569846000000002,PVWatts,Solar_Delhi,,solar,45.292,,13,2,0,6
2023-06-21 14:00:00,19518.681,20400.08,700.938,44.97,61.379,19.518681,20.400080000000003,PVWatts,Solar_Delhi,,solar,44.97,,14,2,0,6
2023-06-21 15:00:00,15154.593,15875.674,531.292,44.054,56.519,15.154593,15.875674,PVWatts,Solar_Delhi,,solar,44.054,,15,2,0,6
2023-06-21 16:00:00,9866.858,10393.691,346.154,42.768,50.868,9.866858,10.393691,PVWatts,Solar_Delhi,,solar,42.768,,16,2,0,6
2023-06-21 17:00:00,4694.243,5031.056,171.601,41.095,45.085,4.694243,5.0310559999999995,PVWatts,Solar_Delhi,,solar,41.095,,17,2,0,6
2023-06-21 18:00:00,722.409,913.314,40.407,38.693,39.749,0.722409,0.913314,PVWatts,Solar_Delhi,,solar,38.693,,18,2,0,6
2023-06-21 19:00:00,0.0,0.0,0.0,37.469,37.469,0.0,0.0,PVWatts,Solar_Delhi,,solar,37.469,,19,2,0,6
2023-06-21 20:00:00,0.0,0.0,0.0,36.787,36.787,0.0,0.0,PVWatts,Solar_Delhi,,solar,36.787,,20,2,0,6
2023-06-21 21:00:00,0.0,0.0,0.0,35.944,35.944,0.0,0.0,PVWatts,Solar_Delhi,,solar,35.944,,21,2,0,6
2023-06-21 22:00:00,0.0,0.0,0.0,35.152,35.152,0.0,0.0,PVWatts,Solar_Delhi,,solar,35.152,,22,2,0,6
2023-06-21 23:00:00,0.0,0.0,0.0,34.404,34.404,0.0,0.0,PVWatts,Solar_Delhi,,solar,34.404,,23,2,0,6
2023-06-22 00:00:00,0.0,0.0,0.0,33.794,33.794,0.0,0.0,PVWatts,Solar_Delhi,,solar,33.794,,0,3,0,6
2023-06-22 01:00:00,0.0,0.0,0.0,33.301,33.301,0.0,0.0,PVWatts,Solar_Delhi,,solar,33.301,,1,3,0,6
2023-06-22 02:00:00,0.0,0.0,0.0,32.857,32.857,0.0,0.0,PVWatts,Solar_Delhi,,solar,32.857,,2,3,0,6
2023-06-22 03:00:00,0.0,0.0,0.0,32.341,32.341,0.0,0.0,PVWatts,Solar_Delhi,,solar,32.341,,3,3,0,6
2023-06-22 04:00:00,0.0,0.0,0.0,31.78,0.0,0.0,0.0,PVWatts,Solar_Delhi,,solar,31.78,,4,3,0,6
2023-06-22 05:00:00,0.0,0.0,0.0,31.988,0.0,0.0,0.0,PVWatts,Solar_Delhi,,solar,31.988,,5,3,0,6
2023-06-22 06:00:00,1980.488,2217.609,72.41,33.739,35.195,1.980488,2.217609,PVWatts,Solar_Delhi,,solar,33.739,,6,3,0,6
2023-06-22 07:00:00,7462.255,7900.753,253.133,36.102,41.181,7.462255,7.900753,PVWatts,Solar_Delhi,,solar,36.102,,7,3,0,6
2023-06-22 08:00:00,13710.05,14378.064,466.522,38.775,48.135,13.710049999999999,14.378064,PVWatts,Solar_Delhi,,solar,38.775,,8,3,0,6
2023-06-22 09:00:00,19094.312,19960.121,666.83,41.119,54.473,19.094312000000002,19.960121,PVWatts,Solar_Delhi,,solar,41.119,,9,3,0,6
2023-06-22 10:00:00,22479.82,23469.998,803.512,43.161,59.234,22.47982,23.469998,PVWatts,Solar_Delhi,,solar,43.161,,10,3,0,6
2023-06-22 11:00:00,23903.26,24945.729,878.32,44.511,65.027,23.90326,24.945729,PVWatts,Solar_Delhi,,solar,44.511,,11,3,0,6
2023-06-22 12:00:00,24038.882,25086.333,887.386,45.373,66.103,24.038882,25.086333,PVWatts,Solar_Delhi,,solar,45.373,,12,3,0,6
2023-06-22 13:00:00,22613.15,23608.226,828.857,45.695,65.071,22.61315,23.608226,PVWatts,Solar_Delhi,,solar,45.695,,13,3,0,6
2023-06-22 14:00:00,19710.441,20598.884,710.076,45.443,62.065,19.710441,20.598883999999998,PVWatts,Solar_Delhi,,solar,45.443,,14,3,0,6
2023-06-22 15:00:00,15254.429,15979.177,531.614,44.501,55.177,15.254429,15.979177,PVWatts,Solar_Delhi,,solar,44.501,,15,3,0,6
2023-06-22 16:00:00,9884.532,10412.013,347.345,43.173,51.301,9.884532,10.412013,PVWatts,Solar_Delhi,,solar,43.173,,16,3,0,6
2023-06-22 17:00:00,4561.036,4892.956,167.652,41.476,45.372,4.561036,4.892956,PVWatts,Solar_Delhi,,solar,41.476,,17,3,0,6
2023-06-22 18:00:00,688.274,877.925,38.612,39.2,40.214,0.688274,0.877925,PVWatts,Solar_Delhi,,solar,39.2,,18,3,0,6
2023-06-22 19:00:00,0.0,0.0,0.0,37.873,37.873,0.0,0.0,PVWatts,Solar_Delhi,,solar,37.873,,19,3,0,6
2023-06-22 20:00:00,0.0,0.0,0.0,37.165,37.165,0.0,0.0,PVWatts,Solar_Delhi,,solar,37.165,,20,3,0,6
2023-06-22 21:00:00,0.0,0.0,0.0,36.355,36.355,0.0,0.0,PVWatts,Solar_Delhi,,solar,36.355,,21,3,0,6
2023-06-22 22:00:00,0.0,0.0,0.0,35.588,35.588,0.0,0.0,PVWatts,Solar_Delhi,,solar,35.588,,22,3,0,6
2023-06-22 23:00:00,0.0,0.0,0.0,34.806,34.806,0.0,0.0,PVWatts,Solar_Delhi,,solar,34.806,,23,3,0,6
2023-06-23 00:00:00,0.0,0.0,0.0,34.118,34.118,0.0,0.0,PVWatts,Solar_Delhi,,solar,34.118,,0,4,0,6
2023-06-23 01:00:00,0.0,0.0,0.0,33.504,33.504,0.0,0.0,PVWatts,Solar_Delhi,,solar,33.504,,1,4,0,6
2023-06-23 02:00:00,0.0,0.0,0.0,32.944,32.944,0.0,0.0,PVWatts,Solar_Delhi,,solar,32.944,,2,4,0,6
2023-06-23 03:00:00,0.0,0.0,0.0,32.376,32.376,0.0,0.0,PVWatts,Solar_Delhi,,solar,32.376,,3,4,0,6
2023-06-23 04:00:00,0.0,0.0,0.0,31.812,0.0,0.0,0.0,PVWatts,Solar_Delhi,,solar,31.812,,4,4,0,6
2023-06-23 05:00:00,0.0,0.0,0.0,31.946,0.0,0.0,0.0,PVWatts,Solar_Delhi,,solar,31.946,,5,4,0,6
2023-06-23 06:00:00,1948.243,2184.18,71.271,33.585,35.018,1.948243,2.18418,PVWatts,Solar_Delhi,,solar,33.585,,6,4,0,6
2023-06-23 07:00:00,7070.314,7494.413,240.631,36.447,41.275,7.070314000000001,7.494413,PVWatts,Solar_Delhi,,solar,36.447,,7,4,0,6
2023-06-23 08:00:00,13121.388,13767.778,447.718,39.237,48.218,13.121388000000001,13.767778,PVWatts,Solar_Delhi,,solar,39.237,,8,4,0,6
2023-06-23 09:00:00,18356.034,19194.722,641.635,41.636,54.485,18.356034,19.194722000000002,PVWatts,Solar_Delhi,,solar,41.636,,9,4,0,6
2023-06-23 10:00:00,21952.16,22922.954,785.492,43.751,59.463,21.95216,22.922954,PVWatts,Solar_Delhi,,solar,43.751,,10,4,0,6
2023-06-23 11:00:00,24114.387,25164.612,877.326,45.289,62.829,24.114386999999997,25.164612,PVWatts,Solar_Delhi,,solar,45.289,,11,4,0,6
2023-06-23 12:00:00,23875.961,24917.427,884.605,46.236,66.9,23.875961,24.917427,PVWatts,Solar_Delhi,,solar,46.236,,12,4,0,6
2023-06-23 13:00:00,22476.067,23466.107,826.34,46.413,65.73,22.476067,23.466107,PVWatts,Solar_Delhi,,solar,46.413,,13,4,0,6
2023-06-23 14:00:00,19622.552,20507.767,708.851,46.062,62.655,19.622552,20.507767,PVWatts,Solar_Delhi,,solar,46.062,,14,4,0,6
2023-06-23 15:00:00,15479.802,16212.829,545.799,45.054,57.858,15.479802,16.212829,PVWatts,Solar_Delhi,,solar,45.054,,15,4,0,6
2023-06-23 16:00:00,9852.513,10378.818,349.34,43.755,53.587,9.852513,10.378817999999999,PVWatts,Solar_Delhi,,solar,43.755,,16,4,0,6
2023-06-23 17:00:00,4334.027,4657.607,158.013,42.029,46.464,4.334027,4.657607,PVWatts,Solar_Delhi,,solar,42.029,,17,4,0,6
2023-06-23 18:00:00,752.763,944.783,41.16,39.779,40.863,0.7527630000000001,0.944783,PVWatts,Solar_Delhi,,solar,39.779,,18,4,0,6
2023-06-23 19:00:00,0.0,0.0,0.0,38.497,38.497,0.0,0.0,PVWatts,Solar_Delhi,,solar,38.497,,19,4,0,6
2023-06-23 20:00:00,0.0,0.0,0.0,37.858,37.858,0.0,0.0,PVWatts,Solar_Delhi,,solar,37.858,,20,4,0,6
2023-06-23 21:00:00,0.0,0.0,0.0,37.021,37.021,0.0,0.0,PVWatts,Solar_Delhi,,solar,37.021,,21,4,0,6
2023-06-23 22:00:00,0.0,0.0,0.0,36.273,36.273,0.0,0.0,PVWatts,Solar_Delhi,,solar,36.273,,22,4,0,6
2023-06-23 23:00:00,0.0,0.0,0.0,35.485,35.485,0.0,0.0,PVWatts,Solar_Delhi,,solar,35.485,,23,4,0,6
2023-06-24 00:00:00,0.0,0.0,0.0,34.648,34.648,0.0,0.0,PVWatts,Solar_Delhi,,solar,34.648,,0,5,1,6
2023-06-24 01:00:00,0.0,0.0,0.0,33.976,33.976,0.0,0.0,PVWatts,Solar_Delhi,,solar,33.976,,1,5,1,6
2023-06-24 02:00:00,0.0,0.0,0.0,33.292,33.292,0.0,0.0,PVWatts,Solar_Delhi,,solar,33.292,,2,5,1,6
2023-06-24 03:00:00,0.0,0.0,0.0,32.868,32.868,0.0,0.0,PVWatts,Solar_Delhi,,solar,32.868,,3,5,1,6
2023-06-24 04:00:00,0.0,0.0,0.0,32.487,0.0,0.0,0.0,PVWatts,Solar_Delhi,,solar,32.487,,4,5,1,6
2023-06-24 05:00:00,0.0,0.0,0.0,32.535,0.0,0.0,0.0,PVWatts,Solar_Delhi,,solar,32.535,,5,5,1,6
2023-06-24 06:00:00,1945.191,2181.016,71.261,33.623,35.297,1.9451910000000001,2.181016,PVWatts,Solar_Delhi,,solar,33.623,,6,5,1,6
2023-06-24 07:00:00,7037.877,7460.785,241.004,35.885,42.678,7.037877000000001,7.460785,PVWatts,Solar_Delhi,,solar,35.885,,7,5,1,6
2023-06-24 08:00:00,13222.805,13872.921,452.957,38.687,49.304,13.222805000000001,13.872921,PVWatts,Solar_Delhi,,solar,38.687,,8,5,1,6
2023-06-24 09:00:00,18340.823,19178.952,647.226,41.604,56.748,18.340823,19.178952000000002,PVWatts,Solar_Delhi,,solar,41.604,,9,5,1,6
2023-06-24 10:00:00,21953.109,22923.938,795.784,43.772,62.37,21.953109,22.923938,PVWatts,Solar_Delhi,,solar,43.772,,10,5,1,6
2023-06-24 11:00:00,23737.898,24774.292,871.517,44.482,64.84,23.737898,24.774292000000003,PVWatts,Solar_Delhi,,solar,44.482,,11,5,1,6
2023-06-24 12:00:00,21825.474,22791.613,811.582,44.739,67.531,21.825474,22.791613,PVWatts,Solar_Delhi,,solar,44.739,,12,5,1,6
2023-06-24 13:00:00,20242.994,21151.0,747.501,45.099,66.098,20.242994,21.151,PVWatts,Solar_Delhi,,solar,45.099,,13,5,1,6
2023-06-24 14:00:00,15879.078,16626.773,575.802,45.121,61.302,15.879078,16.626773,PVWatts,Solar_Delhi,,solar,45.121,,14,5,1,6
2023-06-24 15:00:00,13790.537,14461.508,498.273,44.348,61.955,13.790537,14.461508,PVWatts,Solar_Delhi,,solar,44.348,,15,5,1,6
2023-06-24 16:00:00,9135.149,9635.101,325.403,43.011,54.502,9.135149,9.635101,PVWatts,Solar_Delhi,,solar,43.011,,16,5,1,6
2023-06-24 17:00:00,4219.346,4538.713,152.863,41.263,45.559,4.219346,4.5387129999999996,PVWatts,Solar_Delhi,,solar,41.263,,17,5,1,6
2023-06-24 18:00:00,539.322,723.501,33.103,39.042,39.756,0.539322,0.723501,PVWatts,Solar_Delhi,,solar,39.042,,18,5,1,6
2023-06-24 19:00:00,0.0,0.0,0.0,37.214,37.214,0.0,0.0,PVWatts,Solar_Delhi,,solar,37.214,,19,5,1,6
2023-06-24 20:00:00,0.0,0.0,0.0,35.476,35.476,0.0,0.0,PVWatts,Solar_Delhi,,solar,35.476,,20,5,1,6
2023-06-24 21:00:00,0.0,0.0,0.0,33.992,33.992,0.0,0.0,PVWatts,Solar_Delhi,,solar,33.992,,21,5,1,6
2023-06-24 22:00:00,0.0,0.0,0.0,32.759,32.759,0.0,0.0,PVWatts,Solar_Delhi,,solar,32.759,,22,5,1,6
2023-06-24 23:00:00,0.0,0.0,0.0,31.697,31.697,0.0,0.0,PVWatts,Solar_Delhi,,solar,31.697,,23,5,1,6
2023-06-25 00:00:00,0.0,0.0,0.0,30.839,30.839,0.0,0.0,PVWatts,Solar_Delhi,,solar,30.839,,0,6,1,6
2023-06-25 01:00:00,0.0,0.0,0.0,30.083,30.083,0.0,0.0,PVWatts,Solar_Delhi,,solar,30.083,,1,6,1,6
2023-06-25 02:00:00,0.0,0.0,0.0,29.546,29.546,0.0,0.0,PVWatts,Solar_Delhi,,solar,29.546,,2,6,1,6
2023-06-25 03:00:00,0.0,0.0,0.0,29.11,29.11,0.0,0.0,PVWatts,Solar_Delhi,,solar,29.11,,3,6,1,6
2023-06-25 04:00:00,0.0,0.0,0.0,28.777,0.0,0.0,0.0,PVWatts,Solar_Delhi,,solar,28.777,,4,6,1,6
2023-06-25 05:00:00,0.0,0.0,0.0,28.751,0.0,0.0,0.0,PVWatts,Solar_Delhi,,solar,28.751,,5,6,1,6
2023-06-25 06:00:00,2245.656,2492.518,80.033,29.15,31.026,2.245656,2.492518,PVWatts,Solar_Delhi,,solar,29.15,,6,6,1,6
2023-06-25 07:00:00,7958.346,8415.068,263.189,29.59,35.759,7.958346,8.415068,PVWatts,Solar_Delhi,,solar,29.59,,7,6,1,6
2023-06-25 08:00:00,14011.496,14690.585,462.944,30.187,41.038,14.011496,14.690584999999999,PVWatts,Solar_Delhi,,solar,30.187,,8,6,1,6
2023-06-25 09:00:00,15015.441,15731.409,509.76,30.857,45.175,15.015441000000001,15.731409,PVWatts,Solar_Delhi,,solar,30.857,,9,6,1,6
2023-06-25 10:00:00,21698.038,22659.497,755.594,31.795,53.023,21.698038,22.659496999999998,PVWatts,Solar_Delhi,,solar,31.795,,10,6,1,6
2023-06-25 11:00:00,23136.467,24150.767,812.415,31.913,54.729,23.136467,24.150767,PVWatts,Solar_Delhi,,solar,31.913,,11,6,1,6
2023-06-25 12:00:00,22365.878,23351.87,784.936,32.026,54.057,22.365878000000002,23.351869999999998,PVWatts,Solar_Delhi,,solar,32.026,,12,6,1,6
2023-06-25 13:00:00,18566.306,19412.719,642.102,31.889,49.907,18.566306,19.412719000000003,PVWatts,Solar_Delhi,,solar,31.889,,13,6,1,6
2023-06-25 14:00:00,20372.895,21285.673,700.371,31.651,51.363,20.372895,21.285673,PVWatts,Solar_Delhi,,solar,31.651,,14,6,1,6
2023-06-25 15:00:00,11230.959,11807.902,377.53,31.463,42.087,11.230959,11.807902,PVWatts,Solar_Delhi,,solar,31.463,,15,6,1,6
2023-06-25 16:00:00,8062.827,8523.387,269.502,31.103,38.701,8.062827,8.523387000000001,PVWatts,Solar_Delhi,,solar,31.103,,16,6,1,6
2023-06-25 17:00:00,3479.155,3771.331,119.6,30.686,34.065,3.479155,3.771331,PVWatts,Solar_Delhi,,solar,30.686,,17,6,1,6
2023-06-25 18:00:00,816.087,1010.434,43.234,30.161,31.287,0.816087,1.010434,PVWatts,Solar_Delhi,,solar,30.161,,18,6,1,6
2023-06-25 19:00:00,0.0,0.0,0.0,29.86,29.86,0.0,0.0,PVWatts,Solar_Delhi,,solar,29.86,,19,6,1,6
2023-06-25 20:00:00,0.0,0.0,0.0,29.64,29.64,0.0,0.0,PVWatts,Solar_Delhi,,solar,29.64,,20,6,1,6
2023-06-25 21:00:00,0.0,0.0,0.0,29.372,29.372,0.0,0.0,PVWatts,Solar_Delhi,,solar,29.372,,21,6,1,6
2023-06-25 22:00:00,0.0,0.0,0.0,29.157,29.157,0.0,0.0,PVWatts,Solar_Delhi,,solar,29.157,,22,6,1,6
2023-06-25 23:00:00,0.0,0.0,0.0,28.913,28.913,0.0,0.0,PVWatts,Solar_Delhi,,solar,28.913,,23,6,1,6
2023-06-26 00:00:00,0.0,0.0,0.0,28.696,28.696,0.0,0.0,PVWatts,Solar_Delhi,,solar,28.696,,0,0,0,6
2023-06-26 01:00:00,0.0,0.0,0.0,28.545,28.545,0.0,0.0,PVWatts,Solar_Delhi,,solar,28.545,,1,0,0,6
2023-06-26 02:00:00,0.0,0.0,0.0,28.303,28.303,0.0,0.0,PVWatts,Solar_Delhi,,solar,28.303,,2,0,0,6
2023-06-26 03:00:00,0.0,0.0,0.0,28.099,28.099,0.0,0.0,PVWatts,Solar_Delhi,,solar,28.099,,3,0,0,6
2023-06-26 04:00:00,0.0,0.0,0.0,27.873,0.0,0.0,0.0,PVWatts,Solar_Delhi,,solar,27.873,,4,0,0,6
2023-06-26 05:00:00,0.0,0.0,0.0,28.177,0.0,0.0,0.0,PVWatts,Solar_Delhi,,solar,28.177,,5,0,0,6
2023-06-26 06:00:00,1071.645,1275.379,41.737,29.755,30.935,1.071645,1.2753789999999998,PVWatts,Solar_Delhi,,solar,29.755,,6,0,0,6
2023-06-26 07:00:00,4299.669,4621.986,147.628,31.708,35.87,4.299669,4.621986,PVWatts,Solar_Delhi,,solar,31.708,,7,0,0,6
2023-06-26 08:00:00,9333.057,9840.28,316.06,32.788,41.679,9.333057,9.84028,PVWatts,Solar_Delhi,,solar,32.788,,8,0,0,6
2023-06-26 09:00:00,8073.126,8534.065,280.183,33.303,43.152,8.073126,8.534065,PVWatts,Solar_Delhi,,solar,33.303,,9,0,0,6
2023-06-26 10:00:00,20037.532,20937.99,718.273,33.565,58.845,20.037532,20.937990000000003,PVWatts,Solar_Delhi,,solar,33.565,,10,0,0,6
2023-06-26 11:00:00,20535.812,21454.575,739.273,33.348,59.349,20.535812,21.454575000000002,PVWatts,Solar_Delhi,,solar,33.348,,11,0,0,6
2023-06-26 12:00:00,17810.225,18628.863,635.123,33.646,55.964,17.810225,18.628863000000003,PVWatts,Solar_Delhi,,solar,33.646,,12,0,0,6
2023-06-26 13:00:00,22461.497,23451.002,811.163,33.015,61.594,22.461496999999998,23.451002,PVWatts,Solar_Delhi,,solar,33.015,,13,0,0,6
2023-06-26 14:00:00,15857.727,16604.637,571.166,32.764,59.708,15.857727,16.604637,PVWatts,Solar_Delhi,,solar,32.764,,14,0,0,6
2023-06-26 15:00:00,14748.131,15454.28,520.088,32.564,57.181,14.748130999999999,15.45428,PVWatts,Solar_Delhi,,solar,32.564,,15,0,0,6
2023-06-26 16:00:00,9743.163,10265.452,337.669,32.296,48.254,9.743163000000001,10.265452,PVWatts,Solar_Delhi,,solar,32.296,,16,0,0,6
2023-06-26 17:00:00,4671.885,5007.876,165.224,31.803,39.58,4.6718850000000005,5.007876,PVWatts,Solar_Delhi,,solar,31.803,,17,0,0,6
2023-06-26 18:00:00,818.148,1012.57,43.295,31.295,32.712,0.818148,1.01257,PVWatts,Solar_Delhi,,solar,31.295,,18,0,0,6
2023-06-26 19:00:00,0.0,0.0,0.0,30.793,30.793,0.0,0.0,PVWatts,Solar_Delhi,,solar,30.793,,19,0,0,6
2023-06-26 20:00:00,0.0,0.0,0.0,30.548,30.548,0.0,0.0,PVWatts,Solar_Delhi,,solar,30.548,,20,0,0,6
2023-06-26 21:00:00,0.0,0.0,0.0,30.255,30.255,0.0,0.0,PVWatts,Solar_Delhi,,solar,30.255,,21,0,0,6
2023-06-26 22:00:00,0.0,0.0,0.0,29.916,29.916,0.0,0.0,PVWatts,Solar_Delhi,,solar,29.916,,22,0,0,6
2023-06-26 23:00:00,0.0,0.0,0.0,29.597,29.597,0.0,0.0,PVWatts,Solar_Delhi,,solar,29.597,,23,0,0,6
2023-06-27 00:00:00,0.0,0.0,0.0,29.324,29.324,0.0,0.0,PVWatts,Solar_Delhi,,solar,29.324,,0,1,0,6
2023-06-27 01:00:00,0.0,0.0,0.0,28.959,28.959,0.0,0.0,PVWatts,Solar_Delhi,,solar,28.959,,1,1,0,6
2023-06-27 02:00:00,0.0,0.0,0.0,28.693,28.693,0.0,0.0,PVWatts,Solar_Delhi,,solar,28.693,,2,1,0,6
2023-06-27 03:00:00,0.0,0.0,0.0,28.321,28.321,0.0,0.0,PVWatts,Solar_Delhi,,solar,28.321,,3,1,0,6
2023-06-27 04:00:00,0.0,0.0,0.0,27.993,0.0,0.0,0.0,PVWatts,Solar_Delhi,,solar,27.993,,4,1,0,6
2023-06-27 05:00:00,0.0,0.0,0.0,27.818,0.0,0.0,0.0,PVWatts,Solar_Delhi,,solar,27.818,,5,1,0,6
2023-06-27 06:00:00,2236.049,2482.559,79.568,27.996,30.809,2.236049,2.482559,PVWatts,Solar_Delhi,,solar,27.996,,6,1,0,6
2023-06-27 07:00:00,6883.836,7301.085,230.163,28.512,36.646,6.8838360000000005,7.301085,PVWatts,Solar_Delhi,,solar,28.512,,7,1,0,6
2023-06-27 08:00:00,11020.255,11589.458,378.444,29.4,47.284,11.020254999999999,11.589458,PVWatts,Solar_Delhi,,solar,29.4,,8,1,0,6
2023-06-27 09:00:00,16752.938,17532.735,598.18,30.256,58.492,16.752937999999997,17.532735,PVWatts,Solar_Delhi,,solar,30.256,,9,1,0,6
2023-06-27 10:00:00,19239.084,20110.211,706.229,30.973,64.266,19.239084,20.110211,PVWatts,Solar_Delhi,,solar,30.973,,10,1,0,6
2023-06-27 11:00:00,21123.544,22063.898,792.268,31.77,69.113,21.123544000000003,22.063898000000002,PVWatts,Solar_Delhi,,solar,31.77,,11,1,0,6
2023-06-27 12:00:00,20379.214,21292.225,761.755,32.02,67.907,20.379214,21.292225,PVWatts,Solar_Delhi,,solar,32.02,,12,1,0,6
2023-06-27 13:00:00,15891.398,16639.546,574.599,32.084,59.142,15.891397999999999,16.639546,PVWatts,Solar_Delhi,,solar,32.084,,13,1,0,6
2023-06-27 14:00:00,19089.445,19955.075,698.111,32.238,65.223,19.089445,19.955075,PVWatts,Solar_Delhi,,solar,32.238,,14,1,0,6
2023-06-27 15:00:00,15322.952,16050.218,540.334,31.902,57.479,15.322951999999999,16.050218,PVWatts,Solar_Delhi,,solar,31.902,,15,1,0,6
2023-06-27 16:00:00,4910.169,5254.914,169.118,31.47,39.48,4.910169,5.254913999999999,PVWatts,Solar_Delhi,,solar,31.47,,16,1,0,6
2023-06-27 17:00:00,3574.36,3870.033,123.332,30.935,35.303,3.57436,3.870033,PVWatts,Solar_Delhi,,solar,30.935,,17,1,0,6
2023-06-27 18:00:00,433.085,613.361,26.493,30.116,30.986,0.433085,0.613361,PVWatts,Solar_Delhi,,solar,30.116,,18,1,0,6
2023-06-27 19:00:00,0.0,0.0,0.0,29.625,29.625,0.0,0.0,PVWatts,Solar_Delhi,,solar,29.625,,19,1,0,6
2023-06-27 20:00:00,0.0,0.0,0.0,29.405,29.405,0.0,0.0,PVWatts,Solar_Delhi,,solar,29.405,,20,1,0,6
2023-06-27 21:00:00,0.0,0.0,0.0,29.234,29.234,0.0,0.0,PVWatts,Solar_Delhi,,solar,29.234,,21,1,0,6
2023-06-27 22:00:00,0.0,0.0,0.0,29.225,29.225,0.0,0.0,PVWatts,Solar_Delhi,,solar,29.225,,22,1,0,6
2023-06-27 23:00:00,0.0,0.0,0.0,29.234,29.234,0.0,0.0,PVWatts,Solar_Delhi,,solar,29.234,,23,1,0,6
2023-06-28 00:00:00,0.0,0.0,0.0,29.058,29.058,0.0,0.0,PVWatts,Solar_Delhi,,solar,29.058,,0,2,0,6
2023-06-28 01:00:00,0.0,0.0,0.0,28.733,28.733,0.0,0.0,PVWatts,Solar_Delhi,,solar,28.733,,1,2,0,6
2023-06-28 02:00:00,0.0,0.0,0.0,28.398,28.398,0.0,0.0,PVWatts,Solar_Delhi,,solar,28.398,,2,2,0,6
2023-06-28 03:00:00,0.0,0.0,0.0,28.078,28.078,0.0,0.0,PVWatts,Solar_Delhi,,solar,28.078,,3,2,0,6
2023-06-28 04:00:00,0.0,0.0,0.0,27.664,0.0,0.0,0.0,PVWatts,Solar_Delhi,,solar,27.664,,4,2,0,6
2023-06-28 05:00:00,0.0,0.0,0.0,27.498,0.0,0.0,0.0,PVWatts,Solar_Delhi,,solar,27.498,,5,2,0,6
2023-06-28 06:00:00,1406.693,1622.735,52.206,27.759,29.61,1.406693,1.6227349999999998,PVWatts,Solar_Delhi,,solar,27.759,,6,2,0,6
2023-06-28 07:00:00,4419.609,4746.333,149.973,28.26,33.56,4.419609,4.746333,PVWatts,Solar_Delhi,,solar,28.26,,7,2,0,6
2023-06-28 08:00:00,8296.882,8766.04,281.04,30.024,39.93,8.296882,8.76604,PVWatts,Solar_Delhi,,solar,30.024,,8,2,0,6
2023-06-28 09:00:00,15485.313,16218.543,537.078,31.857,50.777,15.485313,16.218543,PVWatts,Solar_Delhi,,solar,31.857,,9,2,0,6
2023-06-28 10:00:00,19656.047,20542.492,699.127,32.429,57.035,19.656046999999997,20.542492,PVWatts,Solar_Delhi,,solar,32.429,,10,2,0,6
2023-06-28 11:00:00,24438.106,25500.223,865.97,32.556,56.878,24.438106,25.500223000000002,PVWatts,Solar_Delhi,,solar,32.556,,11,2,0,6
2023-06-28 12:00:00,22345.26,23330.494,806.613,32.477,60.873,22.34526,23.330493999999998,PVWatts,Solar_Delhi,,solar,32.477,,12,2,0,6
2023-06-28 13:00:00,22688.451,23686.293,818.65,32.71,61.558,22.688451,23.686293000000003,PVWatts,Solar_Delhi,,solar,32.71,,13,2,0,6
2023-06-28 14:00:00,14378.365,15070.931,500.02,32.836,50.44,14.378365,15.070931,PVWatts,Solar_Delhi,,solar,32.836,,14,2,0,6
2023-06-28 15:00:00,14029.157,14708.894,481.094,32.683,49.675,14.029157,14.708894,PVWatts,Solar_Delhi,,solar,32.683,,15,2,0,6
2023-06-28 16:00:00,8473.848,8949.507,287.271,32.288,42.438,8.473848,8.949506999999999,PVWatts,Solar_Delhi,,solar,32.288,,16,2,0,6
2023-06-28 17:00:00,3846.373,4152.038,133.035,31.777,36.484,3.8463730000000003,4.152037999999999,PVWatts,Solar_Delhi,,solar,31.777,,17,2,0,6
2023-06-28 18:00:00,524.591,708.228,30.325,30.693,31.689,0.524591,0.708228,PVWatts,Solar_Delhi,,solar,30.693,,18,2,0,6
2023-06-28 19:00:00,0.0,0.0,0.0,29.375,29.375,0.0,0.0,PVWatts,Solar_Delhi,,solar,29.375,,19,2,0,6
2023-06-28 20:00:00,0.0,0.0,0.0,28.758,28.758,0.0,0.0,PVWatts,Solar_Delhi,,solar,28.758,,20,2,0,6
2023-06-28 21:00:00,0.0,0.0,0.0,28.525,28.525,0.0,0.0,PVWatts,Solar_Delhi,,solar,28.525,,21,2,0,6
2023-06-28 22:00:00,0.0,0.0,0.0,27.979,27.979,0.0,0.0,PVWatts,Solar_Delhi,,solar,27.979,,22,2,0,6
2023-06-28 23:00:00,0.0,0.0,0.0,27.934,27.934,0.0,0.0,PVWatts,Solar_Delhi,,solar,27.934,,23,2,0,6
2023-06-29 00:00:00,0.0,0.0,0.0,27.315,27.315,0.0,0.0,PVWatts,Solar_Delhi,,solar,27.315,,0,3,0,6
2023-06-29 01:00:00,0.0,0.0,0.0,27.43,27.43,0.0,0.0,PVWatts,Solar_Delhi,,solar,27.43,,1,3,0,6
2023-06-29 02:00:00,0.0,0.0,0.0,26.834,26.834,0.0,0.0,PVWatts,Solar_Delhi,,solar,26.834,,2,3,0,6
2023-06-29 03:00:00,0.0,0.0,0.0,27.111,27.111,0.0,0.0,PVWatts,Solar_Delhi,,solar,27.111,,3,3,0,6
2023-06-29 04:00:00,0.0,0.0,0.0,27.013,0.0,0.0,0.0,PVWatts,Solar_Delhi,,solar,27.013,,4,3,0,6
2023-06-29 05:00:00,0.0,0.0,0.0,27.511,0.0,0.0,0.0,PVWatts,Solar_Delhi,,solar,27.511,,5,3,0,6
2023-06-29 06:00:00,1665.557,1891.109,60.773,29.225,30.943,1.665557,1.891109,PVWatts,Solar_Delhi,,solar,29.225,,6,3,0,6
2023-06-29 07:00:00,6185.612,6577.211,207.969,31.656,36.532,6.185612,6.577211,PVWatts,Solar_Delhi,,solar,31.656,,7,3,0,6
2023-06-29 08:00:00,11982.168,12586.707,402.506,33.795,43.223,11.982168,12.586707,PVWatts,Solar_Delhi,,solar,33.795,,8,3,0,6
2023-06-29 09:00:00,17580.305,18390.495,602.304,35.068,49.152,17.580305,18.390494999999998,PVWatts,Solar_Delhi,,solar,35.068,,9,3,0,6
2023-06-29 10:00:00,20636.669,21559.137,717.75,35.373,52.134,20.636669,21.559137,PVWatts,Solar_Delhi,,solar,35.373,,10,3,0,6
2023-06-29 11:00:00,24193.161,25246.28,851.483,35.54,55.432,24.193161,25.24628,PVWatts,Solar_Delhi,,solar,35.54,,11,3,0,6
2023-06-29 12:00:00,21227.738,22171.919,742.151,35.381,52.697,21.227738000000002,22.171919000000003,PVWatts,Solar_Delhi,,solar,35.381,,12,3,0,6
2023-06-29 13:00:00,22594.893,23589.299,786.756,35.105,53.498,22.594893,23.589299,PVWatts,Solar_Delhi,,solar,35.105,,13,3,0,6
2023-06-29 14:00:00,17514.286,18322.052,600.012,34.796,48.822,17.514286,18.322052,PVWatts,Solar_Delhi,,solar,34.796,,14,3,0,6
2023-06-29 15:00:00,15086.154,15804.721,508.295,34.474,46.389,15.086154,15.804720999999999,PVWatts,Solar_Delhi,,solar,34.474,,15,3,0,6
2023-06-29 16:00:00,9035.454,9531.744,303.79,33.748,40.866,9.035454,9.531744,PVWatts,Solar_Delhi,,solar,33.748,,16,3,0,6
2023-06-29 17:00:00,3269.323,3553.79,113.594,32.886,35.556,3.269323,3.55379,PVWatts,Solar_Delhi,,solar,32.886,,17,3,0,6
2023-06-29 18:00:00,63.093,229.777,10.411,31.842,32.07,0.06309300000000001,0.22977699999999998,PVWatts,Solar_Delhi,,solar,31.842,,18,3,0,6
2023-06-29 19:00:00,0.0,0.0,0.0,31.186,31.186,0.0,0.0,PVWatts,Solar_Delhi,,solar,31.186,,19,3,0,6
2023-06-29 20:00:00,0.0,0.0,0.0,30.708,30.708,0.0,0.0,PVWatts,Solar_Delhi,,solar,30.708,,20,3,0,6
2023-06-29 21:00:00,0.0,0.0,0.0,30.202,30.202,0.0,0.0,PVWatts,Solar_Delhi,,solar,30.202,,21,3,0,6
2023-06-29 22:00:00,0.0,0.0,0.0,29.713,29.713,0.0,0.0,PVWatts,Solar_Delhi,,solar,29.713,,22,3,0,6
2023-06-29 23:00:00,0.0,0.0,0.0,29.283,29.283,0.0,0.0,PVWatts,Solar_Delhi,,solar,29.283,,23,3,0,6
2023-06-30 00:00:00,0.0,0.0,0.0,28.885,28.885,0.0,0.0,PVWatts,Solar_Delhi,,solar,28.885,,0,4,0,6
2023-06-30 01:00:00,0.0,0.0,0.0,28.463,28.463,0.0,0.0,PVWatts,Solar_Delhi,,solar,28.463,,1,4,0,6
2023-06-30 02:00:00,0.0,0.0,0.0,28.049,28.049,0.0,0.0,PVWatts,Solar_Delhi,,solar,28.049,,2,4,0,6
2023-06-30 03:00:00,0.0,0.0,0.0,27.635,27.635,0.0,0.0,PVWatts,Solar_Delhi,,solar,27.635,,3,4,0,6
2023-06-30 04:00:00,0.0,0.0,0.0,27.267,0.0,0.0,0.0,PVWatts,Solar_Delhi,,solar,27.267,,4,4,0,6
2023-06-30 05:00:00,0.0,0.0,0.0,27.493,0.0,0.0,0.0,PVWatts,Solar_Delhi,,solar,27.493,,5,4,0,6
2023-06-30 06:00:00,1165.034,1372.199,44.591,29.087,30.135,1.1650340000000001,1.3721990000000002,PVWatts,Solar_Delhi,,solar,29.087,,6,4,0,6
2023-06-30 07:00:00,5508.475,5875.199,186.091,31.657,36.02,5.508475000000001,5.875198999999999,PVWatts,Solar_Delhi,,solar,31.657,,7,4,0,6
2023-06-30 08:00:00,10621.03,11175.567,356.672,34.212,41.358,10.621030000000001,11.175567,PVWatts,Solar_Delhi,,solar,34.212,,8,4,0,6
2023-06-30 09:00:00,13412.211,14069.285,460.613,35.982,46.736,13.412211,14.069285,PVWatts,Solar_Delhi,,solar,35.982,,9,4,0,6
2023-06-30 10:00:00,19786.998,20678.253,691.145,36.655,52.791,19.786998,20.678253,PVWatts,Solar_Delhi,,solar,36.655,,10,4,0,6
2023-06-30 11:00:00,22012.679,22985.696,777.985,37.485,55.645,22.012679,22.985696,PVWatts,Solar_Delhi,,solar,37.485,,11,4,0,6
2023-06-30 12:00:00,23126.186,24140.108,820.486,37.955,57.12,23.126186,24.140108,PVWatts,Solar_Delhi,,solar,37.955,,12,4,0,6
2023-06-30 13:00:00,23448.24,24473.994,831.255,38.159,57.591,23.448240000000002,24.473993999999998,PVWatts,Solar_Delhi,,solar,38.159,,13,4,0,6
2023-06-30 14:00:00,20467.834,21384.101,714.698,38.289,55.018,20.467834,21.384100999999998,PVWatts,Solar_Delhi,,solar,38.289,,14,4,0,6
2023-06-30 15:00:00,16115.359,16871.734,551.095,38.026,50.953,16.115359,16.871734,PVWatts,Solar_Delhi,,solar,38.026,,15,4,0,6
2023-06-30 16:00:00,10293.53,10836.036,351.843,37.158,45.394,10.29353,10.836036,PVWatts,Solar_Delhi,,solar,37.158,,16,4,0,6
2023-06-30 17:00:00,4939.937,5285.775,176.736,35.953,40.894,4.939937,5.285774999999999,PVWatts,Solar_Delhi,,solar,35.953,,17,4,0,6
2023-06-30 18:00:00,841.824,1037.115,44.018,34.023,35.18,0.8418239999999999,1.037115,PVWatts,Solar_Delhi,,solar,34.023,,18,4,0,6
2023-06-30 19:00:00,0.0,0.0,0.0,33.223,33.223,0.0,0.0,PVWatts,Solar_Delhi,,solar,33.223,,19,4,0,6
2023-06-30 20:00:00,0.0,0.0,0.0,32.74,32.74,0.0,0.0,PVWatts,Solar_Delhi,,solar,32.74,,20,4,0,6
2023-06-30 21:00:00,0.0,0.0,0.0,32.21,32.21,0.0,0.0,PVWatts,Solar_Delhi,,solar,32.21,,21,4,0,6
2023-06-30 22:00:00,0.0,0.0,0.0,31.729,31.729,0.0,0.0,PVWatts,Solar_Delhi,,solar,31.729,,22,4,0,6
2023-06-30 23:00:00,0.0,0.0,0.0,31.126,31.126,0.0,0.0,PVWatts,Solar_Delhi,,solar,31.126,,23,4,0,6
2023-07-01 00:00:00,0.0,0.0,0.0,30.499,30.499,0.0,0.0,PVWatts,Solar_Delhi,,solar,30.499,,0,5,1,7
2023-07-01 01:00:00,0.0,0.0,0.0,29.906,29.906,0.0,0.0,PVWatts,Solar_Delhi,,solar,29.906,,1,5,1,7
2023-07-01 02:00:00,0.0,0.0,0.0,29.383,29.383,0.0,0.0,PVWatts,Solar_Delhi,,solar,29.383,,2,5,1,7
2023-07-01 03:00:00,0.0,0.0,0.0,28.883,28.883,0.0,0.0,PVWatts,Solar_Delhi,,solar,28.883,,3,5,1,7
2023-07-01 04:00:00,0.0,0.0,0.0,28.439,0.0,0.0,0.0,PVWatts,Solar_Delhi,,solar,28.439,,4,5,1,7
2023-07-01 05:00:00,0.0,0.0,0.0,34.039,0.0,0.0,0.0,PVWatts,Solar_Delhi,,solar,34.039,,5,5,1,7
2023-07-01 06:00:00,1687.981,1914.357,63.534,36.512,38.309,1.687981,1.9143569999999999,PVWatts,Solar_Delhi,,solar,36.512,,6,5,1,7
2023-07-01 07:00:00,6649.42,7058.058,232.843,40.57,47.133,6.64942,7.058058,PVWatts,Solar_Delhi,,solar,40.57,,7,5,1,7
2023-07-01 08:00:00,12124.806,12734.586,428.336,43.698,55.77,12.124806000000001,12.734586,PVWatts,Solar_Delhi,,solar,43.698,,8,5,1,7
2023-07-01 09:00:00,17298.355,18098.189,630.024,46.035,63.763,17.298355,18.098188999999998,PVWatts,Solar_Delhi,,solar,46.035,,9,5,1,7
2023-07-01 10:00:00,20557.246,21476.797,769.81,47.852,69.487,20.557246,21.476796999999998,PVWatts,Solar_Delhi,,solar,47.852,,10,5,1,7
2023-07-01 11:00:00,22388.064,23374.871,853.808,49.095,73.077,22.388064,23.374871,PVWatts,Solar_Delhi,,solar,49.095,,11,5,1,7
2023-07-01 12:00:00,22595.172,23589.588,865.083,49.652,73.951,22.595171999999998,23.589588,PVWatts,Solar_Delhi,,solar,49.652,,12,5,1,7
2023-07-01 13:00:00,21297.623,22244.372,807.254,49.589,72.28,21.297622999999998,22.244372,PVWatts,Solar_Delhi,,solar,49.589,,13,5,1,7
2023-07-01 14:00:00,17984.136,18809.162,666.492,49.019,67.773,17.984136,18.809162,PVWatts,Solar_Delhi,,solar,49.019,,14,5,1,7
2023-07-01 15:00:00,14446.83,15141.91,520.985,47.869,62.565,14.44683,15.14191,PVWatts,Solar_Delhi,,solar,47.869,,15,5,1,7
2023-07-01 16:00:00,9239.212,9742.987,331.088,46.188,55.509,9.239212,9.742987,PVWatts,Solar_Delhi,,solar,46.188,,16,5,1,7
2023-07-01 17:00:00,4499.899,4829.572,166.784,44.174,48.845,4.499899,4.829572,PVWatts,Solar_Delhi,,solar,44.174,,17,5,1,7
2023-07-01 18:00:00,803.412,997.293,44.029,42.097,43.254,0.803412,0.997293,PVWatts,Solar_Delhi,,solar,42.097,,18,5,1,7
2023-07-01 19:00:00,0.0,0.0,0.0,40.657,40.657,0.0,0.0,PVWatts,Solar_Delhi,,solar,40.657,,19,5,1,7
2023-07-01 20:00:00,0.0,0.0,0.0,39.963,39.963,0.0,0.0,PVWatts,Solar_Delhi,,solar,39.963,,20,5,1,7
2023-07-01 21:00:00,0.0,0.0,0.0,39.299,39.299,0.0,0.0,PVWatts,Solar_Delhi,,solar,39.299,,21,5,1,7
2023-07-01 22:00:00,0.0,0.0,0.0,38.712,38.712,0.0,0.0,PVWatts,Solar_Delhi,,solar,38.712,,22,5,1,7
2023-07-01 23:00:00,0.0,0.0,0.0,38.139,38.139,0.0,0.0,PVWatts,Solar_Delhi,,solar,38.139,,23,5,1,7
2023-07-02 00:00:00,0.0,0.0,0.0,37.581,37.581,0.0,0.0,PVWatts,Solar_Delhi,,solar,37.581,,0,6,1,7
2023-07-02 01:00:00,0.0,0.0,0.0,37.028,37.028,0.0,0.0,PVWatts,Solar_Delhi,,solar,37.028,,1,6,1,7
2023-07-02 02:00:00,0.0,0.0,0.0,36.315,36.315,0.0,0.0,PVWatts,Solar_Delhi,,solar,36.315,,2,6,1,7
2023-07-02 03:00:00,0.0,0.0,0.0,35.527,35.527,0.0,0.0,PVWatts,Solar_Delhi,,solar,35.527,,3,6,1,7
2023-07-02 04:00:00,0.0,0.0,0.0,34.865,0.0,0.0,0.0,PVWatts,Solar_Delhi,,solar,34.865,,4,6,1,7
2023-07-02 05:00:00,0.0,0.0,0.0,35.286,0.0,0.0,0.0,PVWatts,Solar_Delhi,,solar,35.286,,5,6,1,7
2023-07-02 06:00:00,1655.312,1880.487,62.606,37.343,38.816,1.655312,1.880487,PVWatts,Solar_Delhi,,solar,37.343,,6,6,1,7
2023-07-02 07:00:00,6806.937,7221.361,236.633,40.195,45.742,6.806937,7.221361,PVWatts,Solar_Delhi,,solar,40.195,,7,6,1,7
2023-07-02 08:00:00,12615.648,13243.459,444.044,42.978,55.495,12.615647999999998,13.243459000000001,PVWatts,Solar_Delhi,,solar,42.978,,8,6,1,7
2023-07-02 09:00:00,17334.926,18136.102,629.972,45.565,63.291,17.334926,18.136101999999998,PVWatts,Solar_Delhi,,solar,45.565,,9,6,1,7
2023-07-02 10:00:00,20041.017,20941.604,769.877,47.743,74.869,20.041017,20.941603999999998,PVWatts,Solar_Delhi,,solar,47.743,,10,6,1,7
2023-07-02 11:00:00,21713.798,22675.836,854.013,49.393,79.466,21.713798,22.675836,PVWatts,Solar_Delhi,,solar,49.393,,11,6,1,7
2023-07-02 12:00:00,20583.421,21503.933,807.529,50.371,78.804,20.583420999999998,21.503933,PVWatts,Solar_Delhi,,solar,50.371,,12,6,1,7
2023-07-02 13:00:00,20594.38,21515.294,806.689,50.671,79.099,20.59438,21.515294,PVWatts,Solar_Delhi,,solar,50.671,,13,6,1,7
2023-07-02 14:00:00,17283.844,18083.144,687.782,50.294,82.796,17.283844000000002,18.083144,PVWatts,Solar_Delhi,,solar,50.294,,14,6,1,7
2023-07-02 15:00:00,13691.555,14358.89,521.365,49.31,74.001,13.691555000000001,14.358889999999999,PVWatts,Solar_Delhi,,solar,49.31,,15,6,1,7
2023-07-02 16:00:00,9223.667,9726.871,343.467,47.749,63.982,9.223666999999999,9.726871,PVWatts,Solar_Delhi,,solar,47.749,,16,6,1,7
2023-07-02 17:00:00,4200.551,4519.228,159.055,45.757,53.243,4.200551000000001,4.519228,PVWatts,Solar_Delhi,,solar,45.757,,17,6,1,7
2023-07-02 18:00:00,254.841,428.569,19.917,43.772,44.429,0.254841,0.42856900000000003,PVWatts,Solar_Delhi,,solar,43.772,,18,6,1,7
2023-07-02 19:00:00,0.0,0.0,0.0,42.426,42.426,0.0,0.0,PVWatts,Solar_Delhi,,solar,42.426,,19,6,1,7
2023-07-02 20:00:00,0.0,0.0,0.0,41.397,41.397,0.0,0.0,PVWatts,Solar_Delhi,,solar,41.397,,20,6,1,7
2023-07-02 21:00:00,0.0,0.0,0.0,40.244,40.244,0.0,0.0,PVWatts,Solar_Delhi,,solar,40.244,,21,6,1,7
2023-07-02 22:00:00,0.0,0.0,0.0,38.992,38.992,0.0,0.0,PVWatts,Solar_Delhi,,solar,38.992,,22,6,1,7
2023-07-02 23:00:00,0.0,0.0,0.0,37.706,37.706,0.0,0.0,PVWatts,Solar_Delhi,,solar,37.706,,23,6,1,7
2023-07-03 00:00:00,0.0,0.0,0.0,36.588,36.588,0.0,0.0,PVWatts,Solar_Delhi,,solar,36.588,,0,0,0,7
2023-07-03 01:00:00,0.0,0.0,0.0,35.713,35.713,0.0,0.0,PVWatts,Solar_Delhi,,solar,35.713,,1,0,0,7
2023-07-03 02:00:00,0.0,0.0,0.0,34.994,34.994,0.0,0.0,PVWatts,Solar_Delhi,,solar,34.994,,2,0,0,7
2023-07-03 03:00:00,0.0,0.0,0.0,34.362,34.362,0.0,0.0,PVWatts,Solar_Delhi,,solar,34.362,,3,0,0,7
2023-07-03 04:00:00,0.0,0.0,0.0,33.807,0.0,0.0,0.0,PVWatts,Solar_Delhi,,solar,33.807,,4,0,0,7
2023-07-03 05:00:00,0.0,0.0,0.0,33.879,0.0,0.0,0.0,PVWatts,Solar_Delhi,,solar,33.879,,5,0,0,7
2023-07-03 06:00:00,1732.725,1960.745,64.644,35.411,36.931,1.7327249999999998,1.960745,PVWatts,Solar_Delhi,,solar,35.411,,6,0,0,7
2023-07-03 07:00:00,6269.761,6664.452,215.192,36.609,41.654,6.269761000000001,6.664452,PVWatts,Solar_Delhi,,solar,36.609,,7,0,0,7
2023-07-03 08:00:00,12709.256,13340.506,437.337,37.776,50.102,12.709256,13.340506,PVWatts,Solar_Delhi,,solar,37.776,,8,0,0,7
2023-07-03 09:00:00,17552.171,18361.329,618.794,38.923,56.332,17.552170999999998,18.361329,PVWatts,Solar_Delhi,,solar,38.923,,9,0,0,7
2023-07-03 10:00:00,20987.413,21922.767,755.762,39.573,60.81,20.987413,21.922767,PVWatts,Solar_Delhi,,solar,39.573,,10,0,0,7
2023-07-03 11:00:00,19224.598,20095.193,693.52,40.024,59.475,19.224598,20.095193,PVWatts,Solar_Delhi,,solar,40.024,,11,0,0,7
2023-07-03 12:00:00,17905.669,18727.812,646.623,40.875,59.001,17.905669000000003,18.727812,PVWatts,Solar_Delhi,,solar,40.875,,12,0,0,7
2023-07-03 13:00:00,16058.584,16812.874,578.802,41.718,57.941,16.058584,16.812874,PVWatts,Solar_Delhi,,solar,41.718,,13,0,0,7
2023-07-03 14:00:00,13605.502,14269.676,486.304,42.614,56.267,13.605502,14.269675999999999,PVWatts,Solar_Delhi,,solar,42.614,,14,0,0,7
2023-07-03 15:00:00,8687.275,9170.774,307.189,42.216,50.855,8.687275,9.170774,PVWatts,Solar_Delhi,,solar,42.216,,15,0,0,7
2023-07-03 16:00:00,6964.202,7384.403,243.578,41.16,48.03,6.964202,7.384403,PVWatts,Solar_Delhi,,solar,41.16,,16,0,0,7
2023-07-03 17:00:00,4349.019,4673.15,157.243,40.274,44.689,4.349019,4.67315,PVWatts,Solar_Delhi,,solar,40.274,,17,0,0,7
2023-07-03 18:00:00,739.508,931.041,40.529,38.868,39.934,0.739508,0.931041,PVWatts,Solar_Delhi,,solar,38.868,,18,0,0,7
2023-07-03 19:00:00,0.0,0.0,0.0,37.828,37.828,0.0,0.0,PVWatts,Solar_Delhi,,solar,37.828,,19,0,0,7
2023-07-03 20:00:00,0.0,0.0,0.0,36.97,36.97,0.0,0.0,PVWatts,Solar_Delhi,,solar,36.97,,20,0,0,7
2023-07-03 21:00:00,0.0,0.0,0.0,36.112,36.112,0.0,0.0,PVWatts,Solar_Delhi,,solar,36.112,,21,0,0,7
2023-07-03 22:00:00,0.0,0.0,0.0,35.322,35.322,0.0,0.0,PVWatts,Solar_Delhi,,solar,35.322,,22,0,0,7
2023-07-03 23:00:00,0.0,0.0,0.0,34.635,34.635,0.0,0.0,PVWatts,Solar_Delhi,,solar,34.635,,23,0,0,7
2023-07-04 00:00:00,0.0,0.0,0.0,33.964,33.964,0.0,0.0,PVWatts,Solar_Delhi,,solar,33.964,,0,1,0,7
2023-07-04 01:00:00,0.0,0.0,0.0,33.427,33.427,0.0,0.0,PVWatts,Solar_Delhi,,solar,33.427,,1,1,0,7
2023-07-04 02:00:00,0.0,0.0,0.0,32.957,32.957,0.0,0.0,PVWatts,Solar_Delhi,,solar,32.957,,2,1,0,7
2023-07-04 03:00:00,0.0,0.0,0.0,32.584,32.584,0.0,0.0,PVWatts,Solar_Delhi,,solar,32.584,,3,1,0,7
2023-07-04 04:00:00,0.0,0.0,0.0,32.334,0.0,0.0,0.0,PVWatts,Solar_Delhi,,solar,32.334,,4,1,0,7
2023-07-04 05:00:00,0.0,0.0,0.0,32.554,0.0,0.0,0.0,PVWatts,Solar_Delhi,,solar,32.554,,5,1,0,7
2023-07-04 06:00:00,1634.923,1859.35,60.75,33.088,34.517,1.634923,1.8593499999999998,PVWatts,Solar_Delhi,,solar,33.088,,6,1,0,7
2023-07-04 07:00:00,6781.231,7194.711,229.488,33.945,39.325,6.781231,7.194711,PVWatts,Solar_Delhi,,solar,33.945,,7,1,0,7
2023-07-04 08:00:00,12651.477,13280.604,431.209,35.702,47.856,12.651477000000002,13.280603999999999,PVWatts,Solar_Delhi,,solar,35.702,,8,1,0,7
2023-07-04 09:00:00,17624.39,18436.201,613.848,36.213,53.481,17.62439,18.436201,PVWatts,Solar_Delhi,,solar,36.213,,9,1,0,7
2023-07-04 10:00:00,21405.797,22356.519,755.076,34.912,56.129,21.405797,22.356519,PVWatts,Solar_Delhi,,solar,34.912,,10,1,0,7
2023-07-04 11:00:00,24160.545,25212.466,864.232,34.729,59.0,24.160545,25.212466,PVWatts,Solar_Delhi,,solar,34.729,,11,1,0,7
2023-07-04 12:00:00,24442.949,25505.244,875.846,34.841,59.44,24.442949000000002,25.505243999999998,PVWatts,Solar_Delhi,,solar,34.841,,12,1,0,7
2023-07-04 13:00:00,23108.853,24122.139,820.349,34.797,57.853,23.108853,24.122139,PVWatts,Solar_Delhi,,solar,34.797,,13,1,0,7
2023-07-04 14:00:00,20237.831,21145.648,706.405,34.974,54.855,20.237831,21.145648,PVWatts,Solar_Delhi,,solar,34.974,,14,1,0,7
2023-07-04 15:00:00,15236.994,15961.102,519.08,34.833,49.47,15.236994000000001,15.961102,PVWatts,Solar_Delhi,,solar,34.833,,15,1,0,7
2023-07-04 16:00:00,8823.779,9312.293,299.072,34.249,42.676,8.823779,9.312293,PVWatts,Solar_Delhi,,solar,34.249,,16,1,0,7
2023-07-04 17:00:00,4570.506,4902.773,159.269,33.468,37.945,4.570506,4.902773,PVWatts,Solar_Delhi,,solar,33.468,,17,1,0,7
2023-07-04 18:00:00,878.874,1075.527,45.146,32.546,33.734,0.878874,1.0755270000000001,PVWatts,Solar_Delhi,,solar,32.546,,18,1,0,7
2023-07-04 19:00:00,0.0,0.0,0.0,31.913,31.913,0.0,0.0,PVWatts,Solar_Delhi,,solar,31.913,,19,1,0,7
2023-07-04 20:00:00,0.0,0.0,0.0,31.41,31.41,0.0,0.0,PVWatts,Solar_Delhi,,solar,31.41,,20,1,0,7
2023-07-04 21:00:00,0.0,0.0,0.0,30.963,30.963,0.0,0.0,PVWatts,Solar_Delhi,,solar,30.963,,21,1,0,7
2023-07-04 22:00:00,0.0,0.0,0.0,30.602,30.602,0.0,0.0,PVWatts,Solar_Delhi,,solar,30.602,,22,1,0,7
2023-07-04 23:00:00,0.0,0.0,0.0,30.225,30.225,0.0,0.0,PVWatts,Solar_Delhi,,solar,30.225,,23,1,0,7
2023-07-05 00:00:00,0.0,0.0,0.0,29.891,29.891,0.0,0.0,PVWatts,Solar_Delhi,,solar,29.891,,0,2,0,7
2023-07-05 01:00:00,0.0,0.0,0.0,29.553,29.553,0.0,0.0,PVWatts,Solar_Delhi,,solar,29.553,,1,2,0,7
2023-07-05 02:00:00,0.0,0.0,0.0,29.261,29.261,0.0,0.0,PVWatts,Solar_Delhi,,solar,29.261,,2,2,0,7
2023-07-05 03:00:00,0.0,0.0,0.0,29.004,29.004,0.0,0.0,PVWatts,Solar_Delhi,,solar,29.004,,3,2,0,7
2023-07-05 04:00:00,0.0,0.0,0.0,28.83,0.0,0.0,0.0,PVWatts,Solar_Delhi,,solar,28.83,,4,2,0,7
2023-07-05 05:00:00,0.0,0.0,0.0,29.017,0.0,0.0,0.0,PVWatts,Solar_Delhi,,solar,29.017,,5,2,0,7
2023-07-05 06:00:00,1630.679,1854.949,59.821,29.852,31.544,1.630679,1.854949,PVWatts,Solar_Delhi,,solar,29.852,,6,2,0,7
2023-07-05 07:00:00,6984.139,7405.073,234.203,30.891,37.493,6.984139,7.405073000000001,PVWatts,Solar_Delhi,,solar,30.891,,7,2,0,7
2023-07-05 08:00:00,12709.136,13340.382,425.783,31.675,43.675,12.709136,13.340382,PVWatts,Solar_Delhi,,solar,31.675,,8,2,0,7
2023-07-05 09:00:00,17758.419,18575.153,608.125,32.352,49.459,17.758419,18.575152999999997,PVWatts,Solar_Delhi,,solar,32.352,,9,2,0,7
2023-07-05 10:00:00,20942.776,21876.489,731.121,32.831,53.368,20.942776000000002,21.876489000000003,PVWatts,Solar_Delhi,,solar,32.831,,10,2,0,7
2023-07-05 11:00:00,23682.038,24716.381,864.513,33.118,63.559,23.682038000000002,24.716381000000002,PVWatts,Solar_Delhi,,solar,33.118,,11,2,0,7
2023-07-05 12:00:00,23928.334,24971.724,875.271,33.231,64.052,23.928334,24.971724,PVWatts,Solar_Delhi,,solar,33.231,,12,2,0,7
2023-07-05 13:00:00,22658.992,23655.752,819.899,33.261,62.151,22.658991999999998,23.655752,PVWatts,Solar_Delhi,,solar,33.261,,13,2,0,7
2023-07-05 14:00:00,18799.718,19654.705,662.218,33.125,56.484,18.799718000000002,19.654705000000003,PVWatts,Solar_Delhi,,solar,33.125,,14,2,0,7
2023-07-05 15:00:00,14910.551,15622.666,511.074,32.888,50.96,14.910551,15.622665999999999,PVWatts,Solar_Delhi,,solar,32.888,,15,2,0,7
2023-07-05 16:00:00,10023.238,10555.814,341.503,32.57,44.624,10.023238,10.555814,PVWatts,Solar_Delhi,,solar,32.57,,16,2,0,7
2023-07-05 17:00:00,4513.443,4843.614,158.848,32.145,37.727,4.5134430000000005,4.843614,PVWatts,Solar_Delhi,,solar,32.145,,17,2,0,7
2023-07-05 18:00:00,677.958,867.23,36.687,31.588,32.797,0.677958,0.8672300000000001,PVWatts,Solar_Delhi,,solar,31.588,,18,2,0,7
2023-07-05 19:00:00,0.0,0.0,0.0,31.33,31.33,0.0,0.0,PVWatts,Solar_Delhi,,solar,31.33,,19,2,0,7
2023-07-05 20:00:00,0.0,0.0,0.0,31.108,31.108,0.0,0.0,PVWatts,Solar_Delhi,,solar,31.108,,20,2,0,7
2023-07-05 21:00:00,0.0,0.0,0.0,30.821,30.821,0.0,0.0,PVWatts,Solar_Delhi,,solar,30.821,,21,2,0,7
2023-07-05 22:00:00,0.0,0.0,0.0,30.459,30.459,0.0,0.0,PVWatts,Solar_Delhi,,solar,30.459,,22,2,0,7
2023-07-05 23:00:00,0.0,0.0,0.0,30.007,30.007,0.0,0.0,PVWatts,Solar_Delhi,,solar,30.007,,23,2,0,7
2023-07-06 00:00:00,0.0,0.0,0.0,29.604,29.604,0.0,0.0,PVWatts,Solar_Delhi,,solar,29.604,,0,3,0,7
2023-07-06 01:00:00,0.0,0.0,0.0,29.22,29.22,0.0,0.0,PVWatts,Solar_Delhi,,solar,29.22,,1,3,0,7
2023-07-06 02:00:00,0.0,0.0,0.0,28.873,28.873,0.0,0.0,PVWatts,Solar_Delhi,,solar,28.873,,2,3,0,7
2023-07-06 03:00:00,0.0,0.0,0.0,28.566,28.566,0.0,0.0,PVWatts,Solar_Delhi,,solar,28.566,,3,3,0,7
2023-07-06 04:00:00,0.0,0.0,0.0,28.367,0.0,0.0,0.0,PVWatts,Solar_Delhi,,solar,28.367,,4,3,0,7
2023-07-06 05:00:00,0.0,0.0,0.0,28.367,0.0,0.0,0.0,PVWatts,Solar_Delhi,,solar,28.367,,5,3,0,7
2023-07-06 06:00:00,1629.736,1853.972,59.816,28.798,31.638,1.629736,1.853972,PVWatts,Solar_Delhi,,solar,28.798,,6,3,0,7
2023-07-06 07:00:00,1837.627,2069.501,67.464,29.631,32.825,1.837627,2.0695010000000003,PVWatts,Solar_Delhi,,solar,29.631,,7,3,0,7
2023-07-06 08:00:00,3469.547,3761.37,122.736,30.337,36.127,3.469547,3.76137,PVWatts,Solar_Delhi,,solar,30.337,,8,3,0,7
2023-07-06 09:00:00,7063.113,7486.948,246.456,30.989,42.589,7.063113,7.486948,PVWatts,Solar_Delhi,,solar,30.989,,9,3,0,7
2023-07-06 10:00:00,11911.755,12513.708,422.609,31.822,51.699,11.911755,12.513708000000001,PVWatts,Solar_Delhi,,solar,31.822,,10,3,0,7
2023-07-06 11:00:00,21156.676,22098.247,794.941,32.153,69.629,21.156676,22.098247,PVWatts,Solar_Delhi,,solar,32.153,,11,3,0,7
2023-07-06 12:00:00,22942.814,23950.001,876.646,32.133,73.471,22.942814,23.950001,PVWatts,Solar_Delhi,,solar,32.133,,12,3,0,7
2023-07-06 13:00:00,21806.511,22771.954,821.261,32.115,70.867,21.806510999999997,22.771954,PVWatts,Solar_Delhi,,solar,32.115,,13,3,0,7
2023-07-06 14:00:00,13064.315,13708.608,463.018,32.111,53.934,13.064315,13.708608,PVWatts,Solar_Delhi,,solar,32.111,,14,3,0,7
2023-07-06 15:00:00,13157.577,13805.296,459.939,31.963,53.717,13.157577,13.805296,PVWatts,Solar_Delhi,,solar,31.963,,15,3,0,7
2023-07-06 16:00:00,8894.378,9385.486,305.599,31.603,46.06,8.894378000000001,9.385486,PVWatts,Solar_Delhi,,solar,31.603,,16,3,0,7
2023-07-06 17:00:00,4821.573,5163.063,171.08,31.035,37.021,4.821573,5.163063,PVWatts,Solar_Delhi,,solar,31.035,,17,3,0,7
2023-07-06 18:00:00,65.067,231.824,10.411,30.275,30.617,0.065067,0.231824,PVWatts,Solar_Delhi,,solar,30.275,,18,3,0,7
2023-07-06 19:00:00,0.0,0.0,0.0,29.856,29.856,0.0,0.0,PVWatts,Solar_Delhi,,solar,29.856,,19,3,0,7
2023-07-06 20:00:00,0.0,0.0,0.0,29.486,29.486,0.0,0.0,PVWatts,Solar_Delhi,,solar,29.486,,20,3,0,7
2023-07-06 21:00:00,0.0,0.0,0.0,29.17,29.17,0.0,0.0,PVWatts,Solar_Delhi,,solar,29.17,,21,3,0,7
2023-07-06 22:00:00,0.0,0.0,0.0,28.823,28.823,0.0,0.0,PVWatts,Solar_Delhi,,solar,28.823,,22,3,0,7
2023-07-06 23:00:00,0.0,0.0,0.0,28.536,28.536,0.0,0.0,PVWatts,Solar_Delhi,,solar,28.536,,23,3,0,7
2023-07-07 00:00:00,0.0,0.0,0.0,28.246,28.246,0.0,0.0,PVWatts,Solar_Delhi,,solar,28.246,,0,4,0,7
2023-07-07 01:00:00,0.0,0.0,0.0,27.99,27.99,0.0,0.0,PVWatts,Solar_Delhi,,solar,27.99,,1,4,0,7
2023-07-07 02:00:00,0.0,0.0,0.0,27.688,27.688,0.0,0.0,PVWatts,Solar_Delhi,,solar,27.688,,2,4,0,7
2023-07-07 03:00:00,0.0,0.0,0.0,27.372,27.372,0.0,0.0,PVWatts,Solar_Delhi,,solar,27.372,,3,4,0,7
2023-07-07 04:00:00,0.0,0.0,0.0,27.133,0.0,0.0,0.0,PVWatts,Solar_Delhi,,solar,27.133,,4,4,0,7
2023-07-07 05:00:00,0.0,0.0,0.0,27.378,0.0,0.0,0.0,PVWatts,Solar_Delhi,,solar,27.378,,5,4,0,7
2023-07-07 06:00:00,468.058,649.619,21.789,28.593,29.209,0.468058,0.6496190000000001,PVWatts,Solar_Delhi,,solar,28.593,,6,4,0,7
2023-07-07 07:00:00,4617.576,4951.572,156.948,30.346,34.772,4.617576,4.9515720000000005,PVWatts,Solar_Delhi,,solar,30.346,,7,4,0,7
2023-07-07 08:00:00,4148.452,4465.215,144.579,31.9,35.962,4.148452,4.465215,PVWatts,Solar_Delhi,,solar,31.9,,8,4,0,7
2023-07-07 09:00:00,6828.222,7243.428,237.375,32.858,41.201,6.828221999999999,7.243428,PVWatts,Solar_Delhi,,solar,32.858,,9,4,0,7
2023-07-07 10:00:00,7776.967,8227.026,271.569,33.19,42.721,7.776967,8.227026,PVWatts,Solar_Delhi,,solar,33.19,,10,4,0,7
2023-07-07 11:00:00,6744.839,7156.981,239.879,33.255,44.519,6.744839,7.156981,PVWatts,Solar_Delhi,,solar,33.255,,11,4,0,7
2023-07-07 12:00:00,5465.284,5830.422,192.615,32.664,39.419,5.465284,5.8304219999999995,PVWatts,Solar_Delhi,,solar,32.664,,12,4,0,7
2023-07-07 13:00:00,5104.937,5456.837,179.603,32.213,38.516,5.104937,5.456837,PVWatts,Solar_Delhi,,solar,32.213,,13,4,0,7
2023-07-07 14:00:00,8529.955,9007.675,294.347,32.212,42.561,8.529955,9.007674999999999,PVWatts,Solar_Delhi,,solar,32.212,,14,4,0,7
2023-07-07 15:00:00,6234.283,6627.67,214.003,32.101,39.647,6.2342830000000005,6.62767,PVWatts,Solar_Delhi,,solar,32.101,,15,4,0,7
2023-07-07 16:00:00,9769.313,10292.562,337.117,31.748,47.688,9.769313,10.292562,PVWatts,Solar_Delhi,,solar,31.748,,16,4,0,7
2023-07-07 17:00:00,4638.163,4972.916,163.542,31.222,38.921,4.638163,4.972916000000001,PVWatts,Solar_Delhi,,solar,31.222,,17,4,0,7
2023-07-07 18:00:00,795.141,988.717,41.665,30.531,31.901,0.795141,0.988717,PVWatts,Solar_Delhi,,solar,30.531,,18,4,0,7
2023-07-07 19:00:00,0.0,0.0,0.0,30.141,30.141,0.0,0.0,PVWatts,Solar_Delhi,,solar,30.141,,19,4,0,7
2023-07-07 20:00:00,0.0,0.0,0.0,29.833,29.833,0.0,0.0,PVWatts,Solar_Delhi,,solar,29.833,,20,4,0,7
2023-07-07 21:00:00,0.0,0.0,0.0,29.518,29.518,0.0,0.0,PVWatts,Solar_Delhi,,solar,29.518,,21,4,0,7
2023-07-07 22:00:00,0.0,0.0,0.0,29.198,29.198,0.0,0.0,PVWatts,Solar_Delhi,,solar,29.198,,22,4,0,7
2023-07-07 23:00:00,0.0,0.0,0.0,28.869,28.869,0.0,0.0,PVWatts,Solar_Delhi,,solar,28.869,,23,4,0,7
2023-07-08 00:00:00,0.0,0.0,0.0,28.582,28.582,0.0,0.0,PVWatts,Solar_Delhi,,solar,28.582,,0,5,1,7
2023-07-08 01:00:00,0.0,0.0,0.0,28.356,28.356,0.0,0.0,PVWatts,Solar_Delhi,,solar,28.356,,1,5,1,7
2023-07-08 02:00:00,0.0,0.0,0.0,28.104,28.104,0.0,0.0,PVWatts,Solar_Delhi,,solar,28.104,,2,5,1,7
2023-07-08 03:00:00,0.0,0.0,0.0,27.9,27.9,0.0,0.0,PVWatts,Solar_Delhi,,solar,27.9,,3,5,1,7
2023-07-08 04:00:00,0.0,0.0,0.0,27.665,0.0,0.0,0.0,PVWatts,Solar_Delhi,,solar,27.665,,4,5,1,7
2023-07-08 05:00:00,0.0,0.0,0.0,27.866,0.0,0.0,0.0,PVWatts,Solar_Delhi,,solar,27.866,,5,5,1,7
2023-07-08 06:00:00,1457.857,1675.779,54.112,28.861,30.78,1.457857,1.675779,PVWatts,Solar_Delhi,,solar,28.861,,6,5,1,7
2023-07-08 07:00:00,6721.305,7132.583,225.722,31.006,37.368,6.721305,7.1325829999999995,PVWatts,Solar_Delhi,,solar,31.006,,7,5,1,7
2023-07-08 08:00:00,11569.465,12158.844,390.626,33.221,44.223,11.569465000000001,12.158843999999998,PVWatts,Solar_Delhi,,solar,33.221,,8,5,1,7
2023-07-08 09:00:00,15208.896,15931.971,523.345,34.292,49.001,15.208896000000001,15.931970999999999,PVWatts,Solar_Delhi,,solar,34.292,,9,5,1,7
2023-07-08 10:00:00,10317.722,10861.117,361.932,34.706,47.414,10.317722,10.861117,PVWatts,Solar_Delhi,,solar,34.706,,10,5,1,7
2023-07-08 11:00:00,17488.132,18294.937,627.401,35.286,57.334,17.488132,18.294937,PVWatts,Solar_Delhi,,solar,35.286,,11,5,1,7
2023-07-08 12:00:00,14378.056,15070.61,526.572,35.513,60.274,14.378056,15.07061,PVWatts,Solar_Delhi,,solar,35.513,,12,5,1,7
2023-07-08 13:00:00,21517.977,22472.82,824.993,35.712,74.64,21.517977,22.47282,PVWatts,Solar_Delhi,,solar,35.712,,13,5,1,7
2023-07-08 14:00:00,19069.246,19934.134,710.004,35.602,69.15,19.069246,19.934133999999997,PVWatts,Solar_Delhi,,solar,35.602,,14,5,1,7
2023-07-08 15:00:00,15337.737,16065.545,549.207,35.221,61.227,15.337736999999999,16.065545,PVWatts,Solar_Delhi,,solar,35.221,,15,5,1,7
2023-07-08 16:00:00,9803.096,10327.586,343.432,34.697,50.928,9.803096,10.327586,PVWatts,Solar_Delhi,,solar,34.697,,16,5,1,7
2023-07-08 17:00:00,4724.732,5062.665,171.382,33.89,41.919,4.724732,5.062665,PVWatts,Solar_Delhi,,solar,33.89,,17,5,1,7
2023-07-08 18:00:00,432.378,612.628,26.495,30.186,31.35,0.432378,0.6126280000000001,PVWatts,Solar_Delhi,,solar,30.186,,18,5,1,7
2023-07-08 19:00:00,0.0,0.0,0.0,31.023,31.023,0.0,0.0,PVWatts,Solar_Delhi,,solar,31.023,,19,5,1,7
2023-07-08 20:00:00,0.0,0.0,0.0,30.063,30.063,0.0,0.0,PVWatts,Solar_Delhi,,solar,30.063,,20,5,1,7
2023-07-08 21:00:00,0.0,0.0,0.0,29.824,29.824,0.0,0.0,PVWatts,Solar_Delhi,,solar,29.824,,21,5,1,7
2023-07-08 22:00:00,0.0,0.0,0.0,29.509,29.509,0.0,0.0,PVWatts,Solar_Delhi,,solar,29.509,,22,5,1,7
2023-07-08 23:00:00,0.0,0.0,0.0,29.639,29.639,0.0,0.0,PVWatts,Solar_Delhi,,solar,29.639,,23,5,1,7
2023-07-09 00:00:00,0.0,0.0,0.0,28.7,28.7,0.0,0.0,PVWatts,Solar_Delhi,,solar,28.7,,0,6,1,7
2023-07-09 01:00:00,0.0,0.0,0.0,28.891,28.891,0.0,0.0,PVWatts,Solar_Delhi,,solar,28.891,,1,6,1,7
2023-07-09 02:00:00,0.0,0.0,0.0,28.783,28.783,0.0,0.0,PVWatts,Solar_Delhi,,solar,28.783,,2,6,1,7
2023-07-09 03:00:00,0.0,0.0,0.0,28.515,28.515,0.0,0.0,PVWatts,Solar_Delhi,,solar,28.515,,3,6,1,7
2023-07-09 04:00:00,0.0,0.0,0.0,28.275,0.0,0.0,0.0,PVWatts,Solar_Delhi,,solar,28.275,,4,6,1,7
2023-07-09 05:00:00,0.0,0.0,0.0,28.646,0.0,0.0,0.0,PVWatts,Solar_Delhi,,solar,28.646,,5,6,1,7
2023-07-09 06:00:00,1155.313,1362.121,44.591,30.435,31.696,1.155313,1.3621210000000001,PVWatts,Solar_Delhi,,solar,30.435,,6,6,1,7
2023-07-09 07:00:00,4518.013,4848.352,154.678,32.574,36.202,4.518013,4.848352,PVWatts,Solar_Delhi,,solar,32.574,,7,6,1,7
2023-07-09 08:00:00,9629.061,10147.158,325.292,34.215,41.829,9.629061,10.147158,PVWatts,Solar_Delhi,,solar,34.215,,8,6,1,7
2023-07-09 09:00:00,9702.747,10223.551,333.975,35.649,43.439,9.702746999999999,10.223550999999999,PVWatts,Solar_Delhi,,solar,35.649,,9,6,1,7
2023-07-09 10:00:00,8825.157,9313.722,307.968,36.984,44.154,8.825156999999999,9.313722,PVWatts,Solar_Delhi,,solar,36.984,,10,6,1,7
2023-07-09 11:00:00,12463.848,13086.082,436.206,38.001,48.155,12.463848,13.086082000000001,PVWatts,Solar_Delhi,,solar,38.001,,11,6,1,7
2023-07-09 12:00:00,19861.159,20755.139,713.681,38.866,58.889,19.861159,20.755139,PVWatts,Solar_Delhi,,solar,38.866,,12,6,1,7
2023-07-09 13:00:00,20885.989,21817.617,751.133,39.247,60.35,20.885989000000002,21.817617,PVWatts,Solar_Delhi,,solar,39.247,,13,6,1,7
2023-07-09 14:00:00,19014.158,19877.022,674.013,39.053,58.018,19.014158,19.877022,PVWatts,Solar_Delhi,,solar,39.053,,14,6,1,7
2023-07-09 15:00:00,10611.313,11165.493,367.602,38.445,48.79,10.611313,11.165493,PVWatts,Solar_Delhi,,solar,38.445,,15,6,1,7
2023-07-09 16:00:00,9223.316,9726.508,320.649,37.637,48.96,9.223316,9.726507999999999,PVWatts,Solar_Delhi,,solar,37.637,,16,6,1,7
2023-07-09 17:00:00,4434.466,4761.736,159.288,36.647,42.245,4.4344660000000005,4.761736,PVWatts,Solar_Delhi,,solar,36.647,,17,6,1,7
2023-07-09 18:00:00,118.084,286.789,13.259,34.903,35.337,0.11808400000000001,0.28678899999999996,PVWatts,Solar_Delhi,,solar,34.903,,18,6,1,7
2023-07-09 19:00:00,0.0,0.0,0.0,34.035,34.035,0.0,0.0,PVWatts,Solar_Delhi,,solar,34.035,,19,6,1,7
2023-07-09 20:00:00,0.0,0.0,0.0,33.13,33.13,0.0,0.0,PVWatts,Solar_Delhi,,solar,33.13,,20,6,1,7
2023-07-09 21:00:00,0.0,0.0,0.0,32.482,32.482,0.0,0.0,PVWatts,Solar_Delhi,,solar,32.482,,21,6,1,7
2023-07-09 22:00:00,0.0,0.0,0.0,31.8,31.8,0.0,0.0,PVWatts,Solar_Delhi,,solar,31.8,,22,6,1,7
2023-07-09 23:00:00,0.0,0.0,0.0,31.301,31.301,0.0,0.0,PVWatts,Solar_Delhi,,solar,31.301,,23,6,1,7
2023-07-10 00:00:00,0.0,0.0,0.0,30.817,30.817,0.0,0.0,PVWatts,Solar_Delhi,,solar,30.817,,0,0,0,7
2023-07-10 01:00:00,0.0,0.0,0.0,30.413,30.413,0.0,0.0,PVWatts,Solar_Delhi,,solar,30.413,,1,0,0,7
2023-07-10 02:00:00,0.0,0.0,0.0,30.038,30.038,0.0,0.0,PVWatts,Solar_Delhi,,solar,30.038,,2,0,0,7
2023-07-10 03:00:00,0.0,0.0,0.0,29.68,29.68,0.0,0.0,PVWatts,Solar_Delhi,,solar,29.68,,3,0,0,7
2023-07-10 04:00:00,0.0,0.0,0.0,29.312,29.312,0.0,0.0,PVWatts,Solar_Delhi,,solar,29.312,,4,0,0,7
2023-07-10 05:00:00,0.0,0.0,0.0,29.33,0.0,0.0,0.0,PVWatts,Solar_Delhi,,solar,29.33,,5,0,0,7
2023-07-10 06:00:00,520.576,704.067,23.686,30.012,30.682,0.520576,0.704067,PVWatts,Solar_Delhi,,solar,30.012,,6,0,0,7
2023-07-10 07:00:00,4946.073,5292.137,168.053,31.083,35.822,4.946073,5.292136999999999,PVWatts,Solar_Delhi,,solar,31.083,,7,0,0,7
2023-07-10 08:00:00,10373.863,10919.32,347.405,32.639,40.773,10.373863,10.919319999999999,PVWatts,Solar_Delhi,,solar,32.639,,8,0,0,7
2023-07-10 09:00:00,16139.445,16896.705,552.257,35.176,48.086,16.139445,16.896705,PVWatts,Solar_Delhi,,solar,35.176,,9,0,0,7
2023-07-10 10:00:00,21213.036,22156.678,743.901,37.293,54.677,21.213036,22.156678,PVWatts,Solar_Delhi,,solar,37.293,,10,0,0,7
2023-07-10 11:00:00,20795.136,21723.426,736.939,38.675,55.871,20.795136,21.723426,PVWatts,Solar_Delhi,,solar,38.675,,11,0,0,7
2023-07-10 12:00:00,24774.593,25849.071,878.488,39.502,57.066,24.774593,25.849071,PVWatts,Solar_Delhi,,solar,39.502,,12,0,0,7
2023-07-10 13:00:00,18743.278,19596.192,655.736,39.746,52.847,18.743278,19.596192,PVWatts,Solar_Delhi,,solar,39.746,,13,0,0,7
2023-07-10 14:00:00,19314.657,20188.56,668.692,39.202,52.595,19.314657,20.188560000000003,PVWatts,Solar_Delhi,,solar,39.202,,14,0,0,7
2023-07-10 15:00:00,15486.889,16220.177,528.736,37.774,50.175,15.486889,16.220177,PVWatts,Solar_Delhi,,solar,37.774,,15,0,0,7
2023-07-10 16:00:00,8719.167,9203.838,296.637,36.639,43.592,8.719166999999999,9.203838,PVWatts,Solar_Delhi,,solar,36.639,,16,0,0,7
2023-07-10 17:00:00,4785.978,5126.161,169.806,35.242,39.194,4.785978,5.126161,PVWatts,Solar_Delhi,,solar,35.242,,17,0,0,7
2023-07-10 18:00:00,798.799,992.51,43.228,33.835,34.771,0.7987989999999999,0.99251,PVWatts,Solar_Delhi,,solar,33.835,,18,0,0,7
2023-07-10 19:00:00,0.0,0.0,0.0,32.896,32.896,0.0,0.0,PVWatts,Solar_Delhi,,solar,32.896,,19,0,0,7
2023-07-10 20:00:00,0.0,0.0,0.0,32.141,32.141,0.0,0.0,PVWatts,Solar_Delhi,,solar,32.141,,20,0,0,7
2023-07-10 21:00:00,0.0,0.0,0.0,31.481,31.481,0.0,0.0,PVWatts,Solar_Delhi,,solar,31.481,,21,0,0,7
2023-07-10 22:00:00,0.0,0.0,0.0,30.875,30.875,0.0,0.0,PVWatts,Solar_Delhi,,solar,30.875,,22,0,0,7
2023-07-10 23:00:00,0.0,0.0,0.0,30.413,30.413,0.0,0.0,PVWatts,Solar_Delhi,,solar,30.413,,23,0,0,7
2023-07-11 00:00:00,0.0,0.0,0.0,29.967,29.967,0.0,0.0,PVWatts,Solar_Delhi,,solar,29.967,,0,1,0,7
2023-07-11 01:00:00,0.0,0.0,0.0,29.564,29.564,0.0,0.0,PVWatts,Solar_Delhi,,solar,29.564,,1,1,0,7
2023-07-11 02:00:00,0.0,0.0,0.0,29.227,29.227,0.0,0.0,PVWatts,Solar_Delhi,,solar,29.227,,2,1,0,7
2023-07-11 03:00:00,0.0,0.0,0.0,28.78,28.78,0.0,0.0,PVWatts,Solar_Delhi,,solar,28.78,,3,1,0,7
2023-07-11 04:00:00,0.0,0.0,0.0,28.34,28.34,0.0,0.0,PVWatts,Solar_Delhi,,solar,28.34,,4,1,0,7
2023-07-11 05:00:00,0.0,0.0,0.0,28.313,0.0,0.0,0.0,PVWatts,Solar_Delhi,,solar,28.313,,5,1,0,7
2023-07-11 06:00:00,724.716,915.705,30.332,29.396,30.109,0.724716,0.915705,PVWatts,Solar_Delhi,,solar,29.396,,6,1,0,7
2023-07-11 07:00:00,2870.95,3140.783,100.608,30.728,33.087,2.8709499999999997,3.140783,PVWatts,Solar_Delhi,,solar,30.728,,7,1,0,7
2023-07-11 08:00:00,5820.911,6199.112,198.36,31.734,36.371,5.820911,6.199112,PVWatts,Solar_Delhi,,solar,31.734,,8,1,0,7
2023-07-11 09:00:00,11102.063,11674.272,376.172,32.426,41.203,11.102063,11.674272,PVWatts,Solar_Delhi,,solar,32.426,,9,1,0,7
2023-07-11 10:00:00,14862.744,15573.103,507.177,32.672,44.494,14.862744000000001,15.573103,PVWatts,Solar_Delhi,,solar,32.672,,10,1,0,7
2023-07-11 11:00:00,8958.004,9451.449,306.917,32.528,39.672,8.958004,9.451449,PVWatts,Solar_Delhi,,solar,32.528,,11,1,0,7
2023-07-11 12:00:00,19403.177,20280.332,666.817,32.668,48.223,19.403177,20.280331999999998,PVWatts,Solar_Delhi,,solar,32.668,,12,1,0,7
2023-07-11 13:00:00,23369.782,24392.654,821.021,32.401,55.476,23.369782,24.392654,PVWatts,Solar_Delhi,,solar,32.401,,13,1,0,7
2023-07-11 14:00:00,20469.567,21385.897,707.256,32.608,52.513,20.469566999999998,21.385897,PVWatts,Solar_Delhi,,solar,32.608,,14,1,0,7
2023-07-11 15:00:00,15679.863,16420.24,527.386,31.955,46.83,15.679863,16.420240000000003,PVWatts,Solar_Delhi,,solar,31.955,,15,1,0,7
2023-07-11 16:00:00,10145.187,10682.244,340.472,31.722,41.309,10.145187,10.682244,PVWatts,Solar_Delhi,,solar,31.722,,16,1,0,7
2023-07-11 17:00:00,4104.524,4419.673,140.898,31.226,35.199,4.1045240000000005,4.4196729999999995,PVWatts,Solar_Delhi,,solar,31.226,,17,1,0,7
2023-07-11 18:00:00,805.464,999.42,41.232,30.64,31.729,0.8054640000000001,0.99942,PVWatts,Solar_Delhi,,solar,30.64,,18,1,0,7
2023-07-11 19:00:00,0.0,0.0,0.0,30.335,30.335,0.0,0.0,PVWatts,Solar_Delhi,,solar,30.335,,19,1,0,7
2023-07-11 20:00:00,0.0,0.0,0.0,30.108,30.108,0.0,0.0,PVWatts,Solar_Delhi,,solar,30.108,,20,1,0,7
2023-07-11 21:00:00,0.0,0.0,0.0,29.877,29.877,0.0,0.0,PVWatts,Solar_Delhi,,solar,29.877,,21,1,0,7
2023-07-11 22:00:00,0.0,0.0,0.0,29.64,29.64,0.0,0.0,PVWatts,Solar_Delhi,,solar,29.64,,22,1,0,7
2023-07-11 23:00:00,0.0,0.0,0.0,29.375,29.375,0.0,0.0,PVWatts,Solar_Delhi,,solar,29.375,,23,1,0,7
2023-07-12 00:00:00,0.0,0.0,0.0,29.119,29.119,0.0,0.0,PVWatts,Solar_Delhi,,solar,29.119,,0,2,0,7
2023-07-12 01:00:00,0.0,0.0,0.0,28.907,28.907,0.0,0.0,PVWatts,Solar_Delhi,,solar,28.907,,1,2,0,7
2023-07-12 02:00:00,0.0,0.0,0.0,28.691,28.691,0.0,0.0,PVWatts,Solar_Delhi,,solar,28.691,,2,2,0,7
2023-07-12 03:00:00,0.0,0.0,0.0,28.506,28.506,0.0,0.0,PVWatts,Solar_Delhi,,solar,28.506,,3,2,0,7
2023-07-12 04:00:00,0.0,0.0,0.0,28.39,28.39,0.0,0.0,PVWatts,Solar_Delhi,,solar,28.39,,4,2,0,7
2023-07-12 05:00:00,0.0,0.0,0.0,28.563,0.0,0.0,0.0,PVWatts,Solar_Delhi,,solar,28.563,,5,2,0,7
2023-07-12 06:00:00,837.964,1033.114,34.132,29.593,30.803,0.837964,1.033114,PVWatts,Solar_Delhi,,solar,29.593,,6,2,0,7
2023-07-12 07:00:00,5414.676,5777.954,184.558,31.468,37.992,5.414676,5.777953999999999,PVWatts,Solar_Delhi,,solar,31.468,,7,2,0,7
2023-07-12 08:00:00,9598.245,10115.21,327.315,32.513,44.061,9.598245,10.11521,PVWatts,Solar_Delhi,,solar,32.513,,8,2,0,7
2023-07-12 09:00:00,10076.645,10611.183,348.219,32.505,44.748,10.076645000000001,10.611183,PVWatts,Solar_Delhi,,solar,32.505,,9,2,0,7
2023-07-12 10:00:00,11994.83,12599.835,418.47,32.685,47.375,11.99483,12.599834999999999,PVWatts,Solar_Delhi,,solar,32.685,,10,2,0,7
2023-07-12 11:00:00,11356.42,11937.973,396.449,32.529,46.437,11.35642,11.937973,PVWatts,Solar_Delhi,,solar,32.529,,11,2,0,7
2023-07-12 12:00:00,14848.765,15558.611,521.556,32.495,50.808,14.848765,15.558611,PVWatts,Solar_Delhi,,solar,32.495,,12,2,0,7
2023-07-12 13:00:00,6199.375,6591.48,216.93,32.63,40.243,6.199375,6.59148,PVWatts,Solar_Delhi,,solar,32.63,,13,2,0,7
2023-07-12 14:00:00,3978.876,4289.41,141.109,32.519,37.479,3.978876,4.28941,PVWatts,Solar_Delhi,,solar,32.519,,14,2,0,7
2023-07-12 15:00:00,3018.254,3293.498,108.461,32.246,37.365,3.0182539999999998,3.293498,PVWatts,Solar_Delhi,,solar,32.246,,15,2,0,7
2023-07-12 16:00:00,3452.946,3744.159,121.135,31.837,37.575,3.452946,3.7441590000000002,PVWatts,Solar_Delhi,,solar,31.837,,16,2,0,7
2023-07-12 17:00:00,2509.701,2766.264,89.213,31.202,35.436,2.509701,2.766264,PVWatts,Solar_Delhi,,solar,31.202,,17,2,0,7
2023-07-12 18:00:00,241.965,415.221,18.013,30.523,31.319,0.241965,0.415221,PVWatts,Solar_Delhi,,solar,30.523,,18,2,0,7
2023-07-12 19:00:00,0.0,0.0,0.0,30.04,30.04,0.0,0.0,PVWatts,Solar_Delhi,,solar,30.04,,19,2,0,7
2023-07-12 20:00:00,0.0,0.0,0.0,29.843,29.843,0.0,0.0,PVWatts,Solar_Delhi,,solar,29.843,,20,2,0,7
2023-07-12 21:00:00,0.0,0.0,0.0,29.276,29.276,0.0,0.0,PVWatts,Solar_Delhi,,solar,29.276,,21,2,0,7
2023-07-12 22:00:00,0.0,0.0,0.0,29.186,29.186,0.0,0.0,PVWatts,Solar_Delhi,,solar,29.186,,22,2,0,7
2023-07-12 23:00:00,0.0,0.0,0.0,28.479,28.479,0.0,0.0,PVWatts,Solar_Delhi,,solar,28.479,,23,2,0,7
2023-07-13 00:00:00,0.0,0.0,0.0,28.428,28.428,0.0,0.0,PVWatts,Solar_Delhi,,solar,28.428,,0,3,0,7
2023-07-13 01:00:00,0.0,0.0,0.0,27.593,27.593,0.0,0.0,PVWatts,Solar_Delhi,,solar,27.593,,1,3,0,7
2023-07-13 02:00:00,0.0,0.0,0.0,27.794,27.794,0.0,0.0,PVWatts,Solar_Delhi,,solar,27.794,,2,3,0,7
2023-07-13 03:00:00,0.0,0.0,0.0,27.515,27.515,0.0,0.0,PVWatts,Solar_Delhi,,solar,27.515,,3,3,0,7
2023-07-13 04:00:00,0.0,0.0,0.0,27.62,27.62,0.0,0.0,PVWatts,Solar_Delhi,,solar,27.62,,4,3,0,7
2023-07-13 05:00:00,0.0,0.0,0.0,27.803,0.0,0.0,0.0,PVWatts,Solar_Delhi,,solar,27.803,,5,3,0,7
2023-07-13 06:00:00,1394.942,1610.553,52.208,28.749,31.227,1.394942,1.6105530000000001,PVWatts,Solar_Delhi,,solar,28.749,,6,3,0,7
2023-07-13 07:00:00,4796.751,5137.329,163.47,30.364,36.143,4.796751,5.137328999999999,PVWatts,Solar_Delhi,,solar,30.364,,7,3,0,7
2023-07-13 08:00:00,5556.215,5924.693,191.424,31.555,38.3,5.556215,5.924693,PVWatts,Solar_Delhi,,solar,31.555,,8,3,0,7
2023-07-13 09:00:00,11000.977,11569.471,387.258,32.288,50.533,11.000977,11.569471,PVWatts,Solar_Delhi,,solar,32.288,,9,3,0,7
2023-07-13 10:00:00,17054.672,17845.553,623.109,32.793,62.145,17.054672,17.845553,PVWatts,Solar_Delhi,,solar,32.793,,10,3,0,7
2023-07-13 11:00:00,16789.057,17570.181,594.536,32.978,53.865,16.789057,17.570181,PVWatts,Solar_Delhi,,solar,32.978,,11,3,0,7
2023-07-13 12:00:00,22336.883,23321.81,808.215,33.086,61.543,22.336883,23.321810000000003,PVWatts,Solar_Delhi,,solar,33.086,,12,3,0,7
2023-07-13 13:00:00,22920.384,23926.746,830.421,33.203,62.465,22.920384,23.926745999999998,PVWatts,Solar_Delhi,,solar,33.203,,13,3,0,7
2023-07-13 14:00:00,15645.464,16384.577,546.336,33.031,52.272,15.645464,16.384577,PVWatts,Solar_Delhi,,solar,33.031,,14,3,0,7
2023-07-13 15:00:00,10758.306,11317.887,368.009,32.899,45.882,10.758306000000001,11.317887,PVWatts,Solar_Delhi,,solar,32.899,,15,3,0,7
2023-07-13 16:00:00,6793.683,7207.62,230.508,32.486,40.637,6.793683,7.2076199999999995,PVWatts,Solar_Delhi,,solar,32.486,,16,3,0,7
2023-07-13 17:00:00,3492.938,3785.62,121.201,31.972,36.265,3.492938,3.7856199999999998,PVWatts,Solar_Delhi,,solar,31.972,,17,3,0,7
2023-07-13 18:00:00,85.102,252.595,11.36,30.81,31.31,0.085102,0.252595,PVWatts,Solar_Delhi,,solar,30.81,,18,3,0,7
2023-07-13 19:00:00,0.0,0.0,0.0,30.101,30.101,0.0,0.0,PVWatts,Solar_Delhi,,solar,30.101,,19,3,0,7
2023-07-13 20:00:00,0.0,0.0,0.0,29.586,29.586,0.0,0.0,PVWatts,Solar_Delhi,,solar,29.586,,20,3,0,7
2023-07-13 21:00:00,0.0,0.0,0.0,29.562,29.562,0.0,0.0,PVWatts,Solar_Delhi,,solar,29.562,,21,3,0,7
2023-07-13 22:00:00,0.0,0.0,0.0,28.67,28.67,0.0,0.0,PVWatts,Solar_Delhi,,solar,28.67,,22,3,0,7
2023-07-13 23:00:00,0.0,0.0,0.0,28.82,28.82,0.0,0.0,PVWatts,Solar_Delhi,,solar,28.82,,23,3,0,7
2023-07-14 00:00:00,0.0,0.0,0.0,28.273,28.273,0.0,0.0,PVWatts,Solar_Delhi,,solar,28.273,,0,4,0,7
2023-07-14 01:00:00,0.0,0.0,0.0,27.985,27.985,0.0,0.0,PVWatts,Solar_Delhi,,solar,27.985,,1,4,0,7
2023-07-14 02:00:00,0.0,0.0,0.0,27.476,27.476,0.0,0.0,PVWatts,Solar_Delhi,,solar,27.476,,2,4,0,7
2023-07-14 03:00:00,0.0,0.0,0.0,27.42,27.42,0.0,0.0,PVWatts,Solar_Delhi,,solar,27.42,,3,4,0,7
2023-07-14 04:00:00,0.0,0.0,0.0,27.127,27.127,0.0,0.0,PVWatts,Solar_Delhi,,solar,27.127,,4,4,0,7
2023-07-14 05:00:00,0.0,0.0,0.0,27.572,0.0,0.0,0.0,PVWatts,Solar_Delhi,,solar,27.572,,5,4,0,7
2023-07-14 06:00:00,1279.969,1491.356,48.399,28.963,30.678,1.2799690000000001,1.491356,PVWatts,Solar_Delhi,,solar,28.963,,6,4,0,7
2023-07-14 07:00:00,5492.063,5858.184,186.669,30.947,37.545,5.492063,5.8581840000000005,PVWatts,Solar_Delhi,,solar,30.947,,7,4,0,7
2023-07-14 08:00:00,10952.187,11518.89,373.119,32.583,45.757,10.952187,11.518889999999999,PVWatts,Solar_Delhi,,solar,32.583,,8,4,0,7
2023-07-14 09:00:00,16040.551,16794.178,550.922,33.501,48.986,16.040551,16.794178,PVWatts,Solar_Delhi,,solar,33.501,,9,4,0,7
2023-07-14 10:00:00,13268.851,13920.658,459.457,34.151,47.026,13.268851,13.920658,PVWatts,Solar_Delhi,,solar,34.151,,10,4,0,7
2023-07-14 11:00:00,7635.599,8080.465,268.984,34.542,43.975,7.635599,8.080465,PVWatts,Solar_Delhi,,solar,34.542,,11,4,0,7
2023-07-14 12:00:00,10855.293,11418.436,381.574,34.419,47.807,10.855293,11.418436,PVWatts,Solar_Delhi,,solar,34.419,,12,4,0,7
2023-07-14 13:00:00,14641.024,15343.238,507.293,33.949,48.168,14.641024,15.343238,PVWatts,Solar_Delhi,,solar,33.949,,13,4,0,7
2023-07-14 14:00:00,18907.632,19766.583,653.395,33.329,51.705,18.907632000000003,19.766582999999997,PVWatts,Solar_Delhi,,solar,33.329,,14,4,0,7
2023-07-14 15:00:00,15638.298,16377.148,527.564,32.674,47.554,15.638298,16.377148,PVWatts,Solar_Delhi,,solar,32.674,,15,4,0,7
2023-07-14 16:00:00,9873.632,10400.713,335.042,32.151,43.984,9.873631999999999,10.400713,PVWatts,Solar_Delhi,,solar,32.151,,16,4,0,7
2023-07-14 17:00:00,4774.478,5114.238,167.596,31.429,37.314,4.774478,5.114238,PVWatts,Solar_Delhi,,solar,31.429,,17,4,0,7
2023-07-14 18:00:00,752.145,944.142,40.389,30.707,32.479,0.752145,0.944142,PVWatts,Solar_Delhi,,solar,30.707,,18,4,0,7
2023-07-14 19:00:00,0.0,0.0,0.0,29.061,29.061,0.0,0.0,PVWatts,Solar_Delhi,,solar,29.061,,19,4,0,7
2023-07-14 20:00:00,0.0,0.0,0.0,29.16,29.16,0.0,0.0,PVWatts,Solar_Delhi,,solar,29.16,,20,4,0,7
2023-07-14 21:00:00,0.0,0.0,0.0,28.895,28.895,0.0,0.0,PVWatts,Solar_Delhi,,solar,28.895,,21,4,0,7
2023-07-14 22:00:00,0.0,0.0,0.0,28.888,28.888,0.0,0.0,PVWatts,Solar_Delhi,,solar,28.888,,22,4,0,7
2023-07-14 23:00:00,0.0,0.0,0.0,28.643,28.643,0.0,0.0,PVWatts,Solar_Delhi,,solar,28.643,,23,4,0,7
2023-07-15 00:00:00,0.0,0.0,0.0,28.335,28.335,0.0,0.0,PVWatts,Solar_Delhi,,solar,28.335,,0,5,1,7
2023-07-15 01:00:00,0.0,0.0,0.0,27.956,27.956,0.0,0.0,PVWatts,Solar_Delhi,,solar,27.956,,1,5,1,7
2023-07-15 02:00:00,0.0,0.0,0.0,27.605,27.605,0.0,0.0,PVWatts,Solar_Delhi,,solar,27.605,,2,5,1,7
2023-07-15 03:00:00,0.0,0.0,0.0,26.949,26.949,0.0,0.0,PVWatts,Solar_Delhi,,solar,26.949,,3,5,1,7
2023-07-15 04:00:00,0.0,0.0,0.0,26.669,26.669,0.0,0.0,PVWatts,Solar_Delhi,,solar,26.669,,4,5,1,7
2023-07-15 05:00:00,0.0,0.0,0.0,26.778,0.0,0.0,0.0,PVWatts,Solar_Delhi,,solar,26.778,,5,5,1,7
2023-07-15 06:00:00,1427.187,1643.982,53.161,28.991,30.876,1.427187,1.643982,PVWatts,Solar_Delhi,,solar,28.991,,6,5,1,7
2023-07-15 07:00:00,6692.111,7102.317,227.378,32.106,40.141,6.692111,7.102317,PVWatts,Solar_Delhi,,solar,32.106,,7,5,1,7
2023-07-15 08:00:00,12868.495,13505.594,434.522,33.802,46.053,12.868495000000001,13.505593999999999,PVWatts,Solar_Delhi,,solar,33.802,,8,5,1,7
2023-07-15 09:00:00,18732.067,19584.569,649.462,34.559,52.833,18.732067,19.584569,PVWatts,Solar_Delhi,,solar,34.559,,9,5,1,7
2023-07-15 10:00:00,21758.177,22721.844,790.638,35.097,62.954,21.758177,22.721844,PVWatts,Solar_Delhi,,solar,35.097,,10,5,1,7
2023-07-15 11:00:00,20171.796,21077.187,730.926,35.144,60.854,20.171795999999997,21.077187000000002,PVWatts,Solar_Delhi,,solar,35.144,,11,5,1,7
2023-07-15 12:00:00,23954.935,24999.302,884.108,34.91,66.043,23.954935000000003,24.999302,PVWatts,Solar_Delhi,,solar,34.91,,12,5,1,7
2023-07-15 13:00:00,18464.62,19307.297,645.395,34.347,52.458,18.46462,19.307297,PVWatts,Solar_Delhi,,solar,34.347,,13,5,1,7
2023-07-15 14:00:00,18052.318,18879.848,623.677,33.577,51.11,18.052318,18.879848000000003,PVWatts,Solar_Delhi,,solar,33.577,,14,5,1,7
2023-07-15 15:00:00,11960.383,12564.122,404.574,33.132,44.521,11.960383,12.564122,PVWatts,Solar_Delhi,,solar,33.132,,15,5,1,7
2023-07-15 16:00:00,9610.301,10127.709,323.616,32.927,42.045,9.610301,10.127709000000001,PVWatts,Solar_Delhi,,solar,32.927,,16,5,1,7
2023-07-15 17:00:00,4605.506,4939.059,161.769,32.194,37.88,4.605506,4.939059,PVWatts,Solar_Delhi,,solar,32.194,,17,5,1,7
2023-07-15 18:00:00,677.721,866.984,37.811,31.517,32.749,0.677721,0.8669840000000001,PVWatts,Solar_Delhi,,solar,31.517,,18,5,1,7
2023-07-15 19:00:00,0.0,0.0,0.0,30.81,30.81,0.0,0.0,PVWatts,Solar_Delhi,,solar,30.81,,19,5,1,7
2023-07-15 20:00:00,0.0,0.0,0.0,28.895,28.895,0.0,0.0,PVWatts,Solar_Delhi,,solar,28.895,,20,5,1,7
2023-07-15 21:00:00,0.0,0.0,0.0,29.016,29.016,0.0,0.0,PVWatts,Solar_Delhi,,solar,29.016,,21,5,1,7
2023-07-15 22:00:00,0.0,0.0,0.0,28.342,28.342,0.0,0.0,PVWatts,Solar_Delhi,,solar,28.342,,22,5,1,7
2023-07-15 23:00:00,0.0,0.0,0.0,28.527,28.527,0.0,0.0,PVWatts,Solar_Delhi,,solar,28.527,,23,5,1,7
2023-07-16 00:00:00,0.0,0.0,0.0,28.03,28.03,0.0,0.0,PVWatts,Solar_Delhi,,solar,28.03,,0,6,1,7
2023-07-16 01:00:00,0.0,0.0,0.0,27.896,27.896,0.0,0.0,PVWatts,Solar_Delhi,,solar,27.896,,1,6,1,7
2023-07-16 02:00:00,0.0,0.0,0.0,27.607,27.607,0.0,0.0,PVWatts,Solar_Delhi,,solar,27.607,,2,6,1,7
2023-07-16 03:00:00,0.0,0.0,0.0,27.247,27.247,0.0,0.0,PVWatts,Solar_Delhi,,solar,27.247,,3,6,1,7
2023-07-16 04:00:00,0.0,0.0,0.0,26.934,26.934,0.0,0.0,PVWatts,Solar_Delhi,,solar,26.934,,4,6,1,7
2023-07-16 05:00:00,0.0,0.0,0.0,27.379,0.0,0.0,0.0,PVWatts,Solar_Delhi,,solar,27.379,,5,6,1,7
2023-07-16 06:00:00,1662.931,1888.387,61.091,28.98,31.143,1.662931,1.888387,PVWatts,Solar_Delhi,,solar,28.98,,6,6,1,7
2023-07-16 07:00:00,6834.09,7249.512,232.108,32.116,40.318,6.83409,7.249511999999999,PVWatts,Solar_Delhi,,solar,32.116,,7,6,1,7
2023-07-16 08:00:00,12660.295,13289.747,433.967,34.176,49.517,12.660295,13.289747,PVWatts,Solar_Delhi,,solar,34.176,,8,6,1,7
2023-07-16 09:00:00,17647.464,18460.122,624.51,35.441,57.475,17.647464,18.460122,PVWatts,Solar_Delhi,,solar,35.441,,9,6,1,7
2023-07-16 10:00:00,21163.109,22104.917,771.418,36.527,63.71,21.163109,22.104917,PVWatts,Solar_Delhi,,solar,36.527,,10,6,1,7
2023-07-16 11:00:00,22974.339,23982.683,853.446,37.456,67.512,22.974339,23.982683,PVWatts,Solar_Delhi,,solar,37.456,,11,6,1,7
2023-07-16 12:00:00,23089.147,24101.708,860.276,37.92,68.219,23.089147,24.101708,PVWatts,Solar_Delhi,,solar,37.92,,12,6,1,7
2023-07-16 13:00:00,21565.373,22521.958,793.337,37.985,65.947,21.565373,22.521957999999998,PVWatts,Solar_Delhi,,solar,37.985,,13,6,1,7
2023-07-16 14:00:00,16000.424,16752.577,571.334,37.695,57.824,16.000424000000002,16.752577000000002,PVWatts,Solar_Delhi,,solar,37.695,,14,6,1,7
2023-07-16 15:00:00,14017.275,14696.575,489.133,37.021,54.308,14.017275,14.696575000000001,PVWatts,Solar_Delhi,,solar,37.021,,15,6,1,7
2023-07-16 16:00:00,9526.306,10040.628,328.828,36.045,47.658,9.526306,10.040628,PVWatts,Solar_Delhi,,solar,36.045,,16,6,1,7
2023-07-16 17:00:00,4075.09,4389.158,144.23,35.004,40.09,4.07509,4.389158,PVWatts,Solar_Delhi,,solar,35.004,,17,6,1,7
2023-07-16 18:00:00,31.01,196.516,9.463,33.419,33.725,0.031010000000000003,0.196516,PVWatts,Solar_Delhi,,solar,33.419,,18,6,1,7
2023-07-16 19:00:00,0.0,0.0,0.0,31.933,31.933,0.0,0.0,PVWatts,Solar_Delhi,,solar,31.933,,19,6,1,7
2023-07-16 20:00:00,0.0,0.0,0.0,31.871,31.871,0.0,0.0,PVWatts,Solar_Delhi,,solar,31.871,,20,6,1,7
2023-07-16 21:00:00,0.0,0.0,0.0,31.403,31.403,0.0,0.0,PVWatts,Solar_Delhi,,solar,31.403,,21,6,1,7
2023-07-16 22:00:00,0.0,0.0,0.0,30.819,30.819,0.0,0.0,PVWatts,Solar_Delhi,,solar,30.819,,22,6,1,7
2023-07-16 23:00:00,0.0,0.0,0.0,30.2,30.2,0.0,0.0,PVWatts,Solar_Delhi,,solar,30.2,,23,6,1,7
2023-07-17 00:00:00,0.0,0.0,0.0,29.638,29.638,0.0,0.0,PVWatts,Solar_Delhi,,solar,29.638,,0,0,0,7
2023-07-17 01:00:00,0.0,0.0,0.0,29.131,29.131,0.0,0.0,PVWatts,Solar_Delhi,,solar,29.131,,1,0,0,7
2023-07-17 02:00:00,0.0,0.0,0.0,28.661,28.661,0.0,0.0,PVWatts,Solar_Delhi,,solar,28.661,,2,0,0,7
2023-07-17 03:00:00,0.0,0.0,0.0,28.219,28.219,0.0,0.0,PVWatts,Solar_Delhi,,solar,28.219,,3,0,0,7
2023-07-17 04:00:00,0.0,0.0,0.0,27.881,27.881,0.0,0.0,PVWatts,Solar_Delhi,,solar,27.881,,4,0,0,7
2023-07-17 05:00:00,0.0,0.0,0.0,28.231,0.0,0.0,0.0,PVWatts,Solar_Delhi,,solar,28.231,,5,0,0,7
2023-07-17 06:00:00,1010.509,1211.998,39.835,29.906,31.318,1.010509,1.2119980000000001,PVWatts,Solar_Delhi,,solar,29.906,,6,0,0,7
2023-07-17 07:00:00,6325.036,6721.757,216.234,33.228,40.87,6.325036,6.721756999999999,PVWatts,Solar_Delhi,,solar,33.228,,7,0,0,7
2023-07-17 08:00:00,12559.371,13185.115,434.056,36.055,51.399,12.559370999999999,13.185115,PVWatts,Solar_Delhi,,solar,36.055,,8,0,0,7
2023-07-17 09:00:00,17479.188,18285.664,624.929,37.721,59.77,17.479187999999997,18.285664,PVWatts,Solar_Delhi,,solar,37.721,,9,0,0,7
2023-07-17 10:00:00,21421.305,22372.598,770.906,39.207,60.874,21.421305,22.372598000000004,PVWatts,Solar_Delhi,,solar,39.207,,10,0,0,7
2023-07-17 11:00:00,23407.349,24431.6,856.918,40.239,64.309,23.407349,24.4316,PVWatts,Solar_Delhi,,solar,40.239,,11,0,0,7
2023-07-17 12:00:00,23699.457,24734.439,871.635,40.872,65.357,23.699457,24.734439,PVWatts,Solar_Delhi,,solar,40.872,,12,0,0,7
2023-07-17 13:00:00,21534.626,22490.082,781.488,40.9,62.867,21.534626,22.490081999999997,PVWatts,Solar_Delhi,,solar,40.9,,13,0,0,7
2023-07-17 14:00:00,17221.236,18018.236,604.838,40.583,54.724,17.221236,18.018236,PVWatts,Solar_Delhi,,solar,40.583,,14,0,0,7
2023-07-17 15:00:00,15369.141,16098.103,528.656,39.682,52.084,15.369140999999999,16.098103,PVWatts,Solar_Delhi,,solar,39.682,,15,0,0,7
2023-07-17 16:00:00,10027.577,10560.313,344.016,38.422,46.479,10.027576999999999,10.560313,PVWatts,Solar_Delhi,,solar,38.422,,16,0,0,7
2023-07-17 17:00:00,4705.164,5042.378,168.156,36.886,40.8,4.705164,5.042377999999999,PVWatts,Solar_Delhi,,solar,36.886,,17,0,0,7
2023-07-17 18:00:00,655.76,844.216,38.861,35.269,36.265,0.65576,0.844216,PVWatts,Solar_Delhi,,solar,35.269,,18,0,0,7
2023-07-17 19:00:00,0.0,0.0,0.0,34.186,34.186,0.0,0.0,PVWatts,Solar_Delhi,,solar,34.186,,19,0,0,7
2023-07-17 20:00:00,0.0,0.0,0.0,33.471,33.471,0.0,0.0,PVWatts,Solar_Delhi,,solar,33.471,,20,0,0,7
2023-07-17 21:00:00,0.0,0.0,0.0,32.789,32.789,0.0,0.0,PVWatts,Solar_Delhi,,solar,32.789,,21,0,0,7
2023-07-17 22:00:00,0.0,0.0,0.0,32.158,32.158,0.0,0.0,PVWatts,Solar_Delhi,,solar,32.158,,22,0,0,7
2023-07-17 23:00:00,0.0,0.0,0.0,31.604,31.604,0.0,0.0,PVWatts,Solar_Delhi,,solar,31.604,,23,0,0,7
2023-07-18 00:00:00,0.0,0.0,0.0,31.009,31.009,0.0,0.0,PVWatts,Solar_Delhi,,solar,31.009,,0,1,0,7
2023-07-18 01:00:00,0.0,0.0,0.0,30.491,30.491,0.0,0.0,PVWatts,Solar_Delhi,,solar,30.491,,1,1,0,7
2023-07-18 02:00:00,0.0,0.0,0.0,29.992,29.992,0.0,0.0,PVWatts,Solar_Delhi,,solar,29.992,,2,1,0,7
2023-07-18 03:00:00,0.0,0.0,0.0,29.529,29.529,0.0,0.0,PVWatts,Solar_Delhi,,solar,29.529,,3,1,0,7
2023-07-18 04:00:00,0.0,0.0,0.0,29.117,29.117,0.0,0.0,PVWatts,Solar_Delhi,,solar,29.117,,4,1,0,7
2023-07-18 05:00:00,0.0,0.0,0.0,29.368,0.0,0.0,0.0,PVWatts,Solar_Delhi,,solar,29.368,,5,1,0,7
2023-07-18 06:00:00,1415.279,1631.637,53.162,30.975,32.478,1.415279,1.631637,PVWatts,Solar_Delhi,,solar,30.975,,6,1,0,7
2023-07-18 07:00:00,6760.887,7173.62,229.926,34.039,40.521,6.760886999999999,7.17362,PVWatts,Solar_Delhi,,solar,34.039,,7,1,0,7
2023-07-18 08:00:00,12783.248,13417.216,433.529,36.914,47.08,12.783248,13.417216,PVWatts,Solar_Delhi,,solar,36.914,,8,1,0,7
2023-07-18 09:00:00,17941.69,18765.157,624.231,39.023,53.634,17.941689999999998,18.765157,PVWatts,Solar_Delhi,,solar,39.023,,9,1,0,7
2023-07-18 10:00:00,21620.004,22578.596,770.353,40.64,58.647,21.620004,22.578596,PVWatts,Solar_Delhi,,solar,40.64,,10,1,0,7
2023-07-18 11:00:00,24510.062,25574.822,876.053,41.361,58.876,24.510062,25.574822,PVWatts,Solar_Delhi,,solar,41.361,,11,1,0,7
2023-07-18 12:00:00,24842.93,25919.918,888.84,41.361,59.133,24.84293,25.919918000000003,PVWatts,Solar_Delhi,,solar,41.361,,12,1,0,7
2023-07-18 13:00:00,23751.108,24787.987,833.336,40.64,55.214,23.751108,24.787987,PVWatts,Solar_Delhi,,solar,40.64,,13,1,0,7
2023-07-18 14:00:00,19243.118,20114.393,663.818,40.025,51.646,19.243118,20.114393,PVWatts,Solar_Delhi,,solar,40.025,,14,1,0,7
2023-07-18 15:00:00,14975.827,15690.341,507.671,39.324,48.231,14.975826999999999,15.690341,PVWatts,Solar_Delhi,,solar,39.324,,15,1,0,7
2023-07-18 16:00:00,10167.464,10705.339,345.382,38.38,44.433,10.167464,10.705339,PVWatts,Solar_Delhi,,solar,38.38,,16,1,0,7
2023-07-18 17:00:00,4323.228,4646.411,152.935,37.069,40.128,4.323228,4.646411,PVWatts,Solar_Delhi,,solar,37.069,,17,1,0,7
2023-07-18 18:00:00,724.002,914.965,40.32,35.491,36.364,0.7240019999999999,0.914965,PVWatts,Solar_Delhi,,solar,35.491,,18,1,0,7
2023-07-18 19:00:00,0.0,0.0,0.0,34.425,34.425,0.0,0.0,PVWatts,Solar_Delhi,,solar,34.425,,19,1,0,7
2023-07-18 20:00:00,0.0,0.0,0.0,33.793,33.793,0.0,0.0,PVWatts,Solar_Delhi,,solar,33.793,,20,1,0,7
2023-07-18 21:00:00,0.0,0.0,0.0,33.256,33.256,0.0,0.0,PVWatts,Solar_Delhi,,solar,33.256,,21,1,0,7
2023-07-18 22:00:00,0.0,0.0,0.0,32.734,32.734,0.0,0.0,PVWatts,Solar_Delhi,,solar,32.734,,22,1,0,7
2023-07-18 23:00:00,0.0,0.0,0.0,32.227,32.227,0.0,0.0,PVWatts,Solar_Delhi,,solar,32.227,,23,1,0,7
2023-07-19 00:00:00,0.0,0.0,0.0,31.656,31.656,0.0,0.0,PVWatts,Solar_Delhi,,solar,31.656,,0,2,0,7
2023-07-19 01:00:00,0.0,0.0,0.0,31.035,31.035,0.0,0.0,PVWatts,Solar_Delhi,,solar,31.035,,1,2,0,7
2023-07-19 02:00:00,0.0,0.0,0.0,30.4,30.4,0.0,0.0,PVWatts,Solar_Delhi,,solar,30.4,,2,2,0,7
2023-07-19 03:00:00,0.0,0.0,0.0,29.824,29.824,0.0,0.0,PVWatts,Solar_Delhi,,solar,29.824,,3,2,0,7
2023-07-19 04:00:00,0.0,0.0,0.0,29.351,29.351,0.0,0.0,PVWatts,Solar_Delhi,,solar,29.351,,4,2,0,7
2023-07-19 05:00:00,0.0,0.0,0.0,29.433,0.0,0.0,0.0,PVWatts,Solar_Delhi,,solar,29.433,,5,2,0,7
2023-07-19 06:00:00,1476.708,1695.322,55.068,31.071,32.179,1.4767080000000001,1.695322,PVWatts,Solar_Delhi,,solar,31.071,,6,2,0,7
2023-07-19 07:00:00,6798.074,7212.172,228.171,33.437,37.439,6.798074,7.212172,PVWatts,Solar_Delhi,,solar,33.437,,7,2,0,7
2023-07-19 08:00:00,12909.048,13547.637,431.128,35.887,43.451,12.909048,13.547637,PVWatts,Solar_Delhi,,solar,35.887,,8,2,0,7
2023-07-19 09:00:00,18044.167,18871.398,619.267,38.0,50.406,18.044167,18.871398000000003,PVWatts,Solar_Delhi,,solar,38.0,,9,2,0,7
2023-07-19 10:00:00,21859.719,22827.117,761.993,38.41,53.657,21.859719000000002,22.827116999999998,PVWatts,Solar_Delhi,,solar,38.41,,10,2,0,7
2023-07-19 11:00:00,24485.414,25549.268,874.679,38.323,58.755,24.485414000000002,25.549268,PVWatts,Solar_Delhi,,solar,38.323,,11,2,0,7
2023-07-19 12:00:00,24830.885,25907.431,887.524,38.18,58.913,24.830885,25.907431,PVWatts,Solar_Delhi,,solar,38.18,,12,2,0,7
2023-07-19 13:00:00,23513.246,24541.388,833.033,37.969,57.442,23.513246,24.541387999999998,PVWatts,Solar_Delhi,,solar,37.969,,13,2,0,7
2023-07-19 14:00:00,19340.343,20215.19,673.122,38.114,53.866,19.340343,20.21519,PVWatts,Solar_Delhi,,solar,38.114,,14,2,0,7
2023-07-19 15:00:00,14583.164,15283.253,499.385,38.512,50.22,14.583164,15.283253,PVWatts,Solar_Delhi,,solar,38.512,,15,2,0,7
2023-07-19 16:00:00,9341.393,9848.922,319.488,38.221,45.709,9.341393,9.848922,PVWatts,Solar_Delhi,,solar,38.221,,16,2,0,7
2023-07-19 17:00:00,3342.768,3629.934,118.56,37.161,40.51,3.342768,3.629934,PVWatts,Solar_Delhi,,solar,37.161,,17,2,0,7
2023-07-19 18:00:00,716.126,906.8,40.783,35.077,36.398,0.7161259999999999,0.9067999999999999,PVWatts,Solar_Delhi,,solar,35.077,,18,2,0,7
2023-07-19 19:00:00,0.0,0.0,0.0,33.037,33.037,0.0,0.0,PVWatts,Solar_Delhi,,solar,33.037,,19,2,0,7
2023-07-19 20:00:00,0.0,0.0,0.0,33.36,33.36,0.0,0.0,PVWatts,Solar_Delhi,,solar,33.36,,20,2,0,7
2023-07-19 21:00:00,0.0,0.0,0.0,31.294,31.294,0.0,0.0,PVWatts,Solar_Delhi,,solar,31.294,,21,2,0,7
2023-07-19 22:00:00,0.0,0.0,0.0,31.5,31.5,0.0,0.0,PVWatts,Solar_Delhi,,solar,31.5,,22,2,0,7
2023-07-19 23:00:00,0.0,0.0,0.0,30.65,30.65,0.0,0.0,PVWatts,Solar_Delhi,,solar,30.65,,23,2,0,7
2023-07-20 00:00:00,0.0,0.0,0.0,29.892,29.892,0.0,0.0,PVWatts,Solar_Delhi,,solar,29.892,,0,3,0,7
2023-07-20 01:00:00,0.0,0.0,0.0,29.793,29.793,0.0,0.0,PVWatts,Solar_Delhi,,solar,29.793,,1,3,0,7
2023-07-20 02:00:00,0.0,0.0,0.0,29.7,29.7,0.0,0.0,PVWatts,Solar_Delhi,,solar,29.7,,2,3,0,7
2023-07-20 03:00:00,0.0,0.0,0.0,29.416,29.416,0.0,0.0,PVWatts,Solar_Delhi,,solar,29.416,,3,3,0,7
2023-07-20 04:00:00,0.0,0.0,0.0,29.124,29.124,0.0,0.0,PVWatts,Solar_Delhi,,solar,29.124,,4,3,0,7
2023-07-20 05:00:00,0.0,0.0,0.0,29.641,0.0,0.0,0.0,PVWatts,Solar_Delhi,,solar,29.641,,5,3,0,7
2023-07-20 06:00:00,403.132,582.307,19.89,31.254,31.817,0.403132,0.582307,PVWatts,Solar_Delhi,,solar,31.254,,6,3,0,7
2023-07-20 07:00:00,5106.807,5458.776,174.959,33.49,38.423,5.106807,5.458775999999999,PVWatts,Solar_Delhi,,solar,33.49,,7,3,0,7
2023-07-20 08:00:00,10566.196,11118.719,363.458,35.003,47.838,10.566196,11.118718999999999,PVWatts,Solar_Delhi,,solar,35.003,,8,3,0,7
2023-07-20 09:00:00,11552.204,12140.949,406.246,36.695,50.992,11.552204,12.140949,PVWatts,Solar_Delhi,,solar,36.695,,9,3,0,7
2023-07-20 10:00:00,19388.066,20264.667,737.572,37.639,72.426,19.388066,20.264667000000003,PVWatts,Solar_Delhi,,solar,37.639,,10,3,0,7
2023-07-20 11:00:00,21268.301,22213.973,826.152,38.062,77.028,21.268301,22.213973000000003,PVWatts,Solar_Delhi,,solar,38.062,,11,3,0,7
2023-07-20 12:00:00,20827.293,21756.765,805.33,37.781,75.749,20.827293,21.756764999999998,PVWatts,Solar_Delhi,,solar,37.781,,12,3,0,7
2023-07-20 13:00:00,18826.402,19682.369,713.355,37.533,71.164,18.826401999999998,19.682368999999998,PVWatts,Solar_Delhi,,solar,37.533,,13,3,0,7
2023-07-20 14:00:00,17159.142,17953.861,635.941,37.072,67.096,17.159142,17.953861,PVWatts,Solar_Delhi,,solar,37.072,,14,3,0,7
2023-07-20 15:00:00,11559.624,12148.642,410.347,36.243,55.639,11.559624,12.148642,PVWatts,Solar_Delhi,,solar,36.243,,15,3,0,7
2023-07-20 16:00:00,8843.921,9333.175,308.562,35.523,50.129,8.843921,9.333174999999999,PVWatts,Solar_Delhi,,solar,35.523,,16,3,0,7
2023-07-20 17:00:00,4623.495,4957.709,166.384,34.323,42.142,4.623495,4.9577089999999995,PVWatts,Solar_Delhi,,solar,34.323,,17,3,0,7
2023-07-20 18:00:00,421.191,601.03,27.899,32.641,33.84,0.421191,0.60103,PVWatts,Solar_Delhi,,solar,32.641,,18,3,0,7
2023-07-20 19:00:00,0.0,0.0,0.0,31.625,31.625,0.0,0.0,PVWatts,Solar_Delhi,,solar,31.625,,19,3,0,7
2023-07-20 20:00:00,0.0,0.0,0.0,30.715,30.715,0.0,0.0,PVWatts,Solar_Delhi,,solar,30.715,,20,3,0,7
2023-07-20 21:00:00,0.0,0.0,0.0,30.418,30.418,0.0,0.0,PVWatts,Solar_Delhi,,solar,30.418,,21,3,0,7
2023-07-20 22:00:00,0.0,0.0,0.0,30.83,30.83,0.0,0.0,PVWatts,Solar_Delhi,,solar,30.83,,22,3,0,7
2023-07-20 23:00:00,0.0,0.0,0.0,30.725,30.725,0.0,0.0,PVWatts,Solar_Delhi,,solar,30.725,,23,3,0,7
2023-07-21 00:00:00,0.0,0.0,0.0,30.256,30.256,0.0,0.0,PVWatts,Solar_Delhi,,solar,30.256,,0,4,0,7
2023-07-21 01:00:00,0.0,0.0,0.0,29.725,29.725,0.0,0.0,PVWatts,Solar_Delhi,,solar,29.725,,1,4,0,7
2023-07-21 02:00:00,0.0,0.0,0.0,29.145,29.145,0.0,0.0,PVWatts,Solar_Delhi,,solar,29.145,,2,4,0,7
2023-07-21 03:00:00,0.0,0.0,0.0,28.706,28.706,0.0,0.0,PVWatts,Solar_Delhi,,solar,28.706,,3,4,0,7
2023-07-21 04:00:00,0.0,0.0,0.0,28.279,28.279,0.0,0.0,PVWatts,Solar_Delhi,,solar,28.279,,4,4,0,7
2023-07-21 05:00:00,0.0,0.0,0.0,28.435,0.0,0.0,0.0,PVWatts,Solar_Delhi,,solar,28.435,,5,4,0,7
2023-07-21 06:00:00,1331.969,1545.266,50.305,29.91,31.693,1.331969,1.545266,PVWatts,Solar_Delhi,,solar,29.91,,6,4,0,7
2023-07-21 07:00:00,3661.174,3960.037,127.256,31.794,36.294,3.661174,3.960037,PVWatts,Solar_Delhi,,solar,31.794,,7,4,0,7
2023-07-21 08:00:00,6507.032,6910.438,224.446,33.305,41.217,6.507032000000001,6.910438,PVWatts,Solar_Delhi,,solar,33.305,,8,4,0,7
2023-07-21 09:00:00,12644.274,13273.136,441.084,34.677,50.206,12.644274,13.273136000000001,PVWatts,Solar_Delhi,,solar,34.677,,9,4,0,7
2023-07-21 10:00:00,21035.269,21972.38,765.037,36.174,63.129,21.035269,21.97238,PVWatts,Solar_Delhi,,solar,36.174,,10,4,0,7
2023-07-21 11:00:00,23341.261,24363.084,869.039,37.337,67.939,23.341261,24.363084,PVWatts,Solar_Delhi,,solar,37.337,,11,4,0,7
2023-07-21 12:00:00,19465.802,20345.258,711.967,37.749,62.791,19.465802,20.345258,PVWatts,Solar_Delhi,,solar,37.749,,12,4,0,7
2023-07-21 13:00:00,11856.491,12456.414,431.453,37.517,57.818,11.856491,12.456414,PVWatts,Solar_Delhi,,solar,37.517,,13,4,0,7
2023-07-21 14:00:00,18642.013,19491.207,697.474,37.126,70.079,18.642013,19.491207,PVWatts,Solar_Delhi,,solar,37.126,,14,4,0,7
2023-07-21 15:00:00,13571.061,14233.97,485.671,36.721,59.702,13.571061,14.23397,PVWatts,Solar_Delhi,,solar,36.721,,15,4,0,7
2023-07-21 16:00:00,9923.837,10452.762,343.137,36.215,48.33,9.923836999999999,10.452762,PVWatts,Solar_Delhi,,solar,36.215,,16,4,0,7
2023-07-21 17:00:00,4694.089,5030.896,168.498,35.4,41.309,4.694089,5.030895999999999,PVWatts,Solar_Delhi,,solar,35.4,,17,4,0,7
2023-07-21 18:00:00,631.527,819.093,38.702,33.671,34.899,0.6315270000000001,0.819093,PVWatts,Solar_Delhi,,solar,33.671,,18,4,0,7
2023-07-21 19:00:00,0.0,0.0,0.0,32.986,32.986,0.0,0.0,PVWatts,Solar_Delhi,,solar,32.986,,19,4,0,7
2023-07-21 20:00:00,0.0,0.0,0.0,32.524,32.524,0.0,0.0,PVWatts,Solar_Delhi,,solar,32.524,,20,4,0,7
2023-07-21 21:00:00,0.0,0.0,0.0,32.161,32.161,0.0,0.0,PVWatts,Solar_Delhi,,solar,32.161,,21,4,0,7
2023-07-21 22:00:00,0.0,0.0,0.0,31.554,31.554,0.0,0.0,PVWatts,Solar_Delhi,,solar,31.554,,22,4,0,7
2023-07-21 23:00:00,0.0,0.0,0.0,31.192,31.192,0.0,0.0,PVWatts,Solar_Delhi,,solar,31.192,,23,4,0,7
2023-07-22 00:00:00,0.0,0.0,0.0,29.895,29.895,0.0,0.0,PVWatts,Solar_Delhi,,solar,29.895,,0,5,1,7
2023-07-22 01:00:00,0.0,0.0,0.0,29.603,29.603,0.0,0.0,PVWatts,Solar_Delhi,,solar,29.603,,1,5,1,7
2023-07-22 02:00:00,0.0,0.0,0.0,28.001,28.001,0.0,0.0,PVWatts,Solar_Delhi,,solar,28.001,,2,5,1,7
2023-07-22 03:00:00,0.0,0.0,0.0,28.814,28.814,0.0,0.0,PVWatts,Solar_Delhi,,solar,28.814,,3,5,1,7
2023-07-22 04:00:00,0.0,0.0,0.0,28.649,28.649,0.0,0.0,PVWatts,Solar_Delhi,,solar,28.649,,4,5,1,7
2023-07-22 05:00:00,0.0,0.0,0.0,29.398,0.0,0.0,0.0,PVWatts,Solar_Delhi,,solar,29.398,,5,5,1,7
2023-07-22 06:00:00,1450.207,1667.848,54.303,30.383,32.308,1.450207,1.667848,PVWatts,Solar_Delhi,,solar,30.383,,6,5,1,7
2023-07-22 07:00:00,6755.277,7167.803,229.349,32.038,40.144,6.755277,7.167803,PVWatts,Solar_Delhi,,solar,32.038,,7,5,1,7
2023-07-22 08:00:00,12313.556,12930.269,430.897,33.812,54.211,12.313556,12.930269000000001,PVWatts,Solar_Delhi,,solar,33.812,,8,5,1,7
2023-07-22 09:00:00,17456.947,18262.606,643.878,36.213,66.631,17.456947,18.262605999999998,PVWatts,Solar_Delhi,,solar,36.213,,9,5,1,7
2023-07-22 10:00:00,20549.083,21468.334,786.297,36.997,74.096,20.549083,21.468334,PVWatts,Solar_Delhi,,solar,36.997,,10,5,1,7
2023-07-22 11:00:00,22252.868,23234.709,867.702,36.788,77.705,22.252868,23.234709,PVWatts,Solar_Delhi,,solar,36.788,,11,5,1,7
2023-07-22 12:00:00,22584.047,23578.053,880.698,36.232,77.763,22.584046999999998,23.578053,PVWatts,Solar_Delhi,,solar,36.232,,12,5,1,7
2023-07-22 13:00:00,21522.148,22477.145,826.513,36.024,75.026,21.522148,22.477145,PVWatts,Solar_Delhi,,solar,36.024,,13,5,1,7
2023-07-22 14:00:00,15030.053,15746.558,547.303,35.878,61.692,15.030053,15.746558,PVWatts,Solar_Delhi,,solar,35.878,,14,5,1,7
2023-07-22 15:00:00,14681.007,15384.69,525.22,35.781,60.648,14.681007,15.38469,PVWatts,Solar_Delhi,,solar,35.781,,15,5,1,7
2023-07-22 16:00:00,9772.821,10296.199,342.925,35.425,51.64,9.772821,10.296199,PVWatts,Solar_Delhi,,solar,35.425,,16,5,1,7
2023-07-22 17:00:00,4644.577,4979.565,167.565,34.445,42.315,4.644577,4.979565,PVWatts,Solar_Delhi,,solar,34.445,,17,5,1,7
2023-07-22 18:00:00,516.612,699.957,34.132,31.442,32.871,0.516612,0.6999569999999999,PVWatts,Solar_Delhi,,solar,31.442,,18,5,1,7
2023-07-22 19:00:00,0.0,0.0,0.0,32.104,32.104,0.0,0.0,PVWatts,Solar_Delhi,,solar,32.104,,19,5,1,7
2023-07-22 20:00:00,0.0,0.0,0.0,32.284,32.284,0.0,0.0,PVWatts,Solar_Delhi,,solar,32.284,,20,5,1,7
2023-07-22 21:00:00,0.0,0.0,0.0,32.119,32.119,0.0,0.0,PVWatts,Solar_Delhi,,solar,32.119,,21,5,1,7
2023-07-22 22:00:00,0.0,0.0,0.0,31.938,31.938,0.0,0.0,PVWatts,Solar_Delhi,,solar,31.938,,22,5,1,7
2023-07-22 23:00:00,0.0,0.0,0.0,31.582,31.582,0.0,0.0,PVWatts,Solar_Delhi,,solar,31.582,,23,5,1,7
2023-07-23 00:00:00,0.0,0.0,0.0,31.286,31.286,0.0,0.0,PVWatts,Solar_Delhi,,solar,31.286,,0,6,1,7
2023-07-23 01:00:00,0.0,0.0,0.0,30.843,30.843,0.0,0.0,PVWatts,Solar_Delhi,,solar,30.843,,1,6,1,7
2023-07-23 02:00:00,0.0,0.0,0.0,30.479,30.479,0.0,0.0,PVWatts,Solar_Delhi,,solar,30.479,,2,6,1,7
2023-07-23 03:00:00,0.0,0.0,0.0,30.146,30.146,0.0,0.0,PVWatts,Solar_Delhi,,solar,30.146,,3,6,1,7
2023-07-23 04:00:00,0.0,0.0,0.0,29.813,29.813,0.0,0.0,PVWatts,Solar_Delhi,,solar,29.813,,4,6,1,7
2023-07-23 05:00:00,0.0,0.0,0.0,29.919,0.0,0.0,0.0,PVWatts,Solar_Delhi,,solar,29.919,,5,6,1,7
2023-07-23 06:00:00,1352.52,1566.572,51.258,31.132,32.949,1.35252,1.5665719999999999,PVWatts,Solar_Delhi,,solar,31.132,,6,6,1,7
2023-07-23 07:00:00,5088.856,5440.165,175.542,33.847,40.053,5.088856,5.440165,PVWatts,Solar_Delhi,,solar,33.847,,7,6,1,7
2023-07-23 08:00:00,12071.923,12679.76,416.504,35.737,50.457,12.071923,12.67976,PVWatts,Solar_Delhi,,solar,35.737,,8,6,1,7
2023-07-23 09:00:00,16928.91,17715.172,622.74,36.521,65.942,16.92891,17.715172,PVWatts,Solar_Delhi,,solar,36.521,,9,6,1,7
2023-07-23 10:00:00,20213.477,21120.4,771.44,37.151,73.552,20.213476999999997,21.1204,PVWatts,Solar_Delhi,,solar,37.151,,10,6,1,7
2023-07-23 11:00:00,13840.912,14513.734,510.035,37.318,61.298,13.840912,14.513734000000001,PVWatts,Solar_Delhi,,solar,37.318,,11,6,1,7
2023-07-23 12:00:00,13836.134,14508.78,509.913,37.204,61.174,13.836134,14.50878,PVWatts,Solar_Delhi,,solar,37.204,,12,6,1,7
2023-07-23 13:00:00,13896.758,14571.631,510.071,36.844,60.838,13.896758,14.571631,PVWatts,Solar_Delhi,,solar,36.844,,13,6,1,7
2023-07-23 14:00:00,13572.328,14235.284,492.817,36.683,59.914,13.572327999999999,14.235284,PVWatts,Solar_Delhi,,solar,36.683,,14,6,1,7
2023-07-23 15:00:00,5446.312,5810.753,193.594,36.591,45.731,5.446312,5.810753,PVWatts,Solar_Delhi,,solar,36.591,,15,6,1,7
2023-07-23 16:00:00,4684.834,5021.301,164.955,36.232,44.047,4.6848339999999995,5.021301,PVWatts,Solar_Delhi,,solar,36.232,,16,6,1,7
2023-07-23 17:00:00,2082.452,2323.319,76.766,35.372,39.015,2.0824520000000004,2.323319,PVWatts,Solar_Delhi,,solar,35.372,,17,6,1,7
2023-07-23 18:00:00,340.578,517.456,24.765,34.152,34.941,0.340578,0.517456,PVWatts,Solar_Delhi,,solar,34.152,,18,6,1,7
2023-07-23 19:00:00,0.0,0.0,0.0,33.275,33.275,0.0,0.0,PVWatts,Solar_Delhi,,solar,33.275,,19,6,1,7
2023-07-23 20:00:00,0.0,0.0,0.0,32.652,32.652,0.0,0.0,PVWatts,Solar_Delhi,,solar,32.652,,20,6,1,7
2023-07-23 21:00:00,0.0,0.0,0.0,31.971,31.971,0.0,0.0,PVWatts,Solar_Delhi,,solar,31.971,,21,6,1,7
2023-07-23 22:00:00,0.0,0.0,0.0,31.294,31.294,0.0,0.0,PVWatts,Solar_Delhi,,solar,31.294,,22,6,1,7
2023-07-23 23:00:00,0.0,0.0,0.0,30.708,30.708,0.0,0.0,PVWatts,Solar_Delhi,,solar,30.708,,23,6,1,7
2023-07-24 00:00:00,0.0,0.0,0.0,30.208,30.208,0.0,0.0,PVWatts,Solar_Delhi,,solar,30.208,,0,0,0,7
2023-07-24 01:00:00,0.0,0.0,0.0,29.795,29.795,0.0,0.0,PVWatts,Solar_Delhi,,solar,29.795,,1,0,0,7
2023-07-24 02:00:00,0.0,0.0,0.0,29.461,29.461,0.0,0.0,PVWatts,Solar_Delhi,,solar,29.461,,2,0,0,7
2023-07-24 03:00:00,0.0,0.0,0.0,29.251,29.251,0.0,0.0,PVWatts,Solar_Delhi,,solar,29.251,,3,0,0,7
2023-07-24 04:00:00,0.0,0.0,0.0,29.108,29.108,0.0,0.0,PVWatts,Solar_Delhi,,solar,29.108,,4,0,0,7
2023-07-24 05:00:00,0.0,0.0,0.0,29.505,0.0,0.0,0.0,PVWatts,Solar_Delhi,,solar,29.505,,5,0,0,7
2023-07-24 06:00:00,1379.451,1594.493,52.211,31.439,33.29,1.379451,1.594493,PVWatts,Solar_Delhi,,solar,31.439,,6,0,0,7
2023-07-24 07:00:00,5448.467,5812.987,190.01,34.632,43.627,5.448467,5.812987,PVWatts,Solar_Delhi,,solar,34.632,,7,0,0,7
2023-07-24 08:00:00,12090.111,12698.616,428.886,36.792,57.093,12.090111,12.698616,PVWatts,Solar_Delhi,,solar,36.792,,8,0,0,7
2023-07-24 09:00:00,15405.717,16136.023,546.769,37.189,56.458,15.405717000000001,16.136022999999998,PVWatts,Solar_Delhi,,solar,37.189,,9,0,0,7
2023-07-24 10:00:00,20561.912,21481.634,751.797,37.75,64.238,20.561912,21.481634,PVWatts,Solar_Delhi,,solar,37.75,,10,0,0,7
2023-07-24 11:00:00,23305.605,24326.119,870.944,38.091,68.761,23.305605,24.326119,PVWatts,Solar_Delhi,,solar,38.091,,11,0,0,7
2023-07-24 12:00:00,23610.752,24642.475,884.971,38.271,69.436,23.610752,24.642474999999997,PVWatts,Solar_Delhi,,solar,38.271,,12,0,0,7
2023-07-24 13:00:00,22394.439,23381.481,830.534,38.369,67.637,22.394439,23.381481,PVWatts,Solar_Delhi,,solar,38.369,,13,0,0,7
2023-07-24 14:00:00,19676.367,20563.558,713.86,38.446,63.637,19.676367,20.563558,PVWatts,Solar_Delhi,,solar,38.446,,14,0,0,7
2023-07-24 15:00:00,12876.202,13513.585,463.473,38.434,60.358,12.876202,13.513584999999999,PVWatts,Solar_Delhi,,solar,38.434,,15,0,0,7
2023-07-24 16:00:00,9679.414,10199.36,343.101,37.843,54.07,9.679414000000001,10.19936,PVWatts,Solar_Delhi,,solar,37.843,,16,0,0,7
2023-07-24 17:00:00,3820.483,4125.198,136.336,36.518,41.328,3.8204830000000003,4.125198,PVWatts,Solar_Delhi,,solar,36.518,,17,0,0,7
2023-07-24 18:00:00,303.008,478.506,23.917,34.965,35.563,0.303008,0.478506,PVWatts,Solar_Delhi,,solar,34.965,,18,0,0,7
2023-07-24 19:00:00,0.0,0.0,0.0,33.868,33.868,0.0,0.0,PVWatts,Solar_Delhi,,solar,33.868,,19,0,0,7
2023-07-24 20:00:00,0.0,0.0,0.0,32.703,32.703,0.0,0.0,PVWatts,Solar_Delhi,,solar,32.703,,20,0,0,7
2023-07-24 21:00:00,0.0,0.0,0.0,31.667,31.667,0.0,0.0,PVWatts,Solar_Delhi,,solar,31.667,,21,0,0,7
2023-07-24 22:00:00,0.0,0.0,0.0,30.781,30.781,0.0,0.0,PVWatts,Solar_Delhi,,solar,30.781,,22,0,0,7
2023-07-24 23:00:00,0.0,0.0,0.0,30.138,30.138,0.0,0.0,PVWatts,Solar_Delhi,,solar,30.138,,23,0,0,7
2023-07-25 00:00:00,0.0,0.0,0.0,29.606,29.606,0.0,0.0,PVWatts,Solar_Delhi,,solar,29.606,,0,1,0,7
2023-07-25 01:00:00,0.0,0.0,0.0,29.112,29.112,0.0,0.0,PVWatts,Solar_Delhi,,solar,29.112,,1,1,0,7
2023-07-25 02:00:00,0.0,0.0,0.0,28.768,28.768,0.0,0.0,PVWatts,Solar_Delhi,,solar,28.768,,2,1,0,7
2023-07-25 03:00:00,0.0,0.0,0.0,28.35,28.35,0.0,0.0,PVWatts,Solar_Delhi,,solar,28.35,,3,1,0,7
2023-07-25 04:00:00,0.0,0.0,0.0,27.948,27.948,0.0,0.0,PVWatts,Solar_Delhi,,solar,27.948,,4,1,0,7
2023-07-25 05:00:00,0.0,0.0,0.0,27.767,0.0,0.0,0.0,PVWatts,Solar_Delhi,,solar,27.767,,5,1,0,7
2023-07-25 06:00:00,873.889,1070.358,35.082,28.076,29.319,0.873889,1.070358,PVWatts,Solar_Delhi,,solar,28.076,,6,1,0,7
2023-07-25 07:00:00,6468.26,6870.242,216.466,28.478,36.128,6.46826,6.870242,PVWatts,Solar_Delhi,,solar,28.478,,7,1,0,7
2023-07-25 08:00:00,8165.742,8630.082,274.706,29.328,39.021,8.165742,8.630082,PVWatts,Solar_Delhi,,solar,29.328,,8,1,0,7
2023-07-25 09:00:00,16781.348,17562.188,578.266,30.116,50.505,16.781348,17.562188,PVWatts,Solar_Delhi,,solar,30.116,,9,1,0,7
2023-07-25 10:00:00,18511.362,19355.756,650.721,31.06,53.958,18.511362000000002,19.355756,PVWatts,Solar_Delhi,,solar,31.06,,10,1,0,7
2023-07-25 11:00:00,20184.108,21089.952,719.944,31.852,57.173,20.184108000000002,21.089952,PVWatts,Solar_Delhi,,solar,31.852,,11,1,0,7
2023-07-25 12:00:00,17322.539,18123.26,612.384,32.179,53.695,17.322539,18.12326,PVWatts,Solar_Delhi,,solar,32.179,,12,1,0,7
2023-07-25 13:00:00,17117.002,17910.174,623.748,32.152,61.533,17.117002,17.910173999999998,PVWatts,Solar_Delhi,,solar,32.152,,13,1,0,7
2023-07-25 14:00:00,17938.856,18762.218,651.437,32.037,62.792,17.938856,18.762218,PVWatts,Solar_Delhi,,solar,32.037,,14,1,0,7
2023-07-25 15:00:00,6600.963,7007.821,228.523,31.903,42.696,6.600963,7.007821,PVWatts,Solar_Delhi,,solar,31.903,,15,1,0,7
2023-07-25 16:00:00,9069.132,9566.66,311.211,31.517,46.243,9.069132,9.56666,PVWatts,Solar_Delhi,,solar,31.517,,16,1,0,7
2023-07-25 17:00:00,3767.554,4070.325,131.587,30.876,37.101,3.767554,4.0703249999999995,PVWatts,Solar_Delhi,,solar,30.876,,17,1,0,7
2023-07-25 18:00:00,0.0,157.997,8.515,30.064,30.326,0.0,0.15799700000000003,PVWatts,Solar_Delhi,,solar,30.064,,18,1,0,7
2023-07-25 19:00:00,0.0,0.0,0.0,29.571,29.571,0.0,0.0,PVWatts,Solar_Delhi,,solar,29.571,,19,1,0,7
2023-07-25 20:00:00,0.0,0.0,0.0,29.19,29.19,0.0,0.0,PVWatts,Solar_Delhi,,solar,29.19,,20,1,0,7
2023-07-25 21:00:00,0.0,0.0,0.0,28.878,28.878,0.0,0.0,PVWatts,Solar_Delhi,,solar,28.878,,21,1,0,7
2023-07-25 22:00:00,0.0,0.0,0.0,28.561,28.561,0.0,0.0,PVWatts,Solar_Delhi,,solar,28.561,,22,1,0,7
2023-07-25 23:00:00,0.0,0.0,0.0,28.214,28.214,0.0,0.0,PVWatts,Solar_Delhi,,solar,28.214,,23,1,0,7
2023-07-26 00:00:00,0.0,0.0,0.0,27.92,27.92,0.0,0.0,PVWatts,Solar_Delhi,,solar,27.92,,0,2,0,7
2023-07-26 01:00:00,0.0,0.0,0.0,27.637,27.637,0.0,0.0,PVWatts,Solar_Delhi,,solar,27.637,,1,2,0,7
2023-07-26 02:00:00,0.0,0.0,0.0,27.391,27.391,0.0,0.0,PVWatts,Solar_Delhi,,solar,27.391,,2,2,0,7
2023-07-26 03:00:00,0.0,0.0,0.0,27.202,27.202,0.0,0.0,PVWatts,Solar_Delhi,,solar,27.202,,3,2,0,7
2023-07-26 04:00:00,0.0,0.0,0.0,27.012,27.012,0.0,0.0,PVWatts,Solar_Delhi,,solar,27.012,,4,2,0,7
2023-07-26 05:00:00,0.0,0.0,0.0,27.281,0.0,0.0,0.0,PVWatts,Solar_Delhi,,solar,27.281,,5,2,0,7
2023-07-26 06:00:00,608.432,795.15,26.532,29.145,30.085,0.608432,0.79515,PVWatts,Solar_Delhi,,solar,29.145,,6,2,0,7
2023-07-26 07:00:00,2585.755,2845.111,92.133,31.682,34.941,2.5857550000000002,2.8451109999999997,PVWatts,Solar_Delhi,,solar,31.682,,7,2,0,7
2023-07-26 08:00:00,5282.65,5641.078,184.031,33.824,40.31,5.282649999999999,5.641078,PVWatts,Solar_Delhi,,solar,33.824,,8,2,0,7
2023-07-26 09:00:00,6725.076,7136.493,236.819,35.918,44.243,6.725076,7.136493000000001,PVWatts,Solar_Delhi,,solar,35.918,,9,2,0,7
2023-07-26 10:00:00,10060.192,10594.127,353.826,37.746,47.653,10.060191999999999,10.594127,PVWatts,Solar_Delhi,,solar,37.746,,10,2,0,7
2023-07-26 11:00:00,7709.918,8157.513,277.095,39.145,48.864,7.709918,8.157513,PVWatts,Solar_Delhi,,solar,39.145,,11,2,0,7
2023-07-26 12:00:00,10537.069,11088.522,379.18,39.758,53.063,10.537068999999999,11.088522000000001,PVWatts,Solar_Delhi,,solar,39.758,,12,2,0,7
2023-07-26 13:00:00,16880.7,17665.19,614.087,39.648,61.253,16.8807,17.66519,PVWatts,Solar_Delhi,,solar,39.648,,13,2,0,7
2023-07-26 14:00:00,9247.21,9751.279,334.66,39.032,54.792,9.247209999999999,9.751279,PVWatts,Solar_Delhi,,solar,39.032,,14,2,0,7
2023-07-26 15:00:00,5983.521,6367.696,213.589,38.112,48.197,5.983521,6.367696,PVWatts,Solar_Delhi,,solar,38.112,,15,2,0,7
2023-07-26 16:00:00,6935.608,7354.759,243.079,37.011,48.522,6.935608,7.354759,PVWatts,Solar_Delhi,,solar,37.011,,16,2,0,7
2023-07-26 17:00:00,836.012,1031.09,35.082,35.084,36.749,0.836012,1.0310899999999998,PVWatts,Solar_Delhi,,solar,35.084,,17,2,0,7
2023-07-26 18:00:00,0.0,162.407,8.515,33.431,33.79,0.0,0.16240700000000002,PVWatts,Solar_Delhi,,solar,33.431,,18,2,0,7
2023-07-26 19:00:00,0.0,0.0,0.0,32.721,32.721,0.0,0.0,PVWatts,Solar_Delhi,,solar,32.721,,19,2,0,7
2023-07-26 20:00:00,0.0,0.0,0.0,32.59,32.59,0.0,0.0,PVWatts,Solar_Delhi,,solar,32.59,,20,2,0,7
2023-07-26 21:00:00,0.0,0.0,0.0,31.941,31.941,0.0,0.0,PVWatts,Solar_Delhi,,solar,31.941,,21,2,0,7
2023-07-26 22:00:00,0.0,0.0,0.0,31.327,31.327,0.0,0.0,PVWatts,Solar_Delhi,,solar,31.327,,22,2,0,7
2023-07-26 23:00:00,0.0,0.0,0.0,30.734,30.734,0.0,0.0,PVWatts,Solar_Delhi,,solar,30.734,,23,2,0,7
2023-07-27 00:00:00,0.0,0.0,0.0,30.227,30.227,0.0,0.0,PVWatts,Solar_Delhi,,solar,30.227,,0,3,0,7
2023-07-27 01:00:00,0.0,0.0,0.0,29.75,29.75,0.0,0.0,PVWatts,Solar_Delhi,,solar,29.75,,1,3,0,7
2023-07-27 02:00:00,0.0,0.0,0.0,29.465,29.465,0.0,0.0,PVWatts,Solar_Delhi,,solar,29.465,,2,3,0,7
2023-07-27 03:00:00,0.0,0.0,0.0,29.129,29.129,0.0,0.0,PVWatts,Solar_Delhi,,solar,29.129,,3,3,0,7
2023-07-27 04:00:00,0.0,0.0,0.0,28.901,28.901,0.0,0.0,PVWatts,Solar_Delhi,,solar,28.901,,4,3,0,7
2023-07-27 05:00:00,0.0,0.0,0.0,28.982,0.0,0.0,0.0,PVWatts,Solar_Delhi,,solar,28.982,,5,3,0,7
2023-07-27 06:00:00,575.957,761.482,25.583,30.168,31.074,0.5759569999999999,0.761482,PVWatts,Solar_Delhi,,solar,30.168,,6,3,0,7
2023-07-27 07:00:00,4433.009,4760.225,151.762,31.909,36.19,4.433009,4.760225,PVWatts,Solar_Delhi,,solar,31.909,,7,3,0,7
2023-07-27 08:00:00,7759.926,8209.358,264.774,33.728,41.175,7.759926,8.209358,PVWatts,Solar_Delhi,,solar,33.728,,8,3,0,7
2023-07-27 09:00:00,10955.298,11522.115,378.664,35.61,46.237,10.955298,11.522115,PVWatts,Solar_Delhi,,solar,35.61,,9,3,0,7
2023-07-27 10:00:00,15722.174,16464.106,563.513,37.195,57.01,15.722174,16.464106,PVWatts,Solar_Delhi,,solar,37.195,,10,3,0,7
2023-07-27 11:00:00,16771.397,17551.872,608.623,38.291,59.678,16.771397,17.551872,PVWatts,Solar_Delhi,,solar,38.291,,11,3,0,7
2023-07-27 12:00:00,11015.61,11584.642,394.144,38.386,52.217,11.01561,11.584642,PVWatts,Solar_Delhi,,solar,38.386,,12,3,0,7
2023-07-27 13:00:00,10622.76,11177.361,386.153,37.997,56.157,10.62276,11.177361000000001,PVWatts,Solar_Delhi,,solar,37.997,,13,3,0,7
2023-07-27 14:00:00,14223.607,14910.488,504.114,37.212,54.963,14.223607,14.910487999999999,PVWatts,Solar_Delhi,,solar,37.212,,14,3,0,7
2023-07-27 15:00:00,4568.784,4900.988,161.665,36.209,41.909,4.568784,4.900988,PVWatts,Solar_Delhi,,solar,36.209,,15,3,0,7
2023-07-27 16:00:00,4489.838,4819.142,157.6,35.226,42.693,4.489838,4.819142,PVWatts,Solar_Delhi,,solar,35.226,,16,3,0,7
2023-07-27 17:00:00,1268.742,1479.716,49.359,33.95,36.292,1.268742,1.4797159999999998,PVWatts,Solar_Delhi,,solar,33.95,,17,3,0,7
2023-07-27 18:00:00,205.546,377.463,19.775,32.398,33.212,0.20554599999999998,0.37746300000000005,PVWatts,Solar_Delhi,,solar,32.398,,18,3,0,7
2023-07-27 19:00:00,0.0,0.0,0.0,28.626,28.626,0.0,0.0,PVWatts,Solar_Delhi,,solar,28.626,,19,3,0,7
2023-07-27 20:00:00,0.0,0.0,0.0,29.481,29.481,0.0,0.0,PVWatts,Solar_Delhi,,solar,29.481,,20,3,0,7
2023-07-27 21:00:00,0.0,0.0,0.0,30.279,30.279,0.0,0.0,PVWatts,Solar_Delhi,,solar,30.279,,21,3,0,7
2023-07-27 22:00:00,0.0,0.0,0.0,30.136,30.136,0.0,0.0,PVWatts,Solar_Delhi,,solar,30.136,,22,3,0,7
2023-07-27 23:00:00,0.0,0.0,0.0,29.247,29.247,0.0,0.0,PVWatts,Solar_Delhi,,solar,29.247,,23,3,0,7
2023-07-28 00:00:00,0.0,0.0,0.0,29.26,29.26,0.0,0.0,PVWatts,Solar_Delhi,,solar,29.26,,0,4,0,7
2023-07-28 01:00:00,0.0,0.0,0.0,28.817,28.817,0.0,0.0,PVWatts,Solar_Delhi,,solar,28.817,,1,4,0,7
2023-07-28 02:00:00,0.0,0.0,0.0,28.925,28.925,0.0,0.0,PVWatts,Solar_Delhi,,solar,28.925,,2,4,0,7
2023-07-28 03:00:00,0.0,0.0,0.0,28.53,28.53,0.0,0.0,PVWatts,Solar_Delhi,,solar,28.53,,3,4,0,7
2023-07-28 04:00:00,0.0,0.0,0.0,28.399,28.399,0.0,0.0,PVWatts,Solar_Delhi,,solar,28.399,,4,4,0,7
2023-07-28 05:00:00,0.0,0.0,0.0,28.354,0.0,0.0,0.0,PVWatts,Solar_Delhi,,solar,28.354,,5,4,0,7
2023-07-28 06:00:00,1101.795,1306.637,42.69,29.143,30.656,1.101795,1.306637,PVWatts,Solar_Delhi,,solar,29.143,,6,4,0,7
2023-07-28 07:00:00,6460.385,6862.079,218.67,31.171,38.901,6.4603850000000005,6.862079,PVWatts,Solar_Delhi,,solar,31.171,,7,4,0,7
2023-07-28 08:00:00,8594.744,9074.844,293.531,32.921,43.279,8.594744,9.074843999999999,PVWatts,Solar_Delhi,,solar,32.921,,8,4,0,7
2023-07-28 09:00:00,14818.802,15527.547,515.455,33.254,51.417,14.818802,15.527547,PVWatts,Solar_Delhi,,solar,33.254,,9,4,0,7
2023-07-28 10:00:00,21306.698,22253.781,765.632,33.193,60.159,21.306698,22.253781,PVWatts,Solar_Delhi,,solar,33.193,,10,4,0,7
2023-07-28 11:00:00,5183.314,5538.093,183.367,33.258,39.69,5.183314,5.538093,PVWatts,Solar_Delhi,,solar,33.258,,11,4,0,7
2023-07-28 12:00:00,7044.454,7467.603,247.057,33.305,41.97,7.044454,7.467603,PVWatts,Solar_Delhi,,solar,33.305,,12,4,0,7
2023-07-28 13:00:00,12353.946,12972.143,441.095,33.177,53.935,12.353946,12.972143,PVWatts,Solar_Delhi,,solar,33.177,,13,4,0,7
2023-07-28 14:00:00,19042.953,19906.875,699.109,33.065,66.099,19.042953,19.906875,PVWatts,Solar_Delhi,,solar,33.065,,14,4,0,7
2023-07-28 15:00:00,10428.969,10976.451,363.233,32.836,50.0,10.428968999999999,10.976450999999999,PVWatts,Solar_Delhi,,solar,32.836,,15,4,0,7
2023-07-28 16:00:00,6826.551,7241.695,234.209,32.441,43.535,6.826551,7.241695,PVWatts,Solar_Delhi,,solar,32.441,,16,4,0,7
2023-07-28 17:00:00,1114.87,1320.193,43.645,31.024,33.095,1.1148699999999998,1.320193,PVWatts,Solar_Delhi,,solar,31.024,,17,4,0,7
2023-07-28 18:00:00,70.058,236.998,13.262,29.061,29.591,0.07005800000000001,0.236998,PVWatts,Solar_Delhi,,solar,29.061,,18,4,0,7
2023-07-28 19:00:00,0.0,0.0,0.0,29.841,29.841,0.0,0.0,PVWatts,Solar_Delhi,,solar,29.841,,19,4,0,7
2023-07-28 20:00:00,0.0,0.0,0.0,30.22,30.22,0.0,0.0,PVWatts,Solar_Delhi,,solar,30.22,,20,4,0,7
2023-07-28 21:00:00,0.0,0.0,0.0,29.853,29.853,0.0,0.0,PVWatts,Solar_Delhi,,solar,29.853,,21,4,0,7
2023-07-28 22:00:00,0.0,0.0,0.0,29.54,29.54,0.0,0.0,PVWatts,Solar_Delhi,,solar,29.54,,22,4,0,7
2023-07-28 23:00:00,0.0,0.0,0.0,29.204,29.204,0.0,0.0,PVWatts,Solar_Delhi,,solar,29.204,,23,4,0,7
2023-07-29 00:00:00,0.0,0.0,0.0,28.915,28.915,0.0,0.0,PVWatts,Solar_Delhi,,solar,28.915,,0,5,1,7
2023-07-29 01:00:00,0.0,0.0,0.0,28.605,28.605,0.0,0.0,PVWatts,Solar_Delhi,,solar,28.605,,1,5,1,7
2023-07-29 02:00:00,0.0,0.0,0.0,28.247,28.247,0.0,0.0,PVWatts,Solar_Delhi,,solar,28.247,,2,5,1,7
2023-07-29 03:00:00,0.0,0.0,0.0,27.885,27.885,0.0,0.0,PVWatts,Solar_Delhi,,solar,27.885,,3,5,1,7
2023-07-29 04:00:00,0.0,0.0,0.0,27.581,27.581,0.0,0.0,PVWatts,Solar_Delhi,,solar,27.581,,4,5,1,7
2023-07-29 05:00:00,0.0,0.0,0.0,27.797,0.0,0.0,0.0,PVWatts,Solar_Delhi,,solar,27.797,,5,5,1,7
2023-07-29 06:00:00,750.125,942.048,31.281,29.656,30.764,0.750125,0.942048,PVWatts,Solar_Delhi,,solar,29.656,,6,5,1,7
2023-07-29 07:00:00,4790.635,5130.989,164.284,32.002,37.812,4.790635,5.130989,PVWatts,Solar_Delhi,,solar,32.002,,7,5,1,7
2023-07-29 08:00:00,12283.928,12899.553,418.668,33.092,47.891,12.283928,12.899553,PVWatts,Solar_Delhi,,solar,33.092,,8,5,1,7
2023-07-29 09:00:00,17503.746,18311.125,614.881,33.786,55.473,17.503746,18.311125,PVWatts,Solar_Delhi,,solar,33.786,,9,5,1,7
2023-07-29 10:00:00,9794.122,10318.283,342.86,34.438,46.478,9.794122,10.318283,PVWatts,Solar_Delhi,,solar,34.438,,10,5,1,7
2023-07-29 11:00:00,6919.207,7337.756,244.228,34.674,43.24,6.919207,7.337756000000001,PVWatts,Solar_Delhi,,solar,34.674,,11,5,1,7
2023-07-29 12:00:00,4918.633,5263.689,175.541,34.642,40.798,4.918633,5.263689,PVWatts,Solar_Delhi,,solar,34.642,,12,5,1,7
2023-07-29 13:00:00,4810.961,5152.062,173.023,34.763,42.896,4.810961,5.152062,PVWatts,Solar_Delhi,,solar,34.763,,13,5,1,7
2023-07-29 14:00:00,5555.003,5923.436,197.43,34.436,43.731,5.555003,5.923436,PVWatts,Solar_Delhi,,solar,34.436,,14,5,1,7
2023-07-29 15:00:00,6934.839,7353.962,242.216,33.843,45.28,6.934839,7.353962,PVWatts,Solar_Delhi,,solar,33.843,,15,5,1,7
2023-07-29 16:00:00,8168.194,8632.624,282.106,33.649,47.006,8.168194,8.632624,PVWatts,Solar_Delhi,,solar,33.649,,16,5,1,7
2023-07-29 17:00:00,3640.413,3938.512,128.038,32.859,38.922,3.640413,3.9385120000000002,PVWatts,Solar_Delhi,,solar,32.859,,17,5,1,7
2023-07-29 18:00:00,304.573,480.128,26.771,31.904,32.965,0.304573,0.480128,PVWatts,Solar_Delhi,,solar,31.904,,18,5,1,7
2023-07-29 19:00:00,0.0,0.0,0.0,30.995,30.995,0.0,0.0,PVWatts,Solar_Delhi,,solar,30.995,,19,5,1,7
2023-07-29 20:00:00,0.0,0.0,0.0,30.846,30.846,0.0,0.0,PVWatts,Solar_Delhi,,solar,30.846,,20,5,1,7
2023-07-29 21:00:00,0.0,0.0,0.0,30.443,30.443,0.0,0.0,PVWatts,Solar_Delhi,,solar,30.443,,21,5,1,7
2023-07-29 22:00:00,0.0,0.0,0.0,30.102,30.102,0.0,0.0,PVWatts,Solar_Delhi,,solar,30.102,,22,5,1,7
2023-07-29 23:00:00,0.0,0.0,0.0,29.734,29.734,0.0,0.0,PVWatts,Solar_Delhi,,solar,29.734,,23,5,1,7
2023-07-30 00:00:00,0.0,0.0,0.0,29.465,29.465,0.0,0.0,PVWatts,Solar_Delhi,,solar,29.465,,0,6,1,7
2023-07-30 01:00:00,0.0,0.0,0.0,29.076,29.076,0.0,0.0,PVWatts,Solar_Delhi,,solar,29.076,,1,6,1,7
2023-07-30 02:00:00,0.0,0.0,0.0,28.732,28.732,0.0,0.0,PVWatts,Solar_Delhi,,solar,28.732,,2,6,1,7
2023-07-30 03:00:00,0.0,0.0,0.0,28.327,28.327,0.0,0.0,PVWatts,Solar_Delhi,,solar,28.327,,3,6,1,7
2023-07-30 04:00:00,0.0,0.0,0.0,28.135,28.135,0.0,0.0,PVWatts,Solar_Delhi,,solar,28.135,,4,6,1,7
2023-07-30 05:00:00,0.0,0.0,0.0,28.254,0.0,0.0,0.0,PVWatts,Solar_Delhi,,solar,28.254,,5,6,1,7
2023-07-30 06:00:00,950.273,1149.548,37.934,29.682,31.482,0.950273,1.149548,PVWatts,Solar_Delhi,,solar,29.682,,6,6,1,7
2023-07-30 07:00:00,2681.514,2944.388,94.97,31.092,34.452,2.681514,2.944388,PVWatts,Solar_Delhi,,solar,31.092,,7,6,1,7
2023-07-30 08:00:00,3619.704,3917.043,127.569,31.942,36.438,3.619704,3.917043,PVWatts,Solar_Delhi,,solar,31.942,,8,6,1,7
2023-07-30 09:00:00,4401.988,4728.065,155.298,32.619,38.078,4.401988,4.728065,PVWatts,Solar_Delhi,,solar,32.619,,9,6,1,7
2023-07-30 10:00:00,5443.643,5807.986,191.518,32.789,39.51,5.443643,5.807986,PVWatts,Solar_Delhi,,solar,32.789,,10,6,1,7
2023-07-30 11:00:00,5502.312,5868.809,193.906,32.717,39.517,5.502312,5.868809000000001,PVWatts,Solar_Delhi,,solar,32.717,,11,6,1,7
2023-07-30 12:00:00,8207.931,8673.821,286.877,32.978,43.039,8.207931,8.673821,PVWatts,Solar_Delhi,,solar,32.978,,12,6,1,7
2023-07-30 13:00:00,7064.907,7488.808,250.094,33.149,44.905,7.064907,7.488808,PVWatts,Solar_Delhi,,solar,33.149,,13,6,1,7
2023-07-30 14:00:00,10014.282,10546.53,353.597,33.382,50.036,10.014282,10.54653,PVWatts,Solar_Delhi,,solar,33.382,,14,6,1,7
2023-07-30 15:00:00,10974.295,11541.81,382.828,32.986,51.08,10.974295,11.54181,PVWatts,Solar_Delhi,,solar,32.986,,15,6,1,7
2023-07-30 16:00:00,8822.322,9310.783,303.582,32.48,46.85,8.822322,9.310782999999999,PVWatts,Solar_Delhi,,solar,32.48,,16,6,1,7
2023-07-30 17:00:00,3991.224,4302.211,140.618,31.833,38.471,3.9912240000000003,4.302211000000001,PVWatts,Solar_Delhi,,solar,31.833,,17,6,1,7
2023-07-30 18:00:00,267.707,441.908,24.556,30.439,31.412,0.267707,0.441908,PVWatts,Solar_Delhi,,solar,30.439,,18,6,1,7
2023-07-30 19:00:00,0.0,0.0,0.0,28.87,28.87,0.0,0.0,PVWatts,Solar_Delhi,,solar,28.87,,19,6,1,7
2023-07-30 20:00:00,0.0,0.0,0.0,28.978,28.978,0.0,0.0,PVWatts,Solar_Delhi,,solar,28.978,,20,6,1,7
2023-07-30 21:00:00,0.0,0.0,0.0,29.165,29.165,0.0,0.0,PVWatts,Solar_Delhi,,solar,29.165,,21,6,1,7
2023-07-30 22:00:00,0.0,0.0,0.0,28.941,28.941,0.0,0.0,PVWatts,Solar_Delhi,,solar,28.941,,22,6,1,7
2023-07-30 23:00:00,0.0,0.0,0.0,28.703,28.703,0.0,0.0,PVWatts,Solar_Delhi,,solar,28.703,,23,6,1,7
2023-07-31 00:00:00,0.0,0.0,0.0,28.37,28.37,0.0,0.0,PVWatts,Solar_Delhi,,solar,28.37,,0,0,0,7
2023-07-31 01:00:00,0.0,0.0,0.0,28.147,28.147,0.0,0.0,PVWatts,Solar_Delhi,,solar,28.147,,1,0,0,7
2023-07-31 02:00:00,0.0,0.0,0.0,27.912,27.912,0.0,0.0,PVWatts,Solar_Delhi,,solar,27.912,,2,0,0,7
2023-07-31 03:00:00,0.0,0.0,0.0,27.734,27.734,0.0,0.0,PVWatts,Solar_Delhi,,solar,27.734,,3,0,0,7
2023-07-31 04:00:00,0.0,0.0,0.0,27.426,27.426,0.0,0.0,PVWatts,Solar_Delhi,,solar,27.426,,4,0,0,7
2023-07-31 05:00:00,0.0,0.0,0.0,27.37,0.0,0.0,0.0,PVWatts,Solar_Delhi,,solar,27.37,,5,0,0,7
2023-07-31 06:00:00,613.13,800.02,26.532,27.811,28.751,0.61313,0.80002,PVWatts,Solar_Delhi,,solar,27.811,,6,0,0,7
2023-07-31 07:00:00,1439.847,1657.107,54.125,28.897,31.461,1.4398469999999999,1.6571069999999999,PVWatts,Solar_Delhi,,solar,28.897,,7,0,0,7
2023-07-31 08:00:00,2156.85,2400.45,78.966,30.164,33.891,2.15685,2.4004499999999998,PVWatts,Solar_Delhi,,solar,30.164,,8,0,0,7
2023-07-31 09:00:00,3108.571,3387.133,112.522,32.147,37.443,3.108571,3.387133,PVWatts,Solar_Delhi,,solar,32.147,,9,0,0,7
2023-07-31 10:00:00,3620.674,3918.048,130.966,32.832,38.986,3.620674,3.9180479999999998,PVWatts,Solar_Delhi,,solar,32.832,,10,0,0,7
2023-07-31 11:00:00,4206.954,4525.866,150.473,33.275,38.551,4.206954,4.525866,PVWatts,Solar_Delhi,,solar,33.275,,11,0,0,7
2023-07-31 12:00:00,4543.147,4874.409,162.032,33.591,39.274,4.543147,4.874409,PVWatts,Solar_Delhi,,solar,33.591,,12,0,0,7
2023-07-31 13:00:00,8946.769,9439.801,311.879,33.512,44.463,8.946769,9.439801,PVWatts,Solar_Delhi,,solar,33.512,,13,0,0,7
2023-07-31 14:00:00,9570.251,10086.188,331.715,33.444,45.109,9.570251,10.086188,PVWatts,Solar_Delhi,,solar,33.444,,14,0,0,7
2023-07-31 15:00:00,6379.897,6778.633,222.412,33.145,43.646,6.379897,6.778633,PVWatts,Solar_Delhi,,solar,33.145,,15,0,0,7
2023-07-31 16:00:00,4074.44,4388.484,141.927,32.604,39.33,4.07444,4.388484,PVWatts,Solar_Delhi,,solar,32.604,,16,0,0,7
2023-07-31 17:00:00,1950.946,2186.982,71.3,31.756,35.138,1.9509459999999998,2.186982,PVWatts,Solar_Delhi,,solar,31.756,,17,0,0,7
2023-07-31 18:00:00,148.555,318.379,17.989,30.807,31.339,0.14855500000000002,0.318379,PVWatts,Solar_Delhi,,solar,30.807,,18,0,0,7
2023-07-31 19:00:00,0.0,0.0,0.0,30.412,30.412,0.0,0.0,PVWatts,Solar_Delhi,,solar,30.412,,19,0,0,7
2023-07-31 20:00:00,0.0,0.0,0.0,29.967,29.967,0.0,0.0,PVWatts,Solar_Delhi,,solar,29.967,,20,0,0,7
2023-07-31 21:00:00,0.0,0.0,0.0,29.577,29.577,0.0,0.0,PVWatts,Solar_Delhi,,solar,29.577,,21,0,0,7
2023-07-31 22:00:00,0.0,0.0,0.0,29.302,29.302,0.0,0.0,PVWatts,Solar_Delhi,,solar,29.302,,22,0,0,7
2023-07-31 23:00:00,0.0,0.0,0.0,29.071,29.071,0.0,0.0,PVWatts,Solar_Delhi,,solar,29.071,,23,0,0,7
2023-08-01 00:00:00,0.0,0.0,0.0,28.809,28.809,0.0,0.0,PVWatts,Solar_Delhi,,solar,28.809,,0,1,0,8
2023-08-01 01:00:00,0.0,0.0,0.0,28.523,28.523,0.0,0.0,PVWatts,Solar_Delhi,,solar,28.523,,1,1,0,8
2023-08-01 02:00:00,0.0,0.0,0.0,28.189,28.189,0.0,0.0,PVWatts,Solar_Delhi,,solar,28.189,,2,1,0,8
2023-08-01 03:00:00,0.0,0.0,0.0,27.921,27.921,0.0,0.0,PVWatts,Solar_Delhi,,solar,27.921,,3,1,0,8
2023-08-01 04:00:00,0.0,0.0,0.0,27.643,27.643,0.0,0.0,PVWatts,Solar_Delhi,,solar,27.643,,4,1,0,8
2023-08-01 05:00:00,0.0,0.0,0.0,27.115,0.0,0.0,0.0,PVWatts,Solar_Delhi,,solar,27.115,,5,1,0,8
2023-08-01 06:00:00,1410.178,1626.348,52.729,27.584,29.449,1.4101780000000002,1.626348,PVWatts,Solar_Delhi,,solar,27.584,,6,1,0,8
2023-08-01 07:00:00,6707.716,7118.495,223.877,28.146,36.059,6.7077160000000005,7.118495,PVWatts,Solar_Delhi,,solar,28.146,,7,1,0,8
2023-08-01 08:00:00,12964.056,13604.665,433.671,28.907,44.243,12.964056000000001,13.604665,PVWatts,Solar_Delhi,,solar,28.907,,8,1,0,8
2023-08-01 09:00:00,11929.494,12532.098,401.223,29.493,40.758,11.929494,12.532098,PVWatts,Solar_Delhi,,solar,29.493,,9,1,0,8
2023-08-01 10:00:00,19307.508,20181.149,662.181,29.961,48.552,19.307508000000002,20.181149,PVWatts,Solar_Delhi,,solar,29.961,,10,1,0,8
2023-08-01 11:00:00,25330.649,26425.553,890.407,30.515,55.539,25.330649,26.425553,PVWatts,Solar_Delhi,,solar,30.515,,11,1,0,8
2023-08-01 12:00:00,17834.789,18654.329,614.405,30.976,48.204,17.834789,18.654329,PVWatts,Solar_Delhi,,solar,30.976,,12,1,0,8
2023-08-01 13:00:00,23819.993,24859.403,832.346,31.299,54.706,23.819993,24.859402999999997,PVWatts,Solar_Delhi,,solar,31.299,,13,1,0,8
2023-08-01 14:00:00,14979.475,15694.122,517.832,31.437,49.676,14.979475,15.694122,PVWatts,Solar_Delhi,,solar,31.437,,14,1,0,8
2023-08-01 15:00:00,11471.813,12057.604,389.229,31.325,45.066,11.471813000000001,12.057604,PVWatts,Solar_Delhi,,solar,31.325,,15,1,0,8
2023-08-01 16:00:00,2131.952,2374.637,76.984,31.078,33.803,2.131952,2.3746370000000003,PVWatts,Solar_Delhi,,solar,31.078,,16,1,0,8
2023-08-01 17:00:00,1662.226,1887.655,61.321,30.592,32.764,1.6622260000000002,1.887655,PVWatts,Solar_Delhi,,solar,30.592,,17,1,0,8
2023-08-01 18:00:00,0.0,162.762,9.465,29.701,29.981,0.0,0.162762,PVWatts,Solar_Delhi,,solar,29.701,,18,1,0,8
2023-08-01 19:00:00,0.0,0.0,0.0,29.225,29.225,0.0,0.0,PVWatts,Solar_Delhi,,solar,29.225,,19,1,0,8
2023-08-01 20:00:00,0.0,0.0,0.0,28.867,28.867,0.0,0.0,PVWatts,Solar_Delhi,,solar,28.867,,20,1,0,8
2023-08-01 21:00:00,0.0,0.0,0.0,28.482,28.482,0.0,0.0,PVWatts,Solar_Delhi,,solar,28.482,,21,1,0,8
2023-08-01 22:00:00,0.0,0.0,0.0,28.087,28.087,0.0,0.0,PVWatts,Solar_Delhi,,solar,28.087,,22,1,0,8
2023-08-01 23:00:00,0.0,0.0,0.0,27.737,27.737,0.0,0.0,PVWatts,Solar_Delhi,,solar,27.737,,23,1,0,8
2023-08-02 00:00:00,0.0,0.0,0.0,27.383,27.383,0.0,0.0,PVWatts,Solar_Delhi,,solar,27.383,,0,2,0,8
2023-08-02 01:00:00,0.0,0.0,0.0,27.128,27.128,0.0,0.0,PVWatts,Solar_Delhi,,solar,27.128,,1,2,0,8
2023-08-02 02:00:00,0.0,0.0,0.0,26.838,26.838,0.0,0.0,PVWatts,Solar_Delhi,,solar,26.838,,2,2,0,8
2023-08-02 03:00:00,0.0,0.0,0.0,26.636,26.636,0.0,0.0,PVWatts,Solar_Delhi,,solar,26.636,,3,2,0,8
2023-08-02 04:00:00,0.0,0.0,0.0,26.608,26.608,0.0,0.0,PVWatts,Solar_Delhi,,solar,26.608,,4,2,0,8
2023-08-02 05:00:00,0.0,0.0,0.0,26.789,0.0,0.0,0.0,PVWatts,Solar_Delhi,,solar,26.789,,5,2,0,8
2023-08-02 06:00:00,158.746,328.944,11.358,27.488,27.89,0.158746,0.328944,PVWatts,Solar_Delhi,,solar,27.488,,6,2,0,8
2023-08-02 07:00:00,1036.71,1239.161,40.808,28.87,30.314,1.03671,1.239161,PVWatts,Solar_Delhi,,solar,28.87,,7,2,0,8
2023-08-02 08:00:00,1963.085,2199.567,72.291,30.269,32.817,1.963085,2.199567,PVWatts,Solar_Delhi,,solar,30.269,,8,2,0,8
2023-08-02 09:00:00,5736.789,6111.9,198.726,31.166,38.152,5.736789,6.1118999999999994,PVWatts,Solar_Delhi,,solar,31.166,,9,2,0,8
2023-08-02 10:00:00,11170.257,11744.971,387.028,31.699,45.289,11.170257,11.744971,PVWatts,Solar_Delhi,,solar,31.699,,10,2,0,8
2023-08-02 11:00:00,13375.112,14030.823,466.733,31.996,48.382,13.375112,14.030823,PVWatts,Solar_Delhi,,solar,31.996,,11,2,0,8
2023-08-02 12:00:00,5470.983,5836.33,192.023,31.853,38.588,5.470983,5.83633,PVWatts,Solar_Delhi,,solar,31.853,,12,2,0,8
2023-08-02 13:00:00,4683.473,5019.89,164.505,31.096,36.87,4.683473,5.01989,PVWatts,Solar_Delhi,,solar,31.096,,13,2,0,8
2023-08-02 14:00:00,6390.61,6789.74,222.626,30.745,41.229,6.39061,6.78974,PVWatts,Solar_Delhi,,solar,30.745,,14,2,0,8
2023-08-02 15:00:00,8705.441,9189.607,294.779,30.775,41.174,8.705441,9.189607,PVWatts,Solar_Delhi,,solar,30.775,,15,2,0,8
2023-08-02 16:00:00,9519.863,10033.949,320.115,30.384,41.693,9.519862999999999,10.033949,PVWatts,Solar_Delhi,,solar,30.384,,16,2,0,8
2023-08-02 17:00:00,979.578,1179.93,38.888,29.669,31.046,0.979578,1.1799300000000001,PVWatts,Solar_Delhi,,solar,29.669,,17,2,0,8
2023-08-02 18:00:00,0.0,163.546,9.465,28.837,29.117,0.0,0.163546,PVWatts,Solar_Delhi,,solar,28.837,,18,2,0,8
2023-08-02 19:00:00,0.0,0.0,0.0,28.423,28.423,0.0,0.0,PVWatts,Solar_Delhi,,solar,28.423,,19,2,0,8
2023-08-02 20:00:00,0.0,0.0,0.0,27.982,27.982,0.0,0.0,PVWatts,Solar_Delhi,,solar,27.982,,20,2,0,8
2023-08-02 21:00:00,0.0,0.0,0.0,27.518,27.518,0.0,0.0,PVWatts,Solar_Delhi,,solar,27.518,,21,2,0,8
2023-08-02 22:00:00,0.0,0.0,0.0,27.04,27.04,0.0,0.0,PVWatts,Solar_Delhi,,solar,27.04,,22,2,0,8
2023-08-02 23:00:00,0.0,0.0,0.0,26.604,26.604,0.0,0.0,PVWatts,Solar_Delhi,,solar,26.604,,23,2,0,8
2023-08-03 00:00:00,0.0,0.0,0.0,26.221,26.221,0.0,0.0,PVWatts,Solar_Delhi,,solar,26.221,,0,3,0,8
2023-08-03 01:00:00,0.0,0.0,0.0,25.846,25.846,0.0,0.0,PVWatts,Solar_Delhi,,solar,25.846,,1,3,0,8
2023-08-03 02:00:00,0.0,0.0,0.0,25.483,25.483,0.0,0.0,PVWatts,Solar_Delhi,,solar,25.483,,2,3,0,8
2023-08-03 03:00:00,0.0,0.0,0.0,25.227,25.227,0.0,0.0,PVWatts,Solar_Delhi,,solar,25.227,,3,3,0,8
2023-08-03 04:00:00,0.0,0.0,0.0,24.982,24.982,0.0,0.0,PVWatts,Solar_Delhi,,solar,24.982,,4,3,0,8
2023-08-03 05:00:00,0.0,0.0,0.0,24.987,0.0,0.0,0.0,PVWatts,Solar_Delhi,,solar,24.987,,5,3,0,8
2023-08-03 06:00:00,563.409,748.473,24.633,25.467,26.34,0.5634089999999999,0.7484729999999999,PVWatts,Solar_Delhi,,solar,25.467,,6,3,0,8
2023-08-03 07:00:00,2527.26,2784.467,88.36,27.038,30.163,2.52726,2.7844670000000002,PVWatts,Solar_Delhi,,solar,27.038,,7,3,0,8
2023-08-03 08:00:00,5608.013,5978.394,190.589,28.743,35.461,5.608013,5.978394000000001,PVWatts,Solar_Delhi,,solar,28.743,,8,3,0,8
2023-08-03 09:00:00,6857.0,7273.263,235.179,30.036,38.304,6.857,7.273263,PVWatts,Solar_Delhi,,solar,30.036,,9,3,0,8
2023-08-03 10:00:00,5736.014,6111.097,200.116,31.432,38.456,5.736014,6.111097,PVWatts,Solar_Delhi,,solar,31.432,,10,3,0,8
2023-08-03 11:00:00,9228.997,9732.397,321.022,32.414,43.679,9.228997,9.732397,PVWatts,Solar_Delhi,,solar,32.414,,11,3,0,8
2023-08-03 12:00:00,12321.701,12938.714,440.607,32.937,53.656,12.321701,12.938714,PVWatts,Solar_Delhi,,solar,32.937,,12,3,0,8
2023-08-03 13:00:00,18913.221,19772.377,700.495,33.096,66.116,18.913221,19.772377,PVWatts,Solar_Delhi,,solar,33.096,,13,3,0,8
2023-08-03 14:00:00,11816.857,12415.323,418.512,32.923,52.641,11.816857,12.415323,PVWatts,Solar_Delhi,,solar,32.923,,14,3,0,8
2023-08-03 15:00:00,7258.656,7689.674,251.681,32.396,44.282,7.258656,7.689674,PVWatts,Solar_Delhi,,solar,32.396,,15,3,0,8
2023-08-03 16:00:00,6538.879,6943.455,223.303,31.512,42.092,6.538879,6.943455,PVWatts,Solar_Delhi,,solar,31.512,,16,3,0,8
2023-08-03 17:00:00,3071.863,3349.077,107.819,30.977,36.089,3.071863,3.3490770000000003,PVWatts,Solar_Delhi,,solar,30.977,,17,3,0,8
2023-08-03 18:00:00,48.582,214.734,12.314,29.671,30.159,0.048582,0.214734,PVWatts,Solar_Delhi,,solar,29.671,,18,3,0,8
2023-08-03 19:00:00,0.0,0.0,0.0,28.125,28.125,0.0,0.0,PVWatts,Solar_Delhi,,solar,28.125,,19,3,0,8
2023-08-03 20:00:00,0.0,0.0,0.0,28.738,28.738,0.0,0.0,PVWatts,Solar_Delhi,,solar,28.738,,20,3,0,8
2023-08-03 21:00:00,0.0,0.0,0.0,27.867,27.867,0.0,0.0,PVWatts,Solar_Delhi,,solar,27.867,,21,3,0,8
2023-08-03 22:00:00,0.0,0.0,0.0,27.408,27.408,0.0,0.0,PVWatts,Solar_Delhi,,solar,27.408,,22,3,0,8
2023-08-03 23:00:00,0.0,0.0,0.0,26.863,26.863,0.0,0.0,PVWatts,Solar_Delhi,,solar,26.863,,23,3,0,8
2023-08-04 00:00:00,0.0,0.0,0.0,26.378,26.378,0.0,0.0,PVWatts,Solar_Delhi,,solar,26.378,,0,4,0,8
2023-08-04 01:00:00,0.0,0.0,0.0,25.957,25.957,0.0,0.0,PVWatts,Solar_Delhi,,solar,25.957,,1,4,0,8
2023-08-04 02:00:00,0.0,0.0,0.0,25.619,25.619,0.0,0.0,PVWatts,Solar_Delhi,,solar,25.619,,2,4,0,8
2023-08-04 03:00:00,0.0,0.0,0.0,25.388,25.388,0.0,0.0,PVWatts,Solar_Delhi,,solar,25.388,,3,4,0,8
2023-08-04 04:00:00,0.0,0.0,0.0,25.244,25.244,0.0,0.0,PVWatts,Solar_Delhi,,solar,25.244,,4,4,0,8
2023-08-04 05:00:00,0.0,0.0,0.0,25.409,0.0,0.0,0.0,PVWatts,Solar_Delhi,,solar,25.409,,5,4,0,8
2023-08-04 06:00:00,587.975,773.941,25.582,26.702,27.608,0.587975,0.773941,PVWatts,Solar_Delhi,,solar,26.702,,6,4,0,8
2023-08-04 07:00:00,4985.553,5333.067,168.065,28.53,34.474,4.9855529999999995,5.333067,PVWatts,Solar_Delhi,,solar,28.53,,7,4,0,8
2023-08-04 08:00:00,8614.889,9095.729,290.488,29.801,40.05,8.614889,9.095728999999999,PVWatts,Solar_Delhi,,solar,29.801,,8,4,0,8
2023-08-04 09:00:00,10352.26,10896.924,354.286,30.54,43.002,10.35226,10.896924,PVWatts,Solar_Delhi,,solar,30.54,,9,4,0,8
2023-08-04 10:00:00,11334.379,11915.122,391.494,30.916,44.663,11.334379,11.915122,PVWatts,Solar_Delhi,,solar,30.916,,10,4,0,8
2023-08-04 11:00:00,14428.311,15122.711,502.981,31.207,48.869,14.428310999999999,15.122710999999999,PVWatts,Solar_Delhi,,solar,31.207,,11,4,0,8
2023-08-04 12:00:00,17658.632,18471.7,621.944,31.323,53.182,17.658632,18.471700000000002,PVWatts,Solar_Delhi,,solar,31.323,,12,4,0,8
2023-08-04 13:00:00,15031.786,15748.355,538.566,31.159,56.514,15.031786,15.748355,PVWatts,Solar_Delhi,,solar,31.159,,13,4,0,8
2023-08-04 14:00:00,17154.554,17949.104,615.439,30.777,59.832,17.154554,17.949104,PVWatts,Solar_Delhi,,solar,30.777,,14,4,0,8
2023-08-04 15:00:00,9331.811,9838.988,320.912,30.455,45.615,9.331811,9.838987999999999,PVWatts,Solar_Delhi,,solar,30.455,,15,4,0,8
2023-08-04 16:00:00,5221.645,5577.832,178.226,30.262,38.708,5.2216450000000005,5.577832,PVWatts,Solar_Delhi,,solar,30.262,,16,4,0,8
2023-08-04 17:00:00,4446.096,4773.793,162.479,29.733,37.295,4.446096,4.7737929999999995,PVWatts,Solar_Delhi,,solar,29.733,,17,4,0,8
2023-08-04 18:00:00,0.0,146.487,8.517,28.535,28.873,0.0,0.146487,PVWatts,Solar_Delhi,,solar,28.535,,18,4,0,8
2023-08-04 19:00:00,0.0,0.0,0.0,28.02,28.02,0.0,0.0,PVWatts,Solar_Delhi,,solar,28.02,,19,4,0,8
2023-08-04 20:00:00,0.0,0.0,0.0,27.841,27.841,0.0,0.0,PVWatts,Solar_Delhi,,solar,27.841,,20,4,0,8
2023-08-04 21:00:00,0.0,0.0,0.0,27.73,27.73,0.0,0.0,PVWatts,Solar_Delhi,,solar,27.73,,21,4,0,8
2023-08-04 22:00:00,0.0,0.0,0.0,27.401,27.401,0.0,0.0,PVWatts,Solar_Delhi,,solar,27.401,,22,4,0,8
2023-08-04 23:00:00,0.0,0.0,0.0,27.089,27.089,0.0,0.0,PVWatts,Solar_Delhi,,solar,27.089,,23,4,0,8
2023-08-05 00:00:00,0.0,0.0,0.0,26.775,26.775,0.0,0.0,PVWatts,Solar_Delhi,,solar,26.775,,0,5,1,8
2023-08-05 01:00:00,0.0,0.0,0.0,26.52,26.52,0.0,0.0,PVWatts,Solar_Delhi,,solar,26.52,,1,5,1,8
2023-08-05 02:00:00,0.0,0.0,0.0,26.263,26.263,0.0,0.0,PVWatts,Solar_Delhi,,solar,26.263,,2,5,1,8
2023-08-05 03:00:00,0.0,0.0,0.0,26.041,26.041,0.0,0.0,PVWatts,Solar_Delhi,,solar,26.041,,3,5,1,8
2023-08-05 04:00:00,0.0,0.0,0.0,25.832,25.832,0.0,0.0,PVWatts,Solar_Delhi,,solar,25.832,,4,5,1,8
2023-08-05 05:00:00,0.0,0.0,0.0,25.95,0.0,0.0,0.0,PVWatts,Solar_Delhi,,solar,25.95,,5,5,1,8
2023-08-05 06:00:00,1285.67,1497.267,48.697,26.66,28.38,1.28567,1.4972670000000001,PVWatts,Solar_Delhi,,solar,26.66,,6,5,1,8
2023-08-05 07:00:00,2010.3,2248.517,72.22,28.318,30.873,2.0103,2.2485169999999997,PVWatts,Solar_Delhi,,solar,28.318,,7,5,1,8
2023-08-05 08:00:00,12176.886,12788.578,408.593,29.509,43.95,12.176886,12.788578,PVWatts,Solar_Delhi,,solar,29.509,,8,5,1,8
2023-08-05 09:00:00,17798.774,18616.99,614.686,30.186,51.874,17.798774,18.61699,PVWatts,Solar_Delhi,,solar,30.186,,9,5,1,8
2023-08-05 10:00:00,23224.427,24241.958,829.787,30.808,60.074,23.224427,24.241958,PVWatts,Solar_Delhi,,solar,30.808,,10,5,1,8
2023-08-05 11:00:00,25086.038,26171.957,911.826,31.263,63.402,25.086038000000002,26.171957,PVWatts,Solar_Delhi,,solar,31.263,,11,5,1,8
2023-08-05 12:00:00,25326.347,26421.094,922.392,31.349,63.862,25.326347000000002,26.421094,PVWatts,Solar_Delhi,,solar,31.349,,12,5,1,8
2023-08-05 13:00:00,22849.907,23853.68,818.308,31.431,60.281,22.849906999999998,23.85368,PVWatts,Solar_Delhi,,solar,31.431,,13,5,1,8
2023-08-05 14:00:00,9025.382,9521.302,308.506,31.009,41.868,9.025382,9.521302,PVWatts,Solar_Delhi,,solar,31.009,,14,5,1,8
2023-08-05 15:00:00,16662.673,17439.154,567.513,30.863,50.95,16.662672999999998,17.439154,PVWatts,Solar_Delhi,,solar,30.863,,15,5,1,8
2023-08-05 16:00:00,10720.16,11278.339,362.241,30.59,43.377,10.72016,11.278339,PVWatts,Solar_Delhi,,solar,30.59,,16,5,1,8
2023-08-05 17:00:00,3979.055,4289.595,139.732,29.983,34.893,3.979055,4.289595,PVWatts,Solar_Delhi,,solar,29.983,,17,5,1,8
2023-08-05 18:00:00,319.953,496.073,27.205,29.104,29.909,0.319953,0.496073,PVWatts,Solar_Delhi,,solar,29.104,,18,5,1,8
2023-08-05 19:00:00,0.0,0.0,0.0,28.733,28.733,0.0,0.0,PVWatts,Solar_Delhi,,solar,28.733,,19,5,1,8
2023-08-05 20:00:00,0.0,0.0,0.0,28.373,28.373,0.0,0.0,PVWatts,Solar_Delhi,,solar,28.373,,20,5,1,8
2023-08-05 21:00:00,0.0,0.0,0.0,27.963,27.963,0.0,0.0,PVWatts,Solar_Delhi,,solar,27.963,,21,5,1,8
2023-08-05 22:00:00,0.0,0.0,0.0,27.61,27.61,0.0,0.0,PVWatts,Solar_Delhi,,solar,27.61,,22,5,1,8
2023-08-05 23:00:00,0.0,0.0,0.0,27.224,27.224,0.0,0.0,PVWatts,Solar_Delhi,,solar,27.224,,23,5,1,8
2023-08-06 00:00:00,0.0,0.0,0.0,26.889,26.889,0.0,0.0,PVWatts,Solar_Delhi,,solar,26.889,,0,6,1,8
2023-08-06 01:00:00,0.0,0.0,0.0,26.634,26.634,0.0,0.0,PVWatts,Solar_Delhi,,solar,26.634,,1,6,1,8
2023-08-06 02:00:00,0.0,0.0,0.0,26.417,26.417,0.0,0.0,PVWatts,Solar_Delhi,,solar,26.417,,2,6,1,8
2023-08-06 03:00:00,0.0,0.0,0.0,26.222,26.222,0.0,0.0,PVWatts,Solar_Delhi,,solar,26.222,,3,6,1,8
2023-08-06 04:00:00,0.0,0.0,0.0,26.117,26.117,0.0,0.0,PVWatts,Solar_Delhi,,solar,26.117,,4,6,1,8
2023-08-06 05:00:00,0.0,0.0,0.0,26.257,0.0,0.0,0.0,PVWatts,Solar_Delhi,,solar,26.257,,5,6,1,8
2023-08-06 06:00:00,1349.934,1563.891,51.97,26.982,28.807,1.349934,1.5638910000000001,PVWatts,Solar_Delhi,,solar,26.982,,6,6,1,8
2023-08-06 07:00:00,7656.028,8101.644,255.269,28.41,37.432,7.656028,8.101644,PVWatts,Solar_Delhi,,solar,28.41,,7,6,1,8
2023-08-06 08:00:00,14492.929,15189.703,487.16,29.775,47.019,14.492929,15.189703,PVWatts,Solar_Delhi,,solar,29.775,,8,6,1,8
2023-08-06 09:00:00,19636.78,20522.517,682.907,30.601,54.72,19.636779999999998,20.522517,PVWatts,Solar_Delhi,,solar,30.601,,9,6,1,8
2023-08-06 10:00:00,22496.937,23487.744,802.477,31.215,59.512,22.496937000000003,23.487744,PVWatts,Solar_Delhi,,solar,31.215,,10,6,1,8
2023-08-06 11:00:00,14553.001,15251.982,508.267,31.715,49.568,14.553001,15.251982,PVWatts,Solar_Delhi,,solar,31.715,,11,6,1,8
2023-08-06 12:00:00,25111.097,26197.936,916.851,31.929,64.239,25.111097,26.197936000000002,PVWatts,Solar_Delhi,,solar,31.929,,12,6,1,8
2023-08-06 13:00:00,22764.666,23765.308,862.386,32.231,72.967,22.764666000000002,23.765308,PVWatts,Solar_Delhi,,solar,32.231,,13,6,1,8
2023-08-06 14:00:00,19724.509,20613.469,721.509,32.178,66.309,19.724508999999998,20.613469000000002,PVWatts,Solar_Delhi,,solar,32.178,,14,6,1,8
2023-08-06 15:00:00,14798.589,15506.592,518.259,31.685,56.233,14.798589,15.506592000000001,PVWatts,Solar_Delhi,,solar,31.685,,15,6,1,8
2023-08-06 16:00:00,10474.196,11023.339,362.006,31.274,48.383,10.474196,11.023339,PVWatts,Solar_Delhi,,solar,31.274,,16,6,1,8
2023-08-06 17:00:00,4474.679,4803.426,164.929,30.427,38.09,4.474679,4.803426,PVWatts,Solar_Delhi,,solar,30.427,,17,6,1,8
2023-08-06 18:00:00,412.581,592.104,32.312,29.755,30.711,0.41258100000000003,0.5921040000000001,PVWatts,Solar_Delhi,,solar,29.755,,18,6,1,8
2023-08-06 19:00:00,0.0,0.0,0.0,29.353,29.353,0.0,0.0,PVWatts,Solar_Delhi,,solar,29.353,,19,6,1,8
2023-08-06 20:00:00,0.0,0.0,0.0,28.973,28.973,0.0,0.0,PVWatts,Solar_Delhi,,solar,28.973,,20,6,1,8
2023-08-06 21:00:00,0.0,0.0,0.0,28.573,28.573,0.0,0.0,PVWatts,Solar_Delhi,,solar,28.573,,21,6,1,8
2023-08-06 22:00:00,0.0,0.0,0.0,28.238,28.238,0.0,0.0,PVWatts,Solar_Delhi,,solar,28.238,,22,6,1,8
2023-08-06 23:00:00,0.0,0.0,0.0,27.916,27.916,0.0,0.0,PVWatts,Solar_Delhi,,solar,27.916,,23,6,1,8
2023-08-07 00:00:00,0.0,0.0,0.0,27.615,27.615,0.0,0.0,PVWatts,Solar_Delhi,,solar,27.615,,0,0,0,8
2023-08-07 01:00:00,0.0,0.0,0.0,27.398,27.398,0.0,0.0,PVWatts,Solar_Delhi,,solar,27.398,,1,0,0,8
2023-08-07 02:00:00,0.0,0.0,0.0,27.186,27.186,0.0,0.0,PVWatts,Solar_Delhi,,solar,27.186,,2,0,0,8
2023-08-07 03:00:00,0.0,0.0,0.0,26.969,26.969,0.0,0.0,PVWatts,Solar_Delhi,,solar,26.969,,3,0,0,8
2023-08-07 04:00:00,0.0,0.0,0.0,26.766,26.766,0.0,0.0,PVWatts,Solar_Delhi,,solar,26.766,,4,0,0,8
2023-08-07 05:00:00,0.0,0.0,0.0,26.854,0.0,0.0,0.0,PVWatts,Solar_Delhi,,solar,26.854,,5,0,0,8
2023-08-07 06:00:00,1203.987,1412.583,45.731,27.669,28.961,1.2039870000000001,1.4125830000000001,PVWatts,Solar_Delhi,,solar,27.669,,6,0,0,8
2023-08-07 07:00:00,7805.233,8256.33,259.038,29.236,36.539,7.805233,8.25633,PVWatts,Solar_Delhi,,solar,29.236,,7,0,0,8
2023-08-07 08:00:00,14807.057,15515.371,487.608,30.748,42.198,14.807057,15.515371,PVWatts,Solar_Delhi,,solar,30.748,,8,0,0,8
2023-08-07 09:00:00,19432.521,20310.754,654.75,31.721,47.058,19.432521,20.310754,PVWatts,Solar_Delhi,,solar,31.721,,9,0,0,8
2023-08-07 10:00:00,24135.899,25186.914,832.242,32.46,51.933,24.135899000000002,25.186914,PVWatts,Solar_Delhi,,solar,32.46,,10,0,0,8
2023-08-07 11:00:00,26185.986,27312.313,914.417,32.923,54.304,26.185986,27.312313,PVWatts,Solar_Delhi,,solar,32.923,,11,0,0,8
2023-08-07 12:00:00,25368.581,26464.879,883.429,33.034,53.691,25.368581,26.464879,PVWatts,Solar_Delhi,,solar,33.034,,12,0,0,8
2023-08-07 13:00:00,24476.46,25539.986,863.907,33.133,57.439,24.47646,25.539986000000003,PVWatts,Solar_Delhi,,solar,33.133,,13,0,0,8
2023-08-07 14:00:00,19866.188,20760.353,684.818,33.218,52.505,19.866187999999998,20.760353,PVWatts,Solar_Delhi,,solar,33.218,,14,0,0,8
2023-08-07 15:00:00,16734.466,17513.585,563.716,32.837,48.759,16.734466,17.513585,PVWatts,Solar_Delhi,,solar,32.837,,15,0,0,8
2023-08-07 16:00:00,10750.727,11310.029,361.892,32.13,42.317,10.750727000000001,11.310029,PVWatts,Solar_Delhi,,solar,32.13,,16,0,0,8
2023-08-07 17:00:00,4631.627,4966.14,168.738,31.153,35.822,4.631627000000001,4.96614,PVWatts,Solar_Delhi,,solar,31.153,,17,0,0,8
2023-08-07 18:00:00,147.631,317.421,17.853,29.975,30.397,0.147631,0.317421,PVWatts,Solar_Delhi,,solar,29.975,,18,0,0,8
2023-08-07 19:00:00,0.0,0.0,0.0,29.399,29.399,0.0,0.0,PVWatts,Solar_Delhi,,solar,29.399,,19,0,0,8
2023-08-07 20:00:00,0.0,0.0,0.0,28.956,28.956,0.0,0.0,PVWatts,Solar_Delhi,,solar,28.956,,20,0,0,8
2023-08-07 21:00:00,0.0,0.0,0.0,28.46,28.46,0.0,0.0,PVWatts,Solar_Delhi,,solar,28.46,,21,0,0,8
2023-08-07 22:00:00,0.0,0.0,0.0,27.985,27.985,0.0,0.0,PVWatts,Solar_Delhi,,solar,27.985,,22,0,0,8
2023-08-07 23:00:00,0.0,0.0,0.0,27.563,27.563,0.0,0.0,PVWatts,Solar_Delhi,,solar,27.563,,23,0,0,8
2023-08-08 00:00:00,0.0,0.0,0.0,27.241,27.241,0.0,0.0,PVWatts,Solar_Delhi,,solar,27.241,,0,1,0,8
2023-08-08 01:00:00,0.0,0.0,0.0,26.941,26.941,0.0,0.0,PVWatts,Solar_Delhi,,solar,26.941,,1,1,0,8
2023-08-08 02:00:00,0.0,0.0,0.0,26.648,26.648,0.0,0.0,PVWatts,Solar_Delhi,,solar,26.648,,2,1,0,8
2023-08-08 03:00:00,0.0,0.0,0.0,26.366,26.366,0.0,0.0,PVWatts,Solar_Delhi,,solar,26.366,,3,1,0,8
2023-08-08 04:00:00,0.0,0.0,0.0,26.148,26.148,0.0,0.0,PVWatts,Solar_Delhi,,solar,26.148,,4,1,0,8
2023-08-08 05:00:00,0.0,0.0,0.0,26.074,0.0,0.0,0.0,PVWatts,Solar_Delhi,,solar,26.074,,5,1,0,8
2023-08-08 06:00:00,1279.064,1490.418,49.027,26.923,28.068,1.279064,1.4904179999999998,PVWatts,Solar_Delhi,,solar,26.923,,6,1,0,8
2023-08-08 07:00:00,7867.516,8320.901,258.831,28.449,34.518,7.867515999999999,8.320901,PVWatts,Solar_Delhi,,solar,28.449,,7,1,0,8
2023-08-08 08:00:00,14975.513,15690.015,488.07,29.922,39.732,14.975513000000001,15.690014999999999,PVWatts,Solar_Delhi,,solar,29.922,,8,1,0,8
2023-08-08 09:00:00,20522.978,21441.27,684.165,31.099,44.82,20.522978,21.44127,PVWatts,Solar_Delhi,,solar,31.099,,9,1,0,8
2023-08-08 10:00:00,24482.066,25545.798,833.016,32.116,48.799,24.482066,25.545797999999998,PVWatts,Solar_Delhi,,solar,32.116,,10,1,0,8
2023-08-08 11:00:00,26532.806,27671.873,914.235,32.892,51.19,26.532806,27.671872999999998,PVWatts,Solar_Delhi,,solar,32.892,,11,1,0,8
2023-08-08 12:00:00,23475.495,24502.25,805.572,33.313,49.42,23.475495,24.50225,PVWatts,Solar_Delhi,,solar,33.313,,12,1,0,8
2023-08-08 13:00:00,24562.153,25628.826,840.54,33.49,50.327,24.562153,25.628826,PVWatts,Solar_Delhi,,solar,33.49,,13,1,0,8
2023-08-08 14:00:00,21864.763,22832.346,737.718,33.284,48.082,21.864763,22.832346,PVWatts,Solar_Delhi,,solar,33.284,,14,1,0,8
2023-08-08 15:00:00,16937.618,17724.199,563.779,32.734,45.977,16.937617999999997,17.724199000000002,PVWatts,Solar_Delhi,,solar,32.734,,15,1,0,8
2023-08-08 16:00:00,10216.435,10756.11,340.394,31.952,39.927,10.216434999999999,10.756110000000001,PVWatts,Solar_Delhi,,solar,31.952,,16,1,0,8
2023-08-08 17:00:00,4094.709,4409.497,144.134,30.833,34.185,4.094709,4.409497,PVWatts,Solar_Delhi,,solar,30.833,,17,1,0,8
2023-08-08 18:00:00,363.992,541.73,29.619,29.597,30.178,0.36399200000000004,0.54173,PVWatts,Solar_Delhi,,solar,29.597,,18,1,0,8
2023-08-08 19:00:00,0.0,0.0,0.0,29.029,29.029,0.0,0.0,PVWatts,Solar_Delhi,,solar,29.029,,19,1,0,8
2023-08-08 20:00:00,0.0,0.0,0.0,28.508,28.508,0.0,0.0,PVWatts,Solar_Delhi,,solar,28.508,,20,1,0,8
2023-08-08 21:00:00,0.0,0.0,0.0,28.011,28.011,0.0,0.0,PVWatts,Solar_Delhi,,solar,28.011,,21,1,0,8
2023-08-08 22:00:00,0.0,0.0,0.0,27.627,27.627,0.0,0.0,PVWatts,Solar_Delhi,,solar,27.627,,22,1,0,8
2023-08-08 23:00:00,0.0,0.0,0.0,27.281,27.281,0.0,0.0,PVWatts,Solar_Delhi,,solar,27.281,,23,1,0,8
2023-08-09 00:00:00,0.0,0.0,0.0,27.008,27.008,0.0,0.0,PVWatts,Solar_Delhi,,solar,27.008,,0,2,0,8
2023-08-09 01:00:00,0.0,0.0,0.0,26.784,26.784,0.0,0.0,PVWatts,Solar_Delhi,,solar,26.784,,1,2,0,8
2023-08-09 02:00:00,0.0,0.0,0.0,26.553,26.553,0.0,0.0,PVWatts,Solar_Delhi,,solar,26.553,,2,2,0,8
2023-08-09 03:00:00,0.0,0.0,0.0,26.331,26.331,0.0,0.0,PVWatts,Solar_Delhi,,solar,26.331,,3,2,0,8
2023-08-09 04:00:00,0.0,0.0,0.0,26.133,26.133,0.0,0.0,PVWatts,Solar_Delhi,,solar,26.133,,4,2,0,8
2023-08-09 05:00:00,0.0,0.0,0.0,26.167,0.0,0.0,0.0,PVWatts,Solar_Delhi,,solar,26.167,,5,2,0,8
2023-08-09 06:00:00,1326.308,1539.397,49.868,27.22,28.39,1.326308,1.539397,PVWatts,Solar_Delhi,,solar,27.22,,6,2,0,8
2023-08-09 07:00:00,5737.012,6112.132,190.664,28.718,33.19,5.737012,6.112132,PVWatts,Solar_Delhi,,solar,28.718,,7,2,0,8
2023-08-09 08:00:00,13702.58,14370.32,447.186,29.883,38.865,13.70258,14.37032,PVWatts,Solar_Delhi,,solar,29.883,,8,2,0,8
2023-08-09 09:00:00,18466.998,19309.762,614.717,30.908,43.224,18.466998,19.309762,PVWatts,Solar_Delhi,,solar,30.908,,9,2,0,8
2023-08-09 10:00:00,18836.652,19692.996,633.972,31.392,44.065,18.836651999999997,19.692996,PVWatts,Solar_Delhi,,solar,31.392,,10,2,0,8
2023-08-09 11:00:00,9679.577,10199.529,327.711,31.47,38.002,9.679577,10.199529,PVWatts,Solar_Delhi,,solar,31.47,,11,2,0,8
2023-08-09 12:00:00,26908.595,28061.466,922.317,31.517,49.977,26.908595000000002,28.061466,PVWatts,Solar_Delhi,,solar,31.517,,12,2,0,8
2023-08-09 13:00:00,13459.924,14118.75,455.614,31.601,42.226,13.459924,14.11875,PVWatts,Solar_Delhi,,solar,31.601,,13,2,0,8
2023-08-09 14:00:00,13469.611,14128.792,453.017,31.388,41.969,13.469611,14.128791999999999,PVWatts,Solar_Delhi,,solar,31.388,,14,2,0,8
2023-08-09 15:00:00,12458.309,13080.34,416.497,30.941,42.675,12.458309,13.08034,PVWatts,Solar_Delhi,,solar,30.941,,15,2,0,8
2023-08-09 16:00:00,10717.102,11275.168,358.013,30.51,40.59,10.717102,11.275167999999999,PVWatts,Solar_Delhi,,solar,30.51,,16,2,0,8
2023-08-09 17:00:00,4556.084,4887.822,164.686,29.906,34.468,4.556084,4.887822,PVWatts,Solar_Delhi,,solar,29.906,,17,2,0,8
2023-08-09 18:00:00,0.0,128.9,7.57,29.258,29.437,0.0,0.12890000000000001,PVWatts,Solar_Delhi,,solar,29.258,,18,2,0,8
2023-08-09 19:00:00,0.0,0.0,0.0,28.873,28.873,0.0,0.0,PVWatts,Solar_Delhi,,solar,28.873,,19,2,0,8
2023-08-09 20:00:00,0.0,0.0,0.0,28.553,28.553,0.0,0.0,PVWatts,Solar_Delhi,,solar,28.553,,20,2,0,8
2023-08-09 21:00:00,0.0,0.0,0.0,28.253,28.253,0.0,0.0,PVWatts,Solar_Delhi,,solar,28.253,,21,2,0,8
2023-08-09 22:00:00,0.0,0.0,0.0,27.924,27.924,0.0,0.0,PVWatts,Solar_Delhi,,solar,27.924,,22,2,0,8
2023-08-09 23:00:00,0.0,0.0,0.0,27.58,27.58,0.0,0.0,PVWatts,Solar_Delhi,,solar,27.58,,23,2,0,8
2023-08-10 00:00:00,0.0,0.0,0.0,27.277,27.277,0.0,0.0,PVWatts,Solar_Delhi,,solar,27.277,,0,3,0,8
2023-08-10 01:00:00,0.0,0.0,0.0,27.011,27.011,0.0,0.0,PVWatts,Solar_Delhi,,solar,27.011,,1,3,0,8
2023-08-10 02:00:00,0.0,0.0,0.0,26.775,26.775,0.0,0.0,PVWatts,Solar_Delhi,,solar,26.775,,2,3,0,8
2023-08-10 03:00:00,0.0,0.0,0.0,26.581,26.581,0.0,0.0,PVWatts,Solar_Delhi,,solar,26.581,,3,3,0,8
2023-08-10 04:00:00,0.0,0.0,0.0,26.354,26.354,0.0,0.0,PVWatts,Solar_Delhi,,solar,26.354,,4,3,0,8
2023-08-10 05:00:00,0.0,0.0,0.0,26.626,0.0,0.0,0.0,PVWatts,Solar_Delhi,,solar,26.626,,5,3,0,8
2023-08-10 06:00:00,1463.261,1681.382,55.527,27.797,29.751,1.463261,1.6813820000000002,PVWatts,Solar_Delhi,,solar,27.797,,6,3,0,8
2023-08-10 07:00:00,7317.881,7751.075,245.465,29.841,38.518,7.317881000000001,7.751075,PVWatts,Solar_Delhi,,solar,29.841,,7,3,0,8
2023-08-10 08:00:00,14021.91,14701.38,486.143,31.125,54.17,14.02191,14.701379999999999,PVWatts,Solar_Delhi,,solar,31.125,,8,3,0,8
2023-08-10 09:00:00,18814.133,19669.65,682.848,32.03,64.328,18.814133,19.66965,PVWatts,Solar_Delhi,,solar,32.03,,9,3,0,8
2023-08-10 10:00:00,22079.103,23054.56,831.734,32.413,71.698,22.079103,23.054560000000002,PVWatts,Solar_Delhi,,solar,32.413,,10,3,0,8
2023-08-10 11:00:00,22267.144,23249.509,844.359,32.584,72.43,22.267144000000002,23.249509,PVWatts,Solar_Delhi,,solar,32.584,,11,3,0,8
2023-08-10 12:00:00,23986.652,25032.184,925.972,32.706,76.417,23.986652,25.032184,PVWatts,Solar_Delhi,,solar,32.706,,12,3,0,8
2023-08-10 13:00:00,22780.219,23781.432,864.483,32.555,73.393,22.780219000000002,23.781432000000002,PVWatts,Solar_Delhi,,solar,32.555,,13,3,0,8
2023-08-10 14:00:00,19626.309,20511.661,718.255,32.472,66.451,19.626309000000003,20.511661,PVWatts,Solar_Delhi,,solar,32.472,,14,3,0,8
2023-08-10 15:00:00,15575.452,16311.994,547.064,32.106,58.044,15.575451999999999,16.311994000000002,PVWatts,Solar_Delhi,,solar,32.106,,15,3,0,8
2023-08-10 16:00:00,10332.173,10876.099,357.48,31.762,48.66,10.332173000000001,10.876099,PVWatts,Solar_Delhi,,solar,31.762,,16,3,0,8
2023-08-10 17:00:00,3943.147,4252.368,142.538,31.235,37.912,3.9431469999999997,4.252368000000001,PVWatts,Solar_Delhi,,solar,31.235,,17,3,0,8
2023-08-10 18:00:00,309.383,485.115,26.79,30.04,31.102,0.30938299999999996,0.485115,PVWatts,Solar_Delhi,,solar,30.04,,18,3,0,8
2023-08-10 19:00:00,0.0,0.0,0.0,29.582,29.582,0.0,0.0,PVWatts,Solar_Delhi,,solar,29.582,,19,3,0,8
2023-08-10 20:00:00,0.0,0.0,0.0,28.977,28.977,0.0,0.0,PVWatts,Solar_Delhi,,solar,28.977,,20,3,0,8
2023-08-10 21:00:00,0.0,0.0,0.0,28.558,28.558,0.0,0.0,PVWatts,Solar_Delhi,,solar,28.558,,21,3,0,8
2023-08-10 22:00:00,0.0,0.0,0.0,27.938,27.938,0.0,0.0,PVWatts,Solar_Delhi,,solar,27.938,,22,3,0,8
2023-08-10 23:00:00,0.0,0.0,0.0,27.884,27.884,0.0,0.0,PVWatts,Solar_Delhi,,solar,27.884,,23,3,0,8
2023-08-11 00:00:00,0.0,0.0,0.0,27.618,27.618,0.0,0.0,PVWatts,Solar_Delhi,,solar,27.618,,0,4,0,8
2023-08-11 01:00:00,0.0,0.0,0.0,27.47,27.47,0.0,0.0,PVWatts,Solar_Delhi,,solar,27.47,,1,4,0,8
2023-08-11 02:00:00,0.0,0.0,0.0,27.275,27.275,0.0,0.0,PVWatts,Solar_Delhi,,solar,27.275,,2,4,0,8
2023-08-11 03:00:00,0.0,0.0,0.0,27.035,27.035,0.0,0.0,PVWatts,Solar_Delhi,,solar,27.035,,3,4,0,8
2023-08-11 04:00:00,0.0,0.0,0.0,26.897,26.897,0.0,0.0,PVWatts,Solar_Delhi,,solar,26.897,,4,4,0,8
2023-08-11 05:00:00,0.0,0.0,0.0,27.088,0.0,0.0,0.0,PVWatts,Solar_Delhi,,solar,27.088,,5,4,0,8
2023-08-11 06:00:00,959.709,1159.331,37.936,28.077,29.421,0.9597089999999999,1.159331,PVWatts,Solar_Delhi,,solar,28.077,,6,4,0,8
2023-08-11 07:00:00,6134.341,6524.057,206.374,29.821,37.119,6.134341,6.524057,PVWatts,Solar_Delhi,,solar,29.821,,7,4,0,8
2023-08-11 08:00:00,9719.081,10240.485,325.534,31.327,40.495,9.719081000000001,10.240485000000001,PVWatts,Solar_Delhi,,solar,31.327,,8,4,0,8
2023-08-11 09:00:00,18343.272,19181.491,627.46,32.144,49.804,18.343272000000002,19.181491,PVWatts,Solar_Delhi,,solar,32.144,,9,4,0,8
2023-08-11 10:00:00,19917.81,20813.871,691.566,32.551,51.977,19.917810000000003,20.813871,PVWatts,Solar_Delhi,,solar,32.551,,10,4,0,8
2023-08-11 11:00:00,26218.434,27345.952,914.64,32.732,54.119,26.218434000000002,27.345952,PVWatts,Solar_Delhi,,solar,32.732,,11,4,0,8
2023-08-11 12:00:00,25599.955,26704.753,890.091,32.593,53.407,25.599955,26.704753,PVWatts,Solar_Delhi,,solar,32.593,,12,4,0,8
2023-08-11 13:00:00,23087.763,24100.274,793.391,32.516,51.079,23.087763,24.100274000000002,PVWatts,Solar_Delhi,,solar,32.516,,13,4,0,8
2023-08-11 14:00:00,20647.548,21570.417,709.184,32.185,52.168,20.647548,21.570417000000003,PVWatts,Solar_Delhi,,solar,32.185,,14,4,0,8
2023-08-11 15:00:00,15220.514,15944.016,510.293,31.834,46.233,15.220514,15.944016,PVWatts,Solar_Delhi,,solar,31.834,,15,4,0,8
2023-08-11 16:00:00,10515.14,11065.787,356.539,31.436,44.022,10.515139999999999,11.065787,PVWatts,Solar_Delhi,,solar,31.436,,16,4,0,8
2023-08-11 17:00:00,3989.027,4299.934,143.378,30.746,35.756,3.989027,4.299934,PVWatts,Solar_Delhi,,solar,30.746,,17,4,0,8
2023-08-11 18:00:00,172.565,343.271,19.268,30.236,30.806,0.172565,0.343271,PVWatts,Solar_Delhi,,solar,30.236,,18,4,0,8
2023-08-11 19:00:00,0.0,0.0,0.0,29.892,29.892,0.0,0.0,PVWatts,Solar_Delhi,,solar,29.892,,19,4,0,8
2023-08-11 20:00:00,0.0,0.0,0.0,29.595,29.595,0.0,0.0,PVWatts,Solar_Delhi,,solar,29.595,,20,4,0,8
2023-08-11 21:00:00,0.0,0.0,0.0,29.255,29.255,0.0,0.0,PVWatts,Solar_Delhi,,solar,29.255,,21,4,0,8
2023-08-11 22:00:00,0.0,0.0,0.0,28.965,28.965,0.0,0.0,PVWatts,Solar_Delhi,,solar,28.965,,22,4,0,8
2023-08-11 23:00:00,0.0,0.0,0.0,28.583,28.583,0.0,0.0,PVWatts,Solar_Delhi,,solar,28.583,,23,4,0,8
2023-08-12 00:00:00,0.0,0.0,0.0,28.282,28.282,0.0,0.0,PVWatts,Solar_Delhi,,solar,28.282,,0,5,1,8
2023-08-12 01:00:00,0.0,0.0,0.0,27.974,27.974,0.0,0.0,PVWatts,Solar_Delhi,,solar,27.974,,1,5,1,8
2023-08-12 02:00:00,0.0,0.0,0.0,27.704,27.704,0.0,0.0,PVWatts,Solar_Delhi,,solar,27.704,,2,5,1,8
2023-08-12 03:00:00,0.0,0.0,0.0,27.536,27.536,0.0,0.0,PVWatts,Solar_Delhi,,solar,27.536,,3,5,1,8
2023-08-12 04:00:00,0.0,0.0,0.0,27.338,27.338,0.0,0.0,PVWatts,Solar_Delhi,,solar,27.338,,4,5,1,8
2023-08-12 05:00:00,0.0,0.0,0.0,27.229,0.0,0.0,0.0,PVWatts,Solar_Delhi,,solar,27.229,,5,5,1,8
2023-08-12 06:00:00,1116.955,1322.354,42.877,27.252,28.463,1.116955,1.322354,PVWatts,Solar_Delhi,,solar,27.252,,6,5,1,8
2023-08-12 07:00:00,2084.479,2325.42,74.125,27.509,29.601,2.084479,2.3254200000000003,PVWatts,Solar_Delhi,,solar,27.509,,7,5,1,8
2023-08-12 08:00:00,3768.245,4071.041,129.579,27.95,31.593,3.768245,4.071041,PVWatts,Solar_Delhi,,solar,27.95,,8,5,1,8
2023-08-12 09:00:00,6848.751,7264.711,231.701,28.581,35.079,6.848751,7.264711,PVWatts,Solar_Delhi,,solar,28.581,,9,5,1,8
2023-08-12 10:00:00,9887.324,10414.908,334.974,29.193,38.575,9.887324000000001,10.414907999999999,PVWatts,Solar_Delhi,,solar,29.193,,10,5,1,8
2023-08-12 11:00:00,12401.559,13021.506,422.296,29.736,41.558,12.401558999999999,13.021505999999999,PVWatts,Solar_Delhi,,solar,29.736,,11,5,1,8
2023-08-12 12:00:00,11066.415,11637.314,377.752,30.339,40.911,11.066415000000001,11.637314,PVWatts,Solar_Delhi,,solar,30.339,,12,5,1,8
2023-08-12 13:00:00,11659.058,12251.728,397.125,30.528,41.652,11.659058000000002,12.251728,PVWatts,Solar_Delhi,,solar,30.528,,13,5,1,8
2023-08-12 14:00:00,9565.022,10080.766,323.803,30.588,39.674,9.565022,10.080765999999999,PVWatts,Solar_Delhi,,solar,30.588,,14,5,1,8
2023-08-12 15:00:00,9918.595,10447.328,335.241,30.509,42.339,9.918595,10.447327999999999,PVWatts,Solar_Delhi,,solar,30.509,,15,5,1,8
2023-08-12 16:00:00,6700.169,7110.671,224.55,30.225,38.173,6.700169,7.110671,PVWatts,Solar_Delhi,,solar,30.225,,16,5,1,8
2023-08-12 17:00:00,4016.806,4328.733,142.919,29.838,34.84,4.016806,4.328733000000001,PVWatts,Solar_Delhi,,solar,29.838,,17,5,1,8
2023-08-12 18:00:00,308.736,484.445,26.625,29.309,30.097,0.308736,0.484445,PVWatts,Solar_Delhi,,solar,29.309,,18,5,1,8
2023-08-12 19:00:00,0.0,0.0,0.0,29.051,29.051,0.0,0.0,PVWatts,Solar_Delhi,,solar,29.051,,19,5,1,8
2023-08-12 20:00:00,0.0,0.0,0.0,28.787,28.787,0.0,0.0,PVWatts,Solar_Delhi,,solar,28.787,,20,5,1,8
2023-08-12 21:00:00,0.0,0.0,0.0,28.569,28.569,0.0,0.0,PVWatts,Solar_Delhi,,solar,28.569,,21,5,1,8
2023-08-12 22:00:00,0.0,0.0,0.0,28.289,28.289,0.0,0.0,PVWatts,Solar_Delhi,,solar,28.289,,22,5,1,8
2023-08-12 23:00:00,0.0,0.0,0.0,28.105,28.105,0.0,0.0,PVWatts,Solar_Delhi,,solar,28.105,,23,5,1,8
2023-08-13 00:00:00,0.0,0.0,0.0,27.824,27.824,0.0,0.0,PVWatts,Solar_Delhi,,solar,27.824,,0,6,1,8
2023-08-13 01:00:00,0.0,0.0,0.0,27.59,27.59,0.0,0.0,PVWatts,Solar_Delhi,,solar,27.59,,1,6,1,8
2023-08-13 02:00:00,0.0,0.0,0.0,27.344,27.344,0.0,0.0,PVWatts,Solar_Delhi,,solar,27.344,,2,6,1,8
2023-08-13 03:00:00,0.0,0.0,0.0,27.142,27.142,0.0,0.0,PVWatts,Solar_Delhi,,solar,27.142,,3,6,1,8
2023-08-13 04:00:00,0.0,0.0,0.0,27.03,27.03,0.0,0.0,PVWatts,Solar_Delhi,,solar,27.03,,4,6,1,8
2023-08-13 05:00:00,0.0,0.0,0.0,26.956,0.0,0.0,0.0,PVWatts,Solar_Delhi,,solar,26.956,,5,6,1,8
2023-08-13 06:00:00,992.585,1193.415,38.888,27.348,28.725,0.992585,1.193415,PVWatts,Solar_Delhi,,solar,27.348,,6,6,1,8
2023-08-13 07:00:00,3504.369,3797.471,119.467,27.975,31.347,3.504369,3.797471,PVWatts,Solar_Delhi,,solar,27.975,,7,6,1,8
2023-08-13 08:00:00,5892.174,6272.993,198.612,28.935,34.521,5.892174,6.2729930000000005,PVWatts,Solar_Delhi,,solar,28.935,,8,6,1,8
2023-08-13 09:00:00,12355.054,12973.292,415.863,29.814,41.493,12.355054,12.973291999999999,PVWatts,Solar_Delhi,,solar,29.814,,9,6,1,8
2023-08-13 10:00:00,11468.914,12054.599,390.388,30.384,41.319,11.468914,12.054599,PVWatts,Solar_Delhi,,solar,30.384,,10,6,1,8
2023-08-13 11:00:00,13061.908,13706.113,446.358,30.691,43.191,13.061907999999999,13.706113,PVWatts,Solar_Delhi,,solar,30.691,,11,6,1,8
2023-08-13 12:00:00,22845.221,23848.822,797.849,30.852,53.253,22.845221000000002,23.848822,PVWatts,Solar_Delhi,,solar,30.852,,12,6,1,8
2023-08-13 13:00:00,23631.878,24664.378,822.827,30.876,54.019,23.631878,24.664378,PVWatts,Solar_Delhi,,solar,30.876,,13,6,1,8
2023-08-13 14:00:00,8805.802,9293.656,298.276,30.739,39.111,8.805802,9.293656,PVWatts,Solar_Delhi,,solar,30.739,,14,6,1,8
2023-08-13 15:00:00,6887.902,7305.3,233.842,30.546,38.795,6.887902,7.3053,PVWatts,Solar_Delhi,,solar,30.546,,15,6,1,8
2023-08-13 16:00:00,3406.725,3696.24,117.668,30.23,34.396,3.406725,3.69624,PVWatts,Solar_Delhi,,solar,30.23,,16,6,1,8
2023-08-13 17:00:00,859.113,1055.04,35.088,29.794,31.036,0.859113,1.05504,PVWatts,Solar_Delhi,,solar,29.794,,17,6,1,8
2023-08-13 18:00:00,0.0,111.892,6.622,29.243,29.439,0.0,0.11189199999999999,PVWatts,Solar_Delhi,,solar,29.243,,18,6,1,8
2023-08-13 19:00:00,0.0,0.0,0.0,28.975,28.975,0.0,0.0,PVWatts,Solar_Delhi,,solar,28.975,,19,6,1,8
2023-08-13 20:00:00,0.0,0.0,0.0,28.724,28.724,0.0,0.0,PVWatts,Solar_Delhi,,solar,28.724,,20,6,1,8
2023-08-13 21:00:00,0.0,0.0,0.0,28.438,28.438,0.0,0.0,PVWatts,Solar_Delhi,,solar,28.438,,21,6,1,8
2023-08-13 22:00:00,0.0,0.0,0.0,28.143,28.143,0.0,0.0,PVWatts,Solar_Delhi,,solar,28.143,,22,6,1,8
2023-08-13 23:00:00,0.0,0.0,0.0,27.826,27.826,0.0,0.0,PVWatts,Solar_Delhi,,solar,27.826,,23,6,1,8
2023-08-14 00:00:00,0.0,0.0,0.0,27.495,27.495,0.0,0.0,PVWatts,Solar_Delhi,,solar,27.495,,0,0,0,8
2023-08-14 01:00:00,0.0,0.0,0.0,27.152,27.152,0.0,0.0,PVWatts,Solar_Delhi,,solar,27.152,,1,0,0,8
2023-08-14 02:00:00,0.0,0.0,0.0,26.866,26.866,0.0,0.0,PVWatts,Solar_Delhi,,solar,26.866,,2,0,0,8
2023-08-14 03:00:00,0.0,0.0,0.0,26.645,26.645,0.0,0.0,PVWatts,Solar_Delhi,,solar,26.645,,3,0,0,8
2023-08-14 04:00:00,0.0,0.0,0.0,26.445,26.445,0.0,0.0,PVWatts,Solar_Delhi,,solar,26.445,,4,0,0,8
2023-08-14 05:00:00,0.0,0.0,0.0,26.464,0.0,0.0,0.0,PVWatts,Solar_Delhi,,solar,26.464,,5,0,0,8
2023-08-14 06:00:00,1234.965,1444.699,47.017,27.185,28.51,1.2349649999999999,1.4446990000000002,PVWatts,Solar_Delhi,,solar,27.185,,6,0,0,8
2023-08-14 07:00:00,5403.229,5766.087,181.465,28.666,35.085,5.4032290000000005,5.766087000000001,PVWatts,Solar_Delhi,,solar,28.666,,7,0,0,8
2023-08-14 08:00:00,9306.295,9812.535,310.703,30.246,38.995,9.306295,9.812535,PVWatts,Solar_Delhi,,solar,30.246,,8,0,0,8
2023-08-14 09:00:00,15025.86,15742.212,509.399,31.304,45.625,15.02586,15.742212,PVWatts,Solar_Delhi,,solar,31.304,,9,0,0,8
2023-08-14 10:00:00,21356.275,22305.179,760.418,31.797,58.597,21.356275,22.305179,PVWatts,Solar_Delhi,,solar,31.797,,10,0,0,8
2023-08-14 11:00:00,15467.561,16200.139,542.203,31.951,50.999,15.467561,16.200139,PVWatts,Solar_Delhi,,solar,31.951,,11,0,0,8
2023-08-14 12:00:00,17822.891,18641.994,628.829,31.741,53.847,17.822891,18.641994,PVWatts,Solar_Delhi,,solar,31.741,,12,0,0,8
2023-08-14 13:00:00,16482.669,17252.538,575.512,31.307,51.552,16.482669,17.252538,PVWatts,Solar_Delhi,,solar,31.307,,13,0,0,8
2023-08-14 14:00:00,18566.112,19412.517,645.533,30.939,53.718,18.566112,19.412517,PVWatts,Solar_Delhi,,solar,30.939,,14,0,0,8
2023-08-14 15:00:00,13302.684,13955.734,449.939,30.607,46.508,13.302684,13.955734,PVWatts,Solar_Delhi,,solar,30.607,,15,0,0,8
2023-08-14 16:00:00,8499.896,8976.512,284.44,30.186,40.246,8.499896000000001,8.976512000000001,PVWatts,Solar_Delhi,,solar,30.186,,16,0,0,8
2023-08-14 17:00:00,3988.522,4299.41,143.856,29.606,34.62,3.988522,4.29941,PVWatts,Solar_Delhi,,solar,29.606,,17,0,0,8
2023-08-14 18:00:00,129.625,298.754,16.789,29.102,29.599,0.129625,0.298754,PVWatts,Solar_Delhi,,solar,29.102,,18,0,0,8
2023-08-14 19:00:00,0.0,0.0,0.0,28.813,28.813,0.0,0.0,PVWatts,Solar_Delhi,,solar,28.813,,19,0,0,8
2023-08-14 20:00:00,0.0,0.0,0.0,28.541,28.541,0.0,0.0,PVWatts,Solar_Delhi,,solar,28.541,,20,0,0,8
2023-08-14 21:00:00,0.0,0.0,0.0,28.188,28.188,0.0,0.0,PVWatts,Solar_Delhi,,solar,28.188,,21,0,0,8
2023-08-14 22:00:00,0.0,0.0,0.0,27.804,27.804,0.0,0.0,PVWatts,Solar_Delhi,,solar,27.804,,22,0,0,8
2023-08-14 23:00:00,0.0,0.0,0.0,27.431,27.431,0.0,0.0,PVWatts,Solar_Delhi,,solar,27.431,,23,0,0,8
2023-08-15 00:00:00,0.0,0.0,0.0,26.971,26.971,0.0,0.0,PVWatts,Solar_Delhi,,solar,26.971,,0,1,0,8
2023-08-15 01:00:00,0.0,0.0,0.0,26.586,26.586,0.0,0.0,PVWatts,Solar_Delhi,,solar,26.586,,1,1,0,8
2023-08-15 02:00:00,0.0,0.0,0.0,26.248,26.248,0.0,0.0,PVWatts,Solar_Delhi,,solar,26.248,,2,1,0,8
2023-08-15 03:00:00,0.0,0.0,0.0,25.953,25.953,0.0,0.0,PVWatts,Solar_Delhi,,solar,25.953,,3,1,0,8
2023-08-15 04:00:00,0.0,0.0,0.0,25.745,25.745,0.0,0.0,PVWatts,Solar_Delhi,,solar,25.745,,4,1,0,8
2023-08-15 05:00:00,0.0,0.0,0.0,25.743,0.0,0.0,0.0,PVWatts,Solar_Delhi,,solar,25.743,,5,1,0,8
2023-08-15 06:00:00,1230.062,1439.615,46.853,26.406,27.726,1.230062,1.439615,PVWatts,Solar_Delhi,,solar,26.406,,6,1,0,8
2023-08-15 07:00:00,6655.18,7064.029,220.099,27.944,34.153,6.6551800000000005,7.064029000000001,PVWatts,Solar_Delhi,,solar,27.944,,7,1,0,8
2023-08-15 08:00:00,13644.672,14310.285,451.244,29.721,42.458,13.644672,14.310285,PVWatts,Solar_Delhi,,solar,29.721,,8,1,0,8
2023-08-15 09:00:00,20157.775,21062.651,688.861,31.421,50.83,20.157775,21.062651000000002,PVWatts,Solar_Delhi,,solar,31.421,,9,1,0,8
2023-08-15 10:00:00,23545.167,24574.481,824.96,32.566,55.777,23.545167000000003,24.574481,PVWatts,Solar_Delhi,,solar,32.566,,10,1,0,8
2023-08-15 11:00:00,24350.352,25409.245,860.038,32.828,57.009,24.350351999999997,25.409245,PVWatts,Solar_Delhi,,solar,32.828,,11,1,0,8
2023-08-15 12:00:00,24967.549,26049.116,883.496,32.813,57.66,24.967548999999998,26.049116,PVWatts,Solar_Delhi,,solar,32.813,,12,1,0,8
2023-08-15 13:00:00,23048.73,24059.807,806.518,32.784,55.477,23.04873,24.059807,PVWatts,Solar_Delhi,,solar,32.784,,13,1,0,8
2023-08-15 14:00:00,15221.508,15945.047,518.914,32.412,47.0,15.221508,15.945047,PVWatts,Solar_Delhi,,solar,32.412,,14,1,0,8
2023-08-15 15:00:00,16502.197,17272.783,553.306,31.785,47.409,16.502197,17.272783,PVWatts,Solar_Delhi,,solar,31.785,,15,1,0,8
2023-08-15 16:00:00,5983.455,6367.628,200.739,31.159,36.825,5.983455,6.367628,PVWatts,Solar_Delhi,,solar,31.159,,16,1,0,8
2023-08-15 17:00:00,3066.079,3343.08,106.978,30.216,33.232,3.066079,3.34308,PVWatts,Solar_Delhi,,solar,30.216,,17,1,0,8
2023-08-15 18:00:00,184.765,355.919,19.852,29.433,29.902,0.18476499999999998,0.355919,PVWatts,Solar_Delhi,,solar,29.433,,18,1,0,8
2023-08-15 19:00:00,0.0,0.0,0.0,28.981,28.981,0.0,0.0,PVWatts,Solar_Delhi,,solar,28.981,,19,1,0,8
2023-08-15 20:00:00,0.0,0.0,0.0,28.585,28.585,0.0,0.0,PVWatts,Solar_Delhi,,solar,28.585,,20,1,0,8
2023-08-15 21:00:00,0.0,0.0,0.0,28.197,28.197,0.0,0.0,PVWatts,Solar_Delhi,,solar,28.197,,21,1,0,8
2023-08-15 22:00:00,0.0,0.0,0.0,27.787,27.787,0.0,0.0,PVWatts,Solar_Delhi,,solar,27.787,,22,1,0,8
2023-08-15 23:00:00,0.0,0.0,0.0,27.399,27.399,0.0,0.0,PVWatts,Solar_Delhi,,solar,27.399,,23,1,0,8
2023-08-16 00:00:00,0.0,0.0,0.0,26.982,26.982,0.0,0.0,PVWatts,Solar_Delhi,,solar,26.982,,0,2,0,8
2023-08-16 01:00:00,0.0,0.0,0.0,26.626,26.626,0.0,0.0,PVWatts,Solar_Delhi,,solar,26.626,,1,2,0,8
2023-08-16 02:00:00,0.0,0.0,0.0,26.24,26.24,0.0,0.0,PVWatts,Solar_Delhi,,solar,26.24,,2,2,0,8
2023-08-16 03:00:00,0.0,0.0,0.0,25.918,25.918,0.0,0.0,PVWatts,Solar_Delhi,,solar,25.918,,3,2,0,8
2023-08-16 04:00:00,0.0,0.0,0.0,25.638,25.638,0.0,0.0,PVWatts,Solar_Delhi,,solar,25.638,,4,2,0,8
2023-08-16 05:00:00,0.0,0.0,0.0,25.461,0.0,0.0,0.0,PVWatts,Solar_Delhi,,solar,25.461,,5,2,0,8
2023-08-16 06:00:00,1001.303,1202.454,38.888,25.914,27.012,1.001303,1.202454,PVWatts,Solar_Delhi,,solar,25.914,,6,2,0,8
2023-08-16 07:00:00,6609.443,7016.612,217.954,27.233,33.382,6.609443000000001,7.016612,PVWatts,Solar_Delhi,,solar,27.233,,7,2,0,8
2023-08-16 08:00:00,13844.981,14517.953,456.783,29.2,42.095,13.844981,14.517953,PVWatts,Solar_Delhi,,solar,29.2,,8,2,0,8
2023-08-16 09:00:00,20299.789,21209.882,693.004,31.1,50.626,20.299789,21.209882,PVWatts,Solar_Delhi,,solar,31.1,,9,2,0,8
2023-08-16 10:00:00,24039.604,25087.081,844.985,32.734,56.508,24.039604,25.087080999999998,PVWatts,Solar_Delhi,,solar,32.734,,10,2,0,8
2023-08-16 11:00:00,25958.439,27076.406,928.45,33.795,59.901,25.958439,27.076406,PVWatts,Solar_Delhi,,solar,33.795,,11,2,0,8
2023-08-16 12:00:00,26174.776,27300.691,936.803,33.745,60.088,26.174776,27.300691,PVWatts,Solar_Delhi,,solar,33.745,,12,2,0,8
2023-08-16 13:00:00,24638.185,25707.652,871.726,33.626,58.158,24.638185,25.707652,PVWatts,Solar_Delhi,,solar,33.626,,13,2,0,8
2023-08-16 14:00:00,21396.054,22346.419,740.004,33.238,54.095,21.396054,22.346419,PVWatts,Solar_Delhi,,solar,33.238,,14,2,0,8
2023-08-16 15:00:00,14314.447,15004.664,481.256,32.658,46.233,14.314447,15.004664,PVWatts,Solar_Delhi,,solar,32.658,,15,2,0,8
2023-08-16 16:00:00,10210.353,10749.804,342.837,31.826,41.481,10.210353,10.749804,PVWatts,Solar_Delhi,,solar,31.826,,16,2,0,8
2023-08-16 17:00:00,3743.783,4045.68,134.122,30.736,34.477,3.743783,4.04568,PVWatts,Solar_Delhi,,solar,30.736,,17,2,0,8
2023-08-16 18:00:00,112.701,281.207,15.894,29.799,30.111,0.112701,0.281207,PVWatts,Solar_Delhi,,solar,29.799,,18,2,0,8
2023-08-16 19:00:00,0.0,0.0,0.0,29.177,29.177,0.0,0.0,PVWatts,Solar_Delhi,,solar,29.177,,19,2,0,8
2023-08-16 20:00:00,0.0,0.0,0.0,28.661,28.661,0.0,0.0,PVWatts,Solar_Delhi,,solar,28.661,,20,2,0,8
2023-08-16 21:00:00,0.0,0.0,0.0,28.183,28.183,0.0,0.0,PVWatts,Solar_Delhi,,solar,28.183,,21,2,0,8
2023-08-16 22:00:00,0.0,0.0,0.0,27.791,27.791,0.0,0.0,PVWatts,Solar_Delhi,,solar,27.791,,22,2,0,8
2023-08-16 23:00:00,0.0,0.0,0.0,27.406,27.406,0.0,0.0,PVWatts,Solar_Delhi,,solar,27.406,,23,2,0,8
2023-08-17 00:00:00,0.0,0.0,0.0,27.066,27.066,0.0,0.0,PVWatts,Solar_Delhi,,solar,27.066,,0,3,0,8
2023-08-17 01:00:00,0.0,0.0,0.0,26.677,26.677,0.0,0.0,PVWatts,Solar_Delhi,,solar,26.677,,1,3,0,8
2023-08-17 02:00:00,0.0,0.0,0.0,26.267,26.267,0.0,0.0,PVWatts,Solar_Delhi,,solar,26.267,,2,3,0,8
2023-08-17 03:00:00,0.0,0.0,0.0,25.83,25.83,0.0,0.0,PVWatts,Solar_Delhi,,solar,25.83,,3,3,0,8
2023-08-17 04:00:00,0.0,0.0,0.0,25.362,25.362,0.0,0.0,PVWatts,Solar_Delhi,,solar,25.362,,4,3,0,8
2023-08-17 05:00:00,0.0,0.0,0.0,25.179,0.0,0.0,0.0,PVWatts,Solar_Delhi,,solar,25.179,,5,3,0,8
2023-08-17 06:00:00,971.224,1171.269,37.937,25.97,27.042,0.9712240000000001,1.1712690000000001,PVWatts,Solar_Delhi,,solar,25.97,,6,3,0,8
2023-08-17 07:00:00,6388.806,6787.87,211.347,27.806,33.768,6.388806,6.78787,PVWatts,Solar_Delhi,,solar,27.806,,7,3,0,8
2023-08-17 08:00:00,13374.592,14030.283,442.923,29.939,42.439,13.374592,14.030282999999999,PVWatts,Solar_Delhi,,solar,29.939,,8,3,0,8
2023-08-17 09:00:00,19877.223,20771.793,679.72,31.827,50.979,19.877223,20.771793000000002,PVWatts,Solar_Delhi,,solar,31.827,,9,3,0,8
2023-08-17 10:00:00,24146.537,25197.943,851.444,33.3,57.257,24.146537,25.197943,PVWatts,Solar_Delhi,,solar,33.3,,10,3,0,8
2023-08-17 11:00:00,26076.213,27198.506,935.173,34.223,60.519,26.076213,27.198506000000002,PVWatts,Solar_Delhi,,solar,34.223,,11,3,0,8
2023-08-17 12:00:00,26255.173,27384.041,944.331,34.652,61.207,26.255173,27.384041,PVWatts,Solar_Delhi,,solar,34.652,,12,3,0,8
2023-08-17 13:00:00,24672.098,25742.811,877.66,34.711,59.411,24.672098000000002,25.742811000000003,PVWatts,Solar_Delhi,,solar,34.711,,13,3,0,8
2023-08-17 14:00:00,21419.162,22370.375,745.023,34.451,55.45,21.419162,22.370375,PVWatts,Solar_Delhi,,solar,34.451,,14,3,0,8
2023-08-17 15:00:00,16390.786,17157.279,553.872,33.984,49.632,16.390786,17.157279,PVWatts,Solar_Delhi,,solar,33.984,,15,3,0,8
2023-08-17 16:00:00,9081.262,9579.235,305.698,33.243,41.861,9.081262,9.579235,PVWatts,Solar_Delhi,,solar,33.243,,16,3,0,8
2023-08-17 17:00:00,3266.145,3550.496,116.615,32.417,35.688,3.266145,3.550496,PVWatts,Solar_Delhi,,solar,32.417,,17,3,0,8
2023-08-17 18:00:00,123.653,292.562,16.62,31.027,31.519,0.123653,0.292562,PVWatts,Solar_Delhi,,solar,31.027,,18,3,0,8
2023-08-17 19:00:00,0.0,0.0,0.0,30.503,30.503,0.0,0.0,PVWatts,Solar_Delhi,,solar,30.503,,19,3,0,8
2023-08-17 20:00:00,0.0,0.0,0.0,29.921,29.921,0.0,0.0,PVWatts,Solar_Delhi,,solar,29.921,,20,3,0,8
2023-08-17 21:00:00,0.0,0.0,0.0,29.273,29.273,0.0,0.0,PVWatts,Solar_Delhi,,solar,29.273,,21,3,0,8
2023-08-17 22:00:00,0.0,0.0,0.0,28.486,28.486,0.0,0.0,PVWatts,Solar_Delhi,,solar,28.486,,22,3,0,8
2023-08-17 23:00:00,0.0,0.0,0.0,27.665,27.665,0.0,0.0,PVWatts,Solar_Delhi,,solar,27.665,,23,3,0,8
2023-08-18 00:00:00,0.0,0.0,0.0,26.952,26.952,0.0,0.0,PVWatts,Solar_Delhi,,solar,26.952,,0,4,0,8
2023-08-18 01:00:00,0.0,0.0,0.0,26.389,26.389,0.0,0.0,PVWatts,Solar_Delhi,,solar,26.389,,1,4,0,8
2023-08-18 02:00:00,0.0,0.0,0.0,25.939,25.939,0.0,0.0,PVWatts,Solar_Delhi,,solar,25.939,,2,4,0,8
2023-08-18 03:00:00,0.0,0.0,0.0,25.613,25.613,0.0,0.0,PVWatts,Solar_Delhi,,solar,25.613,,3,4,0,8
2023-08-18 04:00:00,0.0,0.0,0.0,25.357,25.357,0.0,0.0,PVWatts,Solar_Delhi,,solar,25.357,,4,4,0,8
2023-08-18 05:00:00,0.0,0.0,0.0,25.291,0.0,0.0,0.0,PVWatts,Solar_Delhi,,solar,25.291,,5,4,0,8
2023-08-18 06:00:00,910.535,1108.351,36.035,26.255,27.273,0.910535,1.108351,PVWatts,Solar_Delhi,,solar,26.255,,6,4,0,8
2023-08-18 07:00:00,6327.303,6724.108,209.731,28.249,34.166,6.327303,6.724108,PVWatts,Solar_Delhi,,solar,28.249,,7,4,0,8
2023-08-18 08:00:00,13311.876,13965.263,441.753,30.463,42.929,13.311876,13.965263,PVWatts,Solar_Delhi,,solar,30.463,,8,4,0,8
2023-08-18 09:00:00,19768.925,20659.517,677.053,32.306,51.384,19.768925,20.659517,PVWatts,Solar_Delhi,,solar,32.306,,9,4,0,8
2023-08-18 10:00:00,23322.312,24343.439,820.011,33.501,56.573,23.322312,24.343439,PVWatts,Solar_Delhi,,solar,33.501,,10,4,0,8
2023-08-18 11:00:00,25951.89,27069.617,929.939,34.199,60.348,25.95189,27.069616999999997,PVWatts,Solar_Delhi,,solar,34.199,,11,4,0,8
2023-08-18 12:00:00,26122.11,27246.09,936.986,34.269,60.618,26.12211,27.24609,PVWatts,Solar_Delhi,,solar,34.269,,12,4,0,8
2023-08-18 13:00:00,24587.657,25655.268,871.493,34.078,58.605,24.587657,25.655268,PVWatts,Solar_Delhi,,solar,34.078,,13,4,0,8
2023-08-18 14:00:00,20821.498,21750.756,738.352,33.743,59.836,20.821498,21.750756000000003,PVWatts,Solar_Delhi,,solar,33.743,,14,4,0,8
2023-08-18 15:00:00,15920.805,16670.033,545.124,33.342,52.652,15.920805,16.670033,PVWatts,Solar_Delhi,,solar,33.342,,15,4,0,8
2023-08-18 16:00:00,9727.329,10249.036,331.205,32.507,44.198,9.727329,10.249036,PVWatts,Solar_Delhi,,solar,32.507,,16,4,0,8
2023-08-18 17:00:00,3847.157,4152.851,142.635,31.792,36.741,3.847157,4.152851,PVWatts,Solar_Delhi,,solar,31.792,,17,4,0,8
2023-08-18 18:00:00,0.0,79.675,4.849,31.269,31.413,0.0,0.079675,PVWatts,Solar_Delhi,,solar,31.269,,18,4,0,8
2023-08-18 19:00:00,0.0,0.0,0.0,30.786,30.786,0.0,0.0,PVWatts,Solar_Delhi,,solar,30.786,,19,4,0,8
2023-08-18 20:00:00,0.0,0.0,0.0,30.207,30.207,0.0,0.0,PVWatts,Solar_Delhi,,solar,30.207,,20,4,0,8
2023-08-18 21:00:00,0.0,0.0,0.0,29.579,29.579,0.0,0.0,PVWatts,Solar_Delhi,,solar,29.579,,21,4,0,8
2023-08-18 22:00:00,0.0,0.0,0.0,28.904,28.904,0.0,0.0,PVWatts,Solar_Delhi,,solar,28.904,,22,4,0,8
2023-08-18 23:00:00,0.0,0.0,0.0,28.262,28.262,0.0,0.0,PVWatts,Solar_Delhi,,solar,28.262,,23,4,0,8
2023-08-19 00:00:00,0.0,0.0,0.0,27.714,27.714,0.0,0.0,PVWatts,Solar_Delhi,,solar,27.714,,0,5,1,8
2023-08-19 01:00:00,0.0,0.0,0.0,27.269,27.269,0.0,0.0,PVWatts,Solar_Delhi,,solar,27.269,,1,5,1,8
2023-08-19 02:00:00,0.0,0.0,0.0,26.926,26.926,0.0,0.0,PVWatts,Solar_Delhi,,solar,26.926,,2,5,1,8
2023-08-19 03:00:00,0.0,0.0,0.0,26.636,26.636,0.0,0.0,PVWatts,Solar_Delhi,,solar,26.636,,3,5,1,8
2023-08-19 04:00:00,0.0,0.0,0.0,26.604,26.604,0.0,0.0,PVWatts,Solar_Delhi,,solar,26.604,,4,5,1,8
2023-08-19 05:00:00,0.0,0.0,0.0,26.7,0.0,0.0,0.0,PVWatts,Solar_Delhi,,solar,26.7,,5,5,1,8
2023-08-19 06:00:00,1148.336,1354.887,44.355,27.06,28.627,1.148336,1.354887,PVWatts,Solar_Delhi,,solar,27.06,,6,5,1,8
2023-08-19 07:00:00,5485.697,5851.585,183.373,27.787,34.274,5.485697,5.851585,PVWatts,Solar_Delhi,,solar,27.787,,7,5,1,8
2023-08-19 08:00:00,4394.99,4720.809,150.771,28.632,33.948,4.39499,4.720809,PVWatts,Solar_Delhi,,solar,28.632,,8,5,1,8
2023-08-19 09:00:00,4538.116,4869.193,156.67,29.293,33.687,4.538116,4.869193,PVWatts,Solar_Delhi,,solar,29.293,,9,5,1,8
2023-08-19 10:00:00,6796.593,7210.637,232.68,29.911,36.426,6.796593,7.210636999999999,PVWatts,Solar_Delhi,,solar,29.911,,10,5,1,8
2023-08-19 11:00:00,6460.756,6862.462,222.529,30.46,36.687,6.460756,6.862462000000001,PVWatts,Solar_Delhi,,solar,30.46,,11,5,1,8
2023-08-19 12:00:00,6985.115,7406.085,239.952,30.392,37.106,6.9851149999999995,7.406085,PVWatts,Solar_Delhi,,solar,30.392,,12,5,1,8
2023-08-19 13:00:00,10686.825,11243.78,362.098,30.038,40.188,10.686825,11.243780000000001,PVWatts,Solar_Delhi,,solar,30.038,,13,5,1,8
2023-08-19 14:00:00,19995.522,20894.437,678.503,29.634,48.742,19.995522,20.894437000000003,PVWatts,Solar_Delhi,,solar,29.634,,14,5,1,8
2023-08-19 15:00:00,13404.551,14061.342,449.644,29.125,45.024,13.404551,14.061342,PVWatts,Solar_Delhi,,solar,29.125,,15,5,1,8
2023-08-19 16:00:00,10120.224,10656.364,338.772,28.886,40.849,10.120224,10.656364,PVWatts,Solar_Delhi,,solar,28.886,,16,5,1,8
2023-08-19 17:00:00,3196.553,3478.347,112.1,28.112,31.258,3.1965529999999998,3.4783470000000003,PVWatts,Solar_Delhi,,solar,28.112,,17,5,1,8
2023-08-19 18:00:00,0.0,81.511,4.849,27.469,27.584,0.0,0.081511,PVWatts,Solar_Delhi,,solar,27.469,,18,5,1,8
2023-08-19 19:00:00,0.0,0.0,0.0,27.07,27.07,0.0,0.0,PVWatts,Solar_Delhi,,solar,27.07,,19,5,1,8
2023-08-19 20:00:00,0.0,0.0,0.0,26.735,26.735,0.0,0.0,PVWatts,Solar_Delhi,,solar,26.735,,20,5,1,8
2023-08-19 21:00:00,0.0,0.0,0.0,26.362,26.362,0.0,0.0,PVWatts,Solar_Delhi,,solar,26.362,,21,5,1,8
2023-08-19 22:00:00,0.0,0.0,0.0,26.016,26.016,0.0,0.0,PVWatts,Solar_Delhi,,solar,26.016,,22,5,1,8
2023-08-19 23:00:00,0.0,0.0,0.0,25.696,25.696,0.0,0.0,PVWatts,Solar_Delhi,,solar,25.696,,23,5,1,8
2023-08-20 00:00:00,0.0,0.0,0.0,25.39,25.39,0.0,0.0,PVWatts,Solar_Delhi,,solar,25.39,,0,6,1,8
2023-08-20 01:00:00,0.0,0.0,0.0,25.141,25.141,0.0,0.0,PVWatts,Solar_Delhi,,solar,25.141,,1,6,1,8
2023-08-20 02:00:00,0.0,0.0,0.0,24.923,24.923,0.0,0.0,PVWatts,Solar_Delhi,,solar,24.923,,2,6,1,8
2023-08-20 03:00:00,0.0,0.0,0.0,24.817,24.817,0.0,0.0,PVWatts,Solar_Delhi,,solar,24.817,,3,6,1,8
2023-08-20 04:00:00,0.0,0.0,0.0,24.736,24.736,0.0,0.0,PVWatts,Solar_Delhi,,solar,24.736,,4,6,1,8
2023-08-20 05:00:00,0.0,0.0,0.0,24.873,0.0,0.0,0.0,PVWatts,Solar_Delhi,,solar,24.873,,5,6,1,8
2023-08-20 06:00:00,1153.93,1360.687,44.252,25.339,26.375,1.1539300000000001,1.360687,PVWatts,Solar_Delhi,,solar,25.339,,6,6,1,8
2023-08-20 07:00:00,7231.87,7661.904,235.724,26.248,31.778,7.23187,7.661904000000001,PVWatts,Solar_Delhi,,solar,26.248,,7,6,1,8
2023-08-20 08:00:00,14416.877,15110.857,467.71,27.49,38.474,14.416877000000001,15.110857,PVWatts,Solar_Delhi,,solar,27.49,,8,6,1,8
2023-08-20 09:00:00,16787.114,17568.166,557.679,28.869,41.917,16.787114000000003,17.568166,PVWatts,Solar_Delhi,,solar,28.869,,9,6,1,8
2023-08-20 10:00:00,20838.159,21768.029,705.775,29.936,46.429,20.838159,21.768029,PVWatts,Solar_Delhi,,solar,29.936,,10,6,1,8
2023-08-20 11:00:00,15276.235,16001.784,517.177,30.586,42.639,15.276235,16.001784,PVWatts,Solar_Delhi,,solar,30.586,,11,6,1,8
2023-08-20 12:00:00,25235.409,26326.815,870.535,30.917,51.267,25.235409,26.326815,PVWatts,Solar_Delhi,,solar,30.917,,12,6,1,8
2023-08-20 13:00:00,15338.657,16066.5,524.017,31.15,45.852,15.338657,16.0665,PVWatts,Solar_Delhi,,solar,31.15,,13,6,1,8
2023-08-20 14:00:00,20014.118,20913.717,682.561,31.023,50.253,20.014118,20.913717000000002,PVWatts,Solar_Delhi,,solar,31.023,,14,6,1,8
2023-08-20 15:00:00,16578.121,17351.496,551.504,30.584,46.169,16.578121,17.351496,PVWatts,Solar_Delhi,,solar,30.584,,15,6,1,8
2023-08-20 16:00:00,9677.997,10197.892,325.897,29.956,41.46,9.677997,10.197892,PVWatts,Solar_Delhi,,solar,29.956,,16,6,1,8
2023-08-20 17:00:00,4060.905,4374.451,146.106,29.266,34.359,4.060905,4.374451,PVWatts,Solar_Delhi,,solar,29.266,,17,6,1,8
2023-08-20 18:00:00,0.0,81.201,4.849,28.087,28.231,0.0,0.081201,PVWatts,Solar_Delhi,,solar,28.087,,18,6,1,8
2023-08-20 19:00:00,0.0,0.0,0.0,27.628,27.628,0.0,0.0,PVWatts,Solar_Delhi,,solar,27.628,,19,6,1,8
2023-08-20 20:00:00,0.0,0.0,0.0,27.18,27.18,0.0,0.0,PVWatts,Solar_Delhi,,solar,27.18,,20,6,1,8
2023-08-20 21:00:00,0.0,0.0,0.0,26.754,26.754,0.0,0.0,PVWatts,Solar_Delhi,,solar,26.754,,21,6,1,8
2023-08-20 22:00:00,0.0,0.0,0.0,26.344,26.344,0.0,0.0,PVWatts,Solar_Delhi,,solar,26.344,,22,6,1,8
2023-08-20 23:00:00,0.0,0.0,0.0,25.919,25.919,0.0,0.0,PVWatts,Solar_Delhi,,solar,25.919,,23,6,1,8
2023-08-21 00:00:00,0.0,0.0,0.0,25.518,25.518,0.0,0.0,PVWatts,Solar_Delhi,,solar,25.518,,0,0,0,8
2023-08-21 01:00:00,0.0,0.0,0.0,25.137,25.137,0.0,0.0,PVWatts,Solar_Delhi,,solar,25.137,,1,0,0,8
2023-08-21 02:00:00,0.0,0.0,0.0,24.771,24.771,0.0,0.0,PVWatts,Solar_Delhi,,solar,24.771,,2,0,0,8
2023-08-21 03:00:00,0.0,0.0,0.0,24.451,24.451,0.0,0.0,PVWatts,Solar_Delhi,,solar,24.451,,3,0,0,8
2023-08-21 04:00:00,0.0,0.0,0.0,24.137,24.137,0.0,0.0,PVWatts,Solar_Delhi,,solar,24.137,,4,0,0,8
2023-08-21 05:00:00,0.0,0.0,0.0,24.109,0.0,0.0,0.0,PVWatts,Solar_Delhi,,solar,24.109,,5,0,0,8
2023-08-21 06:00:00,1117.944,1323.379,42.948,24.991,25.997,1.117944,1.3233789999999999,PVWatts,Solar_Delhi,,solar,24.991,,6,0,0,8
2023-08-21 07:00:00,7332.294,7766.018,240.052,26.307,33.08,7.332294,7.766018,PVWatts,Solar_Delhi,,solar,26.307,,7,0,0,8
2023-08-21 08:00:00,14192.306,14878.036,460.942,27.755,38.58,14.192306,14.878036,PVWatts,Solar_Delhi,,solar,27.755,,8,0,0,8
2023-08-21 09:00:00,17264.165,18062.743,573.273,28.733,42.149,17.264165000000002,18.062742999999998,PVWatts,Solar_Delhi,,solar,28.733,,9,0,0,8
2023-08-21 10:00:00,24240.59,25295.451,824.571,29.554,48.849,24.24059,25.295451,PVWatts,Solar_Delhi,,solar,29.554,,10,0,0,8
2023-08-21 11:00:00,21232.33,22176.681,724.115,30.606,47.516,21.23233,22.176681000000002,PVWatts,Solar_Delhi,,solar,30.606,,11,0,0,8
2023-08-21 12:00:00,25854.372,26968.516,895.878,31.845,52.8,25.854371999999998,26.968516,PVWatts,Solar_Delhi,,solar,31.845,,12,0,0,8
2023-08-21 13:00:00,18052.499,18880.037,613.971,32.165,46.506,18.052499,18.880037,PVWatts,Solar_Delhi,,solar,32.165,,13,0,0,8
2023-08-21 14:00:00,21662.563,22622.719,733.419,32.054,49.249,21.662563,22.622719,PVWatts,Solar_Delhi,,solar,32.054,,14,0,0,8
2023-08-21 15:00:00,15360.853,16089.511,507.693,31.485,43.407,15.360852999999999,16.089511,PVWatts,Solar_Delhi,,solar,31.485,,15,0,0,8
2023-08-21 16:00:00,10340.729,10884.969,343.916,30.665,38.714,10.340729,10.884969,PVWatts,Solar_Delhi,,solar,30.665,,16,0,0,8
2023-08-21 17:00:00,3778.378,4081.546,141.574,29.533,32.766,3.778378,4.0815459999999995,PVWatts,Solar_Delhi,,solar,29.533,,17,0,0,8
2023-08-21 18:00:00,91.081,258.794,14.548,28.304,28.59,0.09108100000000001,0.25879399999999997,PVWatts,Solar_Delhi,,solar,28.304,,18,0,0,8
2023-08-21 19:00:00,0.0,0.0,0.0,27.773,27.773,0.0,0.0,PVWatts,Solar_Delhi,,solar,27.773,,19,0,0,8
2023-08-21 20:00:00,0.0,0.0,0.0,27.278,27.278,0.0,0.0,PVWatts,Solar_Delhi,,solar,27.278,,20,0,0,8
2023-08-21 21:00:00,0.0,0.0,0.0,26.857,26.857,0.0,0.0,PVWatts,Solar_Delhi,,solar,26.857,,21,0,0,8
2023-08-21 22:00:00,0.0,0.0,0.0,26.387,26.387,0.0,0.0,PVWatts,Solar_Delhi,,solar,26.387,,22,0,0,8
2023-08-21 23:00:00,0.0,0.0,0.0,25.982,25.982,0.0,0.0,PVWatts,Solar_Delhi,,solar,25.982,,23,0,0,8
2023-08-22 00:00:00,0.0,0.0,0.0,25.591,25.591,0.0,0.0,PVWatts,Solar_Delhi,,solar,25.591,,0,1,0,8
2023-08-22 01:00:00,0.0,0.0,0.0,25.264,25.264,0.0,0.0,PVWatts,Solar_Delhi,,solar,25.264,,1,1,0,8
2023-08-22 02:00:00,0.0,0.0,0.0,24.975,24.975,0.0,0.0,PVWatts,Solar_Delhi,,solar,24.975,,2,1,0,8
2023-08-22 03:00:00,0.0,0.0,0.0,24.747,24.747,0.0,0.0,PVWatts,Solar_Delhi,,solar,24.747,,3,1,0,8
2023-08-22 04:00:00,0.0,0.0,0.0,24.55,24.55,0.0,0.0,PVWatts,Solar_Delhi,,solar,24.55,,4,1,0,8
2023-08-22 05:00:00,0.0,0.0,0.0,24.562,0.0,0.0,0.0,PVWatts,Solar_Delhi,,solar,24.562,,5,1,0,8
2023-08-22 06:00:00,947.548,1146.723,37.172,25.447,26.497,0.9475480000000001,1.146723,PVWatts,Solar_Delhi,,solar,25.447,,6,1,0,8
2023-08-22 07:00:00,6029.514,6415.379,199.094,27.113,32.731,6.029514,6.415379,PVWatts,Solar_Delhi,,solar,27.113,,7,1,0,8
2023-08-22 08:00:00,11185.253,11760.518,367.204,28.903,37.509,11.185253000000001,11.760518,PVWatts,Solar_Delhi,,solar,28.903,,8,1,0,8
2023-08-22 09:00:00,13267.865,13919.635,442.852,30.087,40.436,13.267865,13.919635,PVWatts,Solar_Delhi,,solar,30.087,,9,1,0,8
2023-08-22 10:00:00,19210.42,20080.495,649.336,30.183,45.351,19.21042,20.080495,PVWatts,Solar_Delhi,,solar,30.183,,10,1,0,8
2023-08-22 11:00:00,25097.694,26184.041,862.281,30.171,50.328,25.097694,26.184041,PVWatts,Solar_Delhi,,solar,30.171,,11,1,0,8
2023-08-22 12:00:00,16408.894,17176.052,554.911,30.164,43.102,16.408894,17.176052,PVWatts,Solar_Delhi,,solar,30.164,,12,1,0,8
2023-08-22 13:00:00,21248.001,22192.927,720.153,30.071,46.905,21.248001,22.192927,PVWatts,Solar_Delhi,,solar,30.071,,13,1,0,8
2023-08-22 14:00:00,18831.169,19687.312,629.069,29.855,44.587,18.831169000000003,19.687312000000002,PVWatts,Solar_Delhi,,solar,29.855,,14,1,0,8
2023-08-22 15:00:00,14745.224,15451.267,488.408,29.627,43.414,14.745224,15.451267,PVWatts,Solar_Delhi,,solar,29.627,,15,1,0,8
2023-08-22 16:00:00,9791.233,10315.288,325.689,29.257,38.425,9.791233,10.315288,PVWatts,Solar_Delhi,,solar,29.257,,16,1,0,8
2023-08-22 17:00:00,3924.754,4233.299,141.136,28.69,33.61,3.924754,4.233299,PVWatts,Solar_Delhi,,solar,28.69,,17,1,0,8
2023-08-22 18:00:00,108.72,277.08,15.518,28.094,28.554,0.10872,0.27708,PVWatts,Solar_Delhi,,solar,28.094,,18,1,0,8
2023-08-22 19:00:00,0.0,0.0,0.0,27.821,27.821,0.0,0.0,PVWatts,Solar_Delhi,,solar,27.821,,19,1,0,8
2023-08-22 20:00:00,0.0,0.0,0.0,27.597,27.597,0.0,0.0,PVWatts,Solar_Delhi,,solar,27.597,,20,1,0,8
2023-08-22 21:00:00,0.0,0.0,0.0,27.299,27.299,0.0,0.0,PVWatts,Solar_Delhi,,solar,27.299,,21,1,0,8
2023-08-22 22:00:00,0.0,0.0,0.0,27.017,27.017,0.0,0.0,PVWatts,Solar_Delhi,,solar,27.017,,22,1,0,8
2023-08-22 23:00:00,0.0,0.0,0.0,26.738,26.738,0.0,0.0,PVWatts,Solar_Delhi,,solar,26.738,,23,1,0,8
2023-08-23 00:00:00,0.0,0.0,0.0,26.531,26.531,0.0,0.0,PVWatts,Solar_Delhi,,solar,26.531,,0,2,0,8
2023-08-23 01:00:00,0.0,0.0,0.0,26.492,26.492,0.0,0.0,PVWatts,Solar_Delhi,,solar,26.492,,1,2,0,8
2023-08-23 02:00:00,0.0,0.0,0.0,26.463,26.463,0.0,0.0,PVWatts,Solar_Delhi,,solar,26.463,,2,2,0,8
2023-08-23 03:00:00,0.0,0.0,0.0,26.366,26.366,0.0,0.0,PVWatts,Solar_Delhi,,solar,26.366,,3,2,0,8
2023-08-23 04:00:00,0.0,0.0,0.0,26.311,26.311,0.0,0.0,PVWatts,Solar_Delhi,,solar,26.311,,4,2,0,8
2023-08-23 05:00:00,0.0,0.0,0.0,26.277,0.0,0.0,0.0,PVWatts,Solar_Delhi,,solar,26.277,,5,2,0,8
2023-08-23 06:00:00,1021.261,1223.144,40.19,26.633,28.534,1.021261,1.223144,PVWatts,Solar_Delhi,,solar,26.633,,6,2,0,8
2023-08-23 07:00:00,7394.842,7830.863,248.135,27.55,39.304,7.394842,7.830863,PVWatts,Solar_Delhi,,solar,27.55,,7,2,0,8
2023-08-23 08:00:00,14162.374,14847.005,485.162,28.703,51.708,14.162374,14.847005,PVWatts,Solar_Delhi,,solar,28.703,,8,2,0,8
2023-08-23 09:00:00,17596.511,18407.297,626.057,29.528,59.122,17.596511,18.407297,PVWatts,Solar_Delhi,,solar,29.528,,9,2,0,8
2023-08-23 10:00:00,20283.022,21192.499,744.184,30.137,65.262,20.283022000000003,21.192499,PVWatts,Solar_Delhi,,solar,30.137,,10,2,0,8
2023-08-23 11:00:00,19091.063,19956.753,699.561,30.641,63.609,19.091063,19.956753,PVWatts,Solar_Delhi,,solar,30.641,,11,2,0,8
2023-08-23 12:00:00,24290.976,25347.688,929.634,30.908,74.803,24.290975999999997,25.347687999999998,PVWatts,Solar_Delhi,,solar,30.908,,12,2,0,8
2023-08-23 13:00:00,22948.89,23956.3,863.45,31.027,71.829,22.94889,23.9563,PVWatts,Solar_Delhi,,solar,31.027,,13,2,0,8
2023-08-23 14:00:00,20068.235,20969.822,729.933,31.015,65.564,20.068235,20.969822,PVWatts,Solar_Delhi,,solar,31.015,,14,2,0,8
2023-08-23 15:00:00,15570.209,16306.557,541.377,30.681,56.37,15.570209,16.306557,PVWatts,Solar_Delhi,,solar,30.681,,15,2,0,8
2023-08-23 16:00:00,8828.539,9317.228,301.467,30.25,44.512,8.828539000000001,9.317227999999998,PVWatts,Solar_Delhi,,solar,30.25,,16,2,0,8
2023-08-23 17:00:00,2775.585,3041.915,99.423,29.7,34.39,2.775585,3.041915,PVWatts,Solar_Delhi,,solar,29.7,,17,2,0,8
2023-08-23 18:00:00,107.274,275.581,15.518,28.956,29.571,0.107274,0.275581,PVWatts,Solar_Delhi,,solar,28.956,,18,2,0,8
2023-08-23 19:00:00,0.0,0.0,0.0,28.643,28.643,0.0,0.0,PVWatts,Solar_Delhi,,solar,28.643,,19,2,0,8
2023-08-23 20:00:00,0.0,0.0,0.0,28.318,28.318,0.0,0.0,PVWatts,Solar_Delhi,,solar,28.318,,20,2,0,8
2023-08-23 21:00:00,0.0,0.0,0.0,28.018,28.018,0.0,0.0,PVWatts,Solar_Delhi,,solar,28.018,,21,2,0,8
2023-08-23 22:00:00,0.0,0.0,0.0,27.658,27.658,0.0,0.0,PVWatts,Solar_Delhi,,solar,27.658,,22,2,0,8
2023-08-23 23:00:00,0.0,0.0,0.0,27.366,27.366,0.0,0.0,PVWatts,Solar_Delhi,,solar,27.366,,23,2,0,8
2023-08-24 00:00:00,0.0,0.0,0.0,27.058,27.058,0.0,0.0,PVWatts,Solar_Delhi,,solar,27.058,,0,3,0,8
2023-08-24 01:00:00,0.0,0.0,0.0,26.784,26.784,0.0,0.0,PVWatts,Solar_Delhi,,solar,26.784,,1,3,0,8
2023-08-24 02:00:00,0.0,0.0,0.0,26.481,26.481,0.0,0.0,PVWatts,Solar_Delhi,,solar,26.481,,2,3,0,8
2023-08-24 03:00:00,0.0,0.0,0.0,26.249,26.249,0.0,0.0,PVWatts,Solar_Delhi,,solar,26.249,,3,3,0,8
2023-08-24 04:00:00,0.0,0.0,0.0,26.222,26.222,0.0,0.0,PVWatts,Solar_Delhi,,solar,26.222,,4,3,0,8
2023-08-24 05:00:00,0.0,0.0,0.0,26.45,0.0,0.0,0.0,PVWatts,Solar_Delhi,,solar,26.45,,5,3,0,8
2023-08-24 06:00:00,902.159,1099.667,36.036,26.973,28.681,0.902159,1.099667,PVWatts,Solar_Delhi,,solar,26.973,,6,3,0,8
2023-08-24 07:00:00,7287.634,7719.716,244.85,27.864,39.463,7.287634,7.719716,PVWatts,Solar_Delhi,,solar,27.864,,7,3,0,8
2023-08-24 08:00:00,14139.793,14823.595,485.101,29.058,52.061,14.139793,14.823595,PVWatts,Solar_Delhi,,solar,29.058,,8,3,0,8
2023-08-24 09:00:00,19124.06,19990.961,687.431,29.931,62.454,19.12406,19.990961,PVWatts,Solar_Delhi,,solar,29.931,,9,3,0,8
2023-08-24 10:00:00,20919.909,21852.783,771.539,30.414,66.847,20.919909,21.852783,PVWatts,Solar_Delhi,,solar,30.414,,10,3,0,8
2023-08-24 11:00:00,22125.806,23102.978,829.176,30.791,69.922,22.125806,23.102978,PVWatts,Solar_Delhi,,solar,30.791,,11,3,0,8
2023-08-24 12:00:00,19168.328,20036.856,703.868,30.926,64.098,19.168328000000002,20.036856,PVWatts,Solar_Delhi,,solar,30.926,,12,3,0,8
2023-08-24 13:00:00,15336.668,16064.437,532.181,30.847,49.566,15.336668,16.064437,PVWatts,Solar_Delhi,,solar,30.847,,13,3,0,8
2023-08-24 14:00:00,14204.583,14890.765,487.095,30.706,47.872,14.204583000000001,14.890765,PVWatts,Solar_Delhi,,solar,30.706,,14,3,0,8
2023-08-24 15:00:00,13968.003,14645.493,471.143,30.399,47.066,13.968003000000001,14.645493,PVWatts,Solar_Delhi,,solar,30.399,,15,3,0,8
2023-08-24 16:00:00,2198.873,2444.017,78.867,30.138,33.879,2.198873,2.4440169999999997,PVWatts,Solar_Delhi,,solar,30.138,,16,3,0,8
2023-08-24 17:00:00,2937.912,3210.205,105.867,29.481,34.46,2.937912,3.2102049999999998,PVWatts,Solar_Delhi,,solar,29.481,,17,3,0,8
2023-08-24 18:00:00,0.0,63.797,3.879,28.886,29.04,0.0,0.06379699999999999,PVWatts,Solar_Delhi,,solar,28.886,,18,3,0,8
2023-08-24 19:00:00,0.0,0.0,0.0,28.591,28.591,0.0,0.0,PVWatts,Solar_Delhi,,solar,28.591,,19,3,0,8
2023-08-24 20:00:00,0.0,0.0,0.0,28.307,28.307,0.0,0.0,PVWatts,Solar_Delhi,,solar,28.307,,20,3,0,8
2023-08-24 21:00:00,0.0,0.0,0.0,27.982,27.982,0.0,0.0,PVWatts,Solar_Delhi,,solar,27.982,,21,3,0,8
2023-08-24 22:00:00,0.0,0.0,0.0,27.688,27.688,0.0,0.0,PVWatts,Solar_Delhi,,solar,27.688,,22,3,0,8
2023-08-24 23:00:00,0.0,0.0,0.0,27.398,27.398,0.0,0.0,PVWatts,Solar_Delhi,,solar,27.398,,23,3,0,8
2023-08-25 00:00:00,0.0,0.0,0.0,27.167,27.167,0.0,0.0,PVWatts,Solar_Delhi,,solar,27.167,,0,4,0,8
2023-08-25 01:00:00,0.0,0.0,0.0,27.127,27.127,0.0,0.0,PVWatts,Solar_Delhi,,solar,27.127,,1,4,0,8
2023-08-25 02:00:00,0.0,0.0,0.0,27.123,27.123,0.0,0.0,PVWatts,Solar_Delhi,,solar,27.123,,2,4,0,8
2023-08-25 03:00:00,0.0,0.0,0.0,27.115,27.115,0.0,0.0,PVWatts,Solar_Delhi,,solar,27.115,,3,4,0,8
2023-08-25 04:00:00,0.0,0.0,0.0,26.996,26.996,0.0,0.0,PVWatts,Solar_Delhi,,solar,26.996,,4,4,0,8
2023-08-25 05:00:00,0.0,0.0,0.0,26.93,0.0,0.0,0.0,PVWatts,Solar_Delhi,,solar,26.93,,5,4,0,8
2023-08-25 06:00:00,871.732,1068.122,35.086,27.188,28.851,0.871732,1.068122,PVWatts,Solar_Delhi,,solar,27.188,,6,4,0,8
2023-08-25 07:00:00,6907.722,7325.848,231.971,27.74,38.729,6.907722,7.325848,PVWatts,Solar_Delhi,,solar,27.74,,7,4,0,8
2023-08-25 08:00:00,13335.12,13989.361,455.167,28.606,50.184,13.335120000000002,13.989361,PVWatts,Solar_Delhi,,solar,28.606,,8,4,0,8
2023-08-25 09:00:00,14556.266,15255.367,510.554,29.632,53.737,14.556265999999999,15.255367,PVWatts,Solar_Delhi,,solar,29.632,,9,4,0,8
2023-08-25 10:00:00,19517.701,20399.063,713.779,30.514,64.193,19.517701000000002,20.399062999999998,PVWatts,Solar_Delhi,,solar,30.514,,10,4,0,8
2023-08-25 11:00:00,17893.436,18715.13,652.148,31.025,61.743,17.893436,18.715130000000002,PVWatts,Solar_Delhi,,solar,31.025,,11,4,0,8
2023-08-25 12:00:00,22833.591,23836.764,863.917,31.223,71.994,22.833591000000002,23.836764,PVWatts,Solar_Delhi,,solar,31.223,,12,4,0,8
2023-08-25 13:00:00,8731.195,9216.308,305.103,31.128,45.487,8.731195,9.216308000000001,PVWatts,Solar_Delhi,,solar,31.128,,13,4,0,8
2023-08-25 14:00:00,3771.305,4074.213,133.71,30.951,37.251,3.771305,4.074213,PVWatts,Solar_Delhi,,solar,30.951,,14,4,0,8
2023-08-25 15:00:00,2799.779,3066.998,99.955,30.652,35.376,2.799779,3.066998,PVWatts,Solar_Delhi,,solar,30.652,,15,4,0,8
2023-08-25 16:00:00,2637.332,2898.582,93.144,30.264,34.682,2.637332,2.8985819999999998,PVWatts,Solar_Delhi,,solar,30.264,,16,4,0,8
2023-08-25 17:00:00,1898.319,2132.421,69.872,29.617,32.919,1.8983189999999999,2.132421,PVWatts,Solar_Delhi,,solar,29.617,,17,4,0,8
2023-08-25 18:00:00,0.0,46.985,2.91,29.049,29.164,0.0,0.046985,PVWatts,Solar_Delhi,,solar,29.049,,18,4,0,8
2023-08-25 19:00:00,0.0,0.0,0.0,28.78,28.78,0.0,0.0,PVWatts,Solar_Delhi,,solar,28.78,,19,4,0,8
2023-08-25 20:00:00,0.0,0.0,0.0,28.473,28.473,0.0,0.0,PVWatts,Solar_Delhi,,solar,28.473,,20,4,0,8
2023-08-25 21:00:00,0.0,0.0,0.0,28.16,28.16,0.0,0.0,PVWatts,Solar_Delhi,,solar,28.16,,21,4,0,8
2023-08-25 22:00:00,0.0,0.0,0.0,27.847,27.847,0.0,0.0,PVWatts,Solar_Delhi,,solar,27.847,,22,4,0,8
2023-08-25 23:00:00,0.0,0.0,0.0,27.563,27.563,0.0,0.0,PVWatts,Solar_Delhi,,solar,27.563,,23,4,0,8
2023-08-26 00:00:00,0.0,0.0,0.0,27.306,27.306,0.0,0.0,PVWatts,Solar_Delhi,,solar,27.306,,0,5,1,8
2023-08-26 01:00:00,0.0,0.0,0.0,27.009,27.009,0.0,0.0,PVWatts,Solar_Delhi,,solar,27.009,,1,5,1,8
2023-08-26 02:00:00,0.0,0.0,0.0,26.784,26.784,0.0,0.0,PVWatts,Solar_Delhi,,solar,26.784,,2,5,1,8
2023-08-26 03:00:00,0.0,0.0,0.0,26.651,26.651,0.0,0.0,PVWatts,Solar_Delhi,,solar,26.651,,3,5,1,8
2023-08-26 04:00:00,0.0,0.0,0.0,26.692,26.692,0.0,0.0,PVWatts,Solar_Delhi,,solar,26.692,,4,5,1,8
2023-08-26 05:00:00,0.0,0.0,0.0,26.834,0.0,0.0,0.0,PVWatts,Solar_Delhi,,solar,26.834,,5,5,1,8
2023-08-26 06:00:00,553.615,738.319,24.633,27.171,28.338,0.553615,0.738319,PVWatts,Solar_Delhi,,solar,27.171,,6,5,1,8
2023-08-26 07:00:00,6963.969,7384.162,233.793,27.78,38.858,6.963969,7.384162,PVWatts,Solar_Delhi,,solar,27.78,,7,5,1,8
2023-08-26 08:00:00,14151.898,14836.144,484.633,28.709,51.691,14.151898,14.836144,PVWatts,Solar_Delhi,,solar,28.709,,8,5,1,8
2023-08-26 09:00:00,19178.411,20047.31,688.813,29.726,62.316,19.178411,20.047310000000003,PVWatts,Solar_Delhi,,solar,29.726,,9,5,1,8
2023-08-26 10:00:00,22451.302,23440.432,840.185,30.83,70.526,22.451302,23.440432,PVWatts,Solar_Delhi,,solar,30.83,,10,5,1,8
2023-08-26 11:00:00,24121.425,25171.908,923.301,31.241,74.836,24.121425,25.171908,PVWatts,Solar_Delhi,,solar,31.241,,11,5,1,8
2023-08-26 12:00:00,23543.335,24572.581,895.984,31.436,73.748,23.543335,24.572581,PVWatts,Solar_Delhi,,solar,31.436,,12,5,1,8
2023-08-26 13:00:00,21201.921,22145.154,786.687,31.445,68.613,21.201921,22.145153999999998,PVWatts,Solar_Delhi,,solar,31.445,,13,5,1,8
2023-08-26 14:00:00,18395.967,19236.121,638.393,31.213,53.754,18.395967,19.236121,PVWatts,Solar_Delhi,,solar,31.213,,14,5,1,8
2023-08-26 15:00:00,16063.734,16818.212,543.128,30.91,50.159,16.063734,16.818212,PVWatts,Solar_Delhi,,solar,30.91,,15,5,1,8
2023-08-26 16:00:00,9462.652,9974.636,319.227,30.488,41.757,9.462652,9.974636,PVWatts,Solar_Delhi,,solar,30.488,,16,5,1,8
2023-08-26 17:00:00,3245.92,3529.527,117.603,29.897,34.007,3.24592,3.529527,PVWatts,Solar_Delhi,,solar,29.897,,17,5,1,8
2023-08-26 18:00:00,0.0,46.968,2.91,29.138,29.224,0.0,0.046968,PVWatts,Solar_Delhi,,solar,29.138,,18,5,1,8
2023-08-26 19:00:00,0.0,0.0,0.0,28.804,28.804,0.0,0.0,PVWatts,Solar_Delhi,,solar,28.804,,19,5,1,8
2023-08-26 20:00:00,0.0,0.0,0.0,28.53,28.53,0.0,0.0,PVWatts,Solar_Delhi,,solar,28.53,,20,5,1,8
2023-08-26 21:00:00,0.0,0.0,0.0,28.176,28.176,0.0,0.0,PVWatts,Solar_Delhi,,solar,28.176,,21,5,1,8
2023-08-26 22:00:00,0.0,0.0,0.0,27.891,27.891,0.0,0.0,PVWatts,Solar_Delhi,,solar,27.891,,22,5,1,8
2023-08-26 23:00:00,0.0,0.0,0.0,27.584,27.584,0.0,0.0,PVWatts,Solar_Delhi,,solar,27.584,,23,5,1,8
2023-08-27 00:00:00,0.0,0.0,0.0,27.397,27.397,0.0,0.0,PVWatts,Solar_Delhi,,solar,27.397,,0,6,1,8
2023-08-27 01:00:00,0.0,0.0,0.0,27.475,27.475,0.0,0.0,PVWatts,Solar_Delhi,,solar,27.475,,1,6,1,8
2023-08-27 02:00:00,0.0,0.0,0.0,27.5,27.5,0.0,0.0,PVWatts,Solar_Delhi,,solar,27.5,,2,6,1,8
2023-08-27 03:00:00,0.0,0.0,0.0,27.408,27.408,0.0,0.0,PVWatts,Solar_Delhi,,solar,27.408,,3,6,1,8
2023-08-27 04:00:00,0.0,0.0,0.0,27.296,27.296,0.0,0.0,PVWatts,Solar_Delhi,,solar,27.296,,4,6,1,8
2023-08-27 05:00:00,0.0,0.0,0.0,27.251,0.0,0.0,0.0,PVWatts,Solar_Delhi,,solar,27.251,,5,6,1,8
2023-08-27 06:00:00,381.284,559.657,18.939,27.518,28.415,0.381284,0.5596570000000001,PVWatts,Solar_Delhi,,solar,27.518,,6,6,1,8
2023-08-27 07:00:00,5776.517,6153.088,194.703,28.066,37.293,5.776517,6.1530879999999994,PVWatts,Solar_Delhi,,solar,28.066,,7,6,1,8
2023-08-27 08:00:00,13821.582,14493.693,473.82,28.924,51.383,13.821582000000001,14.493692999999999,PVWatts,Solar_Delhi,,solar,28.924,,8,6,1,8
2023-08-27 09:00:00,12573.887,13200.164,438.251,29.856,50.532,12.573887000000001,13.200164000000001,PVWatts,Solar_Delhi,,solar,29.856,,9,6,1,8
2023-08-27 10:00:00,15676.899,16417.167,560.456,30.562,56.97,15.676898999999999,16.417167000000003,PVWatts,Solar_Delhi,,solar,30.562,,10,6,1,8
2023-08-27 11:00:00,20883.265,21814.792,775.871,30.805,67.393,20.883264999999998,21.814792,PVWatts,Solar_Delhi,,solar,30.805,,11,6,1,8
2023-08-27 12:00:00,24254.693,25310.072,927.281,30.877,74.665,24.254693,25.310072,PVWatts,Solar_Delhi,,solar,30.877,,12,6,1,8
2023-08-27 13:00:00,22886.899,23892.031,858.337,30.675,71.241,22.886899,23.892031,PVWatts,Solar_Delhi,,solar,30.675,,13,6,1,8
2023-08-27 14:00:00,19975.656,20873.842,723.427,30.487,64.734,19.975656,20.873842,PVWatts,Solar_Delhi,,solar,30.487,,14,6,1,8
2023-08-27 15:00:00,3186.048,3467.456,112.427,30.191,35.505,3.186048,3.4674560000000003,PVWatts,Solar_Delhi,,solar,30.191,,15,6,1,8
2023-08-27 16:00:00,2904.553,3175.62,101.744,30.164,34.991,2.904553,3.17562,PVWatts,Solar_Delhi,,solar,30.164,,16,6,1,8
2023-08-27 17:00:00,3160.34,3440.804,116.213,29.293,34.718,3.16034,3.440804,PVWatts,Solar_Delhi,,solar,29.293,,17,6,1,8
2023-08-27 18:00:00,0.0,47.074,2.91,28.775,28.861,0.0,0.047074,PVWatts,Solar_Delhi,,solar,28.775,,18,6,1,8
2023-08-27 19:00:00,0.0,0.0,0.0,28.374,28.374,0.0,0.0,PVWatts,Solar_Delhi,,solar,28.374,,19,6,1,8
2023-08-27 20:00:00,0.0,0.0,0.0,27.986,27.986,0.0,0.0,PVWatts,Solar_Delhi,,solar,27.986,,20,6,1,8
2023-08-27 21:00:00,0.0,0.0,0.0,27.547,27.547,0.0,0.0,PVWatts,Solar_Delhi,,solar,27.547,,21,6,1,8
2023-08-27 22:00:00,0.0,0.0,0.0,27.182,27.182,0.0,0.0,PVWatts,Solar_Delhi,,solar,27.182,,22,6,1,8
2023-08-27 23:00:00,0.0,0.0,0.0,26.85,26.85,0.0,0.0,PVWatts,Solar_Delhi,,solar,26.85,,23,6,1,8
2023-08-28 00:00:00,0.0,0.0,0.0,26.601,26.601,0.0,0.0,PVWatts,Solar_Delhi,,solar,26.601,,0,0,0,8
2023-08-28 01:00:00,0.0,0.0,0.0,26.372,26.372,0.0,0.0,PVWatts,Solar_Delhi,,solar,26.372,,1,0,0,8
2023-08-28 02:00:00,0.0,0.0,0.0,26.171,26.171,0.0,0.0,PVWatts,Solar_Delhi,,solar,26.171,,2,0,0,8
2023-08-28 03:00:00,0.0,0.0,0.0,25.986,25.986,0.0,0.0,PVWatts,Solar_Delhi,,solar,25.986,,3,0,0,8
2023-08-28 04:00:00,0.0,0.0,0.0,25.771,25.771,0.0,0.0,PVWatts,Solar_Delhi,,solar,25.771,,4,0,0,8
2023-08-28 05:00:00,0.0,0.0,0.0,25.593,0.0,0.0,0.0,PVWatts,Solar_Delhi,,solar,25.593,,5,0,0,8
2023-08-28 06:00:00,675.724,864.914,28.432,25.859,26.662,0.675724,0.864914,PVWatts,Solar_Delhi,,solar,25.859,,6,0,0,8
2023-08-28 07:00:00,2689.258,2952.416,93.214,26.809,30.108,2.6892579999999997,2.9524160000000004,PVWatts,Solar_Delhi,,solar,26.809,,7,0,0,8
2023-08-28 08:00:00,7977.824,8435.261,264.845,28.588,36.047,7.977824,8.435261,PVWatts,Solar_Delhi,,solar,28.588,,8,0,0,8
2023-08-28 09:00:00,17813.729,18632.495,600.696,29.494,46.403,17.813729,18.632495,PVWatts,Solar_Delhi,,solar,29.494,,9,0,0,8
2023-08-28 10:00:00,23920.964,24964.083,828.623,30.06,53.381,23.920964,24.964083,PVWatts,Solar_Delhi,,solar,30.06,,10,0,0,8
2023-08-28 11:00:00,26293.391,27423.663,925.444,30.414,56.443,26.293391,27.423663,PVWatts,Solar_Delhi,,solar,30.414,,11,0,0,8
2023-08-28 12:00:00,25672.113,26779.562,931.593,30.566,63.419,25.672113,26.779562000000002,PVWatts,Solar_Delhi,,solar,30.566,,12,0,0,8
2023-08-28 13:00:00,24086.25,25135.441,861.215,30.433,60.83,24.08625,25.135441,PVWatts,Solar_Delhi,,solar,30.433,,13,0,0,8
2023-08-28 14:00:00,20820.863,21750.098,723.995,30.089,55.685,20.820863000000003,21.750098,PVWatts,Solar_Delhi,,solar,30.089,,14,0,0,8
2023-08-28 15:00:00,15734.719,16477.111,528.339,29.652,48.376,15.734718999999998,16.477111,PVWatts,Solar_Delhi,,solar,29.652,,15,0,0,8
2023-08-28 16:00:00,9014.298,9509.811,302.086,29.222,39.89,9.014298,9.509811,PVWatts,Solar_Delhi,,solar,29.222,,16,0,0,8
2023-08-28 17:00:00,3019.494,3294.784,108.853,28.694,32.504,3.0194940000000003,3.294784,PVWatts,Solar_Delhi,,solar,28.694,,17,0,0,8
2023-08-28 18:00:00,0.0,30.772,1.94,27.969,28.026,0.0,0.030771999999999997,PVWatts,Solar_Delhi,,solar,27.969,,18,0,0,8
2023-08-28 19:00:00,0.0,0.0,0.0,27.636,27.636,0.0,0.0,PVWatts,Solar_Delhi,,solar,27.636,,19,0,0,8
2023-08-28 20:00:00,0.0,0.0,0.0,27.283,27.283,0.0,0.0,PVWatts,Solar_Delhi,,solar,27.283,,20,0,0,8
2023-08-28 21:00:00,0.0,0.0,0.0,26.918,26.918,0.0,0.0,PVWatts,Solar_Delhi,,solar,26.918,,21,0,0,8
2023-08-28 22:00:00,0.0,0.0,0.0,26.616,26.616,0.0,0.0,PVWatts,Solar_Delhi,,solar,26.616,,22,0,0,8
2023-08-28 23:00:00,0.0,0.0,0.0,26.348,26.348,0.0,0.0,PVWatts,Solar_Delhi,,solar,26.348,,23,0,0,8
2023-08-29 00:00:00,0.0,0.0,0.0,26.192,26.192,0.0,0.0,PVWatts,Solar_Delhi,,solar,26.192,,0,1,0,8
2023-08-29 01:00:00,0.0,0.0,0.0,26.115,26.115,0.0,0.0,PVWatts,Solar_Delhi,,solar,26.115,,1,1,0,8
2023-08-29 02:00:00,0.0,0.0,0.0,26.039,26.039,0.0,0.0,PVWatts,Solar_Delhi,,solar,26.039,,2,1,0,8
2023-08-29 03:00:00,0.0,0.0,0.0,25.89,25.89,0.0,0.0,PVWatts,Solar_Delhi,,solar,25.89,,3,1,0,8
2023-08-29 04:00:00,0.0,0.0,0.0,25.791,25.791,0.0,0.0,PVWatts,Solar_Delhi,,solar,25.791,,4,1,0,8
2023-08-29 05:00:00,0.0,0.0,0.0,25.688,0.0,0.0,0.0,PVWatts,Solar_Delhi,,solar,25.688,,5,1,0,8
2023-08-29 06:00:00,733.837,925.161,30.333,25.87,26.727,0.733837,0.9251609999999999,PVWatts,Solar_Delhi,,solar,25.87,,6,1,0,8
2023-08-29 07:00:00,3603.263,3899.998,121.572,26.339,29.771,3.603263,3.899998,PVWatts,Solar_Delhi,,solar,26.339,,7,1,0,8
2023-08-29 08:00:00,9542.126,10057.029,313.661,27.085,35.922,9.542126,10.057029,PVWatts,Solar_Delhi,,solar,27.085,,8,1,0,8
2023-08-29 09:00:00,13272.927,13924.883,442.416,27.772,40.204,13.272927,13.924883,PVWatts,Solar_Delhi,,solar,27.772,,9,1,0,8
2023-08-29 10:00:00,18112.611,18942.357,614.4,28.519,45.772,18.112611,18.942357,PVWatts,Solar_Delhi,,solar,28.519,,10,1,0,8
2023-08-29 11:00:00,21203.509,22146.801,728.857,29.153,49.624,21.203508999999997,22.146801,PVWatts,Solar_Delhi,,solar,29.153,,11,1,0,8
2023-08-29 12:00:00,16372.897,17138.733,567.941,29.572,49.541,16.372897000000002,17.138733,PVWatts,Solar_Delhi,,solar,29.572,,12,1,0,8
2023-08-29 13:00:00,24047.295,25095.055,856.589,29.773,60.007,24.047295,25.095055,PVWatts,Solar_Delhi,,solar,29.773,,13,1,0,8
2023-08-29 14:00:00,18841.986,19698.526,674.249,29.686,61.594,18.841986000000002,19.698526,PVWatts,Solar_Delhi,,solar,29.686,,14,1,0,8
2023-08-29 15:00:00,15475.228,16208.088,533.833,29.343,54.678,15.475228,16.208088,PVWatts,Solar_Delhi,,solar,29.343,,15,1,0,8
2023-08-29 16:00:00,8473.037,8948.667,282.781,28.96,38.955,8.473037,8.948666999999999,PVWatts,Solar_Delhi,,solar,28.96,,16,1,0,8
2023-08-29 17:00:00,3530.042,3824.088,127.616,28.475,32.924,3.530042,3.824088,PVWatts,Solar_Delhi,,solar,28.475,,17,1,0,8
2023-08-29 18:00:00,0.0,30.813,1.94,27.763,27.82,0.0,0.030813,PVWatts,Solar_Delhi,,solar,27.763,,18,1,0,8
2023-08-29 19:00:00,0.0,0.0,0.0,27.463,27.463,0.0,0.0,PVWatts,Solar_Delhi,,solar,27.463,,19,1,0,8
2023-08-29 20:00:00,0.0,0.0,0.0,27.181,27.181,0.0,0.0,PVWatts,Solar_Delhi,,solar,27.181,,20,1,0,8
2023-08-29 21:00:00,0.0,0.0,0.0,26.906,26.906,0.0,0.0,PVWatts,Solar_Delhi,,solar,26.906,,21,1,0,8
2023-08-29 22:00:00,0.0,0.0,0.0,26.658,26.658,0.0,0.0,PVWatts,Solar_Delhi,,solar,26.658,,22,1,0,8
2023-08-29 23:00:00,0.0,0.0,0.0,26.451,26.451,0.0,0.0,PVWatts,Solar_Delhi,,solar,26.451,,23,1,0,8
2023-08-30 00:00:00,0.0,0.0,0.0,26.277,26.277,0.0,0.0,PVWatts,Solar_Delhi,,solar,26.277,,0,2,0,8
2023-08-30 01:00:00,0.0,0.0,0.0,26.192,26.192,0.0,0.0,PVWatts,Solar_Delhi,,solar,26.192,,1,2,0,8
2023-08-30 02:00:00,0.0,0.0,0.0,26.14,26.14,0.0,0.0,PVWatts,Solar_Delhi,,solar,26.14,,2,2,0,8
2023-08-30 03:00:00,0.0,0.0,0.0,26.139,26.139,0.0,0.0,PVWatts,Solar_Delhi,,solar,26.139,,3,2,0,8
2023-08-30 04:00:00,0.0,0.0,0.0,26.139,26.139,0.0,0.0,PVWatts,Solar_Delhi,,solar,26.139,,4,2,0,8
2023-08-30 05:00:00,0.0,0.0,0.0,26.141,0.0,0.0,0.0,PVWatts,Solar_Delhi,,solar,26.141,,5,2,0,8
2023-08-30 06:00:00,868.936,1065.224,35.079,26.34,27.579,0.868936,1.065224,PVWatts,Solar_Delhi,,solar,26.34,,6,2,0,8
2023-08-30 07:00:00,6895.257,7312.926,227.683,26.806,34.864,6.895257,7.312926,PVWatts,Solar_Delhi,,solar,26.806,,7,2,0,8
2023-08-30 08:00:00,13108.418,13754.331,434.394,27.536,42.913,13.108418,13.754331,PVWatts,Solar_Delhi,,solar,27.536,,8,2,0,8
2023-08-30 09:00:00,19931.254,20827.808,685.357,28.321,52.538,19.931254,20.827808,PVWatts,Solar_Delhi,,solar,28.321,,9,2,0,8
2023-08-30 10:00:00,23701.861,24736.932,816.868,29.062,52.048,23.701861,24.736932,PVWatts,Solar_Delhi,,solar,29.062,,10,2,0,8
2023-08-30 11:00:00,16771.597,17552.079,571.698,29.518,45.553,16.771597,17.552079000000003,PVWatts,Solar_Delhi,,solar,29.518,,11,2,0,8
2023-08-30 12:00:00,26296.298,27426.677,922.281,29.688,55.627,26.296298,27.426676999999998,PVWatts,Solar_Delhi,,solar,29.688,,12,2,0,8
2023-08-30 13:00:00,20028.454,20928.579,701.365,29.636,54.347,20.028454,20.928579000000003,PVWatts,Solar_Delhi,,solar,29.636,,13,2,0,8
2023-08-30 14:00:00,18100.416,18929.714,622.341,29.561,51.536,18.100416000000003,18.929714,PVWatts,Solar_Delhi,,solar,29.561,,14,2,0,8
2023-08-30 15:00:00,12933.168,13572.644,432.194,29.241,44.535,12.933168,13.572644,PVWatts,Solar_Delhi,,solar,29.241,,15,2,0,8
2023-08-30 16:00:00,4716.979,5054.627,158.61,28.903,34.523,4.716979,5.054627,PVWatts,Solar_Delhi,,solar,28.903,,16,2,0,8
2023-08-30 17:00:00,2332.895,2582.962,84.019,28.443,31.402,2.332895,2.582962,PVWatts,Solar_Delhi,,solar,28.443,,17,2,0,8
2023-08-30 18:00:00,0.0,64.156,3.879,27.995,28.11,0.0,0.064156,PVWatts,Solar_Delhi,,solar,27.995,,18,2,0,8
2023-08-30 19:00:00,0.0,0.0,0.0,27.777,27.777,0.0,0.0,PVWatts,Solar_Delhi,,solar,27.777,,19,2,0,8
2023-08-30 20:00:00,0.0,0.0,0.0,27.531,27.531,0.0,0.0,PVWatts,Solar_Delhi,,solar,27.531,,20,2,0,8
2023-08-30 21:00:00,0.0,0.0,0.0,27.338,27.338,0.0,0.0,PVWatts,Solar_Delhi,,solar,27.338,,21,2,0,8
2023-08-30 22:00:00,0.0,0.0,0.0,27.189,27.189,0.0,0.0,PVWatts,Solar_Delhi,,solar,27.189,,22,2,0,8
2023-08-30 23:00:00,0.0,0.0,0.0,27.173,27.173,0.0,0.0,PVWatts,Solar_Delhi,,solar,27.173,,23,2,0,8
2023-08-31 00:00:00,0.0,0.0,0.0,27.099,27.099,0.0,0.0,PVWatts,Solar_Delhi,,solar,27.099,,0,3,0,8
2023-08-31 01:00:00,0.0,0.0,0.0,27.022,27.022,0.0,0.0,PVWatts,Solar_Delhi,,solar,27.022,,1,3,0,8
2023-08-31 02:00:00,0.0,0.0,0.0,26.893,26.893,0.0,0.0,PVWatts,Solar_Delhi,,solar,26.893,,2,3,0,8
2023-08-31 03:00:00,0.0,0.0,0.0,26.795,26.795,0.0,0.0,PVWatts,Solar_Delhi,,solar,26.795,,3,3,0,8
2023-08-31 04:00:00,0.0,0.0,0.0,26.676,26.676,0.0,0.0,PVWatts,Solar_Delhi,,solar,26.676,,4,3,0,8
2023-08-31 05:00:00,0.0,0.0,0.0,26.624,0.0,0.0,0.0,PVWatts,Solar_Delhi,,solar,26.624,,5,3,0,8
2023-08-31 06:00:00,965.156,1164.978,39.801,26.859,28.25,0.9651559999999999,1.164978,PVWatts,Solar_Delhi,,solar,26.859,,6,3,0,8
2023-08-31 07:00:00,6862.475,7278.939,227.134,27.395,35.434,6.862475000000001,7.278939,PVWatts,Solar_Delhi,,solar,27.395,,7,3,0,8
2023-08-31 08:00:00,13551.708,14213.905,450.672,28.128,44.082,13.551708000000001,14.213905,PVWatts,Solar_Delhi,,solar,28.128,,8,3,0,8
2023-08-31 09:00:00,12629.174,13257.482,422.515,28.786,40.659,12.629174,13.257482,PVWatts,Solar_Delhi,,solar,28.786,,9,3,0,8
2023-08-31 10:00:00,12267.052,12882.058,414.891,29.25,40.879,12.267052,12.882058,PVWatts,Solar_Delhi,,solar,29.25,,10,3,0,8
2023-08-31 11:00:00,10259.305,10800.555,348.253,29.625,39.377,10.259305,10.800555000000001,PVWatts,Solar_Delhi,,solar,29.625,,11,3,0,8
2023-08-31 12:00:00,15042.172,15759.123,512.368,29.834,44.195,15.042172,15.759122999999999,PVWatts,Solar_Delhi,,solar,29.834,,12,3,0,8
2023-08-31 13:00:00,12059.077,12666.442,408.764,29.922,41.38,12.059076999999998,12.666442,PVWatts,Solar_Delhi,,solar,29.922,,13,3,0,8
2023-08-31 14:00:00,10730.635,11289.199,364.825,29.889,42.736,10.730635,11.289199,PVWatts,Solar_Delhi,,solar,29.889,,14,3,0,8
2023-08-31 15:00:00,7354.37,7788.905,247.326,29.575,38.309,7.35437,7.788905,PVWatts,Solar_Delhi,,solar,29.575,,15,3,0,8
2023-08-31 16:00:00,5922.965,6304.916,197.913,29.22,36.229,5.9229650000000005,6.304916,PVWatts,Solar_Delhi,,solar,29.22,,16,3,0,8
2023-08-31 17:00:00,1067.419,1270.998,42.499,28.628,30.125,1.0674190000000001,1.270998,PVWatts,Solar_Delhi,,solar,28.628,,17,3,0,8
2023-08-31 18:00:00,0.0,30.746,1.94,28.103,28.161,0.0,0.030746,PVWatts,Solar_Delhi,,solar,28.103,,18,3,0,8
2023-08-31 19:00:00,0.0,0.0,0.0,27.882,27.882,0.0,0.0,PVWatts,Solar_Delhi,,solar,27.882,,19,3,0,8
2023-08-31 20:00:00,0.0,0.0,0.0,27.66,27.66,0.0,0.0,PVWatts,Solar_Delhi,,solar,27.66,,20,3,0,8
2023-08-31 21:00:00,0.0,0.0,0.0,27.505,27.505,0.0,0.0,PVWatts,Solar_Delhi,,solar,27.505,,21,3,0,8
2023-08-31 22:00:00,0.0,0.0,0.0,27.492,27.492,0.0,0.0,PVWatts,Solar_Delhi,,solar,27.492,,22,3,0,8
2023-08-31 23:00:00,0.0,0.0,0.0,27.548,27.548,0.0,0.0,PVWatts,Solar_Delhi,,solar,27.548,,23,3,0,8
2023-09-01 00:00:00,0.0,0.0,0.0,27.486,27.486,0.0,0.0,PVWatts,Solar_Delhi,,solar,27.486,,0,4,0,9
2023-09-01 01:00:00,0.0,0.0,0.0,27.385,27.385,0.0,0.0,PVWatts,Solar_Delhi,,solar,27.385,,1,4,0,9
2023-09-01 02:00:00,0.0,0.0,0.0,27.292,27.292,0.0,0.0,PVWatts,Solar_Delhi,,solar,27.292,,2,4,0,9
2023-09-01 03:00:00,0.0,0.0,0.0,27.185,27.185,0.0,0.0,PVWatts,Solar_Delhi,,solar,27.185,,3,4,0,9
2023-09-01 04:00:00,0.0,0.0,0.0,27.055,27.055,0.0,0.0,PVWatts,Solar_Delhi,,solar,27.055,,4,4,0,9
2023-09-01 05:00:00,0.0,0.0,0.0,25.078,0.0,0.0,0.0,PVWatts,Solar_Delhi,,solar,25.078,,5,4,0,9
2023-09-01 06:00:00,947.946,1147.136,38.097,26.332,27.674,0.9479460000000001,1.147136,PVWatts,Solar_Delhi,,solar,26.332,,6,4,0,9
2023-09-01 07:00:00,7628.571,8073.178,252.141,27.562,36.486,7.628571,8.073178,PVWatts,Solar_Delhi,,solar,27.562,,7,4,0,9
2023-09-01 08:00:00,15003.406,15718.932,504.025,30.085,47.943,15.003406,15.718932,PVWatts,Solar_Delhi,,solar,30.085,,8,4,0,9
2023-09-01 09:00:00,20443.59,21358.965,714.982,31.529,56.801,20.44359,21.358965,PVWatts,Solar_Delhi,,solar,31.529,,9,4,0,9
2023-09-01 10:00:00,24050.093,25097.956,867.431,32.186,62.803,24.050093,25.097956,PVWatts,Solar_Delhi,,solar,32.186,,10,4,0,9
2023-09-01 11:00:00,25847.979,26961.888,948.268,32.549,65.998,25.847979,26.961888,PVWatts,Solar_Delhi,,solar,32.549,,11,4,0,9
2023-09-01 12:00:00,25017.3,26100.694,912.352,32.596,64.78,25.0173,26.100694,PVWatts,Solar_Delhi,,solar,32.596,,12,4,0,9
2023-09-01 13:00:00,23797.912,24836.51,856.953,32.399,62.654,23.797912,24.836509999999997,PVWatts,Solar_Delhi,,solar,32.399,,13,4,0,9
2023-09-01 14:00:00,21441.388,22393.418,734.58,31.936,52.66,21.441388,22.393418,PVWatts,Solar_Delhi,,solar,31.936,,14,4,0,9
2023-09-01 15:00:00,16282.907,17045.437,541.014,31.317,46.62,16.282906999999998,17.045437000000003,PVWatts,Solar_Delhi,,solar,31.317,,15,4,0,9
2023-09-01 16:00:00,9629.166,10147.267,323.987,30.63,39.737,9.629166,10.147267,PVWatts,Solar_Delhi,,solar,30.63,,16,4,0,9
2023-09-01 17:00:00,3196.214,3477.996,122.154,29.511,32.859,3.196214,3.477996,PVWatts,Solar_Delhi,,solar,29.511,,17,4,0,9
2023-09-01 18:00:00,0.0,0.0,0.97,28.624,28.646,0.0,0.0,PVWatts,Solar_Delhi,,solar,28.624,,18,4,0,9
2023-09-01 19:00:00,0.0,0.0,0.0,28.116,28.116,0.0,0.0,PVWatts,Solar_Delhi,,solar,28.116,,19,4,0,9
2023-09-01 20:00:00,0.0,0.0,0.0,27.65,27.65,0.0,0.0,PVWatts,Solar_Delhi,,solar,27.65,,20,4,0,9
2023-09-01 21:00:00,0.0,0.0,0.0,27.22,27.22,0.0,0.0,PVWatts,Solar_Delhi,,solar,27.22,,21,4,0,9
2023-09-01 22:00:00,0.0,0.0,0.0,26.812,26.812,0.0,0.0,PVWatts,Solar_Delhi,,solar,26.812,,22,4,0,9
2023-09-01 23:00:00,0.0,0.0,0.0,26.396,26.396,0.0,0.0,PVWatts,Solar_Delhi,,solar,26.396,,23,4,0,9
2023-09-02 00:00:00,0.0,0.0,0.0,25.992,25.992,0.0,0.0,PVWatts,Solar_Delhi,,solar,25.992,,0,5,1,9
2023-09-02 01:00:00,0.0,0.0,0.0,25.571,25.571,0.0,0.0,PVWatts,Solar_Delhi,,solar,25.571,,1,5,1,9
2023-09-02 02:00:00,0.0,0.0,0.0,25.129,25.129,0.0,0.0,PVWatts,Solar_Delhi,,solar,25.129,,2,5,1,9
2023-09-02 03:00:00,0.0,0.0,0.0,24.753,24.753,0.0,0.0,PVWatts,Solar_Delhi,,solar,24.753,,3,5,1,9
2023-09-02 04:00:00,0.0,0.0,0.0,24.431,24.431,0.0,0.0,PVWatts,Solar_Delhi,,solar,24.431,,4,5,1,9
2023-09-02 05:00:00,0.0,0.0,0.0,24.27,0.0,0.0,0.0,PVWatts,Solar_Delhi,,solar,24.27,,5,5,1,9
2023-09-02 06:00:00,916.008,1114.025,36.773,25.369,26.403,0.916008,1.114025,PVWatts,Solar_Delhi,,solar,25.369,,6,5,1,9
2023-09-02 07:00:00,7779.356,8229.502,256.601,27.198,36.28,7.779356,8.229502,PVWatts,Solar_Delhi,,solar,27.198,,7,5,1,9
2023-09-02 08:00:00,15380.258,16109.629,508.243,29.791,44.154,15.380258,16.109629,PVWatts,Solar_Delhi,,solar,29.791,,8,5,1,9
2023-09-02 09:00:00,21036.944,21974.117,719.955,31.554,51.853,21.036944,21.974117,PVWatts,Solar_Delhi,,solar,31.554,,9,5,1,9
2023-09-02 10:00:00,24775.297,25849.801,871.884,32.73,57.276,24.775297,25.849801,PVWatts,Solar_Delhi,,solar,32.73,,10,5,1,9
2023-09-02 11:00:00,26644.485,27787.655,951.718,33.279,60.056,26.644485,27.787654999999997,PVWatts,Solar_Delhi,,solar,33.279,,11,5,1,9
2023-09-02 12:00:00,26686.857,27831.583,953.292,33.339,60.164,26.686857,27.831583,PVWatts,Solar_Delhi,,solar,33.339,,12,5,1,9
2023-09-02 13:00:00,24939.186,26019.71,879.369,33.253,58.019,24.939186000000003,26.01971,PVWatts,Solar_Delhi,,solar,33.253,,13,5,1,9
2023-09-02 14:00:00,21395.619,22345.968,735.704,32.805,53.561,21.395619,22.345968,PVWatts,Solar_Delhi,,solar,32.805,,14,5,1,9
2023-09-02 15:00:00,16264.219,17026.062,542.571,32.289,47.637,16.264219,17.026062000000003,PVWatts,Solar_Delhi,,solar,32.289,,15,5,1,9
2023-09-02 16:00:00,9582.869,10099.268,323.734,31.469,40.567,9.582869,10.099268,PVWatts,Solar_Delhi,,solar,31.469,,16,5,1,9
2023-09-02 17:00:00,3108.711,3387.279,117.471,30.212,33.448,3.108711,3.387279,PVWatts,Solar_Delhi,,solar,30.212,,17,5,1,9
2023-09-02 18:00:00,0.0,0.0,0.97,29.233,29.256,0.0,0.0,PVWatts,Solar_Delhi,,solar,29.233,,18,5,1,9
2023-09-02 19:00:00,0.0,0.0,0.0,28.681,28.681,0.0,0.0,PVWatts,Solar_Delhi,,solar,28.681,,19,5,1,9
2023-09-02 20:00:00,0.0,0.0,0.0,28.22,28.22,0.0,0.0,PVWatts,Solar_Delhi,,solar,28.22,,20,5,1,9
2023-09-02 21:00:00,0.0,0.0,0.0,27.787,27.787,0.0,0.0,PVWatts,Solar_Delhi,,solar,27.787,,21,5,1,9
2023-09-02 22:00:00,0.0,0.0,0.0,27.354,27.354,0.0,0.0,PVWatts,Solar_Delhi,,solar,27.354,,22,5,1,9
2023-09-02 23:00:00,0.0,0.0,0.0,26.948,26.948,0.0,0.0,PVWatts,Solar_Delhi,,solar,26.948,,23,5,1,9
2023-09-03 00:00:00,0.0,0.0,0.0,26.505,26.505,0.0,0.0,PVWatts,Solar_Delhi,,solar,26.505,,0,6,1,9
2023-09-03 01:00:00,0.0,0.0,0.0,26.093,26.093,0.0,0.0,PVWatts,Solar_Delhi,,solar,26.093,,1,6,1,9
2023-09-03 02:00:00,0.0,0.0,0.0,25.647,25.647,0.0,0.0,PVWatts,Solar_Delhi,,solar,25.647,,2,6,1,9
2023-09-03 03:00:00,0.0,0.0,0.0,25.268,25.268,0.0,0.0,PVWatts,Solar_Delhi,,solar,25.268,,3,6,1,9
2023-09-03 04:00:00,0.0,0.0,0.0,24.901,24.901,0.0,0.0,PVWatts,Solar_Delhi,,solar,24.901,,4,6,1,9
2023-09-03 05:00:00,0.0,0.0,0.0,24.646,0.0,0.0,0.0,PVWatts,Solar_Delhi,,solar,24.646,,5,6,1,9
2023-09-03 06:00:00,763.152,955.554,31.284,25.553,26.436,0.763152,0.955554,PVWatts,Solar_Delhi,,solar,25.553,,6,6,1,9
2023-09-03 07:00:00,7774.677,8224.651,254.231,27.011,34.189,7.774677,8.224651,PVWatts,Solar_Delhi,,solar,27.011,,7,6,1,9
2023-09-03 08:00:00,15345.511,16073.605,506.528,29.582,43.897,15.345511,16.073605,PVWatts,Solar_Delhi,,solar,29.582,,8,6,1,9
2023-09-03 09:00:00,21030.505,21967.441,719.788,31.597,51.891,21.030505,21.967440999999997,PVWatts,Solar_Delhi,,solar,31.597,,9,6,1,9
2023-09-03 10:00:00,24764.516,25838.623,872.469,32.988,57.551,24.764516,25.838623,PVWatts,Solar_Delhi,,solar,32.988,,10,6,1,9
2023-09-03 11:00:00,26614.004,27756.054,953.12,33.852,60.67,26.614004,27.756054,PVWatts,Solar_Delhi,,solar,33.852,,11,6,1,9
2023-09-03 12:00:00,26659.343,27803.058,956.422,34.243,61.157,26.659343,27.803058,PVWatts,Solar_Delhi,,solar,34.243,,12,6,1,9
2023-09-03 13:00:00,24857.926,25935.465,880.111,34.2,58.989,24.857926,25.935465,PVWatts,Solar_Delhi,,solar,34.2,,13,6,1,9
2023-09-03 14:00:00,21334.127,22282.217,736.991,33.881,54.674,21.334127,22.282217,PVWatts,Solar_Delhi,,solar,33.881,,14,6,1,9
2023-09-03 15:00:00,16148.418,16906.007,540.947,33.351,48.654,16.148418,16.906007000000002,PVWatts,Solar_Delhi,,solar,33.351,,15,6,1,9
2023-09-03 16:00:00,9370.718,9879.324,321.409,32.568,43.891,9.370718,9.879324,PVWatts,Solar_Delhi,,solar,32.568,,16,6,1,9
2023-09-03 17:00:00,3035.643,3311.526,115.355,31.307,34.486,3.035643,3.3115259999999997,PVWatts,Solar_Delhi,,solar,31.307,,17,6,1,9
2023-09-03 18:00:00,0.0,0.0,0.97,30.424,30.453,0.0,0.0,PVWatts,Solar_Delhi,,solar,30.424,,18,6,1,9
2023-09-03 19:00:00,0.0,0.0,0.0,30.02,30.02,0.0,0.0,PVWatts,Solar_Delhi,,solar,30.02,,19,6,1,9
2023-09-03 20:00:00,0.0,0.0,0.0,29.632,29.632,0.0,0.0,PVWatts,Solar_Delhi,,solar,29.632,,20,6,1,9
2023-09-03 21:00:00,0.0,0.0,0.0,29.23,29.23,0.0,0.0,PVWatts,Solar_Delhi,,solar,29.23,,21,6,1,9
2023-09-03 22:00:00,0.0,0.0,0.0,28.745,28.745,0.0,0.0,PVWatts,Solar_Delhi,,solar,28.745,,22,6,1,9
2023-09-03 23:00:00,0.0,0.0,0.0,28.224,28.224,0.0,0.0,PVWatts,Solar_Delhi,,solar,28.224,,23,6,1,9
2023-09-04 00:00:00,0.0,0.0,0.0,27.708,27.708,0.0,0.0,PVWatts,Solar_Delhi,,solar,27.708,,0,0,0,9
2023-09-04 01:00:00,0.0,0.0,0.0,27.166,27.166,0.0,0.0,PVWatts,Solar_Delhi,,solar,27.166,,1,0,0,9
2023-09-04 02:00:00,0.0,0.0,0.0,26.745,26.745,0.0,0.0,PVWatts,Solar_Delhi,,solar,26.745,,2,0,0,9
2023-09-04 03:00:00,0.0,0.0,0.0,26.357,26.357,0.0,0.0,PVWatts,Solar_Delhi,,solar,26.357,,3,0,0,9
2023-09-04 04:00:00,0.0,0.0,0.0,25.964,25.964,0.0,0.0,PVWatts,Solar_Delhi,,solar,25.964,,4,0,0,9
2023-09-04 05:00:00,0.0,0.0,0.0,25.704,0.0,0.0,0.0,PVWatts,Solar_Delhi,,solar,25.704,,5,0,0,9
2023-09-04 06:00:00,815.995,1010.338,33.574,26.833,28.017,0.815995,1.010338,PVWatts,Solar_Delhi,,solar,26.833,,6,0,0,9
2023-09-04 07:00:00,7411.441,7848.071,245.562,28.203,36.896,7.411441,7.848071,PVWatts,Solar_Delhi,,solar,28.203,,7,0,0,9
2023-09-04 08:00:00,14838.371,15547.835,499.87,30.903,48.614,14.838370999999999,15.547835,PVWatts,Solar_Delhi,,solar,30.903,,8,0,0,9
2023-09-04 09:00:00,20257.56,21166.102,711.814,32.757,57.919,20.25756,21.166102,PVWatts,Solar_Delhi,,solar,32.757,,9,0,0,9
2023-09-04 10:00:00,23835.145,24875.111,864.383,33.564,64.076,23.835145,24.875111,PVWatts,Solar_Delhi,,solar,33.564,,10,0,0,9
2023-09-04 11:00:00,25606.045,26711.067,944.441,33.925,67.242,25.606044999999998,26.711067,PVWatts,Solar_Delhi,,solar,33.925,,11,0,0,9
2023-09-04 12:00:00,26454.846,27591.049,946.567,33.961,60.598,26.454846,27.591048999999998,PVWatts,Solar_Delhi,,solar,33.961,,12,0,0,9
2023-09-04 13:00:00,24700.964,25772.737,871.508,33.684,58.23,24.700964,25.772737,PVWatts,Solar_Delhi,,solar,33.684,,13,0,0,9
2023-09-04 14:00:00,20168.347,21073.612,691.921,33.134,52.65,20.168347,21.073612,PVWatts,Solar_Delhi,,solar,33.134,,14,0,0,9
2023-09-04 15:00:00,16003.572,16755.84,533.624,32.45,47.547,16.003572,16.75584,PVWatts,Solar_Delhi,,solar,32.45,,15,0,0,9
2023-09-04 16:00:00,8989.62,9484.226,303.185,31.504,40.03,8.98962,9.484226000000001,PVWatts,Solar_Delhi,,solar,31.504,,16,0,0,9
2023-09-04 17:00:00,2846.303,3115.231,111.083,30.44,33.477,2.846303,3.115231,PVWatts,Solar_Delhi,,solar,30.44,,17,0,0,9
2023-09-04 18:00:00,0.0,0.0,0.97,29.681,29.704,0.0,0.0,PVWatts,Solar_Delhi,,solar,29.681,,18,0,0,9
2023-09-04 19:00:00,0.0,0.0,0.0,29.205,29.205,0.0,0.0,PVWatts,Solar_Delhi,,solar,29.205,,19,0,0,9
2023-09-04 20:00:00,0.0,0.0,0.0,28.807,28.807,0.0,0.0,PVWatts,Solar_Delhi,,solar,28.807,,20,0,0,9
2023-09-04 21:00:00,0.0,0.0,0.0,28.351,28.351,0.0,0.0,PVWatts,Solar_Delhi,,solar,28.351,,21,0,0,9
2023-09-04 22:00:00,0.0,0.0,0.0,27.922,27.922,0.0,0.0,PVWatts,Solar_Delhi,,solar,27.922,,22,0,0,9
2023-09-04 23:00:00,0.0,0.0,0.0,27.498,27.498,0.0,0.0,PVWatts,Solar_Delhi,,solar,27.498,,23,0,0,9
2023-09-05 00:00:00,0.0,0.0,0.0,27.125,27.125,0.0,0.0,PVWatts,Solar_Delhi,,solar,27.125,,0,1,0,9
2023-09-05 01:00:00,0.0,0.0,0.0,26.754,26.754,0.0,0.0,PVWatts,Solar_Delhi,,solar,26.754,,1,1,0,9
2023-09-05 02:00:00,0.0,0.0,0.0,26.41,26.41,0.0,0.0,PVWatts,Solar_Delhi,,solar,26.41,,2,1,0,9
2023-09-05 03:00:00,0.0,0.0,0.0,26.086,26.086,0.0,0.0,PVWatts,Solar_Delhi,,solar,26.086,,3,1,0,9
2023-09-05 04:00:00,0.0,0.0,0.0,25.815,25.815,0.0,0.0,PVWatts,Solar_Delhi,,solar,25.815,,4,1,0,9
2023-09-05 05:00:00,0.0,0.0,0.0,25.61,0.0,0.0,0.0,PVWatts,Solar_Delhi,,solar,25.61,,5,1,0,9
2023-09-05 06:00:00,750.898,942.849,31.293,26.6,27.481,0.7508980000000001,0.942849,PVWatts,Solar_Delhi,,solar,26.6,,6,1,0,9
2023-09-05 07:00:00,7601.189,8044.79,251.467,27.998,36.9,7.601189000000001,8.04479,PVWatts,Solar_Delhi,,solar,27.998,,7,1,0,9
2023-09-05 08:00:00,15038.693,15755.516,505.389,30.252,48.16,15.038692999999999,15.755516,PVWatts,Solar_Delhi,,solar,30.252,,8,1,0,9
2023-09-05 09:00:00,20962.543,21896.983,719.235,32.237,52.517,20.962543,21.896983,PVWatts,Solar_Delhi,,solar,32.237,,9,1,0,9
2023-09-05 10:00:00,24753.107,25826.796,873.575,33.395,57.992,24.753107,25.826795999999998,PVWatts,Solar_Delhi,,solar,33.395,,10,1,0,9
2023-09-05 11:00:00,26636.647,27779.528,953.836,33.855,60.695,26.636647,27.779528,PVWatts,Solar_Delhi,,solar,33.855,,11,1,0,9
2023-09-05 12:00:00,26721.454,27867.451,956.59,33.807,60.727,26.721454,27.867451000000003,PVWatts,Solar_Delhi,,solar,33.807,,12,1,0,9
2023-09-05 13:00:00,24966.387,26047.911,881.487,33.598,58.427,24.966386999999997,26.047911,PVWatts,Solar_Delhi,,solar,33.598,,13,1,0,9
2023-09-05 14:00:00,20880.012,21811.42,717.051,33.096,53.329,20.880011999999997,21.81142,PVWatts,Solar_Delhi,,solar,33.096,,14,1,0,9
2023-09-05 15:00:00,14174.916,14860.008,480.3,32.434,49.448,14.174916,14.860008,PVWatts,Solar_Delhi,,solar,32.434,,15,1,0,9
2023-09-05 16:00:00,8260.044,8727.849,278.668,31.478,41.328,8.260044,8.727849,PVWatts,Solar_Delhi,,solar,31.478,,16,1,0,9
2023-09-05 17:00:00,2856.172,3125.462,107.486,30.713,34.443,2.856172,3.125462,PVWatts,Solar_Delhi,,solar,30.713,,17,1,0,9
2023-09-05 18:00:00,0.0,0.0,0.97,30.007,30.036,0.0,0.0,PVWatts,Solar_Delhi,,solar,30.007,,18,1,0,9
2023-09-05 19:00:00,0.0,0.0,0.0,29.486,29.486,0.0,0.0,PVWatts,Solar_Delhi,,solar,29.486,,19,1,0,9
2023-09-05 20:00:00,0.0,0.0,0.0,28.997,28.997,0.0,0.0,PVWatts,Solar_Delhi,,solar,28.997,,20,1,0,9
2023-09-05 21:00:00,0.0,0.0,0.0,28.5,28.5,0.0,0.0,PVWatts,Solar_Delhi,,solar,28.5,,21,1,0,9
2023-09-05 22:00:00,0.0,0.0,0.0,28.018,28.018,0.0,0.0,PVWatts,Solar_Delhi,,solar,28.018,,22,1,0,9
2023-09-05 23:00:00,0.0,0.0,0.0,27.572,27.572,0.0,0.0,PVWatts,Solar_Delhi,,solar,27.572,,23,1,0,9
2023-09-06 00:00:00,0.0,0.0,0.0,27.127,27.127,0.0,0.0,PVWatts,Solar_Delhi,,solar,27.127,,0,2,0,9
2023-09-06 01:00:00,0.0,0.0,0.0,26.719,26.719,0.0,0.0,PVWatts,Solar_Delhi,,solar,26.719,,1,2,0,9
2023-09-06 02:00:00,0.0,0.0,0.0,26.285,26.285,0.0,0.0,PVWatts,Solar_Delhi,,solar,26.285,,2,2,0,9
2023-09-06 03:00:00,0.0,0.0,0.0,25.793,25.793,0.0,0.0,PVWatts,Solar_Delhi,,solar,25.793,,3,2,0,9
2023-09-06 04:00:00,0.0,0.0,0.0,25.418,25.418,0.0,0.0,PVWatts,Solar_Delhi,,solar,25.418,,4,2,0,9
2023-09-06 05:00:00,0.0,0.0,0.0,25.341,0.0,0.0,0.0,PVWatts,Solar_Delhi,,solar,25.341,,5,2,0,9
2023-09-06 06:00:00,712.694,903.241,29.961,26.049,27.466,0.7126939999999999,0.903241,PVWatts,Solar_Delhi,,solar,26.049,,6,2,0,9
2023-09-06 07:00:00,2560.709,2819.145,89.463,26.83,31.072,2.5607089999999997,2.819145,PVWatts,Solar_Delhi,,solar,26.83,,7,2,0,9
2023-09-06 08:00:00,9553.263,10068.575,323.07,28.225,43.517,9.553263000000001,10.068575000000001,PVWatts,Solar_Delhi,,solar,28.225,,8,2,0,9
2023-09-06 09:00:00,19812.127,20704.305,713.88,29.784,63.579,19.812127,20.704305,PVWatts,Solar_Delhi,,solar,29.784,,9,2,0,9
2023-09-06 10:00:00,22801.041,23803.019,811.524,30.93,59.566,22.801041,23.803019,PVWatts,Solar_Delhi,,solar,30.93,,10,2,0,9
2023-09-06 11:00:00,25542.185,26644.861,928.402,31.15,63.895,25.542185,26.644861000000002,PVWatts,Solar_Delhi,,solar,31.15,,11,2,0,9
2023-09-06 12:00:00,26030.44,27151.053,947.662,31.09,64.527,26.03044,27.151053,PVWatts,Solar_Delhi,,solar,31.09,,12,2,0,9
2023-09-06 13:00:00,24383.069,25443.164,872.915,30.76,61.588,24.383069,25.443164,PVWatts,Solar_Delhi,,solar,30.76,,13,2,0,9
2023-09-06 14:00:00,20959.859,21894.2,728.801,30.499,56.283,20.959859,21.8942,PVWatts,Solar_Delhi,,solar,30.499,,14,2,0,9
2023-09-06 15:00:00,15427.836,16158.955,532.254,30.188,55.472,15.427836,16.158955,PVWatts,Solar_Delhi,,solar,30.188,,15,2,0,9
2023-09-06 16:00:00,9067.665,9565.139,312.979,29.957,44.717,9.067665000000002,9.565138999999999,PVWatts,Solar_Delhi,,solar,29.957,,16,2,0,9
2023-09-06 17:00:00,2824.491,3092.617,109.808,28.741,32.505,2.824491,3.092617,PVWatts,Solar_Delhi,,solar,28.741,,17,2,0,9
2023-09-06 18:00:00,0.0,0.0,0.0,28.234,0.0,0.0,0.0,PVWatts,Solar_Delhi,,solar,28.234,,18,2,0,9
2023-09-06 19:00:00,0.0,0.0,0.0,27.866,27.866,0.0,0.0,PVWatts,Solar_Delhi,,solar,27.866,,19,2,0,9
2023-09-06 20:00:00,0.0,0.0,0.0,27.502,27.502,0.0,0.0,PVWatts,Solar_Delhi,,solar,27.502,,20,2,0,9
2023-09-06 21:00:00,0.0,0.0,0.0,27.074,27.074,0.0,0.0,PVWatts,Solar_Delhi,,solar,27.074,,21,2,0,9
2023-09-06 22:00:00,0.0,0.0,0.0,26.486,26.486,0.0,0.0,PVWatts,Solar_Delhi,,solar,26.486,,22,2,0,9
2023-09-06 23:00:00,0.0,0.0,0.0,25.926,25.926,0.0,0.0,PVWatts,Solar_Delhi,,solar,25.926,,23,2,0,9
2023-09-07 00:00:00,0.0,0.0,0.0,25.426,25.426,0.0,0.0,PVWatts,Solar_Delhi,,solar,25.426,,0,3,0,9
2023-09-07 01:00:00,0.0,0.0,0.0,24.888,24.888,0.0,0.0,PVWatts,Solar_Delhi,,solar,24.888,,1,3,0,9
2023-09-07 02:00:00,0.0,0.0,0.0,24.395,24.395,0.0,0.0,PVWatts,Solar_Delhi,,solar,24.395,,2,3,0,9
2023-09-07 03:00:00,0.0,0.0,0.0,23.927,23.927,0.0,0.0,PVWatts,Solar_Delhi,,solar,23.927,,3,3,0,9
2023-09-07 04:00:00,0.0,0.0,0.0,23.652,23.652,0.0,0.0,PVWatts,Solar_Delhi,,solar,23.652,,4,3,0,9
2023-09-07 05:00:00,0.0,0.0,0.0,23.344,0.0,0.0,0.0,PVWatts,Solar_Delhi,,solar,23.344,,5,3,0,9
2023-09-07 06:00:00,275.571,450.061,15.146,23.891,24.318,0.275571,0.450061,PVWatts,Solar_Delhi,,solar,23.891,,6,3,0,9
2023-09-07 07:00:00,6319.925,6716.459,207.283,25.088,32.427,6.3199250000000005,6.7164589999999995,PVWatts,Solar_Delhi,,solar,25.088,,7,3,0,9
2023-09-07 08:00:00,6831.633,7246.964,228.078,27.28,35.332,6.831633,7.246964,PVWatts,Solar_Delhi,,solar,27.28,,8,3,0,9
2023-09-07 09:00:00,20759.062,21686.027,717.966,29.023,54.405,20.759062,21.686027,PVWatts,Solar_Delhi,,solar,29.023,,9,3,0,9
2023-09-07 10:00:00,19103.339,19969.48,668.914,30.495,54.059,19.103339,19.96948,PVWatts,Solar_Delhi,,solar,30.495,,10,3,0,9
2023-09-07 11:00:00,24687.879,25759.171,951.406,31.702,76.65,24.687879000000002,25.759171,PVWatts,Solar_Delhi,,solar,31.702,,11,3,0,9
2023-09-07 12:00:00,24659.202,25729.441,953.626,32.416,77.476,24.659202,25.729440999999998,PVWatts,Solar_Delhi,,solar,32.416,,12,3,0,9
2023-09-07 13:00:00,23125.561,24139.461,876.251,32.505,73.946,23.125561,24.139461,PVWatts,Solar_Delhi,,solar,32.505,,13,3,0,9
2023-09-07 14:00:00,20047.667,20948.498,730.524,32.144,66.755,20.047667,20.948498,PVWatts,Solar_Delhi,,solar,32.144,,14,3,0,9
2023-09-07 15:00:00,15403.362,16133.581,534.263,31.375,56.757,15.403362,16.133581,PVWatts,Solar_Delhi,,solar,31.375,,15,3,0,9
2023-09-07 16:00:00,8923.571,9415.751,308.64,31.08,45.646,8.923570999999999,9.415751,PVWatts,Solar_Delhi,,solar,31.08,,16,3,0,9
2023-09-07 17:00:00,2619.36,2879.951,99.875,29.483,32.937,2.61936,2.879951,PVWatts,Solar_Delhi,,solar,29.483,,17,3,0,9
2023-09-07 18:00:00,0.0,0.0,0.0,28.09,0.0,0.0,0.0,PVWatts,Solar_Delhi,,solar,28.09,,18,3,0,9
2023-09-07 19:00:00,0.0,0.0,0.0,27.676,27.676,0.0,0.0,PVWatts,Solar_Delhi,,solar,27.676,,19,3,0,9
2023-09-07 20:00:00,0.0,0.0,0.0,27.216,27.216,0.0,0.0,PVWatts,Solar_Delhi,,solar,27.216,,20,3,0,9
2023-09-07 21:00:00,0.0,0.0,0.0,26.709,26.709,0.0,0.0,PVWatts,Solar_Delhi,,solar,26.709,,21,3,0,9
2023-09-07 22:00:00,0.0,0.0,0.0,26.095,26.095,0.0,0.0,PVWatts,Solar_Delhi,,solar,26.095,,22,3,0,9
2023-09-07 23:00:00,0.0,0.0,0.0,25.534,25.534,0.0,0.0,PVWatts,Solar_Delhi,,solar,25.534,,23,3,0,9
2023-09-08 00:00:00,0.0,0.0,0.0,24.961,24.961,0.0,0.0,PVWatts,Solar_Delhi,,solar,24.961,,0,4,0,9
2023-09-08 01:00:00,0.0,0.0,0.0,24.473,24.473,0.0,0.0,PVWatts,Solar_Delhi,,solar,24.473,,1,4,0,9
2023-09-08 02:00:00,0.0,0.0,0.0,24.06,24.06,0.0,0.0,PVWatts,Solar_Delhi,,solar,24.06,,2,4,0,9
2023-09-08 03:00:00,0.0,0.0,0.0,23.7,23.7,0.0,0.0,PVWatts,Solar_Delhi,,solar,23.7,,3,4,0,9
2023-09-08 04:00:00,0.0,0.0,0.0,23.39,23.39,0.0,0.0,PVWatts,Solar_Delhi,,solar,23.39,,4,4,0,9
2023-09-08 05:00:00,0.0,0.0,0.0,23.228,0.0,0.0,0.0,PVWatts,Solar_Delhi,,solar,23.228,,5,4,0,9
2023-09-08 06:00:00,678.167,867.446,28.434,24.333,25.338,0.6781670000000001,0.867446,PVWatts,Solar_Delhi,,solar,24.333,,6,4,0,9
2023-09-08 07:00:00,7554.286,7996.165,247.165,25.521,34.272,7.554286,7.9961649999999995,PVWatts,Solar_Delhi,,solar,25.521,,7,4,0,9
2023-09-08 08:00:00,14990.291,15705.336,499.176,28.328,46.017,14.990291,15.705335999999999,PVWatts,Solar_Delhi,,solar,28.328,,8,4,0,9
2023-09-08 09:00:00,20485.964,21402.896,711.564,30.234,55.39,20.485964,21.402896000000002,PVWatts,Solar_Delhi,,solar,30.234,,9,4,0,9
2023-09-08 10:00:00,24070.608,25119.225,862.538,31.057,61.507,24.070608,25.119225,PVWatts,Solar_Delhi,,solar,31.057,,10,4,0,9
2023-09-08 11:00:00,25399.331,26496.759,924.039,31.176,63.752,25.399330999999997,26.496758999999997,PVWatts,Solar_Delhi,,solar,31.176,,11,4,0,9
2023-09-08 12:00:00,14739.519,15445.352,512.046,31.123,49.123,14.739519,15.445352000000002,PVWatts,Solar_Delhi,,solar,31.123,,12,4,0,9
2023-09-08 13:00:00,14820.693,15529.508,527.708,31.069,55.941,14.820692999999999,15.529508,PVWatts,Solar_Delhi,,solar,31.069,,13,4,0,9
2023-09-08 14:00:00,20689.639,21614.053,718.993,30.785,56.225,20.689639,21.614053,PVWatts,Solar_Delhi,,solar,30.785,,14,4,0,9
2023-09-08 15:00:00,12653.825,13283.039,423.691,30.355,45.358,12.653825000000001,13.283039,PVWatts,Solar_Delhi,,solar,30.355,,15,4,0,9
2023-09-08 16:00:00,9032.211,9528.382,306.894,29.852,40.657,9.032211,9.528381999999999,PVWatts,Solar_Delhi,,solar,29.852,,16,4,0,9
2023-09-08 17:00:00,2686.945,2950.019,103.463,28.666,32.227,2.686945,2.9500189999999997,PVWatts,Solar_Delhi,,solar,28.666,,17,4,0,9
2023-09-08 18:00:00,0.0,0.0,0.0,27.494,0.0,0.0,0.0,PVWatts,Solar_Delhi,,solar,27.494,,18,4,0,9
2023-09-08 19:00:00,0.0,0.0,0.0,27.0,27.0,0.0,0.0,PVWatts,Solar_Delhi,,solar,27.0,,19,4,0,9
2023-09-08 20:00:00,0.0,0.0,0.0,26.436,26.436,0.0,0.0,PVWatts,Solar_Delhi,,solar,26.436,,20,4,0,9
2023-09-08 21:00:00,0.0,0.0,0.0,25.91,25.91,0.0,0.0,PVWatts,Solar_Delhi,,solar,25.91,,21,4,0,9
2023-09-08 22:00:00,0.0,0.0,0.0,25.342,25.342,0.0,0.0,PVWatts,Solar_Delhi,,solar,25.342,,22,4,0,9
2023-09-08 23:00:00,0.0,0.0,0.0,24.877,24.877,0.0,0.0,PVWatts,Solar_Delhi,,solar,24.877,,23,4,0,9
2023-09-09 00:00:00,0.0,0.0,0.0,24.385,24.385,0.0,0.0,PVWatts,Solar_Delhi,,solar,24.385,,0,5,1,9
2023-09-09 01:00:00,0.0,0.0,0.0,23.948,23.948,0.0,0.0,PVWatts,Solar_Delhi,,solar,23.948,,1,5,1,9
2023-09-09 02:00:00,0.0,0.0,0.0,23.561,23.561,0.0,0.0,PVWatts,Solar_Delhi,,solar,23.561,,2,5,1,9
2023-09-09 03:00:00,0.0,0.0,0.0,23.246,23.246,0.0,0.0,PVWatts,Solar_Delhi,,solar,23.246,,3,5,1,9
2023-09-09 04:00:00,0.0,0.0,0.0,22.952,22.952,0.0,0.0,PVWatts,Solar_Delhi,,solar,22.952,,4,5,1,9
2023-09-09 05:00:00,0.0,0.0,0.0,22.832,0.0,0.0,0.0,PVWatts,Solar_Delhi,,solar,22.832,,5,5,1,9
2023-09-09 06:00:00,533.316,717.274,23.684,24.065,24.902,0.533316,0.717274,PVWatts,Solar_Delhi,,solar,24.065,,6,5,1,9
2023-09-09 07:00:00,7049.147,7472.469,231.082,25.726,33.909,7.049147,7.472469,PVWatts,Solar_Delhi,,solar,25.726,,7,5,1,9
2023-09-09 08:00:00,11497.782,12084.528,380.942,27.589,41.064,11.497781999999999,12.084528,PVWatts,Solar_Delhi,,solar,27.589,,8,5,1,9
2023-09-09 09:00:00,19556.682,20439.476,674.171,29.233,53.055,19.556682000000002,20.439476,PVWatts,Solar_Delhi,,solar,29.233,,9,5,1,9
2023-09-09 10:00:00,24278.988,25335.259,866.837,30.112,60.715,24.278988000000002,25.335258999999997,PVWatts,Solar_Delhi,,solar,30.112,,10,5,1,9
2023-09-09 11:00:00,25985.032,27103.976,946.848,31.29,64.697,25.985032,27.103976,PVWatts,Solar_Delhi,,solar,31.29,,11,5,1,9
2023-09-09 12:00:00,25878.568,26993.601,947.562,32.446,65.883,25.878567999999998,26.993600999999998,PVWatts,Solar_Delhi,,solar,32.446,,12,5,1,9
2023-09-09 13:00:00,24114.854,25165.096,869.982,32.689,63.418,24.114854,25.165096000000002,PVWatts,Solar_Delhi,,solar,32.689,,13,5,1,9
2023-09-09 14:00:00,20621.649,21543.566,721.699,32.349,57.886,20.621649,21.543566,PVWatts,Solar_Delhi,,solar,32.349,,14,5,1,9
2023-09-09 15:00:00,15602.72,16340.263,526.146,31.707,50.376,15.60272,16.340263,PVWatts,Solar_Delhi,,solar,31.707,,15,5,1,9
2023-09-09 16:00:00,8919.912,9411.957,304.553,30.832,41.553,8.919912,9.411957000000001,PVWatts,Solar_Delhi,,solar,30.832,,16,5,1,9
2023-09-09 17:00:00,2645.279,2906.821,103.404,29.469,33.017,2.645279,2.906821,PVWatts,Solar_Delhi,,solar,29.469,,17,5,1,9
2023-09-09 18:00:00,0.0,0.0,0.0,28.652,0.0,0.0,0.0,PVWatts,Solar_Delhi,,solar,28.652,,18,5,1,9
2023-09-09 19:00:00,0.0,0.0,0.0,28.142,28.142,0.0,0.0,PVWatts,Solar_Delhi,,solar,28.142,,19,5,1,9
2023-09-09 20:00:00,0.0,0.0,0.0,27.613,27.613,0.0,0.0,PVWatts,Solar_Delhi,,solar,27.613,,20,5,1,9
2023-09-09 21:00:00,0.0,0.0,0.0,27.059,27.059,0.0,0.0,PVWatts,Solar_Delhi,,solar,27.059,,21,5,1,9
2023-09-09 22:00:00,0.0,0.0,0.0,26.444,26.444,0.0,0.0,PVWatts,Solar_Delhi,,solar,26.444,,22,5,1,9
2023-09-09 23:00:00,0.0,0.0,0.0,25.862,25.862,0.0,0.0,PVWatts,Solar_Delhi,,solar,25.862,,23,5,1,9
2023-09-10 00:00:00,0.0,0.0,0.0,25.259,25.259,0.0,0.0,PVWatts,Solar_Delhi,,solar,25.259,,0,6,1,9
2023-09-10 01:00:00,0.0,0.0,0.0,24.68,24.68,0.0,0.0,PVWatts,Solar_Delhi,,solar,24.68,,1,6,1,9
2023-09-10 02:00:00,0.0,0.0,0.0,24.122,24.122,0.0,0.0,PVWatts,Solar_Delhi,,solar,24.122,,2,6,1,9
2023-09-10 03:00:00,0.0,0.0,0.0,23.626,23.626,0.0,0.0,PVWatts,Solar_Delhi,,solar,23.626,,3,6,1,9
2023-09-10 04:00:00,0.0,0.0,0.0,23.16,23.16,0.0,0.0,PVWatts,Solar_Delhi,,solar,23.16,,4,6,1,9
2023-09-10 05:00:00,0.0,0.0,0.0,22.894,0.0,0.0,0.0,PVWatts,Solar_Delhi,,solar,22.894,,5,6,1,9
2023-09-10 06:00:00,589.942,775.981,25.584,24.09,25.302,0.589942,0.775981,PVWatts,Solar_Delhi,,solar,24.09,,6,6,1,9
2023-09-10 07:00:00,7655.941,8101.553,253.702,25.662,37.693,7.655940999999999,8.101553,PVWatts,Solar_Delhi,,solar,25.662,,7,6,1,9
2023-09-10 08:00:00,14170.799,14855.739,484.223,28.772,51.75,14.170799,14.855739,PVWatts,Solar_Delhi,,solar,28.772,,8,6,1,9
2023-09-10 09:00:00,19715.846,20604.487,713.495,30.848,64.629,19.715846000000003,20.604487000000002,PVWatts,Solar_Delhi,,solar,30.848,,9,6,1,9
2023-09-10 10:00:00,22946.351,23953.667,866.305,31.951,72.907,22.946351,23.953667000000003,PVWatts,Solar_Delhi,,solar,31.951,,10,6,1,9
2023-09-10 11:00:00,25790.441,26902.237,945.033,32.613,65.957,25.790440999999998,26.902237,PVWatts,Solar_Delhi,,solar,32.613,,11,6,1,9
2023-09-10 12:00:00,25736.853,26846.681,943.477,32.882,66.177,25.736853,26.846681,PVWatts,Solar_Delhi,,solar,32.882,,12,6,1,9
2023-09-10 13:00:00,23545.577,24574.906,848.418,32.812,62.764,23.545577,24.574906,PVWatts,Solar_Delhi,,solar,32.812,,13,6,1,9
2023-09-10 14:00:00,10560.265,11112.57,360.471,32.42,45.136,10.560265,11.11257,PVWatts,Solar_Delhi,,solar,32.42,,14,6,1,9
2023-09-10 15:00:00,15466.258,16198.788,521.082,31.687,50.178,15.466258,16.198788,PVWatts,Solar_Delhi,,solar,31.687,,15,6,1,9
2023-09-10 16:00:00,8818.525,9306.846,301.176,30.771,41.372,8.818525,9.306846,PVWatts,Solar_Delhi,,solar,30.771,,16,6,1,9
2023-09-10 17:00:00,2527.988,2785.222,101.142,29.326,32.774,2.5279879999999997,2.785222,PVWatts,Solar_Delhi,,solar,29.326,,17,6,1,9
2023-09-10 18:00:00,0.0,0.0,0.0,28.628,0.0,0.0,0.0,PVWatts,Solar_Delhi,,solar,28.628,,18,6,1,9
2023-09-10 19:00:00,0.0,0.0,0.0,28.252,28.252,0.0,0.0,PVWatts,Solar_Delhi,,solar,28.252,,19,6,1,9
2023-09-10 20:00:00,0.0,0.0,0.0,27.882,27.882,0.0,0.0,PVWatts,Solar_Delhi,,solar,27.882,,20,6,1,9
2023-09-10 21:00:00,0.0,0.0,0.0,27.582,27.582,0.0,0.0,PVWatts,Solar_Delhi,,solar,27.582,,21,6,1,9
2023-09-10 22:00:00,0.0,0.0,0.0,27.237,27.237,0.0,0.0,PVWatts,Solar_Delhi,,solar,27.237,,22,6,1,9
2023-09-10 23:00:00,0.0,0.0,0.0,26.849,26.849,0.0,0.0,PVWatts,Solar_Delhi,,solar,26.849,,23,6,1,9
2023-09-11 00:00:00,0.0,0.0,0.0,26.43,26.43,0.0,0.0,PVWatts,Solar_Delhi,,solar,26.43,,0,0,0,9
2023-09-11 01:00:00,0.0,0.0,0.0,25.957,25.957,0.0,0.0,PVWatts,Solar_Delhi,,solar,25.957,,1,0,0,9
2023-09-11 02:00:00,0.0,0.0,0.0,25.513,25.513,0.0,0.0,PVWatts,Solar_Delhi,,solar,25.513,,2,0,0,9
2023-09-11 03:00:00,0.0,0.0,0.0,25.186,25.186,0.0,0.0,PVWatts,Solar_Delhi,,solar,25.186,,3,0,0,9
2023-09-11 04:00:00,0.0,0.0,0.0,24.933,24.933,0.0,0.0,PVWatts,Solar_Delhi,,solar,24.933,,4,0,0,9
2023-09-11 05:00:00,0.0,0.0,0.0,24.741,0.0,0.0,0.0,PVWatts,Solar_Delhi,,solar,24.741,,5,0,0,9
2023-09-11 06:00:00,470.768,652.429,21.786,25.568,26.182,0.47076799999999996,0.6524289999999999,PVWatts,Solar_Delhi,,solar,25.568,,6,0,0,9
2023-09-11 07:00:00,5821.057,6199.265,193.054,27.323,34.16,5.821057,6.1992650000000005,PVWatts,Solar_Delhi,,solar,27.323,,7,0,0,9
2023-09-11 08:00:00,14641.708,15343.947,482.811,29.53,43.173,14.641708000000001,15.343947,PVWatts,Solar_Delhi,,solar,29.53,,8,0,0,9
2023-09-11 09:00:00,20349.336,21261.249,708.032,30.812,55.845,20.349336,21.261249,PVWatts,Solar_Delhi,,solar,30.812,,9,0,0,9
2023-09-11 10:00:00,23934.89,24978.521,858.97,31.593,61.92,23.93489,24.978521,PVWatts,Solar_Delhi,,solar,31.593,,10,0,0,9
2023-09-11 11:00:00,25025.79,26109.495,910.605,31.995,64.111,25.02579,26.109495,PVWatts,Solar_Delhi,,solar,31.995,,11,0,0,9
2023-09-11 12:00:00,18929.414,19789.165,696.465,32.094,64.935,18.929414,19.789165,PVWatts,Solar_Delhi,,solar,32.094,,12,0,0,9
2023-09-11 13:00:00,19022.633,19885.809,696.783,31.95,64.843,19.022633000000003,19.885809000000002,PVWatts,Solar_Delhi,,solar,31.95,,13,0,0,9
2023-09-11 14:00:00,13809.841,14481.522,485.167,31.636,54.564,13.809841,14.481522,PVWatts,Solar_Delhi,,solar,31.636,,14,0,0,9
2023-09-11 15:00:00,2633.484,2894.593,94.256,31.149,35.609,2.6334839999999997,2.894593,PVWatts,Solar_Delhi,,solar,31.149,,15,0,0,9
2023-09-11 16:00:00,1492.947,1712.158,56.014,31.259,33.918,1.4929469999999998,1.7121579999999998,PVWatts,Solar_Delhi,,solar,31.259,,16,0,0,9
2023-09-11 17:00:00,710.506,900.974,32.168,29.555,31.052,0.710506,0.900974,PVWatts,Solar_Delhi,,solar,29.555,,17,0,0,9
2023-09-11 18:00:00,0.0,0.0,0.0,29.089,0.0,0.0,0.0,PVWatts,Solar_Delhi,,solar,29.089,,18,0,0,9
2023-09-11 19:00:00,0.0,0.0,0.0,28.61,28.61,0.0,0.0,PVWatts,Solar_Delhi,,solar,28.61,,19,0,0,9
2023-09-11 20:00:00,0.0,0.0,0.0,28.236,28.236,0.0,0.0,PVWatts,Solar_Delhi,,solar,28.236,,20,0,0,9
2023-09-11 21:00:00,0.0,0.0,0.0,27.756,27.756,0.0,0.0,PVWatts,Solar_Delhi,,solar,27.756,,21,0,0,9
2023-09-11 22:00:00,0.0,0.0,0.0,27.184,27.184,0.0,0.0,PVWatts,Solar_Delhi,,solar,27.184,,22,0,0,9
2023-09-11 23:00:00,0.0,0.0,0.0,26.614,26.614,0.0,0.0,PVWatts,Solar_Delhi,,solar,26.614,,23,0,0,9
2023-09-12 00:00:00,0.0,0.0,0.0,26.055,26.055,0.0,0.0,PVWatts,Solar_Delhi,,solar,26.055,,0,1,0,9
2023-09-12 01:00:00,0.0,0.0,0.0,25.515,25.515,0.0,0.0,PVWatts,Solar_Delhi,,solar,25.515,,1,1,0,9
2023-09-12 02:00:00,0.0,0.0,0.0,25.054,25.054,0.0,0.0,PVWatts,Solar_Delhi,,solar,25.054,,2,1,0,9
2023-09-12 03:00:00,0.0,0.0,0.0,24.667,24.667,0.0,0.0,PVWatts,Solar_Delhi,,solar,24.667,,3,1,0,9
2023-09-12 04:00:00,0.0,0.0,0.0,24.359,24.359,0.0,0.0,PVWatts,Solar_Delhi,,solar,24.359,,4,1,0,9
2023-09-12 05:00:00,0.0,0.0,0.0,24.147,0.0,0.0,0.0,PVWatts,Solar_Delhi,,solar,24.147,,5,1,0,9
2023-09-12 06:00:00,616.155,803.156,26.534,24.998,25.936,0.616155,0.803156,PVWatts,Solar_Delhi,,solar,24.998,,6,1,0,9
2023-09-12 07:00:00,5774.004,6150.482,190.955,26.632,33.395,5.774004,6.150482,PVWatts,Solar_Delhi,,solar,26.632,,7,1,0,9
2023-09-12 08:00:00,14778.545,15485.812,493.356,29.152,46.637,14.778545,15.485812,PVWatts,Solar_Delhi,,solar,29.152,,8,1,0,9
2023-09-12 09:00:00,20246.287,21154.415,704.202,30.877,55.776,20.246287,21.154415,PVWatts,Solar_Delhi,,solar,30.877,,9,1,0,9
2023-09-12 10:00:00,23795.398,24833.904,854.519,31.918,62.089,23.795398000000002,24.833903999999997,PVWatts,Solar_Delhi,,solar,31.918,,10,1,0,9
2023-09-12 11:00:00,24187.477,25240.387,876.504,32.272,63.183,24.187476999999998,25.240387,PVWatts,Solar_Delhi,,solar,32.272,,11,1,0,9
2023-09-12 12:00:00,25551.875,26654.907,932.255,32.303,65.203,25.551875,26.654906999999998,PVWatts,Solar_Delhi,,solar,32.303,,12,1,0,9
2023-09-12 13:00:00,21107.263,22047.019,784.068,32.187,69.25,21.107263,22.047019,PVWatts,Solar_Delhi,,solar,32.187,,13,1,0,9
2023-09-12 14:00:00,19538.869,20421.009,706.67,31.778,65.269,19.538869,20.421008999999998,PVWatts,Solar_Delhi,,solar,31.778,,14,1,0,9
2023-09-12 15:00:00,14829.69,15538.835,511.779,31.318,55.64,14.829690000000001,15.538834999999999,PVWatts,Solar_Delhi,,solar,31.318,,15,1,0,9
2023-09-12 16:00:00,4605.26,4938.804,157.632,30.844,38.322,4.60526,4.938804,PVWatts,Solar_Delhi,,solar,30.844,,16,1,0,9
2023-09-12 17:00:00,883.901,1080.739,38.697,29.477,31.272,0.8839009999999999,1.0807390000000001,PVWatts,Solar_Delhi,,solar,29.477,,17,1,0,9
2023-09-12 18:00:00,0.0,0.0,0.0,28.629,0.0,0.0,0.0,PVWatts,Solar_Delhi,,solar,28.629,,18,1,0,9
2023-09-12 19:00:00,0.0,0.0,0.0,28.15,28.15,0.0,0.0,PVWatts,Solar_Delhi,,solar,28.15,,19,1,0,9
2023-09-12 20:00:00,0.0,0.0,0.0,27.845,27.845,0.0,0.0,PVWatts,Solar_Delhi,,solar,27.845,,20,1,0,9
2023-09-12 21:00:00,0.0,0.0,0.0,27.735,27.735,0.0,0.0,PVWatts,Solar_Delhi,,solar,27.735,,21,1,0,9
2023-09-12 22:00:00,0.0,0.0,0.0,27.359,27.359,0.0,0.0,PVWatts,Solar_Delhi,,solar,27.359,,22,1,0,9
2023-09-12 23:00:00,0.0,0.0,0.0,26.953,26.953,0.0,0.0,PVWatts,Solar_Delhi,,solar,26.953,,23,1,0,9
2023-09-13 00:00:00,0.0,0.0,0.0,26.585,26.585,0.0,0.0,PVWatts,Solar_Delhi,,solar,26.585,,0,2,0,9
2023-09-13 01:00:00,0.0,0.0,0.0,26.39,26.39,0.0,0.0,PVWatts,Solar_Delhi,,solar,26.39,,1,2,0,9
2023-09-13 02:00:00,0.0,0.0,0.0,26.14,26.14,0.0,0.0,PVWatts,Solar_Delhi,,solar,26.14,,2,2,0,9
2023-09-13 03:00:00,0.0,0.0,0.0,25.901,25.901,0.0,0.0,PVWatts,Solar_Delhi,,solar,25.901,,3,2,0,9
2023-09-13 04:00:00,0.0,0.0,0.0,25.658,25.658,0.0,0.0,PVWatts,Solar_Delhi,,solar,25.658,,4,2,0,9
2023-09-13 05:00:00,0.0,0.0,0.0,25.509,0.0,0.0,0.0,PVWatts,Solar_Delhi,,solar,25.509,,5,2,0,9
2023-09-13 06:00:00,382.794,561.223,18.939,26.031,26.701,0.38279399999999997,0.5612229999999999,PVWatts,Solar_Delhi,,solar,26.031,,6,2,0,9
2023-09-13 07:00:00,7519.191,7959.78,246.869,26.616,35.36,7.519191,7.959779999999999,PVWatts,Solar_Delhi,,solar,26.616,,7,2,0,9
2023-09-13 08:00:00,14831.288,15540.492,493.202,28.274,45.755,14.831288,15.540492,PVWatts,Solar_Delhi,,solar,28.274,,8,2,0,9
2023-09-13 09:00:00,20319.936,21230.769,704.679,30.215,55.132,20.319936000000002,21.230769,PVWatts,Solar_Delhi,,solar,30.215,,9,2,0,9
2023-09-13 10:00:00,23888.126,24930.039,854.848,31.149,61.333,23.888126,24.930039,PVWatts,Solar_Delhi,,solar,31.149,,10,2,0,9
2023-09-13 11:00:00,25660.562,26767.587,934.346,31.686,64.656,25.660562000000002,26.767587,PVWatts,Solar_Delhi,,solar,31.686,,11,2,0,9
2023-09-13 12:00:00,25621.284,26726.865,933.039,31.895,64.824,25.621284,26.726865,PVWatts,Solar_Delhi,,solar,31.895,,12,2,0,9
2023-09-13 13:00:00,18657.286,19507.04,655.026,31.954,55.041,18.657286,19.50704,PVWatts,Solar_Delhi,,solar,31.954,,13,2,0,9
2023-09-13 14:00:00,16813.983,17596.022,579.71,31.752,52.231,16.813983,17.596022,PVWatts,Solar_Delhi,,solar,31.752,,14,2,0,9
2023-09-13 15:00:00,12523.819,13148.256,419.949,31.336,46.216,12.523819,13.148256,PVWatts,Solar_Delhi,,solar,31.336,,15,2,0,9
2023-09-13 16:00:00,3491.862,3784.505,120.855,30.743,36.48,3.4918620000000002,3.7845050000000002,PVWatts,Solar_Delhi,,solar,30.743,,16,2,0,9
2023-09-13 17:00:00,1520.224,1740.437,61.07,29.215,31.33,1.520224,1.7404369999999998,PVWatts,Solar_Delhi,,solar,29.215,,17,2,0,9
2023-09-13 18:00:00,0.0,0.0,0.0,29.039,29.039,0.0,0.0,PVWatts,Solar_Delhi,,solar,29.039,,18,2,0,9
2023-09-13 19:00:00,0.0,0.0,0.0,28.676,28.676,0.0,0.0,PVWatts,Solar_Delhi,,solar,28.676,,19,2,0,9
2023-09-13 20:00:00,0.0,0.0,0.0,28.238,28.238,0.0,0.0,PVWatts,Solar_Delhi,,solar,28.238,,20,2,0,9
2023-09-13 21:00:00,0.0,0.0,0.0,27.719,27.719,0.0,0.0,PVWatts,Solar_Delhi,,solar,27.719,,21,2,0,9
2023-09-13 22:00:00,0.0,0.0,0.0,27.238,27.238,0.0,0.0,PVWatts,Solar_Delhi,,solar,27.238,,22,2,0,9
2023-09-13 23:00:00,0.0,0.0,0.0,26.761,26.761,0.0,0.0,PVWatts,Solar_Delhi,,solar,26.761,,23,2,0,9
2023-09-14 00:00:00,0.0,0.0,0.0,26.436,26.436,0.0,0.0,PVWatts,Solar_Delhi,,solar,26.436,,0,3,0,9
2023-09-14 01:00:00,0.0,0.0,0.0,26.126,26.126,0.0,0.0,PVWatts,Solar_Delhi,,solar,26.126,,1,3,0,9
2023-09-14 02:00:00,0.0,0.0,0.0,25.855,25.855,0.0,0.0,PVWatts,Solar_Delhi,,solar,25.855,,2,3,0,9
2023-09-14 03:00:00,0.0,0.0,0.0,25.683,25.683,0.0,0.0,PVWatts,Solar_Delhi,,solar,25.683,,3,3,0,9
2023-09-14 04:00:00,0.0,0.0,0.0,25.605,25.605,0.0,0.0,PVWatts,Solar_Delhi,,solar,25.605,,4,3,0,9
2023-09-14 05:00:00,0.0,0.0,0.0,25.59,0.0,0.0,0.0,PVWatts,Solar_Delhi,,solar,25.59,,5,3,0,9
2023-09-14 06:00:00,440.311,620.853,20.837,25.904,26.491,0.44031099999999995,0.620853,PVWatts,Solar_Delhi,,solar,25.904,,6,3,0,9
2023-09-14 07:00:00,7593.098,8036.402,247.207,26.473,33.457,7.593098,8.036402,PVWatts,Solar_Delhi,,solar,26.473,,7,3,0,9
2023-09-14 08:00:00,15141.885,15862.499,494.351,27.459,41.435,15.141885,15.862499,PVWatts,Solar_Delhi,,solar,27.459,,8,3,0,9
2023-09-14 09:00:00,20941.501,21875.168,706.795,28.925,48.86,20.941501,21.875168000000002,PVWatts,Solar_Delhi,,solar,28.925,,9,3,0,9
2023-09-14 10:00:00,24766.175,25840.344,859.012,30.044,54.237,24.766175,25.840344,PVWatts,Solar_Delhi,,solar,30.044,,10,3,0,9
2023-09-14 11:00:00,25719.476,26828.665,904.035,31.052,56.489,25.719476,26.828665,PVWatts,Solar_Delhi,,solar,31.052,,11,3,0,9
2023-09-14 12:00:00,22661.153,23657.992,811.512,31.519,60.125,22.661153,23.657992,PVWatts,Solar_Delhi,,solar,31.519,,12,3,0,9
2023-09-14 13:00:00,20087.062,20989.34,707.672,31.616,56.573,20.087062000000003,20.98934,PVWatts,Solar_Delhi,,solar,31.616,,13,3,0,9
2023-09-14 14:00:00,16331.869,17096.197,561.321,31.361,51.187,16.331869,17.096197,PVWatts,Solar_Delhi,,solar,31.361,,14,3,0,9
2023-09-14 15:00:00,9024.593,9520.484,302.155,30.821,41.513,9.024593000000001,9.520484,PVWatts,Solar_Delhi,,solar,30.821,,15,3,0,9
2023-09-14 16:00:00,3222.984,3505.749,111.163,30.133,34.074,3.222984,3.505749,PVWatts,Solar_Delhi,,solar,30.133,,16,3,0,9
2023-09-14 17:00:00,2072.468,2312.968,85.074,29.05,32.929,2.0724679999999998,2.3129679999999997,PVWatts,Solar_Delhi,,solar,29.05,,17,3,0,9
2023-09-14 18:00:00,0.0,0.0,0.0,28.415,28.415,0.0,0.0,PVWatts,Solar_Delhi,,solar,28.415,,18,3,0,9
2023-09-14 19:00:00,0.0,0.0,0.0,27.95,27.95,0.0,0.0,PVWatts,Solar_Delhi,,solar,27.95,,19,3,0,9
2023-09-14 20:00:00,0.0,0.0,0.0,27.522,27.522,0.0,0.0,PVWatts,Solar_Delhi,,solar,27.522,,20,3,0,9
2023-09-14 21:00:00,0.0,0.0,0.0,27.081,27.081,0.0,0.0,PVWatts,Solar_Delhi,,solar,27.081,,21,3,0,9
2023-09-14 22:00:00,0.0,0.0,0.0,26.721,26.721,0.0,0.0,PVWatts,Solar_Delhi,,solar,26.721,,22,3,0,9
2023-09-14 23:00:00,0.0,0.0,0.0,26.34,26.34,0.0,0.0,PVWatts,Solar_Delhi,,solar,26.34,,23,3,0,9
2023-09-15 00:00:00,0.0,0.0,0.0,26.029,26.029,0.0,0.0,PVWatts,Solar_Delhi,,solar,26.029,,0,4,0,9
2023-09-15 01:00:00,0.0,0.0,0.0,25.715,25.715,0.0,0.0,PVWatts,Solar_Delhi,,solar,25.715,,1,4,0,9
2023-09-15 02:00:00,0.0,0.0,0.0,25.454,25.454,0.0,0.0,PVWatts,Solar_Delhi,,solar,25.454,,2,4,0,9
2023-09-15 03:00:00,0.0,0.0,0.0,25.173,25.173,0.0,0.0,PVWatts,Solar_Delhi,,solar,25.173,,3,4,0,9
2023-09-15 04:00:00,0.0,0.0,0.0,24.994,24.994,0.0,0.0,PVWatts,Solar_Delhi,,solar,24.994,,4,4,0,9
2023-09-15 05:00:00,0.0,0.0,0.0,25.058,0.0,0.0,0.0,PVWatts,Solar_Delhi,,solar,25.058,,5,4,0,9
2023-09-15 06:00:00,412.19,591.698,19.888,25.514,26.216,0.41219,0.591698,PVWatts,Solar_Delhi,,solar,25.514,,6,4,0,9
2023-09-15 07:00:00,7298.445,7730.925,239.442,26.417,34.899,7.298445,7.730925,PVWatts,Solar_Delhi,,solar,26.417,,7,4,0,9
2023-09-15 08:00:00,14775.024,15482.161,490.667,28.021,45.412,14.775024,15.482161,PVWatts,Solar_Delhi,,solar,28.021,,8,4,0,9
2023-09-15 09:00:00,17420.961,18225.298,597.269,29.761,50.854,17.420961,18.225298,PVWatts,Solar_Delhi,,solar,29.761,,9,4,0,9
2023-09-15 10:00:00,21896.675,22865.43,814.932,30.975,69.486,21.896675,22.86543,PVWatts,Solar_Delhi,,solar,30.975,,10,4,0,9
2023-09-15 11:00:00,5354.596,5715.667,189.023,31.705,40.593,5.354596,5.715667000000001,PVWatts,Solar_Delhi,,solar,31.705,,11,4,0,9
2023-09-15 12:00:00,3737.583,4039.253,134.211,32.03,38.34,3.737583,4.039253,PVWatts,Solar_Delhi,,solar,32.03,,12,4,0,9
2023-09-15 13:00:00,11204.204,11780.165,394.525,32.255,50.844,11.204203999999999,11.780165,PVWatts,Solar_Delhi,,solar,32.255,,13,4,0,9
2023-09-15 14:00:00,19342.191,20217.106,700.487,31.999,65.183,19.342191,20.217106,PVWatts,Solar_Delhi,,solar,31.999,,14,4,0,9
2023-09-15 15:00:00,11438.8,12023.378,391.982,31.668,50.259,11.438799999999999,12.023378000000001,PVWatts,Solar_Delhi,,solar,31.668,,15,4,0,9
2023-09-15 16:00:00,7517.988,7958.533,257.66,31.079,43.266,7.517988,7.958533,PVWatts,Solar_Delhi,,solar,31.079,,16,4,0,9
2023-09-15 17:00:00,2156.88,2400.481,87.546,28.499,32.497,2.15688,2.400481,PVWatts,Solar_Delhi,,solar,28.499,,17,4,0,9
2023-09-15 18:00:00,0.0,0.0,0.0,28.149,28.149,0.0,0.0,PVWatts,Solar_Delhi,,solar,28.149,,18,4,0,9
2023-09-15 19:00:00,0.0,0.0,0.0,27.931,27.931,0.0,0.0,PVWatts,Solar_Delhi,,solar,27.931,,19,4,0,9
2023-09-15 20:00:00,0.0,0.0,0.0,27.477,27.477,0.0,0.0,PVWatts,Solar_Delhi,,solar,27.477,,20,4,0,9
2023-09-15 21:00:00,0.0,0.0,0.0,27.066,27.066,0.0,0.0,PVWatts,Solar_Delhi,,solar,27.066,,21,4,0,9
2023-09-15 22:00:00,0.0,0.0,0.0,26.579,26.579,0.0,0.0,PVWatts,Solar_Delhi,,solar,26.579,,22,4,0,9
2023-09-15 23:00:00,0.0,0.0,0.0,26.157,26.157,0.0,0.0,PVWatts,Solar_Delhi,,solar,26.157,,23,4,0,9
2023-09-16 00:00:00,0.0,0.0,0.0,25.711,25.711,0.0,0.0,PVWatts,Solar_Delhi,,solar,25.711,,0,5,1,9
2023-09-16 01:00:00,0.0,0.0,0.0,25.338,25.338,0.0,0.0,PVWatts,Solar_Delhi,,solar,25.338,,1,5,1,9
2023-09-16 02:00:00,0.0,0.0,0.0,24.958,24.958,0.0,0.0,PVWatts,Solar_Delhi,,solar,24.958,,2,5,1,9
2023-09-16 03:00:00,0.0,0.0,0.0,24.623,24.623,0.0,0.0,PVWatts,Solar_Delhi,,solar,24.623,,3,5,1,9
2023-09-16 04:00:00,0.0,0.0,0.0,24.227,24.227,0.0,0.0,PVWatts,Solar_Delhi,,solar,24.227,,4,5,1,9
2023-09-16 05:00:00,0.0,0.0,0.0,23.974,0.0,0.0,0.0,PVWatts,Solar_Delhi,,solar,23.974,,5,5,1,9
2023-09-16 06:00:00,470.474,652.123,21.786,25.055,25.825,0.470474,0.652123,PVWatts,Solar_Delhi,,solar,25.055,,6,5,1,9
2023-09-16 07:00:00,3062.102,3338.957,104.762,26.608,30.318,3.062102,3.3389569999999997,PVWatts,Solar_Delhi,,solar,26.608,,7,5,1,9
2023-09-16 08:00:00,12211.257,12824.212,407.415,29.451,43.871,12.211257,12.824212,PVWatts,Solar_Delhi,,solar,29.451,,8,5,1,9
2023-09-16 09:00:00,19655.371,20541.79,682.672,31.126,55.261,19.655371,20.541790000000002,PVWatts,Solar_Delhi,,solar,31.126,,9,5,1,9
2023-09-16 10:00:00,22440.185,23428.906,842.147,31.876,71.693,22.440185,23.428905999999998,PVWatts,Solar_Delhi,,solar,31.876,,10,5,1,9
2023-09-16 11:00:00,24548.945,25615.133,946.448,32.25,76.978,24.548945,25.615133,PVWatts,Solar_Delhi,,solar,32.25,,11,5,1,9
2023-09-16 12:00:00,24043.767,25091.397,923.152,32.499,76.125,24.043767,25.091397,PVWatts,Solar_Delhi,,solar,32.499,,12,5,1,9
2023-09-16 13:00:00,23954.325,24998.669,860.801,32.417,62.832,23.954325,24.998669000000003,PVWatts,Solar_Delhi,,solar,32.417,,13,5,1,9
2023-09-16 14:00:00,20328.763,21239.92,708.21,32.105,57.176,20.328763,21.239919999999998,PVWatts,Solar_Delhi,,solar,32.105,,14,5,1,9
2023-09-16 15:00:00,15158.849,15880.086,509.112,31.615,49.689,15.158849,15.880085999999999,PVWatts,Solar_Delhi,,solar,31.615,,15,5,1,9
2023-09-16 16:00:00,8338.74,8809.435,285.624,31.105,41.155,8.33874,8.809434999999999,PVWatts,Solar_Delhi,,solar,31.105,,16,5,1,9
2023-09-16 17:00:00,1994.355,2231.986,82.745,29.917,32.728,1.994355,2.231986,PVWatts,Solar_Delhi,,solar,29.917,,17,5,1,9
2023-09-16 18:00:00,0.0,0.0,0.0,28.843,28.843,0.0,0.0,PVWatts,Solar_Delhi,,solar,28.843,,18,5,1,9
2023-09-16 19:00:00,0.0,0.0,0.0,28.4,28.4,0.0,0.0,PVWatts,Solar_Delhi,,solar,28.4,,19,5,1,9
2023-09-16 20:00:00,0.0,0.0,0.0,27.925,27.925,0.0,0.0,PVWatts,Solar_Delhi,,solar,27.925,,20,5,1,9
2023-09-16 21:00:00,0.0,0.0,0.0,27.49,27.49,0.0,0.0,PVWatts,Solar_Delhi,,solar,27.49,,21,5,1,9
2023-09-16 22:00:00,0.0,0.0,0.0,27.033,27.033,0.0,0.0,PVWatts,Solar_Delhi,,solar,27.033,,22,5,1,9
2023-09-16 23:00:00,0.0,0.0,0.0,26.61,26.61,0.0,0.0,PVWatts,Solar_Delhi,,solar,26.61,,23,5,1,9
2023-09-17 00:00:00,0.0,0.0,0.0,26.242,26.242,0.0,0.0,PVWatts,Solar_Delhi,,solar,26.242,,0,6,1,9
2023-09-17 01:00:00,0.0,0.0,0.0,25.889,25.889,0.0,0.0,PVWatts,Solar_Delhi,,solar,25.889,,1,6,1,9
2023-09-17 02:00:00,0.0,0.0,0.0,25.515,25.515,0.0,0.0,PVWatts,Solar_Delhi,,solar,25.515,,2,6,1,9
2023-09-17 03:00:00,0.0,0.0,0.0,25.121,25.121,0.0,0.0,PVWatts,Solar_Delhi,,solar,25.121,,3,6,1,9
2023-09-17 04:00:00,0.0,0.0,0.0,24.72,24.72,0.0,0.0,PVWatts,Solar_Delhi,,solar,24.72,,4,6,1,9
2023-09-17 05:00:00,0.0,0.0,0.0,24.459,0.0,0.0,0.0,PVWatts,Solar_Delhi,,solar,24.459,,5,6,1,9
2023-09-17 06:00:00,355.414,532.838,17.99,25.258,25.893,0.355414,0.5328379999999999,PVWatts,Solar_Delhi,,solar,25.258,,6,6,1,9
2023-09-17 07:00:00,1261.218,1471.916,47.451,26.663,28.344,1.2612180000000002,1.471916,PVWatts,Solar_Delhi,,solar,26.663,,7,6,1,9
2023-09-17 08:00:00,10783.046,11343.535,358.393,28.836,41.517,10.783046,11.343535,PVWatts,Solar_Delhi,,solar,28.836,,8,6,1,9
2023-09-17 09:00:00,19616.166,20501.146,677.407,29.829,53.774,19.616166,20.501146000000002,PVWatts,Solar_Delhi,,solar,29.829,,9,6,1,9
2023-09-17 10:00:00,23981.63,25026.978,853.977,30.183,60.339,23.981630000000003,25.026978,PVWatts,Solar_Delhi,,solar,30.183,,10,6,1,9
2023-09-17 11:00:00,21746.821,22710.072,770.957,30.217,57.38,21.746821,22.710072,PVWatts,Solar_Delhi,,solar,30.217,,11,6,1,9
2023-09-17 12:00:00,23507.394,24535.32,838.034,30.039,59.596,23.507394,24.53532,PVWatts,Solar_Delhi,,solar,30.039,,12,6,1,9
2023-09-17 13:00:00,19012.434,19875.235,687.778,29.851,62.33,19.012434000000002,19.875235,PVWatts,Solar_Delhi,,solar,29.851,,13,6,1,9
2023-09-17 14:00:00,19400.257,20277.305,692.013,29.49,62.291,19.400257,20.277305000000002,PVWatts,Solar_Delhi,,solar,29.49,,14,6,1,9
2023-09-17 15:00:00,14441.011,15135.878,492.767,29.214,52.627,14.441011,15.135878,PVWatts,Solar_Delhi,,solar,29.214,,15,6,1,9
2023-09-17 16:00:00,2560.464,2818.891,89.879,28.928,33.194,2.560464,2.8188910000000003,PVWatts,Solar_Delhi,,solar,28.928,,16,6,1,9
2023-09-17 17:00:00,267.635,441.834,17.056,28.076,28.857,0.267635,0.441834,PVWatts,Solar_Delhi,,solar,28.076,,17,6,1,9
2023-09-17 18:00:00,0.0,0.0,0.0,27.444,27.444,0.0,0.0,PVWatts,Solar_Delhi,,solar,27.444,,18,6,1,9
2023-09-17 19:00:00,0.0,0.0,0.0,27.133,27.133,0.0,0.0,PVWatts,Solar_Delhi,,solar,27.133,,19,6,1,9
2023-09-17 20:00:00,0.0,0.0,0.0,26.791,26.791,0.0,0.0,PVWatts,Solar_Delhi,,solar,26.791,,20,6,1,9
2023-09-17 21:00:00,0.0,0.0,0.0,26.525,26.525,0.0,0.0,PVWatts,Solar_Delhi,,solar,26.525,,21,6,1,9
2023-09-17 22:00:00,0.0,0.0,0.0,26.229,26.229,0.0,0.0,PVWatts,Solar_Delhi,,solar,26.229,,22,6,1,9
2023-09-17 23:00:00,0.0,0.0,0.0,25.923,25.923,0.0,0.0,PVWatts,Solar_Delhi,,solar,25.923,,23,6,1,9
2023-09-18 00:00:00,0.0,0.0,0.0,25.673,25.673,0.0,0.0,PVWatts,Solar_Delhi,,solar,25.673,,0,0,0,9
2023-09-18 01:00:00,0.0,0.0,0.0,25.433,25.433,0.0,0.0,PVWatts,Solar_Delhi,,solar,25.433,,1,0,0,9
2023-09-18 02:00:00,0.0,0.0,0.0,25.228,25.228,0.0,0.0,PVWatts,Solar_Delhi,,solar,25.228,,2,0,0,9
2023-09-18 03:00:00,0.0,0.0,0.0,25.044,25.044,0.0,0.0,PVWatts,Solar_Delhi,,solar,25.044,,3,0,0,9
2023-09-18 04:00:00,0.0,0.0,0.0,24.892,24.892,0.0,0.0,PVWatts,Solar_Delhi,,solar,24.892,,4,0,0,9
2023-09-18 05:00:00,0.0,0.0,0.0,24.783,0.0,0.0,0.0,PVWatts,Solar_Delhi,,solar,24.783,,5,0,0,9
2023-09-18 06:00:00,326.684,503.051,17.042,25.304,25.906,0.32668400000000003,0.503051,PVWatts,Solar_Delhi,,solar,25.304,,6,0,0,9
2023-09-18 07:00:00,3223.518,3506.302,109.695,26.272,30.157,3.223518,3.5063020000000003,PVWatts,Solar_Delhi,,solar,26.272,,7,0,0,9
2023-09-18 08:00:00,5715.148,6089.464,194.291,27.909,37.094,5.715148,6.0894639999999995,PVWatts,Solar_Delhi,,solar,27.909,,8,0,0,9
2023-09-18 09:00:00,10159.446,10697.027,343.734,29.02,41.126,10.159445999999999,10.697027,PVWatts,Solar_Delhi,,solar,29.02,,9,0,0,9
2023-09-18 10:00:00,14771.368,15478.37,507.842,29.792,47.666,14.771368,15.47837,PVWatts,Solar_Delhi,,solar,29.792,,10,0,0,9
2023-09-18 11:00:00,9994.224,10525.735,342.942,30.071,42.116,9.994224,10.525735000000001,PVWatts,Solar_Delhi,,solar,30.071,,11,0,0,9
2023-09-18 12:00:00,8951.086,9444.277,306.652,29.837,40.609,8.951086,9.444277,PVWatts,Solar_Delhi,,solar,29.837,,12,0,0,9
2023-09-18 13:00:00,6011.555,6396.76,206.285,29.366,36.62,6.011555,6.3967600000000004,PVWatts,Solar_Delhi,,solar,29.366,,13,0,0,9
2023-09-18 14:00:00,3718.709,4019.685,129.114,28.717,33.266,3.718709,4.019685,PVWatts,Solar_Delhi,,solar,28.717,,14,0,0,9
2023-09-18 15:00:00,4446.53,4774.243,150.888,28.596,33.931,4.44653,4.774243,PVWatts,Solar_Delhi,,solar,28.596,,15,0,0,9
2023-09-18 16:00:00,1976.547,2213.523,70.476,27.901,30.399,1.976547,2.2135230000000004,PVWatts,Solar_Delhi,,solar,27.901,,16,0,0,9
2023-09-18 17:00:00,267.849,442.055,17.056,27.352,27.934,0.267849,0.44205500000000003,PVWatts,Solar_Delhi,,solar,27.352,,17,0,0,9
2023-09-18 18:00:00,0.0,0.0,0.0,26.805,26.805,0.0,0.0,PVWatts,Solar_Delhi,,solar,26.805,,18,0,0,9
2023-09-18 19:00:00,0.0,0.0,0.0,26.437,26.437,0.0,0.0,PVWatts,Solar_Delhi,,solar,26.437,,19,0,0,9
2023-09-18 20:00:00,0.0,0.0,0.0,26.023,26.023,0.0,0.0,PVWatts,Solar_Delhi,,solar,26.023,,20,0,0,9
2023-09-18 21:00:00,0.0,0.0,0.0,25.608,25.608,0.0,0.0,PVWatts,Solar_Delhi,,solar,25.608,,21,0,0,9
2023-09-18 22:00:00,0.0,0.0,0.0,25.208,25.208,0.0,0.0,PVWatts,Solar_Delhi,,solar,25.208,,22,0,0,9
2023-09-18 23:00:00,0.0,0.0,0.0,24.815,24.815,0.0,0.0,PVWatts,Solar_Delhi,,solar,24.815,,23,0,0,9
2023-09-19 00:00:00,0.0,0.0,0.0,24.491,24.491,0.0,0.0,PVWatts,Solar_Delhi,,solar,24.491,,0,1,0,9
2023-09-19 01:00:00,0.0,0.0,0.0,24.195,24.195,0.0,0.0,PVWatts,Solar_Delhi,,solar,24.195,,1,1,0,9
2023-09-19 02:00:00,0.0,0.0,0.0,23.931,23.931,0.0,0.0,PVWatts,Solar_Delhi,,solar,23.931,,2,1,0,9
2023-09-19 03:00:00,0.0,0.0,0.0,23.751,23.751,0.0,0.0,PVWatts,Solar_Delhi,,solar,23.751,,3,1,0,9
2023-09-19 04:00:00,0.0,0.0,0.0,23.572,23.572,0.0,0.0,PVWatts,Solar_Delhi,,solar,23.572,,4,1,0,9
2023-09-19 05:00:00,0.0,0.0,0.0,23.396,0.0,0.0,0.0,PVWatts,Solar_Delhi,,solar,23.396,,5,1,0,9
2023-09-19 06:00:00,77.852,245.078,8.513,23.371,23.61,0.077852,0.245078,PVWatts,Solar_Delhi,,solar,23.371,,6,1,0,9
2023-09-19 07:00:00,2627.321,2888.204,89.627,23.786,26.318,2.627321,2.888204,PVWatts,Solar_Delhi,,solar,23.786,,7,1,0,9
2023-09-19 08:00:00,5603.608,5973.827,186.125,24.553,31.123,5.603608,5.973827,PVWatts,Solar_Delhi,,solar,24.553,,8,1,0,9
2023-09-19 09:00:00,6726.275,7137.736,224.196,25.785,32.08,6.726274999999999,7.137736,PVWatts,Solar_Delhi,,solar,25.785,,9,1,0,9
2023-09-19 10:00:00,5391.431,5753.855,182.919,26.488,31.614,5.391431,5.753855,PVWatts,Solar_Delhi,,solar,26.488,,10,1,0,9
2023-09-19 11:00:00,5898.693,6279.753,199.781,26.362,31.957,5.898693000000001,6.2797529999999995,PVWatts,Solar_Delhi,,solar,26.362,,11,1,0,9
2023-09-19 12:00:00,6847.207,7263.111,230.289,26.112,32.563,6.847207,7.263111,PVWatts,Solar_Delhi,,solar,26.112,,12,1,0,9
2023-09-19 13:00:00,7726.821,8175.037,257.756,25.922,33.151,7.726821,8.175037,PVWatts,Solar_Delhi,,solar,25.922,,13,1,0,9
2023-09-19 14:00:00,4364.133,4688.819,147.641,25.824,29.973,4.364133,4.6888190000000005,PVWatts,Solar_Delhi,,solar,25.824,,14,1,0,9
2023-09-19 15:00:00,6300.846,6696.679,206.714,25.599,31.43,6.300846,6.6966790000000005,PVWatts,Solar_Delhi,,solar,25.599,,15,1,0,9
2023-09-19 16:00:00,2134.251,2377.021,74.384,25.305,27.054,2.1342510000000003,2.377021,PVWatts,Solar_Delhi,,solar,25.305,,16,1,0,9
2023-09-19 17:00:00,235.757,408.784,16.107,25.015,25.377,0.235757,0.408784,PVWatts,Solar_Delhi,,solar,25.015,,17,1,0,9
2023-09-19 18:00:00,0.0,0.0,0.0,24.808,24.808,0.0,0.0,PVWatts,Solar_Delhi,,solar,24.808,,18,1,0,9
2023-09-19 19:00:00,0.0,0.0,0.0,24.679,24.679,0.0,0.0,PVWatts,Solar_Delhi,,solar,24.679,,19,1,0,9
2023-09-19 20:00:00,0.0,0.0,0.0,24.634,24.634,0.0,0.0,PVWatts,Solar_Delhi,,solar,24.634,,20,1,0,9
2023-09-19 21:00:00,0.0,0.0,0.0,24.735,24.735,0.0,0.0,PVWatts,Solar_Delhi,,solar,24.735,,21,1,0,9
2023-09-19 22:00:00,0.0,0.0,0.0,24.841,24.841,0.0,0.0,PVWatts,Solar_Delhi,,solar,24.841,,22,1,0,9
2023-09-19 23:00:00,0.0,0.0,0.0,24.954,24.954,0.0,0.0,PVWatts,Solar_Delhi,,solar,24.954,,23,1,0,9
2023-09-20 00:00:00,0.0,0.0,0.0,25.064,25.064,0.0,0.0,PVWatts,Solar_Delhi,,solar,25.064,,0,2,0,9
2023-09-20 01:00:00,0.0,0.0,0.0,25.161,25.161,0.0,0.0,PVWatts,Solar_Delhi,,solar,25.161,,1,2,0,9
2023-09-20 02:00:00,0.0,0.0,0.0,25.152,25.152,0.0,0.0,PVWatts,Solar_Delhi,,solar,25.152,,2,2,0,9
2023-09-20 03:00:00,0.0,0.0,0.0,25.125,25.125,0.0,0.0,PVWatts,Solar_Delhi,,solar,25.125,,3,2,0,9
2023-09-20 04:00:00,0.0,0.0,0.0,25.103,25.103,0.0,0.0,PVWatts,Solar_Delhi,,solar,25.103,,4,2,0,9
2023-09-20 05:00:00,0.0,0.0,0.0,25.037,0.0,0.0,0.0,PVWatts,Solar_Delhi,,solar,25.037,,5,2,0,9
2023-09-20 06:00:00,185.894,357.09,12.302,25.308,25.654,0.185894,0.35708999999999996,PVWatts,Solar_Delhi,,solar,25.308,,6,2,0,9
2023-09-20 07:00:00,1891.325,2125.171,67.446,26.199,28.588,1.8913250000000001,2.125171,PVWatts,Solar_Delhi,,solar,26.199,,7,2,0,9
2023-09-20 08:00:00,7638.492,8083.464,251.872,27.35,34.449,7.638492,8.083464,PVWatts,Solar_Delhi,,solar,27.35,,8,2,0,9
2023-09-20 09:00:00,13395.834,14052.306,446.212,28.474,41.026,13.395834,14.052306,PVWatts,Solar_Delhi,,solar,28.474,,9,2,0,9
2023-09-20 10:00:00,11135.313,11708.743,375.411,29.183,39.711,11.135313,11.708743,PVWatts,Solar_Delhi,,solar,29.183,,10,2,0,9
2023-09-20 11:00:00,16764.092,17544.298,570.988,29.715,45.736,16.764092,17.544297999999998,PVWatts,Solar_Delhi,,solar,29.715,,11,2,0,9
2023-09-20 12:00:00,16691.151,17468.678,568.944,29.852,45.815,16.691151,17.468678,PVWatts,Solar_Delhi,,solar,29.852,,12,2,0,9
2023-09-20 13:00:00,15423.405,16154.36,521.08,29.672,44.31,15.423405,16.15436,PVWatts,Solar_Delhi,,solar,29.672,,13,2,0,9
2023-09-20 14:00:00,8730.677,9215.771,291.732,29.342,37.548,8.730677,9.215771,PVWatts,Solar_Delhi,,solar,29.342,,14,2,0,9
2023-09-20 15:00:00,14059.582,14740.436,459.442,28.877,41.876,14.059582,14.740435999999999,PVWatts,Solar_Delhi,,solar,28.877,,15,2,0,9
2023-09-20 16:00:00,2781.22,3047.756,95.955,28.241,30.954,2.78122,3.0477559999999997,PVWatts,Solar_Delhi,,solar,28.241,,16,2,0,9
2023-09-20 17:00:00,773.806,966.599,37.276,27.411,28.414,0.773806,0.9665990000000001,PVWatts,Solar_Delhi,,solar,27.411,,17,2,0,9
2023-09-20 18:00:00,0.0,0.0,0.0,26.75,26.75,0.0,0.0,PVWatts,Solar_Delhi,,solar,26.75,,18,2,0,9
2023-09-20 19:00:00,0.0,0.0,0.0,26.345,26.345,0.0,0.0,PVWatts,Solar_Delhi,,solar,26.345,,19,2,0,9
2023-09-20 20:00:00,0.0,0.0,0.0,25.957,25.957,0.0,0.0,PVWatts,Solar_Delhi,,solar,25.957,,20,2,0,9
2023-09-20 21:00:00,0.0,0.0,0.0,25.663,25.663,0.0,0.0,PVWatts,Solar_Delhi,,solar,25.663,,21,2,0,9
2023-09-20 22:00:00,0.0,0.0,0.0,25.489,25.489,0.0,0.0,PVWatts,Solar_Delhi,,solar,25.489,,22,2,0,9
2023-09-20 23:00:00,0.0,0.0,0.0,25.371,25.371,0.0,0.0,PVWatts,Solar_Delhi,,solar,25.371,,23,2,0,9
2023-09-21 00:00:00,0.0,0.0,0.0,25.23,25.23,0.0,0.0,PVWatts,Solar_Delhi,,solar,25.23,,0,3,0,9
2023-09-21 01:00:00,0.0,0.0,0.0,25.135,25.135,0.0,0.0,PVWatts,Solar_Delhi,,solar,25.135,,1,3,0,9
2023-09-21 02:00:00,0.0,0.0,0.0,25.002,25.002,0.0,0.0,PVWatts,Solar_Delhi,,solar,25.002,,2,3,0,9
2023-09-21 03:00:00,0.0,0.0,0.0,24.876,24.876,0.0,0.0,PVWatts,Solar_Delhi,,solar,24.876,,3,3,0,9
2023-09-21 04:00:00,0.0,0.0,0.0,24.726,24.726,0.0,0.0,PVWatts,Solar_Delhi,,solar,24.726,,4,3,0,9
2023-09-21 05:00:00,0.0,0.0,0.0,24.579,0.0,0.0,0.0,PVWatts,Solar_Delhi,,solar,24.579,,5,3,0,9
2023-09-21 06:00:00,214.487,386.733,13.249,24.75,25.217,0.21448699999999998,0.386733,PVWatts,Solar_Delhi,,solar,24.75,,6,3,0,9
2023-09-21 07:00:00,1003.314,1204.539,38.892,25.345,26.723,1.003314,1.204539,PVWatts,Solar_Delhi,,solar,25.345,,7,3,0,9
2023-09-21 08:00:00,5797.668,6175.016,193.853,26.652,33.497,5.797668,6.175015999999999,PVWatts,Solar_Delhi,,solar,26.652,,8,3,0,9
2023-09-21 09:00:00,7415.66,7852.446,250.521,28.023,36.843,7.41566,7.852446,PVWatts,Solar_Delhi,,solar,28.023,,9,3,0,9
2023-09-21 10:00:00,8112.431,8574.813,276.561,29.019,38.739,8.112430999999999,8.574813,PVWatts,Solar_Delhi,,solar,29.019,,10,3,0,9
2023-09-21 11:00:00,10404.759,10951.352,356.363,29.657,42.176,10.404759,10.951352,PVWatts,Solar_Delhi,,solar,29.657,,11,3,0,9
2023-09-21 12:00:00,12397.369,13017.162,425.989,30.002,44.974,12.397369000000001,13.017162,PVWatts,Solar_Delhi,,solar,30.002,,12,3,0,9
2023-09-21 13:00:00,5634.964,6006.334,195.994,30.01,39.242,5.634964,6.006334,PVWatts,Solar_Delhi,,solar,30.01,,13,3,0,9
2023-09-21 14:00:00,9649.34,10168.182,331.012,29.678,45.314,9.64934,10.168182,PVWatts,Solar_Delhi,,solar,29.678,,14,3,0,9
2023-09-21 15:00:00,12129.477,12739.428,410.539,29.208,48.698,12.129477000000001,12.739428,PVWatts,Solar_Delhi,,solar,29.208,,15,3,0,9
2023-09-21 16:00:00,7251.146,7681.888,249.187,28.65,40.394,7.251145999999999,7.681888,PVWatts,Solar_Delhi,,solar,28.65,,16,3,0,9
2023-09-21 17:00:00,1616.083,1839.817,72.254,27.745,30.969,1.6160830000000002,1.839817,PVWatts,Solar_Delhi,,solar,27.745,,17,3,0,9
2023-09-21 18:00:00,0.0,0.0,0.0,26.728,26.728,0.0,0.0,PVWatts,Solar_Delhi,,solar,26.728,,18,3,0,9
2023-09-21 19:00:00,0.0,0.0,0.0,26.245,26.245,0.0,0.0,PVWatts,Solar_Delhi,,solar,26.245,,19,3,0,9
2023-09-21 20:00:00,0.0,0.0,0.0,25.79,25.79,0.0,0.0,PVWatts,Solar_Delhi,,solar,25.79,,20,3,0,9
2023-09-21 21:00:00,0.0,0.0,0.0,25.285,25.285,0.0,0.0,PVWatts,Solar_Delhi,,solar,25.285,,21,3,0,9
2023-09-21 22:00:00,0.0,0.0,0.0,24.805,24.805,0.0,0.0,PVWatts,Solar_Delhi,,solar,24.805,,22,3,0,9
2023-09-21 23:00:00,0.0,0.0,0.0,24.331,24.331,0.0,0.0,PVWatts,Solar_Delhi,,solar,24.331,,23,3,0,9
2023-09-22 00:00:00,0.0,0.0,0.0,23.87,23.87,0.0,0.0,PVWatts,Solar_Delhi,,solar,23.87,,0,4,0,9
2023-09-22 01:00:00,0.0,0.0,0.0,23.397,23.397,0.0,0.0,PVWatts,Solar_Delhi,,solar,23.397,,1,4,0,9
2023-09-22 02:00:00,0.0,0.0,0.0,22.997,22.997,0.0,0.0,PVWatts,Solar_Delhi,,solar,22.997,,2,4,0,9
2023-09-22 03:00:00,0.0,0.0,0.0,22.61,22.61,0.0,0.0,PVWatts,Solar_Delhi,,solar,22.61,,3,4,0,9
2023-09-22 04:00:00,0.0,0.0,0.0,22.351,22.351,0.0,0.0,PVWatts,Solar_Delhi,,solar,22.351,,4,4,0,9
2023-09-22 05:00:00,0.0,0.0,0.0,22.077,0.0,0.0,0.0,PVWatts,Solar_Delhi,,solar,22.077,,5,4,0,9
2023-09-22 06:00:00,188.908,360.215,12.302,23.279,23.714,0.188908,0.36021499999999995,PVWatts,Solar_Delhi,,solar,23.279,,6,4,0,9
2023-09-22 07:00:00,7278.531,7710.28,236.959,24.905,33.302,7.278531,7.71028,PVWatts,Solar_Delhi,,solar,24.905,,7,4,0,9
2023-09-22 08:00:00,13070.99,13715.528,430.867,27.247,42.516,13.07099,13.715528,PVWatts,Solar_Delhi,,solar,27.247,,8,4,0,9
2023-09-22 09:00:00,18334.019,19171.898,627.264,28.907,51.073,18.334019,19.171898000000002,PVWatts,Solar_Delhi,,solar,28.907,,9,4,0,9
2023-09-22 10:00:00,24261.348,25316.971,864.068,30.027,60.547,24.261348,25.316971000000002,PVWatts,Solar_Delhi,,solar,30.027,,10,4,0,9
2023-09-22 11:00:00,25930.336,27047.271,939.556,30.697,63.864,25.930336,27.047271000000002,PVWatts,Solar_Delhi,,solar,30.697,,11,4,0,9
2023-09-22 12:00:00,25795.686,26907.675,933.548,30.816,63.778,25.795686,26.907674999999998,PVWatts,Solar_Delhi,,solar,30.816,,12,4,0,9
2023-09-22 13:00:00,23876.154,24917.627,848.247,30.566,60.547,23.876154,24.917627,PVWatts,Solar_Delhi,,solar,30.566,,13,4,0,9
2023-09-22 14:00:00,15609.514,16347.307,530.806,30.005,48.761,15.609513999999999,16.347307,PVWatts,Solar_Delhi,,solar,30.005,,14,4,0,9
2023-09-22 15:00:00,11948.391,12551.69,391.34,29.326,40.39,11.948390999999999,12.55169,PVWatts,Solar_Delhi,,solar,29.326,,15,4,0,9
2023-09-22 16:00:00,7998.81,8457.019,270.269,28.574,36.149,7.998810000000001,8.457019,PVWatts,Solar_Delhi,,solar,28.574,,16,4,0,9
2023-09-22 17:00:00,1422.548,1639.173,66.97,27.418,29.171,1.422548,1.639173,PVWatts,Solar_Delhi,,solar,27.418,,17,4,0,9
2023-09-22 18:00:00,0.0,0.0,0.0,26.847,26.847,0.0,0.0,PVWatts,Solar_Delhi,,solar,26.847,,18,4,0,9
2023-09-22 19:00:00,0.0,0.0,0.0,26.53,26.53,0.0,0.0,PVWatts,Solar_Delhi,,solar,26.53,,19,4,0,9
2023-09-22 20:00:00,0.0,0.0,0.0,26.197,26.197,0.0,0.0,PVWatts,Solar_Delhi,,solar,26.197,,20,4,0,9
2023-09-22 21:00:00,0.0,0.0,0.0,25.89,25.89,0.0,0.0,PVWatts,Solar_Delhi,,solar,25.89,,21,4,0,9
2023-09-22 22:00:00,0.0,0.0,0.0,25.521,25.521,0.0,0.0,PVWatts,Solar_Delhi,,solar,25.521,,22,4,0,9
2023-09-22 23:00:00,0.0,0.0,0.0,25.007,25.007,0.0,0.0,PVWatts,Solar_Delhi,,solar,25.007,,23,4,0,9
2023-09-23 00:00:00,0.0,0.0,0.0,24.531,24.531,0.0,0.0,PVWatts,Solar_Delhi,,solar,24.531,,0,5,1,9
2023-09-23 01:00:00,0.0,0.0,0.0,24.135,24.135,0.0,0.0,PVWatts,Solar_Delhi,,solar,24.135,,1,5,1,9
2023-09-23 02:00:00,0.0,0.0,0.0,23.736,23.736,0.0,0.0,PVWatts,Solar_Delhi,,solar,23.736,,2,5,1,9
2023-09-23 03:00:00,0.0,0.0,0.0,23.301,23.301,0.0,0.0,PVWatts,Solar_Delhi,,solar,23.301,,3,5,1,9
2023-09-23 04:00:00,0.0,0.0,0.0,22.803,22.803,0.0,0.0,PVWatts,Solar_Delhi,,solar,22.803,,4,5,1,9
2023-09-23 05:00:00,0.0,0.0,0.0,22.454,0.0,0.0,0.0,PVWatts,Solar_Delhi,,solar,22.454,,5,5,1,9
2023-09-23 06:00:00,160.739,331.01,11.354,23.239,23.64,0.160739,0.33100999999999997,PVWatts,Solar_Delhi,,solar,23.239,,6,5,1,9
2023-09-23 07:00:00,5339.656,5700.179,175.217,24.524,30.733,5.339656,5.700179,PVWatts,Solar_Delhi,,solar,24.524,,7,5,1,9
2023-09-23 08:00:00,14757.014,15463.49,487.106,26.783,44.05,14.757014,15.46349,PVWatts,Solar_Delhi,,solar,26.783,,8,5,1,9
2023-09-23 09:00:00,18722.168,19574.306,641.778,29.146,51.83,18.722168,19.574306,PVWatts,Solar_Delhi,,solar,29.146,,9,5,1,9
2023-09-23 10:00:00,24147.468,25198.908,862.34,30.632,61.088,24.147468,25.198908,PVWatts,Solar_Delhi,,solar,30.632,,10,5,1,9
2023-09-23 11:00:00,26682.536,27827.104,941.313,31.366,57.871,26.682536,27.827104,PVWatts,Solar_Delhi,,solar,31.366,,11,5,1,9
2023-09-23 12:00:00,26523.213,27661.927,934.939,31.556,57.888,26.523213,27.661927,PVWatts,Solar_Delhi,,solar,31.556,,12,5,1,9
2023-09-23 13:00:00,24458.89,25521.77,849.209,31.422,55.364,24.45889,25.52177,PVWatts,Solar_Delhi,,solar,31.422,,13,5,1,9
2023-09-23 14:00:00,20518.029,21436.139,693.983,31.113,50.718,20.518029,21.436139,PVWatts,Solar_Delhi,,solar,31.113,,14,5,1,9
2023-09-23 15:00:00,14980.634,15695.324,491.48,30.521,44.445,14.980634,15.695324000000001,PVWatts,Solar_Delhi,,solar,30.521,,15,5,1,9
2023-09-23 16:00:00,7856.877,8309.871,266.806,29.449,36.924,7.856877000000001,8.309871,PVWatts,Solar_Delhi,,solar,29.449,,16,5,1,9
2023-09-23 17:00:00,1422.25,1638.864,68.038,27.795,29.566,1.42225,1.638864,PVWatts,Solar_Delhi,,solar,27.795,,17,5,1,9
2023-09-23 18:00:00,0.0,0.0,0.0,26.721,26.721,0.0,0.0,PVWatts,Solar_Delhi,,solar,26.721,,18,5,1,9
2023-09-23 19:00:00,0.0,0.0,0.0,26.048,26.048,0.0,0.0,PVWatts,Solar_Delhi,,solar,26.048,,19,5,1,9
2023-09-23 20:00:00,0.0,0.0,0.0,25.446,25.446,0.0,0.0,PVWatts,Solar_Delhi,,solar,25.446,,20,5,1,9
2023-09-23 21:00:00,0.0,0.0,0.0,24.925,24.925,0.0,0.0,PVWatts,Solar_Delhi,,solar,24.925,,21,5,1,9
2023-09-23 22:00:00,0.0,0.0,0.0,24.42,24.42,0.0,0.0,PVWatts,Solar_Delhi,,solar,24.42,,22,5,1,9
2023-09-23 23:00:00,0.0,0.0,0.0,23.934,23.934,0.0,0.0,PVWatts,Solar_Delhi,,solar,23.934,,23,5,1,9
2023-09-24 00:00:00,0.0,0.0,0.0,23.435,23.435,0.0,0.0,PVWatts,Solar_Delhi,,solar,23.435,,0,6,1,9
2023-09-24 01:00:00,0.0,0.0,0.0,22.919,22.919,0.0,0.0,PVWatts,Solar_Delhi,,solar,22.919,,1,6,1,9
2023-09-24 02:00:00,0.0,0.0,0.0,22.338,22.338,0.0,0.0,PVWatts,Solar_Delhi,,solar,22.338,,2,6,1,9
2023-09-24 03:00:00,0.0,0.0,0.0,21.789,21.789,0.0,0.0,PVWatts,Solar_Delhi,,solar,21.789,,3,6,1,9
2023-09-24 04:00:00,0.0,0.0,0.0,21.229,21.229,0.0,0.0,PVWatts,Solar_Delhi,,solar,21.229,,4,6,1,9
2023-09-24 05:00:00,0.0,0.0,0.0,20.696,0.0,0.0,0.0,PVWatts,Solar_Delhi,,solar,20.696,,5,6,1,9
2023-09-24 06:00:00,220.554,393.023,13.249,21.328,21.638,0.220554,0.393023,PVWatts,Solar_Delhi,,solar,21.328,,6,6,1,9
2023-09-24 07:00:00,7420.771,7857.745,237.588,22.767,29.483,7.420770999999999,7.8577449999999995,PVWatts,Solar_Delhi,,solar,22.767,,7,6,1,9
2023-09-24 08:00:00,15302.194,16028.697,493.525,24.943,38.902,15.302194,16.028697,PVWatts,Solar_Delhi,,solar,24.943,,8,6,1,9
2023-09-24 09:00:00,21647.14,22606.729,727.125,27.637,48.154,21.64714,22.606728999999998,PVWatts,Solar_Delhi,,solar,27.637,,9,6,1,9
2023-09-24 10:00:00,25398.991,26496.406,880.333,29.605,54.409,25.398991000000002,26.496406,PVWatts,Solar_Delhi,,solar,29.605,,10,6,1,9
2023-09-24 11:00:00,27100.068,28259.974,955.96,30.956,57.875,27.100068,28.259974,PVWatts,Solar_Delhi,,solar,30.956,,11,6,1,9
2023-09-24 12:00:00,26865.769,28017.067,949.087,31.68,58.412,26.865769,28.017067,PVWatts,Solar_Delhi,,solar,31.68,,12,6,1,9
2023-09-24 13:00:00,24756.008,25829.803,862.018,31.783,56.088,24.756008,25.829803,PVWatts,Solar_Delhi,,solar,31.783,,13,6,1,9
2023-09-24 14:00:00,20770.269,21697.646,703.981,31.431,51.321,20.770269,21.697646,PVWatts,Solar_Delhi,,solar,31.431,,14,6,1,9
2023-09-24 15:00:00,15170.556,15892.223,497.971,30.627,44.736,15.170556000000001,15.892223,PVWatts,Solar_Delhi,,solar,30.627,,15,6,1,9
2023-09-24 16:00:00,7740.595,8189.318,262.904,29.358,36.724,7.740595,8.189318,PVWatts,Solar_Delhi,,solar,29.358,,16,6,1,9
2023-09-24 17:00:00,1224.063,1433.397,63.816,27.538,29.156,1.2240630000000001,1.433397,PVWatts,Solar_Delhi,,solar,27.538,,17,6,1,9
2023-09-24 18:00:00,0.0,0.0,0.0,26.387,26.387,0.0,0.0,PVWatts,Solar_Delhi,,solar,26.387,,18,6,1,9
2023-09-24 19:00:00,0.0,0.0,0.0,25.82,25.82,0.0,0.0,PVWatts,Solar_Delhi,,solar,25.82,,19,6,1,9
2023-09-24 20:00:00,0.0,0.0,0.0,25.337,25.337,0.0,0.0,PVWatts,Solar_Delhi,,solar,25.337,,20,6,1,9
2023-09-24 21:00:00,0.0,0.0,0.0,24.885,24.885,0.0,0.0,PVWatts,Solar_Delhi,,solar,24.885,,21,6,1,9
2023-09-24 22:00:00,0.0,0.0,0.0,24.493,24.493,0.0,0.0,PVWatts,Solar_Delhi,,solar,24.493,,22,6,1,9
2023-09-24 23:00:00,0.0,0.0,0.0,24.031,24.031,0.0,0.0,PVWatts,Solar_Delhi,,solar,24.031,,23,6,1,9
2023-09-25 00:00:00,0.0,0.0,0.0,23.593,23.593,0.0,0.0,PVWatts,Solar_Delhi,,solar,23.593,,0,0,0,9
2023-09-25 01:00:00,0.0,0.0,0.0,23.155,23.155,0.0,0.0,PVWatts,Solar_Delhi,,solar,23.155,,1,0,0,9
2023-09-25 02:00:00,0.0,0.0,0.0,22.663,22.663,0.0,0.0,PVWatts,Solar_Delhi,,solar,22.663,,2,0,0,9
2023-09-25 03:00:00,0.0,0.0,0.0,22.115,22.115,0.0,0.0,PVWatts,Solar_Delhi,,solar,22.115,,3,0,0,9
2023-09-25 04:00:00,0.0,0.0,0.0,21.573,21.573,0.0,0.0,PVWatts,Solar_Delhi,,solar,21.573,,4,0,0,9
2023-09-25 05:00:00,0.0,0.0,0.0,21.043,0.0,0.0,0.0,PVWatts,Solar_Delhi,,solar,21.043,,5,0,0,9
2023-09-25 06:00:00,190.786,362.162,12.302,21.915,22.261,0.190786,0.362162,PVWatts,Solar_Delhi,,solar,21.915,,6,0,0,9
2023-09-25 07:00:00,6702.301,7112.881,215.766,23.385,29.484,6.702301,7.112881000000001,PVWatts,Solar_Delhi,,solar,23.385,,7,0,0,9
2023-09-25 08:00:00,14928.108,15640.869,489.208,25.359,42.707,14.928108,15.640869,PVWatts,Solar_Delhi,,solar,25.359,,8,0,0,9
2023-09-25 09:00:00,20469.102,21385.415,701.021,27.925,52.727,20.469102,21.385415000000002,PVWatts,Solar_Delhi,,solar,27.925,,9,0,0,9
2023-09-25 10:00:00,25389.371,26486.433,880.266,29.713,54.516,25.389371,26.486433,PVWatts,Solar_Delhi,,solar,29.713,,10,0,0,9
2023-09-25 11:00:00,27075.094,28234.082,954.617,30.92,57.803,27.075094,28.234081999999997,PVWatts,Solar_Delhi,,solar,30.92,,11,0,0,9
2023-09-25 12:00:00,26259.567,27388.596,923.421,31.475,57.486,26.259567,27.388596,PVWatts,Solar_Delhi,,solar,31.475,,12,0,0,9
2023-09-25 13:00:00,24675.322,25746.153,857.458,31.492,55.67,24.675322,25.746153,PVWatts,Solar_Delhi,,solar,31.492,,13,0,0,9
2023-09-25 14:00:00,20646.842,21569.684,698.255,31.113,50.842,20.646842,21.569684000000002,PVWatts,Solar_Delhi,,solar,31.113,,14,0,0,9
2023-09-25 15:00:00,14565.342,15264.777,477.167,30.465,43.984,14.565342000000001,15.264777,PVWatts,Solar_Delhi,,solar,30.465,,15,0,0,9
2023-09-25 16:00:00,6879.248,7296.329,231.781,29.207,35.72,6.879248,7.296329,PVWatts,Solar_Delhi,,solar,29.207,,16,0,0,9
2023-09-25 17:00:00,1079.843,1283.879,57.523,27.451,28.909,1.079843,1.283879,PVWatts,Solar_Delhi,,solar,27.451,,17,0,0,9
2023-09-25 18:00:00,0.0,0.0,0.0,26.526,26.526,0.0,0.0,PVWatts,Solar_Delhi,,solar,26.526,,18,0,0,9
2023-09-25 19:00:00,0.0,0.0,0.0,26.026,26.026,0.0,0.0,PVWatts,Solar_Delhi,,solar,26.026,,19,0,0,9
2023-09-25 20:00:00,0.0,0.0,0.0,25.607,25.607,0.0,0.0,PVWatts,Solar_Delhi,,solar,25.607,,20,0,0,9
2023-09-25 21:00:00,0.0,0.0,0.0,25.126,25.126,0.0,0.0,PVWatts,Solar_Delhi,,solar,25.126,,21,0,0,9
2023-09-25 22:00:00,0.0,0.0,0.0,24.677,24.677,0.0,0.0,PVWatts,Solar_Delhi,,solar,24.677,,22,0,0,9
2023-09-25 23:00:00,0.0,0.0,0.0,24.166,24.166,0.0,0.0,PVWatts,Solar_Delhi,,solar,24.166,,23,0,0,9
2023-09-26 00:00:00,0.0,0.0,0.0,23.618,23.618,0.0,0.0,PVWatts,Solar_Delhi,,solar,23.618,,0,1,0,9
2023-09-26 01:00:00,0.0,0.0,0.0,22.979,22.979,0.0,0.0,PVWatts,Solar_Delhi,,solar,22.979,,1,1,0,9
2023-09-26 02:00:00,0.0,0.0,0.0,22.299,22.299,0.0,0.0,PVWatts,Solar_Delhi,,solar,22.299,,2,1,0,9
2023-09-26 03:00:00,0.0,0.0,0.0,21.62,21.62,0.0,0.0,PVWatts,Solar_Delhi,,solar,21.62,,3,1,0,9
2023-09-26 04:00:00,0.0,0.0,0.0,21.021,21.021,0.0,0.0,PVWatts,Solar_Delhi,,solar,21.021,,4,1,0,9
2023-09-26 05:00:00,0.0,0.0,0.0,20.564,0.0,0.0,0.0,PVWatts,Solar_Delhi,,solar,20.564,,5,1,0,9
2023-09-26 06:00:00,163.939,334.328,11.354,21.008,21.274,0.163939,0.33432799999999996,PVWatts,Solar_Delhi,,solar,21.008,,6,1,0,9
2023-09-26 07:00:00,6713.018,7123.992,214.677,22.815,27.862,6.713018,7.123992,PVWatts,Solar_Delhi,,solar,22.815,,7,1,0,9
2023-09-26 08:00:00,15310.27,16037.07,490.051,25.563,37.092,15.310270000000001,16.03707,PVWatts,Solar_Delhi,,solar,25.563,,8,1,0,9
2023-09-26 09:00:00,21327.038,22274.867,706.162,28.279,44.854,21.327038,22.274866999999997,PVWatts,Solar_Delhi,,solar,28.279,,9,1,0,9
2023-09-26 10:00:00,25176.2,26265.431,856.954,30.245,50.329,25.1762,26.265431,PVWatts,Solar_Delhi,,solar,30.245,,10,1,0,9
2023-09-26 11:00:00,27501.485,28676.137,953.238,31.57,53.896,27.501485,28.676136999999997,PVWatts,Solar_Delhi,,solar,31.57,,11,1,0,9
2023-09-26 12:00:00,27175.147,28337.811,942.859,32.262,54.35,27.175147000000003,28.337811000000002,PVWatts,Solar_Delhi,,solar,32.262,,12,1,0,9
2023-09-26 13:00:00,24892.537,25971.347,852.879,32.439,52.441,24.892537,25.971347,PVWatts,Solar_Delhi,,solar,32.439,,13,1,0,9
2023-09-26 14:00:00,20727.916,21653.737,694.004,32.221,48.53,20.727916,21.653737,PVWatts,Solar_Delhi,,solar,32.221,,14,1,0,9
2023-09-26 15:00:00,14943.529,15656.856,487.044,31.551,43.029,14.943529,15.656856,PVWatts,Solar_Delhi,,solar,31.551,,15,1,0,9
2023-09-26 16:00:00,7407.44,7843.924,253.444,30.595,37.694,7.407439999999999,7.843924,PVWatts,Solar_Delhi,,solar,30.595,,16,1,0,9
2023-09-26 17:00:00,1040.961,1243.568,57.285,28.845,30.284,1.040961,1.243568,PVWatts,Solar_Delhi,,solar,28.845,,17,1,0,9
2023-09-26 18:00:00,0.0,0.0,0.0,27.751,27.751,0.0,0.0,PVWatts,Solar_Delhi,,solar,27.751,,18,1,0,9
2023-09-26 19:00:00,0.0,0.0,0.0,27.097,27.097,0.0,0.0,PVWatts,Solar_Delhi,,solar,27.097,,19,1,0,9
2023-09-26 20:00:00,0.0,0.0,0.0,26.337,26.337,0.0,0.0,PVWatts,Solar_Delhi,,solar,26.337,,20,1,0,9
2023-09-26 21:00:00,0.0,0.0,0.0,25.473,25.473,0.0,0.0,PVWatts,Solar_Delhi,,solar,25.473,,21,1,0,9
2023-09-26 22:00:00,0.0,0.0,0.0,24.579,24.579,0.0,0.0,PVWatts,Solar_Delhi,,solar,24.579,,22,1,0,9
2023-09-26 23:00:00,0.0,0.0,0.0,23.756,23.756,0.0,0.0,PVWatts,Solar_Delhi,,solar,23.756,,23,1,0,9
2023-09-27 00:00:00,0.0,0.0,0.0,23.06,23.06,0.0,0.0,PVWatts,Solar_Delhi,,solar,23.06,,0,2,0,9
2023-09-27 01:00:00,0.0,0.0,0.0,22.461,22.461,0.0,0.0,PVWatts,Solar_Delhi,,solar,22.461,,1,2,0,9
2023-09-27 02:00:00,0.0,0.0,0.0,21.982,21.982,0.0,0.0,PVWatts,Solar_Delhi,,solar,21.982,,2,2,0,9
2023-09-27 03:00:00,0.0,0.0,0.0,21.562,21.562,0.0,0.0,PVWatts,Solar_Delhi,,solar,21.562,,3,2,0,9
2023-09-27 04:00:00,0.0,0.0,0.0,21.177,21.177,0.0,0.0,PVWatts,Solar_Delhi,,solar,21.177,,4,2,0,9
2023-09-27 05:00:00,0.0,0.0,0.0,20.843,0.0,0.0,0.0,PVWatts,Solar_Delhi,,solar,20.843,,5,2,0,9
2023-09-27 06:00:00,134.359,303.662,10.407,21.75,22.043,0.134359,0.303662,PVWatts,Solar_Delhi,,solar,21.75,,6,2,0,9
2023-09-27 07:00:00,6774.111,7187.33,219.549,23.626,31.407,6.7741109999999995,7.18733,PVWatts,Solar_Delhi,,solar,23.626,,7,2,0,9
2023-09-27 08:00:00,14860.024,15570.283,488.997,26.451,43.793,14.860024,15.570283,PVWatts,Solar_Delhi,,solar,26.451,,8,2,0,9
2023-09-27 09:00:00,21287.676,22234.059,718.034,28.957,49.22,21.287676,22.234059000000002,PVWatts,Solar_Delhi,,solar,28.957,,9,2,0,9
2023-09-27 10:00:00,25008.227,26091.287,869.503,30.742,55.244,25.008226999999998,26.091287,PVWatts,Solar_Delhi,,solar,30.742,,10,2,0,9
2023-09-27 11:00:00,26731.837,27878.216,944.821,31.845,58.454,26.731837,27.878216000000002,PVWatts,Solar_Delhi,,solar,31.845,,11,2,0,9
2023-09-27 12:00:00,26503.617,27641.612,937.254,32.388,58.79,26.503617,27.641612000000002,PVWatts,Solar_Delhi,,solar,32.388,,12,2,0,9
2023-09-27 13:00:00,24824.81,25901.133,850.168,32.444,52.384,24.824810000000003,25.901133,PVWatts,Solar_Delhi,,solar,32.444,,13,2,0,9
2023-09-27 14:00:00,20378.427,21291.409,691.217,32.103,51.636,20.378427,21.291408999999998,PVWatts,Solar_Delhi,,solar,32.103,,14,2,0,9
2023-09-27 15:00:00,13932.53,14608.717,458.027,31.454,44.43,13.93253,14.608717,PVWatts,Solar_Delhi,,solar,31.454,,15,2,0,9
2023-09-27 16:00:00,6975.105,7395.707,238.066,30.397,37.071,6.975104999999999,7.395707000000001,PVWatts,Solar_Delhi,,solar,30.397,,16,2,0,9
2023-09-27 17:00:00,829.65,1024.495,53.39,28.694,29.964,0.82965,1.024495,PVWatts,Solar_Delhi,,solar,28.694,,17,2,0,9
2023-09-27 18:00:00,0.0,0.0,0.0,27.576,27.576,0.0,0.0,PVWatts,Solar_Delhi,,solar,27.576,,18,2,0,9
2023-09-27 19:00:00,0.0,0.0,0.0,26.92,26.92,0.0,0.0,PVWatts,Solar_Delhi,,solar,26.92,,19,2,0,9
2023-09-27 20:00:00,0.0,0.0,0.0,26.331,26.331,0.0,0.0,PVWatts,Solar_Delhi,,solar,26.331,,20,2,0,9
2023-09-27 21:00:00,0.0,0.0,0.0,25.799,25.799,0.0,0.0,PVWatts,Solar_Delhi,,solar,25.799,,21,2,0,9
2023-09-27 22:00:00,0.0,0.0,0.0,25.289,25.289,0.0,0.0,PVWatts,Solar_Delhi,,solar,25.289,,22,2,0,9
2023-09-27 23:00:00,0.0,0.0,0.0,24.727,24.727,0.0,0.0,PVWatts,Solar_Delhi,,solar,24.727,,23,2,0,9
2023-09-28 00:00:00,0.0,0.0,0.0,24.03,24.03,0.0,0.0,PVWatts,Solar_Delhi,,solar,24.03,,0,3,0,9
2023-09-28 01:00:00,0.0,0.0,0.0,23.369,23.369,0.0,0.0,PVWatts,Solar_Delhi,,solar,23.369,,1,3,0,9
2023-09-28 02:00:00,0.0,0.0,0.0,22.815,22.815,0.0,0.0,PVWatts,Solar_Delhi,,solar,22.815,,2,3,0,9
2023-09-28 03:00:00,0.0,0.0,0.0,22.384,22.384,0.0,0.0,PVWatts,Solar_Delhi,,solar,22.384,,3,3,0,9
2023-09-28 04:00:00,0.0,0.0,0.0,22.048,22.048,0.0,0.0,PVWatts,Solar_Delhi,,solar,22.048,,4,3,0,9
2023-09-28 05:00:00,0.0,0.0,0.0,21.716,0.0,0.0,0.0,PVWatts,Solar_Delhi,,solar,21.716,,5,3,0,9
2023-09-28 06:00:00,105.457,273.698,9.46,22.315,22.581,0.105457,0.273698,PVWatts,Solar_Delhi,,solar,22.315,,6,3,0,9
2023-09-28 07:00:00,6740.555,7152.54,217.405,24.015,30.161,6.7405550000000005,7.15254,PVWatts,Solar_Delhi,,solar,24.015,,7,3,0,9
2023-09-28 08:00:00,15056.853,15774.344,488.584,26.655,40.476,15.056852999999998,15.774344,PVWatts,Solar_Delhi,,solar,26.655,,8,3,0,9
2023-09-28 09:00:00,21262.395,22207.85,717.279,29.045,49.287,21.262395,22.207849999999997,PVWatts,Solar_Delhi,,solar,29.045,,9,3,0,9
2023-09-28 10:00:00,24977.566,26059.5,868.395,30.798,55.27,24.977566,26.0595,PVWatts,Solar_Delhi,,solar,30.798,,10,3,0,9
2023-09-28 11:00:00,26618.556,27760.773,940.372,31.908,58.393,26.618556,27.760773,PVWatts,Solar_Delhi,,solar,31.908,,11,3,0,9
2023-09-28 12:00:00,26365.783,27498.714,931.627,32.412,58.657,26.365783,27.498714,PVWatts,Solar_Delhi,,solar,32.412,,12,3,0,9
2023-09-28 13:00:00,23115.282,24128.804,801.078,32.447,55.035,23.115282,24.128804,PVWatts,Solar_Delhi,,solar,32.447,,13,3,0,9
2023-09-28 14:00:00,17150.703,17945.113,578.263,32.012,48.33,17.150703,17.945113000000003,PVWatts,Solar_Delhi,,solar,32.012,,14,3,0,9
2023-09-28 15:00:00,13395.903,14052.377,440.086,31.422,43.888,13.395903,14.052377,PVWatts,Solar_Delhi,,solar,31.422,,15,3,0,9
2023-09-28 16:00:00,7038.212,7461.132,240.64,30.36,37.102,7.038212000000001,7.461131999999999,PVWatts,Solar_Delhi,,solar,30.36,,16,3,0,9
2023-09-28 17:00:00,732.448,923.722,49.517,28.884,30.345,0.732448,0.9237219999999999,PVWatts,Solar_Delhi,,solar,28.884,,17,3,0,9
2023-09-28 18:00:00,0.0,0.0,0.0,28.011,28.011,0.0,0.0,PVWatts,Solar_Delhi,,solar,28.011,,18,3,0,9
2023-09-28 19:00:00,0.0,0.0,0.0,27.435,27.435,0.0,0.0,PVWatts,Solar_Delhi,,solar,27.435,,19,3,0,9
2023-09-28 20:00:00,0.0,0.0,0.0,26.797,26.797,0.0,0.0,PVWatts,Solar_Delhi,,solar,26.797,,20,3,0,9
2023-09-28 21:00:00,0.0,0.0,0.0,26.162,26.162,0.0,0.0,PVWatts,Solar_Delhi,,solar,26.162,,21,3,0,9
2023-09-28 22:00:00,0.0,0.0,0.0,25.466,25.466,0.0,0.0,PVWatts,Solar_Delhi,,solar,25.466,,22,3,0,9
2023-09-28 23:00:00,0.0,0.0,0.0,24.815,24.815,0.0,0.0,PVWatts,Solar_Delhi,,solar,24.815,,23,3,0,9
2023-09-29 00:00:00,0.0,0.0,0.0,24.226,24.226,0.0,0.0,PVWatts,Solar_Delhi,,solar,24.226,,0,4,0,9
2023-09-29 01:00:00,0.0,0.0,0.0,23.71,23.71,0.0,0.0,PVWatts,Solar_Delhi,,solar,23.71,,1,4,0,9
2023-09-29 02:00:00,0.0,0.0,0.0,23.184,23.184,0.0,0.0,PVWatts,Solar_Delhi,,solar,23.184,,2,4,0,9
2023-09-29 03:00:00,0.0,0.0,0.0,22.736,22.736,0.0,0.0,PVWatts,Solar_Delhi,,solar,22.736,,3,4,0,9
2023-09-29 04:00:00,0.0,0.0,0.0,22.371,22.371,0.0,0.0,PVWatts,Solar_Delhi,,solar,22.371,,4,4,0,9
2023-09-29 05:00:00,0.0,0.0,0.0,22.342,0.0,0.0,0.0,PVWatts,Solar_Delhi,,solar,22.342,,5,4,0,9
2023-09-29 06:00:00,76.663,243.846,8.513,22.992,23.292,0.076663,0.243846,PVWatts,Solar_Delhi,,solar,22.992,,6,4,0,9
2023-09-29 07:00:00,6640.614,7048.928,215.847,24.27,31.921,6.640613999999999,7.048928,PVWatts,Solar_Delhi,,solar,24.27,,7,4,0,9
2023-09-29 08:00:00,14916.162,15628.484,491.403,26.692,44.121,14.916162,15.628484,PVWatts,Solar_Delhi,,solar,26.692,,8,4,0,9
2023-09-29 09:00:00,20482.178,21398.971,705.379,29.155,54.114,20.482178,21.398971000000003,PVWatts,Solar_Delhi,,solar,29.155,,9,4,0,9
2023-09-29 10:00:00,24057.622,25105.761,859.56,31.147,61.517,24.057622,25.105760999999998,PVWatts,Solar_Delhi,,solar,31.147,,10,4,0,9
2023-09-29 11:00:00,25338.807,26434.012,920.939,32.155,64.669,25.338807,26.434012,PVWatts,Solar_Delhi,,solar,32.155,,11,4,0,9
2023-09-29 12:00:00,20916.515,21849.263,743.806,32.375,58.601,20.916515,21.849263,PVWatts,Solar_Delhi,,solar,32.375,,12,4,0,9
2023-09-29 13:00:00,18332.208,19170.02,640.444,32.233,54.834,18.332207999999998,19.17002,PVWatts,Solar_Delhi,,solar,32.233,,13,4,0,9
2023-09-29 14:00:00,16716.954,17495.429,572.814,31.898,52.167,16.716954,17.495429,PVWatts,Solar_Delhi,,solar,31.898,,14,4,0,9
2023-09-29 15:00:00,11929.646,12532.256,397.274,31.414,45.512,11.929646,12.532256,PVWatts,Solar_Delhi,,solar,31.414,,15,4,0,9
2023-09-29 16:00:00,6508.878,6912.353,224.049,30.631,38.509,6.508877999999999,6.912353,PVWatts,Solar_Delhi,,solar,30.631,,16,4,0,9
2023-09-29 17:00:00,629.462,816.952,44.994,29.344,30.657,0.629462,0.816952,PVWatts,Solar_Delhi,,solar,29.344,,17,4,0,9
2023-09-29 18:00:00,0.0,0.0,0.0,28.478,28.478,0.0,0.0,PVWatts,Solar_Delhi,,solar,28.478,,18,4,0,9
2023-09-29 19:00:00,0.0,0.0,0.0,27.938,27.938,0.0,0.0,PVWatts,Solar_Delhi,,solar,27.938,,19,4,0,9
2023-09-29 20:00:00,0.0,0.0,0.0,27.403,27.403,0.0,0.0,PVWatts,Solar_Delhi,,solar,27.403,,20,4,0,9
2023-09-29 21:00:00,0.0,0.0,0.0,26.872,26.872,0.0,0.0,PVWatts,Solar_Delhi,,solar,26.872,,21,4,0,9
2023-09-29 22:00:00,0.0,0.0,0.0,26.348,26.348,0.0,0.0,PVWatts,Solar_Delhi,,solar,26.348,,22,4,0,9
2023-09-29 23:00:00,0.0,0.0,0.0,25.821,25.821,0.0,0.0,PVWatts,Solar_Delhi,,solar,25.821,,23,4,0,9
2023-09-30 00:00:00,0.0,0.0,0.0,25.213,25.213,0.0,0.0,PVWatts,Solar_Delhi,,solar,25.213,,0,5,1,9
2023-09-30 01:00:00,0.0,0.0,0.0,24.613,24.613,0.0,0.0,PVWatts,Solar_Delhi,,solar,24.613,,1,5,1,9
2023-09-30 02:00:00,0.0,0.0,0.0,24.077,24.077,0.0,0.0,PVWatts,Solar_Delhi,,solar,24.077,,2,5,1,9
2023-09-30 03:00:00,0.0,0.0,0.0,23.527,23.527,0.0,0.0,PVWatts,Solar_Delhi,,solar,23.527,,3,5,1,9
2023-09-30 04:00:00,0.0,0.0,0.0,23.019,23.019,0.0,0.0,PVWatts,Solar_Delhi,,solar,23.019,,4,5,1,9
2023-09-30 05:00:00,0.0,0.0,0.0,22.6,0.0,0.0,0.0,PVWatts,Solar_Delhi,,solar,22.6,,5,5,1,9
2023-09-30 06:00:00,48.54,214.69,7.566,23.383,23.74,0.04854,0.21469,PVWatts,Solar_Delhi,,solar,23.383,,6,5,1,9
2023-09-30 07:00:00,5735.939,6111.019,189.871,25.244,34.257,5.735939,6.111019000000001,PVWatts,Solar_Delhi,,solar,25.244,,7,5,1,9
2023-09-30 08:00:00,13683.82,14350.871,463.06,27.816,49.805,13.683819999999999,14.350871,PVWatts,Solar_Delhi,,solar,27.816,,8,5,1,9
2023-09-30 09:00:00,18842.481,19699.039,673.59,30.397,62.31,18.842481,19.699039,PVWatts,Solar_Delhi,,solar,30.397,,9,5,1,9
2023-09-30 10:00:00,20521.414,21439.648,756.154,31.787,67.536,20.521414,21.439648000000002,PVWatts,Solar_Delhi,,solar,31.787,,10,5,1,9
2023-09-30 11:00:00,21909.007,22878.216,822.164,32.31,71.157,21.909007000000003,22.878216000000002,PVWatts,Solar_Delhi,,solar,32.31,,11,5,1,9
2023-09-30 12:00:00,19791.471,20682.89,730.6,32.344,66.841,19.791471,20.68289,PVWatts,Solar_Delhi,,solar,32.344,,12,5,1,9
2023-09-30 13:00:00,19456.537,20335.652,711.496,32.211,65.853,19.456537,20.335652,PVWatts,Solar_Delhi,,solar,32.211,,13,5,1,9
2023-09-30 14:00:00,7437.622,7875.215,256.437,31.885,44.006,7.437622,7.875215,PVWatts,Solar_Delhi,,solar,31.885,,14,5,1,9
2023-09-30 15:00:00,12477.469,13100.203,425.362,31.345,51.561,12.477469,13.100202999999999,PVWatts,Solar_Delhi,,solar,31.345,,15,5,1,9
2023-09-30 16:00:00,6762.103,7174.88,237.191,30.873,42.021,6.762103,7.17488,PVWatts,Solar_Delhi,,solar,30.873,,16,5,1,9
2023-09-30 17:00:00,596.757,783.046,41.937,26.841,28.498,0.596757,0.783046,PVWatts,Solar_Delhi,,solar,26.841,,17,5,1,9
2023-09-30 18:00:00,0.0,0.0,0.0,27.791,27.791,0.0,0.0,PVWatts,Solar_Delhi,,solar,27.791,,18,5,1,9
2023-09-30 19:00:00,0.0,0.0,0.0,27.232,27.232,0.0,0.0,PVWatts,Solar_Delhi,,solar,27.232,,19,5,1,9
2023-09-30 20:00:00,0.0,0.0,0.0,26.723,26.723,0.0,0.0,PVWatts,Solar_Delhi,,solar,26.723,,20,5,1,9
2023-09-30 21:00:00,0.0,0.0,0.0,26.229,26.229,0.0,0.0,PVWatts,Solar_Delhi,,solar,26.229,,21,5,1,9
2023-09-30 22:00:00,0.0,0.0,0.0,25.761,25.761,0.0,0.0,PVWatts,Solar_Delhi,,solar,25.761,,22,5,1,9
2023-09-30 23:00:00,0.0,0.0,0.0,25.244,25.244,0.0,0.0,PVWatts,Solar_Delhi,,solar,25.244,,23,5,1,9
2023-10-01 00:00:00,0.0,0.0,0.0,24.749,24.749,0.0,0.0,PVWatts,Solar_Delhi,,solar,24.749,,0,6,1,10
2023-10-01 01:00:00,0.0,0.0,0.0,24.287,24.287,0.0,0.0,PVWatts,Solar_Delhi,,solar,24.287,,1,6,1,10
2023-10-01 02:00:00,0.0,0.0,0.0,23.835,23.835,0.0,0.0,PVWatts,Solar_Delhi,,solar,23.835,,2,6,1,10
2023-10-01 03:00:00,0.0,0.0,0.0,23.449,23.449,0.0,0.0,PVWatts,Solar_Delhi,,solar,23.449,,3,6,1,10
2023-10-01 04:00:00,0.0,0.0,0.0,23.099,23.099,0.0,0.0,PVWatts,Solar_Delhi,,solar,23.099,,4,6,1,10
2023-10-01 05:00:00,0.0,0.0,0.0,23.976,0.0,0.0,0.0,PVWatts,Solar_Delhi,,solar,23.976,,5,6,1,10
2023-10-01 06:00:00,19.907,185.005,6.62,24.832,25.065,0.019907,0.185005,PVWatts,Solar_Delhi,,solar,24.832,,6,6,1,10
2023-10-01 07:00:00,6748.293,7160.563,221.353,26.632,34.479,6.748292999999999,7.160563,PVWatts,Solar_Delhi,,solar,26.632,,7,6,1,10
2023-10-01 08:00:00,14177.43,14862.614,472.269,29.537,46.283,14.177430000000001,14.862613999999999,PVWatts,Solar_Delhi,,solar,29.537,,8,6,1,10
2023-10-01 09:00:00,19606.284,20490.9,682.855,32.292,56.449,19.606284,20.4909,PVWatts,Solar_Delhi,,solar,32.292,,9,6,1,10
2023-10-01 10:00:00,23129.042,24143.07,831.919,33.493,62.882,23.129042000000002,24.143069999999998,PVWatts,Solar_Delhi,,solar,33.493,,10,6,1,10
2023-10-01 11:00:00,21208.593,22152.072,800.467,34.064,71.863,21.208593,22.152072,PVWatts,Solar_Delhi,,solar,34.064,,11,6,1,10
2023-10-01 12:00:00,22967.469,23975.561,880.183,34.234,75.835,22.967469,23.975561000000003,PVWatts,Solar_Delhi,,solar,34.234,,12,6,1,10
2023-10-01 13:00:00,21589.326,22546.791,809.369,34.16,72.48,21.589326,22.546791000000002,PVWatts,Solar_Delhi,,solar,34.16,,13,6,1,10
2023-10-01 14:00:00,17404.605,18208.342,625.331,33.86,63.5,17.404605,18.208342000000002,PVWatts,Solar_Delhi,,solar,33.86,,14,6,1,10
2023-10-01 15:00:00,9421.472,9931.943,322.568,33.333,48.642,9.421472,9.931942999999999,PVWatts,Solar_Delhi,,solar,33.333,,15,6,1,10
2023-10-01 16:00:00,6721.328,7132.608,238.797,32.839,44.05,6.721328000000001,7.132608,PVWatts,Solar_Delhi,,solar,32.839,,16,6,1,10
2023-10-01 17:00:00,572.308,757.699,41.643,30.521,32.161,0.572308,0.7576989999999999,PVWatts,Solar_Delhi,,solar,30.521,,17,6,1,10
2023-10-01 18:00:00,0.0,0.0,0.0,29.702,29.702,0.0,0.0,PVWatts,Solar_Delhi,,solar,29.702,,18,6,1,10
2023-10-01 19:00:00,0.0,0.0,0.0,29.077,29.077,0.0,0.0,PVWatts,Solar_Delhi,,solar,29.077,,19,6,1,10
2023-10-01 20:00:00,0.0,0.0,0.0,28.431,28.431,0.0,0.0,PVWatts,Solar_Delhi,,solar,28.431,,20,6,1,10
2023-10-01 21:00:00,0.0,0.0,0.0,27.84,27.84,0.0,0.0,PVWatts,Solar_Delhi,,solar,27.84,,21,6,1,10
2023-10-01 22:00:00,0.0,0.0,0.0,27.287,27.287,0.0,0.0,PVWatts,Solar_Delhi,,solar,27.287,,22,6,1,10
2023-10-01 23:00:00,0.0,0.0,0.0,26.787,26.787,0.0,0.0,PVWatts,Solar_Delhi,,solar,26.787,,23,6,1,10
2023-10-02 00:00:00,0.0,0.0,0.0,26.319,26.319,0.0,0.0,PVWatts,Solar_Delhi,,solar,26.319,,0,0,0,10
2023-10-02 01:00:00,0.0,0.0,0.0,25.885,25.885,0.0,0.0,PVWatts,Solar_Delhi,,solar,25.885,,1,0,0,10
2023-10-02 02:00:00,0.0,0.0,0.0,25.496,25.496,0.0,0.0,PVWatts,Solar_Delhi,,solar,25.496,,2,0,0,10
2023-10-02 03:00:00,0.0,0.0,0.0,25.188,25.188,0.0,0.0,PVWatts,Solar_Delhi,,solar,25.188,,3,0,0,10
2023-10-02 04:00:00,0.0,0.0,0.0,24.871,24.871,0.0,0.0,PVWatts,Solar_Delhi,,solar,24.871,,4,0,0,10
2023-10-02 05:00:00,0.0,0.0,0.0,24.631,0.0,0.0,0.0,PVWatts,Solar_Delhi,,solar,24.631,,5,0,0,10
2023-10-02 06:00:00,0.0,156.737,5.673,25.305,25.465,0.0,0.156737,PVWatts,Solar_Delhi,,solar,25.305,,6,0,0,10
2023-10-02 07:00:00,6609.602,7016.776,217.225,26.997,34.698,6.609602,7.016776,PVWatts,Solar_Delhi,,solar,26.997,,7,0,0,10
2023-10-02 08:00:00,14068.431,14749.611,468.781,29.714,46.338,14.068431,14.749611000000002,PVWatts,Solar_Delhi,,solar,29.714,,8,0,0,10
2023-10-02 09:00:00,19931.792,20828.367,678.509,32.059,51.205,19.931792,20.828367,PVWatts,Solar_Delhi,,solar,32.059,,9,0,0,10
2023-10-02 10:00:00,23076.282,24088.371,827.812,33.079,62.324,23.076282,24.088371,PVWatts,Solar_Delhi,,solar,33.079,,10,0,0,10
2023-10-02 11:00:00,24793.964,25869.154,903.732,33.491,65.4,24.793964,25.869153999999998,PVWatts,Solar_Delhi,,solar,33.491,,11,0,0,10
2023-10-02 12:00:00,24622.114,25690.99,894.974,33.401,65.01,24.622114,25.690990000000003,PVWatts,Solar_Delhi,,solar,33.401,,12,0,0,10
2023-10-02 13:00:00,22602.72,23597.412,805.86,33.126,61.62,22.60272,23.597412,PVWatts,Solar_Delhi,,solar,33.126,,13,0,0,10
2023-10-02 14:00:00,18872.435,19730.093,651.829,32.598,55.693,18.872435000000003,19.730093,PVWatts,Solar_Delhi,,solar,32.598,,14,0,0,10
2023-10-02 15:00:00,13418.06,14075.348,447.466,32.026,47.925,13.418059999999999,14.075348,PVWatts,Solar_Delhi,,solar,32.026,,15,0,0,10
2023-10-02 16:00:00,6699.145,7109.61,230.194,30.91,39.009,6.699145000000001,7.10961,PVWatts,Solar_Delhi,,solar,30.91,,16,0,0,10
2023-10-02 17:00:00,548.399,732.912,39.534,29.401,30.571,0.548399,0.732912,PVWatts,Solar_Delhi,,solar,29.401,,17,0,0,10
2023-10-02 18:00:00,0.0,0.0,0.0,29.018,29.018,0.0,0.0,PVWatts,Solar_Delhi,,solar,29.018,,18,0,0,10
2023-10-02 19:00:00,0.0,0.0,0.0,28.649,28.649,0.0,0.0,PVWatts,Solar_Delhi,,solar,28.649,,19,0,0,10
2023-10-02 20:00:00,0.0,0.0,0.0,28.176,28.176,0.0,0.0,PVWatts,Solar_Delhi,,solar,28.176,,20,0,0,10
2023-10-02 21:00:00,0.0,0.0,0.0,27.643,27.643,0.0,0.0,PVWatts,Solar_Delhi,,solar,27.643,,21,0,0,10
2023-10-02 22:00:00,0.0,0.0,0.0,27.083,27.083,0.0,0.0,PVWatts,Solar_Delhi,,solar,27.083,,22,0,0,10
2023-10-02 23:00:00,0.0,0.0,0.0,26.586,26.586,0.0,0.0,PVWatts,Solar_Delhi,,solar,26.586,,23,0,0,10
2023-10-03 00:00:00,0.0,0.0,0.0,26.061,26.061,0.0,0.0,PVWatts,Solar_Delhi,,solar,26.061,,0,1,0,10
2023-10-03 01:00:00,0.0,0.0,0.0,25.659,25.659,0.0,0.0,PVWatts,Solar_Delhi,,solar,25.659,,1,1,0,10
2023-10-03 02:00:00,0.0,0.0,0.0,25.233,25.233,0.0,0.0,PVWatts,Solar_Delhi,,solar,25.233,,2,1,0,10
2023-10-03 03:00:00,0.0,0.0,0.0,25.002,25.002,0.0,0.0,PVWatts,Solar_Delhi,,solar,25.002,,3,1,0,10
2023-10-03 04:00:00,0.0,0.0,0.0,25.023,25.023,0.0,0.0,PVWatts,Solar_Delhi,,solar,25.023,,4,1,0,10
2023-10-03 05:00:00,0.0,0.0,0.0,24.949,0.0,0.0,0.0,PVWatts,Solar_Delhi,,solar,24.949,,5,1,0,10
2023-10-03 06:00:00,0.0,129.367,4.727,25.044,25.177,0.0,0.12936699999999998,PVWatts,Solar_Delhi,,solar,25.044,,6,1,0,10
2023-10-03 07:00:00,6620.815,7028.402,215.029,25.735,31.815,6.6208149999999995,7.028402,PVWatts,Solar_Delhi,,solar,25.735,,7,1,0,10
2023-10-03 08:00:00,14335.898,15026.903,465.935,27.248,40.428,14.335897999999998,15.026903,PVWatts,Solar_Delhi,,solar,27.248,,8,1,0,10
2023-10-03 09:00:00,20023.025,20922.951,674.139,29.611,48.635,20.023025,20.922951,PVWatts,Solar_Delhi,,solar,29.611,,9,1,0,10
2023-10-03 10:00:00,23742.98,24779.561,821.807,31.072,54.23,23.74298,24.779561,PVWatts,Solar_Delhi,,solar,31.072,,10,1,0,10
2023-10-03 11:00:00,25503.912,26605.181,895.263,31.775,56.989,25.503912,26.605181,PVWatts,Solar_Delhi,,solar,31.775,,11,1,0,10
2023-10-03 12:00:00,25280.243,26373.297,885.454,31.774,56.719,25.280243,26.373296999999997,PVWatts,Solar_Delhi,,solar,31.774,,12,1,0,10
2023-10-03 13:00:00,19798.131,20689.795,677.419,31.313,50.385,19.798131,20.689794999999997,PVWatts,Solar_Delhi,,solar,31.313,,13,1,0,10
2023-10-03 14:00:00,19173.415,20042.13,643.052,30.727,48.901,19.173415000000002,20.04213,PVWatts,Solar_Delhi,,solar,30.727,,14,1,0,10
2023-10-03 15:00:00,11834.348,12433.458,387.464,30.088,41.051,11.834348,12.433458,PVWatts,Solar_Delhi,,solar,30.088,,15,1,0,10
2023-10-03 16:00:00,6596.328,7003.015,228.632,29.39,37.401,6.596328000000001,7.003015,PVWatts,Solar_Delhi,,solar,29.39,,16,1,0,10
2023-10-03 17:00:00,479.874,661.869,35.683,28.335,29.391,0.479874,0.661869,PVWatts,Solar_Delhi,,solar,28.335,,17,1,0,10
2023-10-03 18:00:00,0.0,0.0,0.0,27.773,27.773,0.0,0.0,PVWatts,Solar_Delhi,,solar,27.773,,18,1,0,10
2023-10-03 19:00:00,0.0,0.0,0.0,27.392,27.392,0.0,0.0,PVWatts,Solar_Delhi,,solar,27.392,,19,1,0,10
2023-10-03 20:00:00,0.0,0.0,0.0,27.023,27.023,0.0,0.0,PVWatts,Solar_Delhi,,solar,27.023,,20,1,0,10
2023-10-03 21:00:00,0.0,0.0,0.0,26.579,26.579,0.0,0.0,PVWatts,Solar_Delhi,,solar,26.579,,21,1,0,10
2023-10-03 22:00:00,0.0,0.0,0.0,26.171,26.171,0.0,0.0,PVWatts,Solar_Delhi,,solar,26.171,,22,1,0,10
2023-10-03 23:00:00,0.0,0.0,0.0,25.812,25.812,0.0,0.0,PVWatts,Solar_Delhi,,solar,25.812,,23,1,0,10
2023-10-04 00:00:00,0.0,0.0,0.0,25.463,25.463,0.0,0.0,PVWatts,Solar_Delhi,,solar,25.463,,0,2,0,10
2023-10-04 01:00:00,0.0,0.0,0.0,25.141,25.141,0.0,0.0,PVWatts,Solar_Delhi,,solar,25.141,,1,2,0,10
2023-10-04 02:00:00,0.0,0.0,0.0,24.851,24.851,0.0,0.0,PVWatts,Solar_Delhi,,solar,24.851,,2,2,0,10
2023-10-04 03:00:00,0.0,0.0,0.0,24.625,24.625,0.0,0.0,PVWatts,Solar_Delhi,,solar,24.625,,3,2,0,10
2023-10-04 04:00:00,0.0,0.0,0.0,24.431,24.431,0.0,0.0,PVWatts,Solar_Delhi,,solar,24.431,,4,2,0,10
2023-10-04 05:00:00,0.0,0.0,0.0,24.212,0.0,0.0,0.0,PVWatts,Solar_Delhi,,solar,24.212,,5,2,0,10
2023-10-04 06:00:00,0.0,156.776,5.673,24.864,25.064,0.0,0.156776,PVWatts,Solar_Delhi,,solar,24.864,,6,2,0,10
2023-10-04 07:00:00,6416.648,6816.735,210.425,26.336,33.796,6.416648,6.8167349999999995,PVWatts,Solar_Delhi,,solar,26.336,,7,2,0,10
2023-10-04 08:00:00,13859.265,14532.761,459.386,28.738,45.029,13.859264999999999,14.532761,PVWatts,Solar_Delhi,,solar,28.738,,8,2,0,10
2023-10-04 09:00:00,19382.126,20258.508,667.269,30.217,53.826,19.382126,20.258508000000003,PVWatts,Solar_Delhi,,solar,30.217,,9,2,0,10
2023-10-04 10:00:00,11199.689,11775.483,383.107,30.777,44.262,11.199689000000001,11.775483,PVWatts,Solar_Delhi,,solar,30.777,,10,2,0,10
2023-10-04 11:00:00,19389.75,20266.412,680.02,30.798,54.762,19.38975,20.266412,PVWatts,Solar_Delhi,,solar,30.798,,11,2,0,10
2023-10-04 12:00:00,11311.664,11891.572,382.881,30.543,41.286,11.311664,11.891572,PVWatts,Solar_Delhi,,solar,30.543,,12,2,0,10
2023-10-04 13:00:00,6656.972,7065.887,226.073,30.119,36.466,6.656972,7.065887,PVWatts,Solar_Delhi,,solar,30.119,,13,2,0,10
2023-10-04 14:00:00,6464.009,6865.836,217.154,29.546,35.659,6.464009,6.865836,PVWatts,Solar_Delhi,,solar,29.546,,14,2,0,10
2023-10-04 15:00:00,2346.446,2597.011,82.856,29.037,31.377,2.346446,2.597011,PVWatts,Solar_Delhi,,solar,29.037,,15,2,0,10
2023-10-04 16:00:00,1161.055,1368.074,44.605,28.442,29.701,1.1610550000000002,1.368074,PVWatts,Solar_Delhi,,solar,28.442,,16,2,0,10
2023-10-04 17:00:00,0.0,147.412,8.518,27.577,27.778,0.0,0.14741200000000002,PVWatts,Solar_Delhi,,solar,27.577,,17,2,0,10
2023-10-04 18:00:00,0.0,0.0,0.0,27.168,27.168,0.0,0.0,PVWatts,Solar_Delhi,,solar,27.168,,18,2,0,10
2023-10-04 19:00:00,0.0,0.0,0.0,26.816,26.816,0.0,0.0,PVWatts,Solar_Delhi,,solar,26.816,,19,2,0,10
2023-10-04 20:00:00,0.0,0.0,0.0,26.431,26.431,0.0,0.0,PVWatts,Solar_Delhi,,solar,26.431,,20,2,0,10
2023-10-04 21:00:00,0.0,0.0,0.0,26.111,26.111,0.0,0.0,PVWatts,Solar_Delhi,,solar,26.111,,21,2,0,10
2023-10-04 22:00:00,0.0,0.0,0.0,25.847,25.847,0.0,0.0,PVWatts,Solar_Delhi,,solar,25.847,,22,2,0,10
2023-10-04 23:00:00,0.0,0.0,0.0,25.561,25.561,0.0,0.0,PVWatts,Solar_Delhi,,solar,25.561,,23,2,0,10
2023-10-05 00:00:00,0.0,0.0,0.0,25.362,25.362,0.0,0.0,PVWatts,Solar_Delhi,,solar,25.362,,0,3,0,10
2023-10-05 01:00:00,0.0,0.0,0.0,25.063,25.063,0.0,0.0,PVWatts,Solar_Delhi,,solar,25.063,,1,3,0,10
2023-10-05 02:00:00,0.0,0.0,0.0,24.783,24.783,0.0,0.0,PVWatts,Solar_Delhi,,solar,24.783,,2,3,0,10
2023-10-05 03:00:00,0.0,0.0,0.0,24.507,24.507,0.0,0.0,PVWatts,Solar_Delhi,,solar,24.507,,3,3,0,10
2023-10-05 04:00:00,0.0,0.0,0.0,24.309,24.309,0.0,0.0,PVWatts,Solar_Delhi,,solar,24.309,,4,3,0,10
2023-10-05 05:00:00,0.0,0.0,0.0,24.135,0.0,0.0,0.0,PVWatts,Solar_Delhi,,solar,24.135,,5,3,0,10
2023-10-05 06:00:00,0.0,102.462,3.781,24.219,24.353,0.0,0.102462,PVWatts,Solar_Delhi,,solar,24.219,,6,3,0,10
2023-10-05 07:00:00,1878.042,2111.399,66.494,24.735,27.091,1.878042,2.111399,PVWatts,Solar_Delhi,,solar,24.735,,7,3,0,10
2023-10-05 08:00:00,10750.236,11309.52,351.47,25.674,38.12,10.750236000000001,11.309520000000001,PVWatts,Solar_Delhi,,solar,25.674,,8,3,0,10
2023-10-05 09:00:00,10654.543,11210.312,355.591,26.874,39.413,10.654543,11.210312,PVWatts,Solar_Delhi,,solar,26.874,,9,3,0,10
2023-10-05 10:00:00,15806.212,16551.23,538.227,27.613,46.574,15.806212,16.55123,PVWatts,Solar_Delhi,,solar,27.613,,10,3,0,10
2023-10-05 11:00:00,9128.669,9628.384,309.377,27.894,38.77,9.128669,9.628384,PVWatts,Solar_Delhi,,solar,27.894,,11,3,0,10
2023-10-05 12:00:00,10054.969,10588.712,340.524,27.985,39.96,10.054969,10.588712,PVWatts,Solar_Delhi,,solar,27.985,,12,3,0,10
2023-10-05 13:00:00,9369.767,9878.339,315.544,27.823,38.933,9.369767,9.878339,PVWatts,Solar_Delhi,,solar,27.823,,13,3,0,10
2023-10-05 14:00:00,5443.794,5808.142,183.754,27.75,34.234,5.443794,5.808142,PVWatts,Solar_Delhi,,solar,27.75,,14,3,0,10
2023-10-05 15:00:00,4164.198,4481.539,140.391,27.474,32.445,4.164198000000001,4.481539,PVWatts,Solar_Delhi,,solar,27.474,,15,3,0,10
2023-10-05 16:00:00,1049.395,1252.311,40.797,27.004,28.448,1.049395,1.252311,PVWatts,Solar_Delhi,,solar,27.004,,16,3,0,10
2023-10-05 17:00:00,0.0,131.178,7.57,26.119,26.343,0.0,0.131178,PVWatts,Solar_Delhi,,solar,26.119,,17,3,0,10
2023-10-05 18:00:00,0.0,0.0,0.0,25.615,25.615,0.0,0.0,PVWatts,Solar_Delhi,,solar,25.615,,18,3,0,10
2023-10-05 19:00:00,0.0,0.0,0.0,25.328,25.328,0.0,0.0,PVWatts,Solar_Delhi,,solar,25.328,,19,3,0,10
2023-10-05 20:00:00,0.0,0.0,0.0,25.059,25.059,0.0,0.0,PVWatts,Solar_Delhi,,solar,25.059,,20,3,0,10
2023-10-05 21:00:00,0.0,0.0,0.0,24.766,24.766,0.0,0.0,PVWatts,Solar_Delhi,,solar,24.766,,21,3,0,10
2023-10-05 22:00:00,0.0,0.0,0.0,24.514,24.514,0.0,0.0,PVWatts,Solar_Delhi,,solar,24.514,,22,3,0,10
2023-10-05 23:00:00,0.0,0.0,0.0,24.271,24.271,0.0,0.0,PVWatts,Solar_Delhi,,solar,24.271,,23,3,0,10
2023-10-06 00:00:00,0.0,0.0,0.0,24.07,24.07,0.0,0.0,PVWatts,Solar_Delhi,,solar,24.07,,0,4,0,10
2023-10-06 01:00:00,0.0,0.0,0.0,23.903,23.903,0.0,0.0,PVWatts,Solar_Delhi,,solar,23.903,,1,4,0,10
2023-10-06 02:00:00,0.0,0.0,0.0,23.731,23.731,0.0,0.0,PVWatts,Solar_Delhi,,solar,23.731,,2,4,0,10
2023-10-06 03:00:00,0.0,0.0,0.0,23.574,23.574,0.0,0.0,PVWatts,Solar_Delhi,,solar,23.574,,3,4,0,10
2023-10-06 04:00:00,0.0,0.0,0.0,23.428,23.428,0.0,0.0,PVWatts,Solar_Delhi,,solar,23.428,,4,4,0,10
2023-10-06 05:00:00,0.0,0.0,0.0,23.186,0.0,0.0,0.0,PVWatts,Solar_Delhi,,solar,23.186,,5,4,0,10
2023-10-06 06:00:00,0.0,130.15,4.727,23.387,23.52,0.0,0.13015000000000002,PVWatts,Solar_Delhi,,solar,23.387,,6,4,0,10
2023-10-06 07:00:00,4137.146,4453.493,137.398,24.8,29.67,4.1371459999999995,4.453493000000001,PVWatts,Solar_Delhi,,solar,24.8,,7,4,0,10
2023-10-06 08:00:00,11484.413,12070.668,377.076,26.758,40.115,11.484413,12.070668,PVWatts,Solar_Delhi,,solar,26.758,,8,4,0,10
2023-10-06 09:00:00,19899.862,20795.264,665.242,28.255,47.031,19.899862000000002,20.795264,PVWatts,Solar_Delhi,,solar,28.255,,9,4,0,10
2023-10-06 10:00:00,9765.113,10288.207,328.277,29.238,38.452,9.765113,10.288207,PVWatts,Solar_Delhi,,solar,29.238,,10,4,0,10
2023-10-06 11:00:00,8334.318,8804.852,282.216,29.605,37.518,8.334318,8.804852,PVWatts,Solar_Delhi,,solar,29.605,,11,4,0,10
2023-10-06 12:00:00,15619.934,16358.109,528.426,29.573,44.413,15.619933999999999,16.358109,PVWatts,Solar_Delhi,,solar,29.573,,12,4,0,10
2023-10-06 13:00:00,17955.516,18779.491,605.203,29.248,46.283,17.955516,18.779491,PVWatts,Solar_Delhi,,solar,29.248,,13,4,0,10
2023-10-06 14:00:00,18662.524,19512.471,620.145,28.777,46.299,18.662524,19.512471,PVWatts,Solar_Delhi,,solar,28.777,,14,4,0,10
2023-10-06 15:00:00,13287.36,13939.847,429.426,28.27,40.443,13.287360000000001,13.939847,PVWatts,Solar_Delhi,,solar,28.27,,15,4,0,10
2023-10-06 16:00:00,6601.22,7008.087,223.314,27.477,33.735,6.6012200000000005,7.008087000000001,PVWatts,Solar_Delhi,,solar,27.477,,16,4,0,10
2023-10-06 17:00:00,302.819,478.31,25.9,26.313,26.925,0.302819,0.47831,PVWatts,Solar_Delhi,,solar,26.313,,17,4,0,10
2023-10-06 18:00:00,0.0,0.0,0.0,25.636,25.636,0.0,0.0,PVWatts,Solar_Delhi,,solar,25.636,,18,4,0,10
2023-10-06 19:00:00,0.0,0.0,0.0,25.096,25.096,0.0,0.0,PVWatts,Solar_Delhi,,solar,25.096,,19,4,0,10
2023-10-06 20:00:00,0.0,0.0,0.0,24.484,24.484,0.0,0.0,PVWatts,Solar_Delhi,,solar,24.484,,20,4,0,10
2023-10-06 21:00:00,0.0,0.0,0.0,23.942,23.942,0.0,0.0,PVWatts,Solar_Delhi,,solar,23.942,,21,4,0,10
2023-10-06 22:00:00,0.0,0.0,0.0,23.484,23.484,0.0,0.0,PVWatts,Solar_Delhi,,solar,23.484,,22,4,0,10
2023-10-06 23:00:00,0.0,0.0,0.0,23.152,23.152,0.0,0.0,PVWatts,Solar_Delhi,,solar,23.152,,23,4,0,10
2023-10-07 00:00:00,0.0,0.0,0.0,22.912,22.912,0.0,0.0,PVWatts,Solar_Delhi,,solar,22.912,,0,5,1,10
2023-10-07 01:00:00,0.0,0.0,0.0,22.685,22.685,0.0,0.0,PVWatts,Solar_Delhi,,solar,22.685,,1,5,1,10
2023-10-07 02:00:00,0.0,0.0,0.0,22.463,22.463,0.0,0.0,PVWatts,Solar_Delhi,,solar,22.463,,2,5,1,10
2023-10-07 03:00:00,0.0,0.0,0.0,22.17,22.17,0.0,0.0,PVWatts,Solar_Delhi,,solar,22.17,,3,5,1,10
2023-10-07 04:00:00,0.0,0.0,0.0,21.929,21.929,0.0,0.0,PVWatts,Solar_Delhi,,solar,21.929,,4,5,1,10
2023-10-07 05:00:00,0.0,0.0,0.0,21.758,0.0,0.0,0.0,PVWatts,Solar_Delhi,,solar,21.758,,5,5,1,10
2023-10-07 06:00:00,0.0,103.29,3.781,22.385,22.518,0.0,0.10329,PVWatts,Solar_Delhi,,solar,22.385,,6,5,1,10
2023-10-07 07:00:00,6002.952,6387.841,195.465,24.133,31.063,6.0029520000000005,6.387841000000001,PVWatts,Solar_Delhi,,solar,24.133,,7,5,1,10
2023-10-07 08:00:00,14090.478,14772.468,462.755,26.629,43.043,14.090478,14.772468,PVWatts,Solar_Delhi,,solar,26.629,,8,5,1,10
2023-10-07 09:00:00,19742.11,20631.717,674.655,28.428,52.303,19.74211,20.631717000000002,PVWatts,Solar_Delhi,,solar,28.428,,9,5,1,10
2023-10-07 10:00:00,23952.922,24997.216,823.27,29.572,52.776,23.952921999999997,24.997216,PVWatts,Solar_Delhi,,solar,29.572,,10,5,1,10
2023-10-07 11:00:00,25812.487,26925.092,898.644,29.952,55.267,25.812487,26.925092,PVWatts,Solar_Delhi,,solar,29.952,,11,5,1,10
2023-10-07 12:00:00,25597.859,26702.58,889.685,30.072,55.142,25.597859,26.70258,PVWatts,Solar_Delhi,,solar,30.072,,12,5,1,10
2023-10-07 13:00:00,23343.129,24365.021,799.05,30.066,52.609,23.343129,24.365021000000002,PVWatts,Solar_Delhi,,solar,30.066,,13,5,1,10
2023-10-07 14:00:00,19321.778,20195.943,645.245,29.944,48.186,19.321778,20.195943,PVWatts,Solar_Delhi,,solar,29.944,,14,5,1,10
2023-10-07 15:00:00,13511.104,14171.81,439.114,29.51,41.958,13.511104,14.171809999999999,PVWatts,Solar_Delhi,,solar,29.51,,15,5,1,10
2023-10-07 16:00:00,6479.065,6881.444,223.789,28.695,34.939,6.479064999999999,6.881444,PVWatts,Solar_Delhi,,solar,28.695,,16,5,1,10
2023-10-07 17:00:00,300.615,476.025,25.886,27.149,27.76,0.300615,0.476025,PVWatts,Solar_Delhi,,solar,27.149,,17,5,1,10
2023-10-07 18:00:00,0.0,0.0,0.0,26.505,26.505,0.0,0.0,PVWatts,Solar_Delhi,,solar,26.505,,18,5,1,10
2023-10-07 19:00:00,0.0,0.0,0.0,26.035,26.035,0.0,0.0,PVWatts,Solar_Delhi,,solar,26.035,,19,5,1,10
2023-10-07 20:00:00,0.0,0.0,0.0,25.584,25.584,0.0,0.0,PVWatts,Solar_Delhi,,solar,25.584,,20,5,1,10
2023-10-07 21:00:00,0.0,0.0,0.0,25.08,25.08,0.0,0.0,PVWatts,Solar_Delhi,,solar,25.08,,21,5,1,10
2023-10-07 22:00:00,0.0,0.0,0.0,24.573,24.573,0.0,0.0,PVWatts,Solar_Delhi,,solar,24.573,,22,5,1,10
2023-10-07 23:00:00,0.0,0.0,0.0,24.068,24.068,0.0,0.0,PVWatts,Solar_Delhi,,solar,24.068,,23,5,1,10
2023-10-08 00:00:00,0.0,0.0,0.0,23.55,23.55,0.0,0.0,PVWatts,Solar_Delhi,,solar,23.55,,0,6,1,10
2023-10-08 01:00:00,0.0,0.0,0.0,23.036,23.036,0.0,0.0,PVWatts,Solar_Delhi,,solar,23.036,,1,6,1,10
2023-10-08 02:00:00,0.0,0.0,0.0,22.584,22.584,0.0,0.0,PVWatts,Solar_Delhi,,solar,22.584,,2,6,1,10
2023-10-08 03:00:00,0.0,0.0,0.0,22.146,22.146,0.0,0.0,PVWatts,Solar_Delhi,,solar,22.146,,3,6,1,10
2023-10-08 04:00:00,0.0,0.0,0.0,21.741,21.741,0.0,0.0,PVWatts,Solar_Delhi,,solar,21.741,,4,6,1,10
2023-10-08 05:00:00,0.0,0.0,0.0,21.345,0.0,0.0,0.0,PVWatts,Solar_Delhi,,solar,21.345,,5,6,1,10
2023-10-08 06:00:00,0.0,76.24,2.835,22.178,22.278,0.0,0.07623999999999999,PVWatts,Solar_Delhi,,solar,22.178,,6,6,1,10
2023-10-08 07:00:00,5925.202,6307.235,192.769,23.839,30.673,5.9252020000000005,6.3072349999999995,PVWatts,Solar_Delhi,,solar,23.839,,7,6,1,10
2023-10-08 08:00:00,14364.178,15056.222,471.497,26.396,43.121,14.364177999999999,15.056222,PVWatts,Solar_Delhi,,solar,26.396,,8,6,1,10
2023-10-08 09:00:00,19897.702,20793.024,684.847,29.823,54.06,19.897702000000002,20.793024000000003,PVWatts,Solar_Delhi,,solar,29.823,,9,6,1,10
2023-10-08 10:00:00,23430.411,24455.509,835.224,31.666,61.182,23.430411,24.455509,PVWatts,Solar_Delhi,,solar,31.666,,10,6,1,10
2023-10-08 11:00:00,25057.955,26142.842,909.683,32.647,64.777,25.057955000000003,26.142842,PVWatts,Solar_Delhi,,solar,32.647,,11,6,1,10
2023-10-08 12:00:00,24788.155,25863.131,899.29,33.109,64.882,24.788155,25.863131000000003,PVWatts,Solar_Delhi,,solar,33.109,,12,6,1,10
2023-10-08 13:00:00,22663.18,23660.094,807.038,33.152,61.7,22.66318,23.660094,PVWatts,Solar_Delhi,,solar,33.152,,13,6,1,10
2023-10-08 14:00:00,18799.724,19654.711,648.832,32.913,55.913,18.799723999999998,19.654711,PVWatts,Solar_Delhi,,solar,32.913,,14,6,1,10
2023-10-08 15:00:00,13179.558,13828.084,439.431,32.318,47.935,13.179558,13.828084,PVWatts,Solar_Delhi,,solar,32.318,,15,6,1,10
2023-10-08 16:00:00,6478.944,6881.319,225.228,30.965,38.866,6.478944,6.881319,PVWatts,Solar_Delhi,,solar,30.965,,16,6,1,10
2023-10-08 17:00:00,188.181,359.461,20.045,29.396,29.989,0.18818100000000001,0.35946100000000003,PVWatts,Solar_Delhi,,solar,29.396,,17,6,1,10
2023-10-08 18:00:00,0.0,0.0,0.0,28.471,28.471,0.0,0.0,PVWatts,Solar_Delhi,,solar,28.471,,18,6,1,10
2023-10-08 19:00:00,0.0,0.0,0.0,27.686,27.686,0.0,0.0,PVWatts,Solar_Delhi,,solar,27.686,,19,6,1,10
2023-10-08 20:00:00,0.0,0.0,0.0,26.828,26.828,0.0,0.0,PVWatts,Solar_Delhi,,solar,26.828,,20,6,1,10
2023-10-08 21:00:00,0.0,0.0,0.0,25.944,25.944,0.0,0.0,PVWatts,Solar_Delhi,,solar,25.944,,21,6,1,10
2023-10-08 22:00:00,0.0,0.0,0.0,25.132,25.132,0.0,0.0,PVWatts,Solar_Delhi,,solar,25.132,,22,6,1,10
2023-10-08 23:00:00,0.0,0.0,0.0,24.374,24.374,0.0,0.0,PVWatts,Solar_Delhi,,solar,24.374,,23,6,1,10
2023-10-09 00:00:00,0.0,0.0,0.0,23.658,23.658,0.0,0.0,PVWatts,Solar_Delhi,,solar,23.658,,0,0,0,10
2023-10-09 01:00:00,0.0,0.0,0.0,23.056,23.056,0.0,0.0,PVWatts,Solar_Delhi,,solar,23.056,,1,0,0,10
2023-10-09 02:00:00,0.0,0.0,0.0,22.523,22.523,0.0,0.0,PVWatts,Solar_Delhi,,solar,22.523,,2,0,0,10
2023-10-09 03:00:00,0.0,0.0,0.0,22.079,22.079,0.0,0.0,PVWatts,Solar_Delhi,,solar,22.079,,3,0,0,10
2023-10-09 04:00:00,0.0,0.0,0.0,21.752,21.752,0.0,0.0,PVWatts,Solar_Delhi,,solar,21.752,,4,0,0,10
2023-10-09 05:00:00,0.0,0.0,0.0,21.447,0.0,0.0,0.0,PVWatts,Solar_Delhi,,solar,21.447,,5,0,0,10
2023-10-09 06:00:00,0.0,49.571,1.89,22.296,22.385,0.0,0.049571,PVWatts,Solar_Delhi,,solar,22.296,,6,0,0,10
2023-10-09 07:00:00,5740.1,6115.333,189.011,24.216,33.189,5.7401,6.115333,PVWatts,Solar_Delhi,,solar,24.216,,7,0,0,10
2023-10-09 08:00:00,14069.02,14750.221,473.515,26.574,49.068,14.06902,14.750221,PVWatts,Solar_Delhi,,solar,26.574,,8,0,0,10
2023-10-09 09:00:00,19294.377,20167.535,689.829,30.004,62.698,19.294377,20.167535,PVWatts,Solar_Delhi,,solar,30.004,,9,0,0,10
2023-10-09 10:00:00,23591.638,24622.66,842.479,31.858,61.633,23.591638,24.62266,PVWatts,Solar_Delhi,,solar,31.858,,10,0,0,10
2023-10-09 11:00:00,25200.053,26290.161,916.73,32.898,65.279,25.200053,26.290161,PVWatts,Solar_Delhi,,solar,32.898,,11,0,0,10
2023-10-09 12:00:00,24894.856,25973.751,904.987,33.402,65.379,24.894856,25.973751,PVWatts,Solar_Delhi,,solar,33.402,,12,0,0,10
2023-10-09 13:00:00,22765.373,23766.041,812.212,33.459,62.192,22.765373,23.766041,PVWatts,Solar_Delhi,,solar,33.459,,13,0,0,10
2023-10-09 14:00:00,18917.791,19777.115,653.098,32.927,56.08,18.917791,19.777115000000002,PVWatts,Solar_Delhi,,solar,32.927,,14,0,0,10
2023-10-09 15:00:00,13309.086,13962.371,443.635,32.093,47.858,13.309085999999999,13.962371,PVWatts,Solar_Delhi,,solar,32.093,,15,0,0,10
2023-10-09 16:00:00,6402.903,6802.484,222.35,30.538,38.337,6.402903,6.802484000000001,PVWatts,Solar_Delhi,,solar,30.538,,16,0,0,10
2023-10-09 17:00:00,207.243,379.223,21.021,28.719,29.341,0.20724299999999998,0.37922300000000003,PVWatts,Solar_Delhi,,solar,28.719,,17,0,0,10
2023-10-09 18:00:00,0.0,0.0,0.0,27.72,27.72,0.0,0.0,PVWatts,Solar_Delhi,,solar,27.72,,18,0,0,10
2023-10-09 19:00:00,0.0,0.0,0.0,26.886,26.886,0.0,0.0,PVWatts,Solar_Delhi,,solar,26.886,,19,0,0,10
2023-10-09 20:00:00,0.0,0.0,0.0,26.161,26.161,0.0,0.0,PVWatts,Solar_Delhi,,solar,26.161,,20,0,0,10
2023-10-09 21:00:00,0.0,0.0,0.0,25.387,25.387,0.0,0.0,PVWatts,Solar_Delhi,,solar,25.387,,21,0,0,10
2023-10-09 22:00:00,0.0,0.0,0.0,24.682,24.682,0.0,0.0,PVWatts,Solar_Delhi,,solar,24.682,,22,0,0,10
2023-10-09 23:00:00,0.0,0.0,0.0,23.967,23.967,0.0,0.0,PVWatts,Solar_Delhi,,solar,23.967,,23,0,0,10
2023-10-10 00:00:00,0.0,0.0,0.0,23.266,23.266,0.0,0.0,PVWatts,Solar_Delhi,,solar,23.266,,0,1,0,10
2023-10-10 01:00:00,0.0,0.0,0.0,22.591,22.591,0.0,0.0,PVWatts,Solar_Delhi,,solar,22.591,,1,1,0,10
2023-10-10 02:00:00,0.0,0.0,0.0,21.932,21.932,0.0,0.0,PVWatts,Solar_Delhi,,solar,21.932,,2,1,0,10
2023-10-10 03:00:00,0.0,0.0,0.0,21.339,21.339,0.0,0.0,PVWatts,Solar_Delhi,,solar,21.339,,3,1,0,10
2023-10-10 04:00:00,0.0,0.0,0.0,20.782,20.782,0.0,0.0,PVWatts,Solar_Delhi,,solar,20.782,,4,1,0,10
2023-10-10 05:00:00,0.0,0.0,0.0,20.308,0.0,0.0,0.0,PVWatts,Solar_Delhi,,solar,20.308,,5,1,0,10
2023-10-10 06:00:00,0.0,49.873,1.89,21.06,21.126,0.0,0.049873,PVWatts,Solar_Delhi,,solar,21.06,,6,1,0,10
2023-10-10 07:00:00,5747.209,6122.703,187.357,24.099,30.742,5.747209,6.1227030000000005,PVWatts,Solar_Delhi,,solar,24.099,,7,1,0,10
2023-10-10 08:00:00,14081.416,14763.072,470.901,25.136,47.505,14.081415999999999,14.763072,PVWatts,Solar_Delhi,,solar,25.136,,8,1,0,10
2023-10-10 09:00:00,19538.073,20420.184,692.684,28.019,60.848,19.538073,20.420184000000003,PVWatts,Solar_Delhi,,solar,28.019,,9,1,0,10
2023-10-10 10:00:00,22799.696,23801.625,852.469,31.355,71.702,22.799696,23.801625,PVWatts,Solar_Delhi,,solar,31.355,,10,1,0,10
2023-10-10 11:00:00,24058.772,25106.954,923.756,33.16,76.858,24.058772,25.106954,PVWatts,Solar_Delhi,,solar,33.16,,11,1,0,10
2023-10-10 12:00:00,23705.909,24741.128,908.208,33.676,76.651,23.705909,24.741128,PVWatts,Solar_Delhi,,solar,33.676,,12,1,0,10
2023-10-10 13:00:00,21811.047,22776.657,814.782,33.629,72.23,21.811047,22.776657,PVWatts,Solar_Delhi,,solar,33.629,,13,1,0,10
2023-10-10 14:00:00,18244.016,19078.589,652.777,33.118,64.11,18.244016,19.078589,PVWatts,Solar_Delhi,,solar,33.118,,14,1,0,10
2023-10-10 15:00:00,10438.577,10986.411,355.164,32.251,49.124,10.438576999999999,10.986411,PVWatts,Solar_Delhi,,solar,32.251,,15,1,0,10
2023-10-10 16:00:00,6171.884,6562.979,217.211,30.635,40.835,6.171884,6.562979,PVWatts,Solar_Delhi,,solar,30.635,,16,1,0,10
2023-10-10 17:00:00,156.823,326.951,18.12,27.043,27.761,0.15682300000000002,0.32695100000000005,PVWatts,Solar_Delhi,,solar,27.043,,17,1,0,10
2023-10-10 18:00:00,0.0,0.0,0.0,27.118,27.118,0.0,0.0,PVWatts,Solar_Delhi,,solar,27.118,,18,1,0,10
2023-10-10 19:00:00,0.0,0.0,0.0,26.385,26.385,0.0,0.0,PVWatts,Solar_Delhi,,solar,26.385,,19,1,0,10
2023-10-10 20:00:00,0.0,0.0,0.0,25.74,25.74,0.0,0.0,PVWatts,Solar_Delhi,,solar,25.74,,20,1,0,10
2023-10-10 21:00:00,0.0,0.0,0.0,25.076,25.076,0.0,0.0,PVWatts,Solar_Delhi,,solar,25.076,,21,1,0,10
2023-10-10 22:00:00,0.0,0.0,0.0,24.39,24.39,0.0,0.0,PVWatts,Solar_Delhi,,solar,24.39,,22,1,0,10
2023-10-10 23:00:00,0.0,0.0,0.0,23.739,23.739,0.0,0.0,PVWatts,Solar_Delhi,,solar,23.739,,23,1,0,10
2023-10-11 00:00:00,0.0,0.0,0.0,23.111,23.111,0.0,0.0,PVWatts,Solar_Delhi,,solar,23.111,,0,2,0,10
2023-10-11 01:00:00,0.0,0.0,0.0,22.509,22.509,0.0,0.0,PVWatts,Solar_Delhi,,solar,22.509,,1,2,0,10
2023-10-11 02:00:00,0.0,0.0,0.0,21.923,21.923,0.0,0.0,PVWatts,Solar_Delhi,,solar,21.923,,2,2,0,10
2023-10-11 03:00:00,0.0,0.0,0.0,21.403,21.403,0.0,0.0,PVWatts,Solar_Delhi,,solar,21.403,,3,2,0,10
2023-10-11 04:00:00,0.0,0.0,0.0,20.953,20.953,0.0,0.0,PVWatts,Solar_Delhi,,solar,20.953,,4,2,0,10
2023-10-11 05:00:00,0.0,0.0,0.0,20.509,0.0,0.0,0.0,PVWatts,Solar_Delhi,,solar,20.509,,5,2,0,10
2023-10-11 06:00:00,0.0,0.0,0.945,21.222,21.267,0.0,0.0,PVWatts,Solar_Delhi,,solar,21.222,,6,2,0,10
2023-10-11 07:00:00,5820.104,6198.276,191.331,23.941,33.025,5.820104000000001,6.198276,PVWatts,Solar_Delhi,,solar,23.941,,7,2,0,10
2023-10-11 08:00:00,13999.873,14678.534,468.558,25.448,47.707,13.999873,14.678533999999999,PVWatts,Solar_Delhi,,solar,25.448,,8,2,0,10
2023-10-11 09:00:00,19451.672,20330.609,690.809,28.52,61.262,19.451672,20.330609,PVWatts,Solar_Delhi,,solar,28.52,,9,2,0,10
2023-10-11 10:00:00,22605.377,23600.168,843.316,31.341,71.257,22.605377,23.600168,PVWatts,Solar_Delhi,,solar,31.341,,10,2,0,10
2023-10-11 11:00:00,23878.895,24920.468,915.085,33.213,76.502,23.878895,24.920468,PVWatts,Solar_Delhi,,solar,33.213,,11,2,0,10
2023-10-11 12:00:00,23541.625,24570.809,900.503,33.755,76.368,23.541625,24.570809,PVWatts,Solar_Delhi,,solar,33.755,,12,2,0,10
2023-10-11 13:00:00,21627.849,22586.729,806.496,33.679,71.89,21.627848999999998,22.586729,PVWatts,Solar_Delhi,,solar,33.679,,13,2,0,10
2023-10-11 14:00:00,18091.34,18920.304,646.175,33.066,63.748,18.09134,18.920304,PVWatts,Solar_Delhi,,solar,33.066,,14,2,0,10
2023-10-11 15:00:00,12769.806,13403.28,435.283,32.101,52.814,12.769806,13.40328,PVWatts,Solar_Delhi,,solar,32.101,,15,2,0,10
2023-10-11 16:00:00,6066.061,6453.269,211.192,26.79,36.692,6.0660609999999995,6.453269000000001,PVWatts,Solar_Delhi,,solar,26.79,,16,2,0,10
2023-10-11 17:00:00,108.48,276.832,15.518,28.107,28.723,0.10848000000000001,0.27683199999999997,PVWatts,Solar_Delhi,,solar,28.107,,17,2,0,10
2023-10-11 18:00:00,0.0,0.0,0.0,27.213,27.213,0.0,0.0,PVWatts,Solar_Delhi,,solar,27.213,,18,2,0,10
2023-10-11 19:00:00,0.0,0.0,0.0,26.504,26.504,0.0,0.0,PVWatts,Solar_Delhi,,solar,26.504,,19,2,0,10
2023-10-11 20:00:00,0.0,0.0,0.0,25.84,25.84,0.0,0.0,PVWatts,Solar_Delhi,,solar,25.84,,20,2,0,10
2023-10-11 21:00:00,0.0,0.0,0.0,25.179,25.179,0.0,0.0,PVWatts,Solar_Delhi,,solar,25.179,,21,2,0,10
2023-10-11 22:00:00,0.0,0.0,0.0,24.495,24.495,0.0,0.0,PVWatts,Solar_Delhi,,solar,24.495,,22,2,0,10
2023-10-11 23:00:00,0.0,0.0,0.0,23.803,23.803,0.0,0.0,PVWatts,Solar_Delhi,,solar,23.803,,23,2,0,10
2023-10-12 00:00:00,0.0,0.0,0.0,23.118,23.118,0.0,0.0,PVWatts,Solar_Delhi,,solar,23.118,,0,3,0,10
2023-10-12 01:00:00,0.0,0.0,0.0,22.417,22.417,0.0,0.0,PVWatts,Solar_Delhi,,solar,22.417,,1,3,0,10
2023-10-12 02:00:00,0.0,0.0,0.0,21.773,21.773,0.0,0.0,PVWatts,Solar_Delhi,,solar,21.773,,2,3,0,10
2023-10-12 03:00:00,0.0,0.0,0.0,21.205,21.205,0.0,0.0,PVWatts,Solar_Delhi,,solar,21.205,,3,3,0,10
2023-10-12 04:00:00,0.0,0.0,0.0,20.714,20.714,0.0,0.0,PVWatts,Solar_Delhi,,solar,20.714,,4,3,0,10
2023-10-12 05:00:00,0.0,0.0,0.0,20.278,0.0,0.0,0.0,PVWatts,Solar_Delhi,,solar,20.278,,5,3,0,10
2023-10-12 06:00:00,0.0,0.0,0.945,20.986,21.031,0.0,0.0,PVWatts,Solar_Delhi,,solar,20.986,,6,3,0,10
2023-10-12 07:00:00,5759.159,6135.092,188.605,22.976,31.93,5.7591589999999995,6.135091999999999,PVWatts,Solar_Delhi,,solar,22.976,,7,3,0,10
2023-10-12 08:00:00,13970.906,14648.503,467.241,25.356,47.554,13.970906000000001,14.648503,PVWatts,Solar_Delhi,,solar,25.356,,8,3,0,10
2023-10-12 09:00:00,19361.923,20237.563,688.67,28.996,61.638,19.361922999999997,20.237562999999998,PVWatts,Solar_Delhi,,solar,28.996,,9,3,0,10
2023-10-12 10:00:00,22547.132,23539.783,844.314,32.151,72.118,22.547132,23.539783,PVWatts,Solar_Delhi,,solar,32.151,,10,3,0,10
2023-10-12 11:00:00,24098.915,25148.571,924.925,33.107,76.865,24.098915,25.148571,PVWatts,Solar_Delhi,,solar,33.107,,11,3,0,10
2023-10-12 12:00:00,23763.466,24800.8,909.054,33.418,76.44,23.763466,24.8008,PVWatts,Solar_Delhi,,solar,33.418,,12,3,0,10
2023-10-12 13:00:00,21846.133,22813.032,814.341,33.302,71.887,21.846133000000002,22.813032,PVWatts,Solar_Delhi,,solar,33.302,,13,3,0,10
2023-10-12 14:00:00,18156.041,18987.382,647.425,32.664,63.405,18.156041000000002,18.987382,PVWatts,Solar_Delhi,,solar,32.664,,14,3,0,10
2023-10-12 15:00:00,12680.712,13310.913,432.378,32.16,52.733,12.680712,13.310913000000001,PVWatts,Solar_Delhi,,solar,32.16,,15,3,0,10
2023-10-12 16:00:00,5797.303,6174.637,205.728,30.767,40.41,5.797303,6.174637,PVWatts,Solar_Delhi,,solar,30.767,,16,3,0,10
2023-10-12 17:00:00,73.884,240.965,13.578,27.788,28.327,0.073884,0.240965,PVWatts,Solar_Delhi,,solar,27.788,,17,3,0,10
2023-10-12 18:00:00,0.0,0.0,0.0,27.048,27.048,0.0,0.0,PVWatts,Solar_Delhi,,solar,27.048,,18,3,0,10
2023-10-12 19:00:00,0.0,0.0,0.0,26.384,26.384,0.0,0.0,PVWatts,Solar_Delhi,,solar,26.384,,19,3,0,10
2023-10-12 20:00:00,0.0,0.0,0.0,25.686,25.686,0.0,0.0,PVWatts,Solar_Delhi,,solar,25.686,,20,3,0,10
2023-10-12 21:00:00,0.0,0.0,0.0,25.015,25.015,0.0,0.0,PVWatts,Solar_Delhi,,solar,25.015,,21,3,0,10
2023-10-12 22:00:00,0.0,0.0,0.0,24.287,24.287,0.0,0.0,PVWatts,Solar_Delhi,,solar,24.287,,22,3,0,10
2023-10-12 23:00:00,0.0,0.0,0.0,23.55,23.55,0.0,0.0,PVWatts,Solar_Delhi,,solar,23.55,,23,3,0,10
2023-10-13 00:00:00,0.0,0.0,0.0,22.852,22.852,0.0,0.0,PVWatts,Solar_Delhi,,solar,22.852,,0,4,0,10
2023-10-13 01:00:00,0.0,0.0,0.0,22.215,22.215,0.0,0.0,PVWatts,Solar_Delhi,,solar,22.215,,1,4,0,10
2023-10-13 02:00:00,0.0,0.0,0.0,21.559,21.559,0.0,0.0,PVWatts,Solar_Delhi,,solar,21.559,,2,4,0,10
2023-10-13 03:00:00,0.0,0.0,0.0,20.943,20.943,0.0,0.0,PVWatts,Solar_Delhi,,solar,20.943,,3,4,0,10
2023-10-13 04:00:00,0.0,0.0,0.0,20.402,20.402,0.0,0.0,PVWatts,Solar_Delhi,,solar,20.402,,4,4,0,10
2023-10-13 05:00:00,0.0,0.0,0.0,19.889,0.0,0.0,0.0,PVWatts,Solar_Delhi,,solar,19.889,,5,4,0,10
2023-10-13 06:00:00,0.0,0.0,0.945,20.481,20.514,0.0,0.0,PVWatts,Solar_Delhi,,solar,20.481,,6,4,0,10
2023-10-13 07:00:00,5470.616,5835.95,178.133,23.401,29.716,5.470616,5.8359499999999995,PVWatts,Solar_Delhi,,solar,23.401,,7,4,0,10
2023-10-13 08:00:00,13943.87,14620.475,465.252,24.914,47.017,13.94387,14.620475,PVWatts,Solar_Delhi,,solar,24.914,,8,4,0,10
2023-10-13 09:00:00,19314.152,20188.037,683.72,28.175,60.584,19.314152,20.188037,PVWatts,Solar_Delhi,,solar,28.175,,9,4,0,10
2023-10-13 10:00:00,23608.536,24640.178,840.031,31.319,61.014,23.608536,24.640178,PVWatts,Solar_Delhi,,solar,31.319,,10,4,0,10
2023-10-13 11:00:00,25280.942,26374.021,917.219,32.468,64.874,25.280942,26.374021,PVWatts,Solar_Delhi,,solar,32.468,,11,4,0,10
2023-10-13 12:00:00,23654.486,24687.816,900.389,32.83,75.444,23.654486000000002,24.687815999999998,PVWatts,Solar_Delhi,,solar,32.83,,12,4,0,10
2023-10-13 13:00:00,21709.581,22671.464,805.207,32.704,70.859,21.709581,22.671464,PVWatts,Solar_Delhi,,solar,32.704,,13,4,0,10
2023-10-13 14:00:00,18114.442,18944.254,643.43,32.089,62.645,18.114442,18.944254,PVWatts,Solar_Delhi,,solar,32.089,,14,4,0,10
2023-10-13 15:00:00,12655.721,13285.004,429.195,30.996,51.417,12.655721,13.285004,PVWatts,Solar_Delhi,,solar,30.996,,15,4,0,10
2023-10-13 16:00:00,5875.445,6255.65,205.816,26.064,35.691,5.875445,6.255649999999999,PVWatts,Solar_Delhi,,solar,26.064,,16,4,0,10
2023-10-13 17:00:00,22.883,188.09,10.668,26.655,27.078,0.022883,0.18809,PVWatts,Solar_Delhi,,solar,26.655,,17,4,0,10
2023-10-13 18:00:00,0.0,0.0,0.0,26.189,26.189,0.0,0.0,PVWatts,Solar_Delhi,,solar,26.189,,18,4,0,10
2023-10-13 19:00:00,0.0,0.0,0.0,25.545,25.545,0.0,0.0,PVWatts,Solar_Delhi,,solar,25.545,,19,4,0,10
2023-10-13 20:00:00,0.0,0.0,0.0,24.893,24.893,0.0,0.0,PVWatts,Solar_Delhi,,solar,24.893,,20,4,0,10
2023-10-13 21:00:00,0.0,0.0,0.0,24.275,24.275,0.0,0.0,PVWatts,Solar_Delhi,,solar,24.275,,21,4,0,10
2023-10-13 22:00:00,0.0,0.0,0.0,23.668,23.668,0.0,0.0,PVWatts,Solar_Delhi,,solar,23.668,,22,4,0,10
2023-10-13 23:00:00,0.0,0.0,0.0,23.061,23.061,0.0,0.0,PVWatts,Solar_Delhi,,solar,23.061,,23,4,0,10
2023-10-14 00:00:00,0.0,0.0,0.0,22.49,22.49,0.0,0.0,PVWatts,Solar_Delhi,,solar,22.49,,0,5,1,10
2023-10-14 01:00:00,0.0,0.0,0.0,21.918,21.918,0.0,0.0,PVWatts,Solar_Delhi,,solar,21.918,,1,5,1,10
2023-10-14 02:00:00,0.0,0.0,0.0,21.379,21.379,0.0,0.0,PVWatts,Solar_Delhi,,solar,21.379,,2,5,1,10
2023-10-14 03:00:00,0.0,0.0,0.0,20.9,20.9,0.0,0.0,PVWatts,Solar_Delhi,,solar,20.9,,3,5,1,10
2023-10-14 04:00:00,0.0,0.0,0.0,20.445,20.445,0.0,0.0,PVWatts,Solar_Delhi,,solar,20.445,,4,5,1,10
2023-10-14 05:00:00,0.0,0.0,0.0,20.03,0.0,0.0,0.0,PVWatts,Solar_Delhi,,solar,20.03,,5,5,1,10
2023-10-14 06:00:00,0.0,0.0,0.945,20.625,20.658,0.0,0.0,PVWatts,Solar_Delhi,,solar,20.625,,6,5,1,10
2023-10-14 07:00:00,5345.267,5705.996,174.335,23.581,29.762,5.345267,5.705996,PVWatts,Solar_Delhi,,solar,23.581,,7,5,1,10
2023-10-14 08:00:00,14196.938,14882.839,462.849,25.144,41.566,14.196938,14.882839,PVWatts,Solar_Delhi,,solar,25.144,,8,5,1,10
2023-10-14 09:00:00,19277.366,20149.9,682.327,28.344,60.692,19.277366,20.149900000000002,PVWatts,Solar_Delhi,,solar,28.344,,9,5,1,10
2023-10-14 10:00:00,23489.324,24516.586,836.955,31.763,61.351,23.489324,24.516586,PVWatts,Solar_Delhi,,solar,31.763,,10,5,1,10
2023-10-14 11:00:00,25004.424,26087.345,907.537,32.944,65.01,25.004424,26.087345000000003,PVWatts,Solar_Delhi,,solar,32.944,,11,5,1,10
2023-10-14 12:00:00,24620.484,25689.3,891.601,33.286,64.8,24.620484,25.6893,PVWatts,Solar_Delhi,,solar,33.286,,12,5,1,10
2023-10-14 13:00:00,22421.669,23409.711,796.092,33.203,61.376,22.421669,23.409710999999998,PVWatts,Solar_Delhi,,solar,33.203,,13,5,1,10
2023-10-14 14:00:00,18490.9,19334.542,634.783,32.501,55.014,18.4909,19.334542000000003,PVWatts,Solar_Delhi,,solar,32.501,,14,5,1,10
2023-10-14 15:00:00,12464.147,13086.392,423.555,31.638,51.791,12.464147,13.086392,PVWatts,Solar_Delhi,,solar,31.638,,15,5,1,10
2023-10-14 16:00:00,5586.074,5955.648,197.31,29.206,38.452,5.586074,5.955648,PVWatts,Solar_Delhi,,solar,29.206,,16,5,1,10
2023-10-14 17:00:00,0.0,151.103,8.729,28.006,28.353,0.0,0.15110300000000002,PVWatts,Solar_Delhi,,solar,28.006,,17,5,1,10
2023-10-14 18:00:00,0.0,0.0,0.0,27.04,27.04,0.0,0.0,PVWatts,Solar_Delhi,,solar,27.04,,18,5,1,10
2023-10-14 19:00:00,0.0,0.0,0.0,26.264,26.264,0.0,0.0,PVWatts,Solar_Delhi,,solar,26.264,,19,5,1,10
2023-10-14 20:00:00,0.0,0.0,0.0,25.482,25.482,0.0,0.0,PVWatts,Solar_Delhi,,solar,25.482,,20,5,1,10
2023-10-14 21:00:00,0.0,0.0,0.0,24.739,24.739,0.0,0.0,PVWatts,Solar_Delhi,,solar,24.739,,21,5,1,10
2023-10-14 22:00:00,0.0,0.0,0.0,24.012,24.012,0.0,0.0,PVWatts,Solar_Delhi,,solar,24.012,,22,5,1,10
2023-10-14 23:00:00,0.0,0.0,0.0,23.352,23.352,0.0,0.0,PVWatts,Solar_Delhi,,solar,23.352,,23,5,1,10
2023-10-15 00:00:00,0.0,0.0,0.0,22.725,22.725,0.0,0.0,PVWatts,Solar_Delhi,,solar,22.725,,0,6,1,10
2023-10-15 01:00:00,0.0,0.0,0.0,22.116,22.116,0.0,0.0,PVWatts,Solar_Delhi,,solar,22.116,,1,6,1,10
2023-10-15 02:00:00,0.0,0.0,0.0,21.542,21.542,0.0,0.0,PVWatts,Solar_Delhi,,solar,21.542,,2,6,1,10
2023-10-15 03:00:00,0.0,0.0,0.0,21.043,21.043,0.0,0.0,PVWatts,Solar_Delhi,,solar,21.043,,3,6,1,10
2023-10-15 04:00:00,0.0,0.0,0.0,20.609,20.609,0.0,0.0,PVWatts,Solar_Delhi,,solar,20.609,,4,6,1,10
2023-10-15 05:00:00,0.0,0.0,0.0,20.18,0.0,0.0,0.0,PVWatts,Solar_Delhi,,solar,20.18,,5,6,1,10
2023-10-15 06:00:00,0.0,0.0,0.945,20.719,20.763,0.0,0.0,PVWatts,Solar_Delhi,,solar,20.719,,6,6,1,10
2023-10-15 07:00:00,5712.916,6087.15,186.791,22.554,31.423,5.712916,6.087149999999999,PVWatts,Solar_Delhi,,solar,22.554,,7,6,1,10
2023-10-15 08:00:00,12217.418,12830.599,404.744,24.648,43.869,12.217418,12.830599,PVWatts,Solar_Delhi,,solar,24.648,,8,6,1,10
2023-10-15 09:00:00,18931.668,19791.502,666.703,27.745,59.347,18.931668000000002,19.791502,PVWatts,Solar_Delhi,,solar,27.745,,9,6,1,10
2023-10-15 10:00:00,22216.12,23196.611,822.011,30.593,69.502,22.21612,23.196611,PVWatts,Solar_Delhi,,solar,30.593,,10,6,1,10
2023-10-15 11:00:00,24945.294,26026.043,902.389,32.411,64.296,24.945294,26.026043,PVWatts,Solar_Delhi,,solar,32.411,,11,6,1,10
2023-10-15 12:00:00,24642.513,25712.139,890.569,32.919,64.398,24.642512999999997,25.712139,PVWatts,Solar_Delhi,,solar,32.919,,12,6,1,10
2023-10-15 13:00:00,22476.65,23466.711,796.703,32.867,61.063,22.476650000000003,23.466711,PVWatts,Solar_Delhi,,solar,32.867,,13,6,1,10
2023-10-15 14:00:00,18530.808,19375.916,635.168,32.206,54.735,18.530808,19.375916,PVWatts,Solar_Delhi,,solar,32.206,,14,6,1,10
2023-10-15 15:00:00,12720.368,13352.026,422.402,31.381,46.387,12.720368,13.352026,PVWatts,Solar_Delhi,,solar,31.381,,15,6,1,10
2023-10-15 16:00:00,5693.862,6067.397,199.634,29.2,36.18,5.693862,6.067397,PVWatts,Solar_Delhi,,solar,29.2,,16,6,1,10
2023-10-15 17:00:00,0.0,116.127,6.789,27.731,27.932,0.0,0.116127,PVWatts,Solar_Delhi,,solar,27.731,,17,6,1,10
2023-10-15 18:00:00,0.0,0.0,0.0,26.739,26.739,0.0,0.0,PVWatts,Solar_Delhi,,solar,26.739,,18,6,1,10
2023-10-15 19:00:00,0.0,0.0,0.0,25.979,25.979,0.0,0.0,PVWatts,Solar_Delhi,,solar,25.979,,19,6,1,10
2023-10-15 20:00:00,0.0,0.0,0.0,25.289,25.289,0.0,0.0,PVWatts,Solar_Delhi,,solar,25.289,,20,6,1,10
2023-10-15 21:00:00,0.0,0.0,0.0,24.576,24.576,0.0,0.0,PVWatts,Solar_Delhi,,solar,24.576,,21,6,1,10
2023-10-15 22:00:00,0.0,0.0,0.0,23.872,23.872,0.0,0.0,PVWatts,Solar_Delhi,,solar,23.872,,22,6,1,10
2023-10-15 23:00:00,0.0,0.0,0.0,23.212,23.212,0.0,0.0,PVWatts,Solar_Delhi,,solar,23.212,,23,6,1,10
2023-10-16 00:00:00,0.0,0.0,0.0,22.529,22.529,0.0,0.0,PVWatts,Solar_Delhi,,solar,22.529,,0,0,0,10
2023-10-16 01:00:00,0.0,0.0,0.0,21.838,21.838,0.0,0.0,PVWatts,Solar_Delhi,,solar,21.838,,1,0,0,10
2023-10-16 02:00:00,0.0,0.0,0.0,21.177,21.177,0.0,0.0,PVWatts,Solar_Delhi,,solar,21.177,,2,0,0,10
2023-10-16 03:00:00,0.0,0.0,0.0,20.615,20.615,0.0,0.0,PVWatts,Solar_Delhi,,solar,20.615,,3,0,0,10
2023-10-16 04:00:00,0.0,0.0,0.0,20.101,20.101,0.0,0.0,PVWatts,Solar_Delhi,,solar,20.101,,4,0,0,10
2023-10-16 05:00:00,0.0,0.0,0.0,19.696,0.0,0.0,0.0,PVWatts,Solar_Delhi,,solar,19.696,,5,0,0,10
2023-10-16 06:00:00,0.0,0.0,0.0,20.177,0.0,0.0,0.0,PVWatts,Solar_Delhi,,solar,20.177,,6,0,0,10
2023-10-16 07:00:00,5171.503,5525.848,168.412,22.885,28.856,5.1715029999999995,5.525848,PVWatts,Solar_Delhi,,solar,22.885,,7,0,0,10
2023-10-16 08:00:00,13810.486,14482.19,448.227,24.472,40.377,13.810486000000001,14.482190000000001,PVWatts,Solar_Delhi,,solar,24.472,,8,0,0,10
2023-10-16 09:00:00,19925.669,20822.018,678.016,27.768,51.774,19.925669000000003,20.822018,PVWatts,Solar_Delhi,,solar,27.768,,9,0,0,10
2023-10-16 10:00:00,23445.706,24471.367,809.144,31.121,53.933,23.445705999999998,24.471366999999997,PVWatts,Solar_Delhi,,solar,31.121,,10,0,0,10
2023-10-16 11:00:00,22272.153,23254.702,774.065,32.568,54.361,22.272153,23.254702,PVWatts,Solar_Delhi,,solar,32.568,,11,0,0,10
2023-10-16 12:00:00,18904.418,19763.251,651.183,33.006,51.328,18.904418,19.763251,PVWatts,Solar_Delhi,,solar,33.006,,12,0,0,10
2023-10-16 13:00:00,17279.144,18078.271,589.761,32.957,49.567,17.279144,18.078271,PVWatts,Solar_Delhi,,solar,32.957,,13,0,0,10
2023-10-16 14:00:00,16240.585,17001.561,544.151,32.295,47.67,16.240585,17.001561000000002,PVWatts,Solar_Delhi,,solar,32.295,,14,0,0,10
2023-10-16 15:00:00,12506.241,13130.033,409.915,31.322,42.936,12.506241,13.130033,PVWatts,Solar_Delhi,,solar,31.322,,15,0,0,10
2023-10-16 16:00:00,5792.706,6169.871,203.54,29.444,35.107,5.792706,6.169871,PVWatts,Solar_Delhi,,solar,29.444,,16,0,0,10
2023-10-16 17:00:00,0.0,64.53,3.879,27.051,27.143,0.0,0.06453,PVWatts,Solar_Delhi,,solar,27.051,,17,0,0,10
2023-10-16 18:00:00,0.0,0.0,0.0,25.911,25.911,0.0,0.0,PVWatts,Solar_Delhi,,solar,25.911,,18,0,0,10
2023-10-16 19:00:00,0.0,0.0,0.0,24.952,24.952,0.0,0.0,PVWatts,Solar_Delhi,,solar,24.952,,19,0,0,10
2023-10-16 20:00:00,0.0,0.0,0.0,24.017,24.017,0.0,0.0,PVWatts,Solar_Delhi,,solar,24.017,,20,0,0,10
2023-10-16 21:00:00,0.0,0.0,0.0,23.1,23.1,0.0,0.0,PVWatts,Solar_Delhi,,solar,23.1,,21,0,0,10
2023-10-16 22:00:00,0.0,0.0,0.0,22.222,22.222,0.0,0.0,PVWatts,Solar_Delhi,,solar,22.222,,22,0,0,10
2023-10-16 23:00:00,0.0,0.0,0.0,21.452,21.452,0.0,0.0,PVWatts,Solar_Delhi,,solar,21.452,,23,0,0,10
2023-10-17 00:00:00,0.0,0.0,0.0,20.764,20.764,0.0,0.0,PVWatts,Solar_Delhi,,solar,20.764,,0,1,0,10
2023-10-17 01:00:00,0.0,0.0,0.0,20.13,20.13,0.0,0.0,PVWatts,Solar_Delhi,,solar,20.13,,1,1,0,10
2023-10-17 02:00:00,0.0,0.0,0.0,19.563,19.563,0.0,0.0,PVWatts,Solar_Delhi,,solar,19.563,,2,1,0,10
2023-10-17 03:00:00,0.0,0.0,0.0,19.114,19.114,0.0,0.0,PVWatts,Solar_Delhi,,solar,19.114,,3,1,0,10
2023-10-17 04:00:00,0.0,0.0,0.0,18.758,18.758,0.0,0.0,PVWatts,Solar_Delhi,,solar,18.758,,4,1,0,10
2023-10-17 05:00:00,0.0,0.0,0.0,18.477,0.0,0.0,0.0,PVWatts,Solar_Delhi,,solar,18.477,,5,1,0,10
2023-10-17 06:00:00,0.0,0.0,0.0,19.012,0.0,0.0,0.0,PVWatts,Solar_Delhi,,solar,19.012,,6,1,0,10
2023-10-17 07:00:00,5099.7,5451.408,164.597,21.74,26.395,5.0996999999999995,5.451408000000001,PVWatts,Solar_Delhi,,solar,21.74,,7,1,0,10
2023-10-17 08:00:00,14224.578,14911.494,454.87,24.045,36.92,14.224578,14.911494000000001,PVWatts,Solar_Delhi,,solar,24.045,,8,1,0,10
2023-10-17 09:00:00,19899.94,20795.344,675.372,27.245,51.157,19.899939999999997,20.795344,PVWatts,Solar_Delhi,,solar,27.245,,9,1,0,10
2023-10-17 10:00:00,24101.519,25151.271,830.344,30.432,53.851,24.101519,25.151271,PVWatts,Solar_Delhi,,solar,30.432,,10,1,0,10
2023-10-17 11:00:00,25884.68,26999.938,909.692,32.293,57.935,25.88468,26.999937999999997,PVWatts,Solar_Delhi,,solar,32.293,,11,1,0,10
2023-10-17 12:00:00,25498.333,26599.398,895.113,32.741,57.981,25.498333,26.599398,PVWatts,Solar_Delhi,,solar,32.741,,12,1,0,10
2023-10-17 13:00:00,23160.609,24175.796,799.773,32.678,55.258,23.160609,24.175796,PVWatts,Solar_Delhi,,solar,32.678,,13,1,0,10
2023-10-17 14:00:00,18769.475,19623.351,629.686,32.002,49.817,18.769475,19.623351,PVWatts,Solar_Delhi,,solar,32.002,,14,1,0,10
2023-10-17 15:00:00,12715.978,13347.475,416.384,30.926,42.722,12.715978,13.347475000000001,PVWatts,Solar_Delhi,,solar,30.926,,15,1,0,10
2023-10-17 16:00:00,5023.358,5372.262,174.131,28.976,33.845,5.023358,5.372262,PVWatts,Solar_Delhi,,solar,28.976,,16,1,0,10
2023-10-17 17:00:00,0.0,47.724,2.91,26.569,26.637,0.0,0.047723999999999996,PVWatts,Solar_Delhi,,solar,26.569,,17,1,0,10
2023-10-17 18:00:00,0.0,0.0,0.0,25.536,25.536,0.0,0.0,PVWatts,Solar_Delhi,,solar,25.536,,18,1,0,10
2023-10-17 19:00:00,0.0,0.0,0.0,24.707,24.707,0.0,0.0,PVWatts,Solar_Delhi,,solar,24.707,,19,1,0,10
2023-10-17 20:00:00,0.0,0.0,0.0,23.845,23.845,0.0,0.0,PVWatts,Solar_Delhi,,solar,23.845,,20,1,0,10
2023-10-17 21:00:00,0.0,0.0,0.0,23.058,23.058,0.0,0.0,PVWatts,Solar_Delhi,,solar,23.058,,21,1,0,10
2023-10-17 22:00:00,0.0,0.0,0.0,22.302,22.302,0.0,0.0,PVWatts,Solar_Delhi,,solar,22.302,,22,1,0,10
2023-10-17 23:00:00,0.0,0.0,0.0,21.587,21.587,0.0,0.0,PVWatts,Solar_Delhi,,solar,21.587,,23,1,0,10
2023-10-18 00:00:00,0.0,0.0,0.0,20.913,20.913,0.0,0.0,PVWatts,Solar_Delhi,,solar,20.913,,0,2,0,10
2023-10-18 01:00:00,0.0,0.0,0.0,20.256,20.256,0.0,0.0,PVWatts,Solar_Delhi,,solar,20.256,,1,2,0,10
2023-10-18 02:00:00,0.0,0.0,0.0,19.652,19.652,0.0,0.0,PVWatts,Solar_Delhi,,solar,19.652,,2,2,0,10
2023-10-18 03:00:00,0.0,0.0,0.0,19.143,19.143,0.0,0.0,PVWatts,Solar_Delhi,,solar,19.143,,3,2,0,10
2023-10-18 04:00:00,0.0,0.0,0.0,18.765,18.765,0.0,0.0,PVWatts,Solar_Delhi,,solar,18.765,,4,2,0,10
2023-10-18 05:00:00,0.0,0.0,0.0,18.426,0.0,0.0,0.0,PVWatts,Solar_Delhi,,solar,18.426,,5,2,0,10
2023-10-18 06:00:00,0.0,0.0,0.0,18.965,0.0,0.0,0.0,PVWatts,Solar_Delhi,,solar,18.965,,6,2,0,10
2023-10-18 07:00:00,4630.064,4964.519,150.796,21.682,27.028,4.630064,4.964519,PVWatts,Solar_Delhi,,solar,21.682,,7,2,0,10
2023-10-18 08:00:00,13171.92,13820.166,425.723,23.611,38.713,13.17192,13.820165999999999,PVWatts,Solar_Delhi,,solar,23.611,,8,2,0,10
2023-10-18 09:00:00,19514.557,20395.804,659.301,26.683,50.026,19.514557,20.395804000000002,PVWatts,Solar_Delhi,,solar,26.683,,9,2,0,10
2023-10-18 10:00:00,22952.298,23959.833,809.143,30.335,58.94,22.952298,23.959833,PVWatts,Solar_Delhi,,solar,30.335,,10,2,0,10
2023-10-18 11:00:00,24834.202,25910.87,896.201,32.263,63.936,24.834202,25.91087,PVWatts,Solar_Delhi,,solar,32.263,,11,2,0,10
2023-10-18 12:00:00,25410.006,26507.826,892.024,32.888,58.043,25.410006000000003,26.507826,PVWatts,Solar_Delhi,,solar,32.888,,12,2,0,10
2023-10-18 13:00:00,23077.222,24089.346,796.772,32.786,55.283,23.077222000000003,24.089346000000003,PVWatts,Solar_Delhi,,solar,32.786,,13,2,0,10
2023-10-18 14:00:00,18307.281,19144.178,626.312,32.169,54.387,18.307281,19.144178,PVWatts,Solar_Delhi,,solar,32.169,,14,2,0,10
2023-10-18 15:00:00,12400.184,13020.08,411.574,31.319,45.939,12.400184,13.02008,PVWatts,Solar_Delhi,,solar,31.319,,15,2,0,10
2023-10-18 16:00:00,5171.686,5526.038,181.648,28.951,35.303,5.171685999999999,5.526038,PVWatts,Solar_Delhi,,solar,28.951,,16,2,0,10
2023-10-18 17:00:00,0.0,64.657,3.879,26.698,26.813,0.0,0.06465699999999999,PVWatts,Solar_Delhi,,solar,26.698,,17,2,0,10
2023-10-18 18:00:00,0.0,0.0,0.0,25.709,25.709,0.0,0.0,PVWatts,Solar_Delhi,,solar,25.709,,18,2,0,10
2023-10-18 19:00:00,0.0,0.0,0.0,25.012,25.012,0.0,0.0,PVWatts,Solar_Delhi,,solar,25.012,,19,2,0,10
2023-10-18 20:00:00,0.0,0.0,0.0,24.343,24.343,0.0,0.0,PVWatts,Solar_Delhi,,solar,24.343,,20,2,0,10
2023-10-18 21:00:00,0.0,0.0,0.0,23.723,23.723,0.0,0.0,PVWatts,Solar_Delhi,,solar,23.723,,21,2,0,10
2023-10-18 22:00:00,0.0,0.0,0.0,23.043,23.043,0.0,0.0,PVWatts,Solar_Delhi,,solar,23.043,,22,2,0,10
2023-10-18 23:00:00,0.0,0.0,0.0,22.329,22.329,0.0,0.0,PVWatts,Solar_Delhi,,solar,22.329,,23,2,0,10
2023-10-19 00:00:00,0.0,0.0,0.0,21.648,21.648,0.0,0.0,PVWatts,Solar_Delhi,,solar,21.648,,0,3,0,10
2023-10-19 01:00:00,0.0,0.0,0.0,21.27,21.27,0.0,0.0,PVWatts,Solar_Delhi,,solar,21.27,,1,3,0,10
2023-10-19 02:00:00,0.0,0.0,0.0,21.138,21.138,0.0,0.0,PVWatts,Solar_Delhi,,solar,21.138,,2,3,0,10
2023-10-19 03:00:00,0.0,0.0,0.0,20.773,20.773,0.0,0.0,PVWatts,Solar_Delhi,,solar,20.773,,3,3,0,10
2023-10-19 04:00:00,0.0,0.0,0.0,20.363,20.363,0.0,0.0,PVWatts,Solar_Delhi,,solar,20.363,,4,3,0,10
2023-10-19 05:00:00,0.0,0.0,0.0,19.979,0.0,0.0,0.0,PVWatts,Solar_Delhi,,solar,19.979,,5,3,0,10
2023-10-19 06:00:00,0.0,0.0,0.0,20.028,0.0,0.0,0.0,PVWatts,Solar_Delhi,,solar,20.028,,6,3,0,10
2023-10-19 07:00:00,4519.053,4849.43,146.99,21.071,26.282,4.5190529999999995,4.84943,PVWatts,Solar_Delhi,,solar,21.071,,7,3,0,10
2023-10-19 08:00:00,12553.481,13179.008,403.209,22.29,36.591,12.553481,13.179008,PVWatts,Solar_Delhi,,solar,22.29,,8,3,0,10
2023-10-19 09:00:00,18644.534,19493.82,645.338,24.902,55.498,18.644534,19.49382,PVWatts,Solar_Delhi,,solar,24.902,,9,3,0,10
2023-10-19 10:00:00,21961.758,22932.904,798.104,27.975,65.761,21.961758000000003,22.932903999999997,PVWatts,Solar_Delhi,,solar,27.975,,10,3,0,10
2023-10-19 11:00:00,24464.306,25527.385,874.205,30.758,61.649,24.464306,25.527385,PVWatts,Solar_Delhi,,solar,30.758,,11,3,0,10
2023-10-19 12:00:00,24241.863,25296.77,869.2,32.024,62.751,24.241863000000002,25.296770000000002,PVWatts,Solar_Delhi,,solar,32.024,,12,3,0,10
2023-10-19 13:00:00,21974.926,22946.556,773.42,32.168,59.544,21.974926,22.946556,PVWatts,Solar_Delhi,,solar,32.168,,13,3,0,10
2023-10-19 14:00:00,18269.415,19104.92,622.944,31.629,53.73,18.269415000000002,19.10492,PVWatts,Solar_Delhi,,solar,31.629,,14,3,0,10
2023-10-19 15:00:00,12360.429,12978.864,409.442,30.674,45.214,12.360429,12.978864,PVWatts,Solar_Delhi,,solar,30.674,,15,3,0,10
2023-10-19 16:00:00,5059.905,5410.15,177.986,28.928,35.151,5.059905,5.41015,PVWatts,Solar_Delhi,,solar,28.928,,16,3,0,10
2023-10-19 17:00:00,0.0,47.755,2.91,26.446,26.533,0.0,0.047755000000000006,PVWatts,Solar_Delhi,,solar,26.446,,17,3,0,10
2023-10-19 18:00:00,0.0,0.0,0.0,25.436,25.436,0.0,0.0,PVWatts,Solar_Delhi,,solar,25.436,,18,3,0,10
2023-10-19 19:00:00,0.0,0.0,0.0,24.631,24.631,0.0,0.0,PVWatts,Solar_Delhi,,solar,24.631,,19,3,0,10
2023-10-19 20:00:00,0.0,0.0,0.0,23.839,23.839,0.0,0.0,PVWatts,Solar_Delhi,,solar,23.839,,20,3,0,10
2023-10-19 21:00:00,0.0,0.0,0.0,23.059,23.059,0.0,0.0,PVWatts,Solar_Delhi,,solar,23.059,,21,3,0,10
2023-10-19 22:00:00,0.0,0.0,0.0,22.268,22.268,0.0,0.0,PVWatts,Solar_Delhi,,solar,22.268,,22,3,0,10
2023-10-19 23:00:00,0.0,0.0,0.0,21.469,21.469,0.0,0.0,PVWatts,Solar_Delhi,,solar,21.469,,23,3,0,10
2023-10-20 00:00:00,0.0,0.0,0.0,20.673,20.673,0.0,0.0,PVWatts,Solar_Delhi,,solar,20.673,,0,4,0,10
2023-10-20 01:00:00,0.0,0.0,0.0,19.926,19.926,0.0,0.0,PVWatts,Solar_Delhi,,solar,19.926,,1,4,0,10
2023-10-20 02:00:00,0.0,0.0,0.0,19.219,19.219,0.0,0.0,PVWatts,Solar_Delhi,,solar,19.219,,2,4,0,10
2023-10-20 03:00:00,0.0,0.0,0.0,18.643,18.643,0.0,0.0,PVWatts,Solar_Delhi,,solar,18.643,,3,4,0,10
2023-10-20 04:00:00,0.0,0.0,0.0,18.171,18.171,0.0,0.0,PVWatts,Solar_Delhi,,solar,18.171,,4,4,0,10
2023-10-20 05:00:00,0.0,0.0,0.0,17.755,0.0,0.0,0.0,PVWatts,Solar_Delhi,,solar,17.755,,5,4,0,10
2023-10-20 06:00:00,0.0,0.0,0.0,18.184,0.0,0.0,0.0,PVWatts,Solar_Delhi,,solar,18.184,,6,4,0,10
2023-10-20 07:00:00,4683.629,5020.052,152.14,21.163,26.556,4.683629,5.020052,PVWatts,Solar_Delhi,,solar,21.163,,7,4,0,10
2023-10-20 08:00:00,13237.561,13888.218,426.858,23.197,38.342,13.237561,13.888218,PVWatts,Solar_Delhi,,solar,23.197,,8,4,0,10
2023-10-20 09:00:00,19506.508,20387.459,658.743,26.75,50.078,19.506508,20.387459,PVWatts,Solar_Delhi,,solar,26.75,,9,4,0,10
2023-10-20 10:00:00,23222.135,24239.582,818.565,30.244,59.191,23.222134999999998,24.239582,PVWatts,Solar_Delhi,,solar,30.244,,10,4,0,10
2023-10-20 11:00:00,25382.679,26479.495,885.97,31.512,56.488,25.382679,26.479495,PVWatts,Solar_Delhi,,solar,31.512,,11,4,0,10
2023-10-20 12:00:00,25265.585,26358.1,881.524,31.916,56.778,25.265584999999998,26.3581,PVWatts,Solar_Delhi,,solar,31.916,,12,4,0,10
2023-10-20 13:00:00,22887.345,23892.493,785.709,31.906,54.094,22.887345,23.892492999999998,PVWatts,Solar_Delhi,,solar,31.906,,13,4,0,10
2023-10-20 14:00:00,18517.911,19362.545,617.897,31.192,48.679,18.517911,19.362544999999997,PVWatts,Solar_Delhi,,solar,31.192,,14,4,0,10
2023-10-20 15:00:00,12431.472,13052.517,405.532,30.178,41.667,12.431472,13.052517,PVWatts,Solar_Delhi,,solar,30.178,,15,4,0,10
2023-10-20 16:00:00,5158.07,5511.922,180.43,28.159,33.185,5.1580699999999995,5.511921999999999,PVWatts,Solar_Delhi,,solar,28.159,,16,4,0,10
2023-10-20 17:00:00,0.0,31.273,1.94,25.441,25.487,0.0,0.031273,PVWatts,Solar_Delhi,,solar,25.441,,17,4,0,10
2023-10-20 18:00:00,0.0,0.0,0.0,24.372,24.372,0.0,0.0,PVWatts,Solar_Delhi,,solar,24.372,,18,4,0,10
2023-10-20 19:00:00,0.0,0.0,0.0,23.504,23.504,0.0,0.0,PVWatts,Solar_Delhi,,solar,23.504,,19,4,0,10
2023-10-20 20:00:00,0.0,0.0,0.0,22.665,22.665,0.0,0.0,PVWatts,Solar_Delhi,,solar,22.665,,20,4,0,10
2023-10-20 21:00:00,0.0,0.0,0.0,21.874,21.874,0.0,0.0,PVWatts,Solar_Delhi,,solar,21.874,,21,4,0,10
2023-10-20 22:00:00,0.0,0.0,0.0,21.11,21.11,0.0,0.0,PVWatts,Solar_Delhi,,solar,21.11,,22,4,0,10
2023-10-20 23:00:00,0.0,0.0,0.0,20.397,20.397,0.0,0.0,PVWatts,Solar_Delhi,,solar,20.397,,23,4,0,10
2023-10-21 00:00:00,0.0,0.0,0.0,19.755,19.755,0.0,0.0,PVWatts,Solar_Delhi,,solar,19.755,,0,5,1,10
2023-10-21 01:00:00,0.0,0.0,0.0,19.14,19.14,0.0,0.0,PVWatts,Solar_Delhi,,solar,19.14,,1,5,1,10
2023-10-21 02:00:00,0.0,0.0,0.0,18.544,18.544,0.0,0.0,PVWatts,Solar_Delhi,,solar,18.544,,2,5,1,10
2023-10-21 03:00:00,0.0,0.0,0.0,18.004,18.004,0.0,0.0,PVWatts,Solar_Delhi,,solar,18.004,,3,5,1,10
2023-10-21 04:00:00,0.0,0.0,0.0,17.508,17.508,0.0,0.0,PVWatts,Solar_Delhi,,solar,17.508,,4,5,1,10
2023-10-21 05:00:00,0.0,0.0,0.0,17.131,0.0,0.0,0.0,PVWatts,Solar_Delhi,,solar,17.131,,5,5,1,10
2023-10-21 06:00:00,0.0,0.0,0.0,17.582,0.0,0.0,0.0,PVWatts,Solar_Delhi,,solar,17.582,,6,5,1,10
2023-10-21 07:00:00,4588.498,4921.426,148.321,20.773,24.968,4.5884979999999995,4.921426,PVWatts,Solar_Delhi,,solar,20.773,,7,5,1,10
2023-10-21 08:00:00,13374.938,14030.642,431.034,23.1,38.395,13.374938,14.030642,PVWatts,Solar_Delhi,,solar,23.1,,8,5,1,10
2023-10-21 09:00:00,19661.349,20547.988,662.839,26.333,49.809,19.661348999999998,20.547988,PVWatts,Solar_Delhi,,solar,26.333,,9,5,1,10
2023-10-21 10:00:00,23108.541,24121.816,813.074,30.064,58.818,23.108541000000002,24.121816,PVWatts,Solar_Delhi,,solar,30.064,,10,5,1,10
2023-10-21 11:00:00,25247.394,26339.24,881.333,31.703,56.549,25.247394,26.33924,PVWatts,Solar_Delhi,,solar,31.703,,11,5,1,10
2023-10-21 12:00:00,25122.378,26209.632,877.023,32.206,56.942,25.122378,26.209632000000003,PVWatts,Solar_Delhi,,solar,32.206,,12,5,1,10
2023-10-21 13:00:00,22809.117,23811.391,783.17,32.064,54.182,22.809116999999997,23.811391,PVWatts,Solar_Delhi,,solar,32.064,,13,5,1,10
2023-10-21 14:00:00,18434.896,19276.481,615.594,31.48,48.902,18.434896000000002,19.276481,PVWatts,Solar_Delhi,,solar,31.48,,14,5,1,10
2023-10-21 15:00:00,12338.163,12955.78,403.163,30.535,41.956,12.338163,12.95578,PVWatts,Solar_Delhi,,solar,30.535,,15,5,1,10
2023-10-21 16:00:00,4998.216,5346.196,175.537,28.515,33.403,4.998216,5.346196,PVWatts,Solar_Delhi,,solar,28.515,,16,5,1,10
2023-10-21 17:00:00,0.0,31.262,1.94,25.5,25.546,0.0,0.031262,PVWatts,Solar_Delhi,,solar,25.5,,17,5,1,10
2023-10-21 18:00:00,0.0,0.0,0.0,24.452,24.452,0.0,0.0,PVWatts,Solar_Delhi,,solar,24.452,,18,5,1,10
2023-10-21 19:00:00,0.0,0.0,0.0,23.646,23.646,0.0,0.0,PVWatts,Solar_Delhi,,solar,23.646,,19,5,1,10
2023-10-21 20:00:00,0.0,0.0,0.0,22.866,22.866,0.0,0.0,PVWatts,Solar_Delhi,,solar,22.866,,20,5,1,10
2023-10-21 21:00:00,0.0,0.0,0.0,22.082,22.082,0.0,0.0,PVWatts,Solar_Delhi,,solar,22.082,,21,5,1,10
2023-10-21 22:00:00,0.0,0.0,0.0,21.275,21.275,0.0,0.0,PVWatts,Solar_Delhi,,solar,21.275,,22,5,1,10
2023-10-21 23:00:00,0.0,0.0,0.0,20.448,20.448,0.0,0.0,PVWatts,Solar_Delhi,,solar,20.448,,23,5,1,10
2023-10-22 00:00:00,0.0,0.0,0.0,19.595,19.595,0.0,0.0,PVWatts,Solar_Delhi,,solar,19.595,,0,6,1,10
2023-10-22 01:00:00,0.0,0.0,0.0,18.743,18.743,0.0,0.0,PVWatts,Solar_Delhi,,solar,18.743,,1,6,1,10
2023-10-22 02:00:00,0.0,0.0,0.0,18.021,18.021,0.0,0.0,PVWatts,Solar_Delhi,,solar,18.021,,2,6,1,10
2023-10-22 03:00:00,0.0,0.0,0.0,17.548,17.548,0.0,0.0,PVWatts,Solar_Delhi,,solar,17.548,,3,6,1,10
2023-10-22 04:00:00,0.0,0.0,0.0,17.224,17.224,0.0,0.0,PVWatts,Solar_Delhi,,solar,17.224,,4,6,1,10
2023-10-22 05:00:00,0.0,0.0,0.0,17.003,0.0,0.0,0.0,PVWatts,Solar_Delhi,,solar,17.003,,5,6,1,10
2023-10-22 06:00:00,0.0,0.0,0.0,17.574,0.0,0.0,0.0,PVWatts,Solar_Delhi,,solar,17.574,,6,6,1,10
2023-10-22 07:00:00,4805.739,5146.648,155.031,20.846,25.23,4.805739,5.146648,PVWatts,Solar_Delhi,,solar,20.846,,7,6,1,10
2023-10-22 08:00:00,13367.382,14022.809,425.359,23.361,35.403,13.367382,14.022808999999999,PVWatts,Solar_Delhi,,solar,23.361,,8,6,1,10
2023-10-22 09:00:00,19284.364,20157.155,649.432,26.463,49.463,19.284364,20.157155,PVWatts,Solar_Delhi,,solar,26.463,,9,6,1,10
2023-10-22 10:00:00,22816.777,23819.333,801.496,30.066,58.41,22.816777,23.819333,PVWatts,Solar_Delhi,,solar,30.066,,10,6,1,10
2023-10-22 11:00:00,25061.076,26146.078,875.622,32.114,56.801,25.061076,26.146078000000003,PVWatts,Solar_Delhi,,solar,32.114,,11,6,1,10
2023-10-22 12:00:00,24929.932,26010.116,871.464,32.706,57.287,24.929932,26.010116000000004,PVWatts,Solar_Delhi,,solar,32.706,,12,6,1,10
2023-10-22 13:00:00,22630.642,23626.36,778.295,32.632,54.614,22.630641999999998,23.626360000000002,PVWatts,Solar_Delhi,,solar,32.632,,13,6,1,10
2023-10-22 14:00:00,18131.741,18962.189,606.107,32.029,49.185,18.131741,18.962189,PVWatts,Solar_Delhi,,solar,32.029,,14,6,1,10
2023-10-22 15:00:00,12037.428,12643.998,394.113,30.97,42.134,12.037428,12.643998,PVWatts,Solar_Delhi,,solar,30.97,,15,6,1,10
2023-10-22 16:00:00,4922.725,5267.931,173.285,28.754,33.579,4.922725000000001,5.267931,PVWatts,Solar_Delhi,,solar,28.754,,16,6,1,10
2023-10-22 17:00:00,0.0,31.229,1.94,25.666,25.712,0.0,0.031229,PVWatts,Solar_Delhi,,solar,25.666,,17,6,1,10
2023-10-22 18:00:00,0.0,0.0,0.0,24.53,24.53,0.0,0.0,PVWatts,Solar_Delhi,,solar,24.53,,18,6,1,10
2023-10-22 19:00:00,0.0,0.0,0.0,23.619,23.619,0.0,0.0,PVWatts,Solar_Delhi,,solar,23.619,,19,6,1,10
2023-10-22 20:00:00,0.0,0.0,0.0,22.74,22.74,0.0,0.0,PVWatts,Solar_Delhi,,solar,22.74,,20,6,1,10
2023-10-22 21:00:00,0.0,0.0,0.0,21.889,21.889,0.0,0.0,PVWatts,Solar_Delhi,,solar,21.889,,21,6,1,10
2023-10-22 22:00:00,0.0,0.0,0.0,21.024,21.024,0.0,0.0,PVWatts,Solar_Delhi,,solar,21.024,,22,6,1,10
2023-10-22 23:00:00,0.0,0.0,0.0,20.17,20.17,0.0,0.0,PVWatts,Solar_Delhi,,solar,20.17,,23,6,1,10
2023-10-23 00:00:00,0.0,0.0,0.0,19.331,19.331,0.0,0.0,PVWatts,Solar_Delhi,,solar,19.331,,0,0,0,10
2023-10-23 01:00:00,0.0,0.0,0.0,18.53,18.53,0.0,0.0,PVWatts,Solar_Delhi,,solar,18.53,,1,0,0,10
2023-10-23 02:00:00,0.0,0.0,0.0,17.743,17.743,0.0,0.0,PVWatts,Solar_Delhi,,solar,17.743,,2,0,0,10
2023-10-23 03:00:00,0.0,0.0,0.0,17.075,17.075,0.0,0.0,PVWatts,Solar_Delhi,,solar,17.075,,3,0,0,10
2023-10-23 04:00:00,0.0,0.0,0.0,16.542,16.542,0.0,0.0,PVWatts,Solar_Delhi,,solar,16.542,,4,0,0,10
2023-10-23 05:00:00,0.0,0.0,0.0,16.113,0.0,0.0,0.0,PVWatts,Solar_Delhi,,solar,16.113,,5,0,0,10
2023-10-23 06:00:00,0.0,0.0,0.0,16.439,0.0,0.0,0.0,PVWatts,Solar_Delhi,,solar,16.439,,6,0,0,10
2023-10-23 07:00:00,4376.093,4701.219,141.111,19.513,23.503,4.376093,4.701219,PVWatts,Solar_Delhi,,solar,19.513,,7,0,0,10
2023-10-23 08:00:00,13362.438,14017.683,423.421,22.238,34.224,13.362438000000001,14.017683000000002,PVWatts,Solar_Delhi,,solar,22.238,,8,0,0,10
2023-10-23 09:00:00,20062.043,20963.402,660.937,25.785,44.459,20.062043000000003,20.963402,PVWatts,Solar_Delhi,,solar,25.785,,9,0,0,10
2023-10-23 10:00:00,23715.207,24750.768,811.673,29.696,52.595,23.715207,24.750768,PVWatts,Solar_Delhi,,solar,29.696,,10,0,0,10
2023-10-23 11:00:00,25714.268,26823.266,879.497,31.332,51.957,25.714268,26.823266,PVWatts,Solar_Delhi,,solar,31.332,,11,0,0,10
2023-10-23 12:00:00,25052.387,26137.07,855.995,31.886,51.966,25.052387,26.13707,PVWatts,Solar_Delhi,,solar,31.886,,12,0,0,10
2023-10-23 13:00:00,22983.591,23992.275,774.488,31.716,49.91,22.983591,23.992275000000003,PVWatts,Solar_Delhi,,solar,31.716,,13,0,0,10
2023-10-23 14:00:00,18650.528,19500.034,608.31,31.127,43.384,18.650527999999998,19.500034,PVWatts,Solar_Delhi,,solar,31.127,,14,0,0,10
2023-10-23 15:00:00,12239.64,12853.638,395.833,29.777,39.1,12.23964,12.853638,PVWatts,Solar_Delhi,,solar,29.777,,15,0,0,10
2023-10-23 16:00:00,4938.103,5283.874,171.677,27.185,31.163,4.938103,5.283874,PVWatts,Solar_Delhi,,solar,27.185,,16,0,0,10
2023-10-23 17:00:00,0.0,31.582,1.94,23.883,23.921,0.0,0.031582,PVWatts,Solar_Delhi,,solar,23.883,,17,0,0,10
2023-10-23 18:00:00,0.0,0.0,0.0,22.591,22.591,0.0,0.0,PVWatts,Solar_Delhi,,solar,22.591,,18,0,0,10
2023-10-23 19:00:00,0.0,0.0,0.0,21.61,21.61,0.0,0.0,PVWatts,Solar_Delhi,,solar,21.61,,19,0,0,10
2023-10-23 20:00:00,0.0,0.0,0.0,20.727,20.727,0.0,0.0,PVWatts,Solar_Delhi,,solar,20.727,,20,0,0,10
2023-10-23 21:00:00,0.0,0.0,0.0,19.886,19.886,0.0,0.0,PVWatts,Solar_Delhi,,solar,19.886,,21,0,0,10
2023-10-23 22:00:00,0.0,0.0,0.0,19.055,19.055,0.0,0.0,PVWatts,Solar_Delhi,,solar,19.055,,22,0,0,10
2023-10-23 23:00:00,0.0,0.0,0.0,18.227,18.227,0.0,0.0,PVWatts,Solar_Delhi,,solar,18.227,,23,0,0,10
2023-10-24 00:00:00,0.0,0.0,0.0,17.429,17.429,0.0,0.0,PVWatts,Solar_Delhi,,solar,17.429,,0,1,0,10
2023-10-24 01:00:00,0.0,0.0,0.0,16.704,16.704,0.0,0.0,PVWatts,Solar_Delhi,,solar,16.704,,1,1,0,10
2023-10-24 02:00:00,0.0,0.0,0.0,16.049,16.049,0.0,0.0,PVWatts,Solar_Delhi,,solar,16.049,,2,1,0,10
2023-10-24 03:00:00,0.0,0.0,0.0,15.513,15.513,0.0,0.0,PVWatts,Solar_Delhi,,solar,15.513,,3,1,0,10
2023-10-24 04:00:00,0.0,0.0,0.0,15.087,15.087,0.0,0.0,PVWatts,Solar_Delhi,,solar,15.087,,4,1,0,10
2023-10-24 05:00:00,0.0,0.0,0.0,14.742,0.0,0.0,0.0,PVWatts,Solar_Delhi,,solar,14.742,,5,1,0,10
2023-10-24 06:00:00,0.0,0.0,0.0,15.092,0.0,0.0,0.0,PVWatts,Solar_Delhi,,solar,15.092,,6,1,0,10
2023-10-24 07:00:00,4061.514,4375.083,130.87,18.247,21.947,4.061514,4.375083,PVWatts,Solar_Delhi,,solar,18.247,,7,1,0,10
2023-10-24 08:00:00,9988.097,10519.383,316.333,21.059,30.0,9.988097,10.519383,PVWatts,Solar_Delhi,,solar,21.059,,8,1,0,10
2023-10-24 09:00:00,17728.056,18543.675,589.437,24.733,45.598,17.728056000000002,18.543675,PVWatts,Solar_Delhi,,solar,24.733,,9,1,0,10
2023-10-24 10:00:00,22532.554,23524.669,766.197,29.172,50.782,22.532554,23.524669000000003,PVWatts,Solar_Delhi,,solar,29.172,,10,1,0,10
2023-10-24 11:00:00,24438.863,25501.008,848.84,31.467,55.398,24.438863,25.501008000000002,PVWatts,Solar_Delhi,,solar,31.467,,11,1,0,10
2023-10-24 12:00:00,23586.22,24617.043,804.162,32.281,51.137,23.58622,24.617043000000002,PVWatts,Solar_Delhi,,solar,32.281,,12,1,0,10
2023-10-24 13:00:00,22554.088,23546.994,761.471,32.343,50.229,22.554088,23.546993999999998,PVWatts,Solar_Delhi,,solar,32.343,,13,1,0,10
2023-10-24 14:00:00,18313.554,19150.681,604.006,31.871,46.091,18.313554,19.150681,PVWatts,Solar_Delhi,,solar,31.871,,14,1,0,10
2023-10-24 15:00:00,11818.952,12417.495,383.831,30.673,39.712,11.818952,12.417495,PVWatts,Solar_Delhi,,solar,30.673,,15,1,0,10
2023-10-24 16:00:00,4826.366,5168.033,168.65,27.903,31.81,4.826366,5.168033,PVWatts,Solar_Delhi,,solar,27.903,,16,1,0,10
2023-10-24 17:00:00,0.0,0.0,0.97,24.573,24.592,0.0,0.0,PVWatts,Solar_Delhi,,solar,24.573,,17,1,0,10
2023-10-24 18:00:00,0.0,0.0,0.0,23.338,23.338,0.0,0.0,PVWatts,Solar_Delhi,,solar,23.338,,18,1,0,10
2023-10-24 19:00:00,0.0,0.0,0.0,22.343,22.343,0.0,0.0,PVWatts,Solar_Delhi,,solar,22.343,,19,1,0,10
2023-10-24 20:00:00,0.0,0.0,0.0,21.455,21.455,0.0,0.0,PVWatts,Solar_Delhi,,solar,21.455,,20,1,0,10
2023-10-24 21:00:00,0.0,0.0,0.0,20.644,20.644,0.0,0.0,PVWatts,Solar_Delhi,,solar,20.644,,21,1,0,10
2023-10-24 22:00:00,0.0,0.0,0.0,19.918,19.918,0.0,0.0,PVWatts,Solar_Delhi,,solar,19.918,,22,1,0,10
2023-10-24 23:00:00,0.0,0.0,0.0,19.229,19.229,0.0,0.0,PVWatts,Solar_Delhi,,solar,19.229,,23,1,0,10
2023-10-25 00:00:00,0.0,0.0,0.0,18.548,18.548,0.0,0.0,PVWatts,Solar_Delhi,,solar,18.548,,0,2,0,10
2023-10-25 01:00:00,0.0,0.0,0.0,17.915,17.915,0.0,0.0,PVWatts,Solar_Delhi,,solar,17.915,,1,2,0,10
2023-10-25 02:00:00,0.0,0.0,0.0,17.307,17.307,0.0,0.0,PVWatts,Solar_Delhi,,solar,17.307,,2,2,0,10
2023-10-25 03:00:00,0.0,0.0,0.0,16.731,16.731,0.0,0.0,PVWatts,Solar_Delhi,,solar,16.731,,3,2,0,10
2023-10-25 04:00:00,0.0,0.0,0.0,16.22,16.22,0.0,0.0,PVWatts,Solar_Delhi,,solar,16.22,,4,2,0,10
2023-10-25 05:00:00,0.0,0.0,0.0,15.758,0.0,0.0,0.0,PVWatts,Solar_Delhi,,solar,15.758,,5,2,0,10
2023-10-25 06:00:00,0.0,0.0,0.0,16.011,0.0,0.0,0.0,PVWatts,Solar_Delhi,,solar,16.011,,6,2,0,10
2023-10-25 07:00:00,4149.265,4466.058,134.541,19.139,23.908,4.149265000000001,4.466058,PVWatts,Solar_Delhi,,solar,19.139,,7,2,0,10
2023-10-25 08:00:00,12685.827,13316.216,405.983,21.887,36.295,12.685827,13.316216,PVWatts,Solar_Delhi,,solar,21.887,,8,2,0,10
2023-10-25 09:00:00,18406.223,19246.755,636.066,25.286,55.456,18.406223,19.246755,PVWatts,Solar_Delhi,,solar,25.286,,9,2,0,10
2023-10-25 10:00:00,22519.899,23511.549,785.697,29.118,56.906,22.519899000000002,23.511549,PVWatts,Solar_Delhi,,solar,29.118,,10,2,0,10
2023-10-25 11:00:00,24089.656,25138.972,861.613,31.754,62.213,24.089655999999998,25.138972000000003,PVWatts,Solar_Delhi,,solar,31.754,,11,2,0,10
2023-10-25 12:00:00,23628.783,24661.169,844.895,32.56,62.439,23.628783,24.661169,PVWatts,Solar_Delhi,,solar,32.56,,12,2,0,10
2023-10-25 13:00:00,22084.725,23060.389,757.55,32.657,54.054,22.084725,23.060389,PVWatts,Solar_Delhi,,solar,32.657,,13,2,0,10
2023-10-25 14:00:00,17932.36,18755.484,598.228,31.939,48.875,17.93236,18.755484,PVWatts,Solar_Delhi,,solar,31.939,,14,2,0,10
2023-10-25 15:00:00,11831.524,12430.53,387.43,30.787,41.758,11.831524,12.430530000000001,PVWatts,Solar_Delhi,,solar,30.787,,15,2,0,10
2023-10-25 16:00:00,4671.838,5007.828,164.407,28.069,32.646,4.671838,5.007828000000001,PVWatts,Solar_Delhi,,solar,28.069,,16,2,0,10
2023-10-25 17:00:00,0.0,0.0,0.97,24.934,24.957,0.0,0.0,PVWatts,Solar_Delhi,,solar,24.934,,17,2,0,10
2023-10-25 18:00:00,0.0,0.0,0.0,23.769,23.769,0.0,0.0,PVWatts,Solar_Delhi,,solar,23.769,,18,2,0,10
2023-10-25 19:00:00,0.0,0.0,0.0,22.801,22.801,0.0,0.0,PVWatts,Solar_Delhi,,solar,22.801,,19,2,0,10
2023-10-25 20:00:00,0.0,0.0,0.0,21.896,21.896,0.0,0.0,PVWatts,Solar_Delhi,,solar,21.896,,20,2,0,10
2023-10-25 21:00:00,0.0,0.0,0.0,21.022,21.022,0.0,0.0,PVWatts,Solar_Delhi,,solar,21.022,,21,2,0,10
2023-10-25 22:00:00,0.0,0.0,0.0,20.15,20.15,0.0,0.0,PVWatts,Solar_Delhi,,solar,20.15,,22,2,0,10
2023-10-25 23:00:00,0.0,0.0,0.0,19.317,19.317,0.0,0.0,PVWatts,Solar_Delhi,,solar,19.317,,23,2,0,10
2023-10-26 00:00:00,0.0,0.0,0.0,18.524,18.524,0.0,0.0,PVWatts,Solar_Delhi,,solar,18.524,,0,3,0,10
2023-10-26 01:00:00,0.0,0.0,0.0,17.745,17.745,0.0,0.0,PVWatts,Solar_Delhi,,solar,17.745,,1,3,0,10
2023-10-26 02:00:00,0.0,0.0,0.0,17.052,17.052,0.0,0.0,PVWatts,Solar_Delhi,,solar,17.052,,2,3,0,10
2023-10-26 03:00:00,0.0,0.0,0.0,16.397,16.397,0.0,0.0,PVWatts,Solar_Delhi,,solar,16.397,,3,3,0,10
2023-10-26 04:00:00,0.0,0.0,0.0,15.799,15.799,0.0,0.0,PVWatts,Solar_Delhi,,solar,15.799,,4,3,0,10
2023-10-26 05:00:00,0.0,0.0,0.0,15.247,0.0,0.0,0.0,PVWatts,Solar_Delhi,,solar,15.247,,5,3,0,10
2023-10-26 06:00:00,0.0,0.0,0.0,15.453,0.0,0.0,0.0,PVWatts,Solar_Delhi,,solar,15.453,,6,3,0,10
2023-10-26 07:00:00,4269.038,4590.231,138.11,18.918,23.814,4.269037999999999,4.590231,PVWatts,Solar_Delhi,,solar,18.918,,7,3,0,10
2023-10-26 08:00:00,12857.139,13493.821,410.664,21.469,36.045,12.857139,13.493821,PVWatts,Solar_Delhi,,solar,21.469,,8,3,0,10
2023-10-26 09:00:00,18575.402,19422.149,641.58,25.054,55.49,18.575401999999997,19.422149,PVWatts,Solar_Delhi,,solar,25.054,,9,3,0,10
2023-10-26 10:00:00,22619.079,23614.373,790.163,29.409,57.36,22.619079000000003,23.614373,PVWatts,Solar_Delhi,,solar,29.409,,10,3,0,10
2023-10-26 11:00:00,24850.045,25927.295,864.461,31.643,56.022,24.850044999999998,25.927294999999997,PVWatts,Solar_Delhi,,solar,31.643,,11,3,0,10
2023-10-26 12:00:00,24425.813,25487.478,849.258,32.252,56.21,24.425812999999998,25.487478,PVWatts,Solar_Delhi,,solar,32.252,,12,3,0,10
2023-10-26 13:00:00,22227.786,23208.705,760.827,32.196,53.689,22.227786000000002,23.208705000000002,PVWatts,Solar_Delhi,,solar,32.196,,13,3,0,10
2023-10-26 14:00:00,17984.249,18809.279,598.621,31.495,48.444,17.984249,18.809279,PVWatts,Solar_Delhi,,solar,31.495,,14,3,0,10
2023-10-26 15:00:00,11728.197,12323.407,383.452,30.377,41.235,11.728197,12.323407,PVWatts,Solar_Delhi,,solar,30.377,,15,3,0,10
2023-10-26 16:00:00,4548.388,4879.843,160.145,27.504,31.961,4.548388,4.879843,PVWatts,Solar_Delhi,,solar,27.504,,16,3,0,10
2023-10-26 17:00:00,0.0,0.0,0.97,24.367,24.389,0.0,0.0,PVWatts,Solar_Delhi,,solar,24.367,,17,3,0,10
2023-10-26 18:00:00,0.0,0.0,0.0,23.217,23.217,0.0,0.0,PVWatts,Solar_Delhi,,solar,23.217,,18,3,0,10
2023-10-26 19:00:00,0.0,0.0,0.0,22.274,22.274,0.0,0.0,PVWatts,Solar_Delhi,,solar,22.274,,19,3,0,10
2023-10-26 20:00:00,0.0,0.0,0.0,21.352,21.352,0.0,0.0,PVWatts,Solar_Delhi,,solar,21.352,,20,3,0,10
2023-10-26 21:00:00,0.0,0.0,0.0,20.51,20.51,0.0,0.0,PVWatts,Solar_Delhi,,solar,20.51,,21,3,0,10
2023-10-26 22:00:00,0.0,0.0,0.0,19.675,19.675,0.0,0.0,PVWatts,Solar_Delhi,,solar,19.675,,22,3,0,10
2023-10-26 23:00:00,0.0,0.0,0.0,18.907,18.907,0.0,0.0,PVWatts,Solar_Delhi,,solar,18.907,,23,3,0,10
2023-10-27 00:00:00,0.0,0.0,0.0,18.189,18.189,0.0,0.0,PVWatts,Solar_Delhi,,solar,18.189,,0,4,0,10
2023-10-27 01:00:00,0.0,0.0,0.0,17.521,17.521,0.0,0.0,PVWatts,Solar_Delhi,,solar,17.521,,1,4,0,10
2023-10-27 02:00:00,0.0,0.0,0.0,16.979,16.979,0.0,0.0,PVWatts,Solar_Delhi,,solar,16.979,,2,4,0,10
2023-10-27 03:00:00,0.0,0.0,0.0,16.472,16.472,0.0,0.0,PVWatts,Solar_Delhi,,solar,16.472,,3,4,0,10
2023-10-27 04:00:00,0.0,0.0,0.0,16.008,16.008,0.0,0.0,PVWatts,Solar_Delhi,,solar,16.008,,4,4,0,10
2023-10-27 05:00:00,0.0,0.0,0.0,15.575,0.0,0.0,0.0,PVWatts,Solar_Delhi,,solar,15.575,,5,4,0,10
2023-10-27 06:00:00,0.0,0.0,0.0,15.761,0.0,0.0,0.0,PVWatts,Solar_Delhi,,solar,15.761,,6,4,0,10
2023-10-27 07:00:00,4161.587,4478.832,134.272,18.853,22.65,4.161587000000001,4.478832000000001,PVWatts,Solar_Delhi,,solar,18.853,,7,4,0,10
2023-10-27 08:00:00,13049.916,13693.68,412.105,21.72,33.388,13.049916,13.69368,PVWatts,Solar_Delhi,,solar,21.72,,8,4,0,10
2023-10-27 09:00:00,19274.766,20147.204,644.347,25.223,48.052,19.274766,20.147204000000002,PVWatts,Solar_Delhi,,solar,25.223,,9,4,0,10
2023-10-27 10:00:00,23249.305,24267.751,792.882,29.539,51.913,23.249305,24.267751,PVWatts,Solar_Delhi,,solar,29.539,,10,4,0,10
2023-10-27 11:00:00,24746.871,25820.331,860.616,31.729,56.0,24.746871,25.820331,PVWatts,Solar_Delhi,,solar,31.729,,11,4,0,10
2023-10-27 12:00:00,24969.209,26050.836,854.279,32.55,52.597,24.969209,26.050836,PVWatts,Solar_Delhi,,solar,32.55,,12,4,0,10
2023-10-27 13:00:00,22422.795,23410.878,756.271,32.524,50.294,22.422794999999997,23.410878,PVWatts,Solar_Delhi,,solar,32.524,,13,4,0,10
2023-10-27 14:00:00,17882.281,18703.565,588.832,31.94,45.806,17.882281,18.703564999999998,PVWatts,Solar_Delhi,,solar,31.94,,14,4,0,10
2023-10-27 15:00:00,11707.158,12301.595,383.168,30.725,41.576,11.707158,12.301594999999999,PVWatts,Solar_Delhi,,solar,30.725,,15,4,0,10
2023-10-27 16:00:00,4642.834,4977.758,164.305,27.913,32.48,4.642834,4.977758,PVWatts,Solar_Delhi,,solar,27.913,,16,4,0,10
2023-10-27 17:00:00,0.0,0.0,0.97,24.783,24.805,0.0,0.0,PVWatts,Solar_Delhi,,solar,24.783,,17,4,0,10
2023-10-27 18:00:00,0.0,0.0,0.0,23.726,23.726,0.0,0.0,PVWatts,Solar_Delhi,,solar,23.726,,18,4,0,10
2023-10-27 19:00:00,0.0,0.0,0.0,22.844,22.844,0.0,0.0,PVWatts,Solar_Delhi,,solar,22.844,,19,4,0,10
2023-10-27 20:00:00,0.0,0.0,0.0,22.026,22.026,0.0,0.0,PVWatts,Solar_Delhi,,solar,22.026,,20,4,0,10
2023-10-27 21:00:00,0.0,0.0,0.0,21.249,21.249,0.0,0.0,PVWatts,Solar_Delhi,,solar,21.249,,21,4,0,10
2023-10-27 22:00:00,0.0,0.0,0.0,20.513,20.513,0.0,0.0,PVWatts,Solar_Delhi,,solar,20.513,,22,4,0,10
2023-10-27 23:00:00,0.0,0.0,0.0,19.805,19.805,0.0,0.0,PVWatts,Solar_Delhi,,solar,19.805,,23,4,0,10
2023-10-28 00:00:00,0.0,0.0,0.0,19.109,19.109,0.0,0.0,PVWatts,Solar_Delhi,,solar,19.109,,0,5,1,10
2023-10-28 01:00:00,0.0,0.0,0.0,18.425,18.425,0.0,0.0,PVWatts,Solar_Delhi,,solar,18.425,,1,5,1,10
2023-10-28 02:00:00,0.0,0.0,0.0,17.751,17.751,0.0,0.0,PVWatts,Solar_Delhi,,solar,17.751,,2,5,1,10
2023-10-28 03:00:00,0.0,0.0,0.0,17.107,17.107,0.0,0.0,PVWatts,Solar_Delhi,,solar,17.107,,3,5,1,10
2023-10-28 04:00:00,0.0,0.0,0.0,16.548,16.548,0.0,0.0,PVWatts,Solar_Delhi,,solar,16.548,,4,5,1,10
2023-10-28 05:00:00,0.0,0.0,0.0,16.068,0.0,0.0,0.0,PVWatts,Solar_Delhi,,solar,16.068,,5,5,1,10
2023-10-28 06:00:00,0.0,0.0,0.0,16.237,0.0,0.0,0.0,PVWatts,Solar_Delhi,,solar,16.237,,6,5,1,10
2023-10-28 07:00:00,4058.372,4371.826,131.959,19.428,24.105,4.058371999999999,4.371826,PVWatts,Solar_Delhi,,solar,19.428,,7,5,1,10
2023-10-28 08:00:00,12185.773,12797.793,389.738,22.21,36.045,12.185773,12.797793,PVWatts,Solar_Delhi,,solar,22.21,,8,5,1,10
2023-10-28 09:00:00,18397.245,19237.446,614.504,25.684,47.451,18.397244999999998,19.237446,PVWatts,Solar_Delhi,,solar,25.684,,9,5,1,10
2023-10-28 10:00:00,21941.259,22911.652,765.868,30.049,57.141,21.941259,22.911651999999997,PVWatts,Solar_Delhi,,solar,30.049,,10,5,1,10
2023-10-28 11:00:00,23464.226,24490.567,837.813,32.27,61.89,23.464226,24.490567,PVWatts,Solar_Delhi,,solar,32.27,,11,5,1,10
2023-10-28 12:00:00,23250.072,24268.546,831.029,33.075,62.468,23.250072,24.268545999999997,PVWatts,Solar_Delhi,,solar,33.075,,12,5,1,10
2023-10-28 13:00:00,21424.573,22375.985,752.469,32.986,59.639,21.424573,22.375985,PVWatts,Solar_Delhi,,solar,32.986,,13,5,1,10
2023-10-28 14:00:00,17408.938,18212.833,591.474,32.266,53.266,17.408938,18.212833,PVWatts,Solar_Delhi,,solar,32.266,,14,5,1,10
2023-10-28 15:00:00,11458.05,12043.336,379.894,30.87,44.355,11.45805,12.043336,PVWatts,Solar_Delhi,,solar,30.87,,15,5,1,10
2023-10-28 16:00:00,4343.461,4667.388,154.902,28.132,33.532,4.3434610000000005,4.667388,PVWatts,Solar_Delhi,,solar,28.132,,16,5,1,10
2023-10-28 17:00:00,0.0,0.0,0.97,25.148,25.177,0.0,0.0,PVWatts,Solar_Delhi,,solar,25.148,,17,5,1,10
2023-10-28 18:00:00,0.0,0.0,0.0,24.09,24.09,0.0,0.0,PVWatts,Solar_Delhi,,solar,24.09,,18,5,1,10
2023-10-28 19:00:00,0.0,0.0,0.0,23.2,23.2,0.0,0.0,PVWatts,Solar_Delhi,,solar,23.2,,19,5,1,10
2023-10-28 20:00:00,0.0,0.0,0.0,22.371,22.371,0.0,0.0,PVWatts,Solar_Delhi,,solar,22.371,,20,5,1,10
2023-10-28 21:00:00,0.0,0.0,0.0,21.583,21.583,0.0,0.0,PVWatts,Solar_Delhi,,solar,21.583,,21,5,1,10
2023-10-28 22:00:00,0.0,0.0,0.0,20.787,20.787,0.0,0.0,PVWatts,Solar_Delhi,,solar,20.787,,22,5,1,10
2023-10-28 23:00:00,0.0,0.0,0.0,19.991,19.991,0.0,0.0,PVWatts,Solar_Delhi,,solar,19.991,,23,5,1,10
2023-10-29 00:00:00,0.0,0.0,0.0,19.183,19.183,0.0,0.0,PVWatts,Solar_Delhi,,solar,19.183,,0,6,1,10
2023-10-29 01:00:00,0.0,0.0,0.0,18.409,18.409,0.0,0.0,PVWatts,Solar_Delhi,,solar,18.409,,1,6,1,10
2023-10-29 02:00:00,0.0,0.0,0.0,17.679,17.679,0.0,0.0,PVWatts,Solar_Delhi,,solar,17.679,,2,6,1,10
2023-10-29 03:00:00,0.0,0.0,0.0,17.059,17.059,0.0,0.0,PVWatts,Solar_Delhi,,solar,17.059,,3,6,1,10
2023-10-29 04:00:00,0.0,0.0,0.0,16.529,16.529,0.0,0.0,PVWatts,Solar_Delhi,,solar,16.529,,4,6,1,10
2023-10-29 05:00:00,0.0,0.0,0.0,16.065,16.065,0.0,0.0,PVWatts,Solar_Delhi,,solar,16.065,,5,6,1,10
2023-10-29 06:00:00,0.0,0.0,0.0,16.186,0.0,0.0,0.0,PVWatts,Solar_Delhi,,solar,16.186,,6,6,1,10
2023-10-29 07:00:00,3952.942,4262.523,128.121,19.165,22.787,3.952942,4.262523,PVWatts,Solar_Delhi,,solar,19.165,,7,6,1,10
2023-10-29 08:00:00,12227.787,12841.35,386.357,22.088,33.028,12.227787000000001,12.84135,PVWatts,Solar_Delhi,,solar,22.088,,8,6,1,10
2023-10-29 09:00:00,18577.543,19424.368,609.18,25.831,43.043,18.577543000000002,19.424367999999998,PVWatts,Solar_Delhi,,solar,25.831,,9,6,1,10
2023-10-29 10:00:00,22334.274,23319.105,761.461,30.258,51.744,22.334274,23.319105,PVWatts,Solar_Delhi,,solar,30.258,,10,6,1,10
2023-10-29 11:00:00,24581.157,25648.528,841.56,32.649,52.388,24.581156999999997,25.648528,PVWatts,Solar_Delhi,,solar,32.649,,11,6,1,10
2023-10-29 12:00:00,24317.849,25375.548,834.253,33.666,53.243,24.317849,25.375548,PVWatts,Solar_Delhi,,solar,33.666,,12,6,1,10
2023-10-29 13:00:00,22238.259,23219.563,753.214,33.728,51.429,22.238259,23.219562999999997,PVWatts,Solar_Delhi,,solar,33.728,,13,6,1,10
2023-10-29 14:00:00,17770.108,18587.272,587.604,33.144,46.984,17.770108,18.587272000000002,PVWatts,Solar_Delhi,,solar,33.144,,14,6,1,10
2023-10-29 15:00:00,11332.895,11913.583,370.324,31.889,40.608,11.332895,11.913583000000001,PVWatts,Solar_Delhi,,solar,31.889,,15,6,1,10
2023-10-29 16:00:00,4458.371,4786.519,158.915,29.061,32.73,4.4583710000000005,4.786519,PVWatts,Solar_Delhi,,solar,29.061,,16,6,1,10
2023-10-29 17:00:00,0.0,0.0,0.97,25.969,25.988,0.0,0.0,PVWatts,Solar_Delhi,,solar,25.969,,17,6,1,10
2023-10-29 18:00:00,0.0,0.0,0.0,24.859,24.859,0.0,0.0,PVWatts,Solar_Delhi,,solar,24.859,,18,6,1,10
2023-10-29 19:00:00,0.0,0.0,0.0,23.903,23.903,0.0,0.0,PVWatts,Solar_Delhi,,solar,23.903,,19,6,1,10
2023-10-29 20:00:00,0.0,0.0,0.0,23.03,23.03,0.0,0.0,PVWatts,Solar_Delhi,,solar,23.03,,20,6,1,10
2023-10-29 21:00:00,0.0,0.0,0.0,22.19,22.19,0.0,0.0,PVWatts,Solar_Delhi,,solar,22.19,,21,6,1,10
2023-10-29 22:00:00,0.0,0.0,0.0,21.344,21.344,0.0,0.0,PVWatts,Solar_Delhi,,solar,21.344,,22,6,1,10
2023-10-29 23:00:00,0.0,0.0,0.0,20.516,20.516,0.0,0.0,PVWatts,Solar_Delhi,,solar,20.516,,23,6,1,10
2023-10-30 00:00:00,0.0,0.0,0.0,19.721,19.721,0.0,0.0,PVWatts,Solar_Delhi,,solar,19.721,,0,0,0,10
2023-10-30 01:00:00,0.0,0.0,0.0,18.992,18.992,0.0,0.0,PVWatts,Solar_Delhi,,solar,18.992,,1,0,0,10
2023-10-30 02:00:00,0.0,0.0,0.0,18.325,18.325,0.0,0.0,PVWatts,Solar_Delhi,,solar,18.325,,2,0,0,10
2023-10-30 03:00:00,0.0,0.0,0.0,17.727,17.727,0.0,0.0,PVWatts,Solar_Delhi,,solar,17.727,,3,0,0,10
2023-10-30 04:00:00,0.0,0.0,0.0,17.213,17.213,0.0,0.0,PVWatts,Solar_Delhi,,solar,17.213,,4,0,0,10
2023-10-30 05:00:00,0.0,0.0,0.0,16.78,16.78,0.0,0.0,PVWatts,Solar_Delhi,,solar,16.78,,5,0,0,10
2023-10-30 06:00:00,0.0,0.0,0.0,16.829,0.0,0.0,0.0,PVWatts,Solar_Delhi,,solar,16.829,,6,0,0,10
2023-10-30 07:00:00,4075.692,4389.782,131.641,19.321,22.416,4.075692,4.389782,PVWatts,Solar_Delhi,,solar,19.321,,7,0,0,10
2023-10-30 08:00:00,13010.244,13652.55,408.168,22.484,32.099,13.010244,13.65255,PVWatts,Solar_Delhi,,solar,22.484,,8,0,0,10
2023-10-30 09:00:00,19193.761,20063.223,631.752,26.565,44.421,19.193761,20.063223,PVWatts,Solar_Delhi,,solar,26.565,,9,0,0,10
2023-10-30 10:00:00,23170.233,24185.774,780.326,30.758,49.073,23.170233,24.185774000000002,PVWatts,Solar_Delhi,,solar,30.758,,10,0,0,10
2023-10-30 11:00:00,25237.876,26329.373,853.752,32.59,49.735,25.237876,26.329373,PVWatts,Solar_Delhi,,solar,32.59,,11,0,0,10
2023-10-30 12:00:00,24772.697,25847.106,838.468,33.347,50.19,24.772697,25.847106,PVWatts,Solar_Delhi,,solar,33.347,,12,0,0,10
2023-10-30 13:00:00,22353.65,23339.193,740.976,33.227,46.254,22.353650000000002,23.339192999999998,PVWatts,Solar_Delhi,,solar,33.227,,13,0,0,10
2023-10-30 14:00:00,17922.705,18745.474,582.527,32.596,42.861,17.922705,18.745473999999998,PVWatts,Solar_Delhi,,solar,32.596,,14,0,0,10
2023-10-30 15:00:00,11289.371,11868.46,364.746,31.29,37.715,11.289371,11.868459999999999,PVWatts,Solar_Delhi,,solar,31.29,,15,0,0,10
2023-10-30 16:00:00,4335.783,4659.427,154.612,28.777,31.831,4.335783,4.659427,PVWatts,Solar_Delhi,,solar,28.777,,16,0,0,10
2023-10-30 17:00:00,0.0,0.0,0.0,25.7,0.0,0.0,0.0,PVWatts,Solar_Delhi,,solar,25.7,,17,0,0,10
2023-10-30 18:00:00,0.0,0.0,0.0,24.296,24.296,0.0,0.0,PVWatts,Solar_Delhi,,solar,24.296,,18,0,0,10
2023-10-30 19:00:00,0.0,0.0,0.0,23.174,23.174,0.0,0.0,PVWatts,Solar_Delhi,,solar,23.174,,19,0,0,10
2023-10-30 20:00:00,0.0,0.0,0.0,22.172,22.172,0.0,0.0,PVWatts,Solar_Delhi,,solar,22.172,,20,0,0,10
2023-10-30 21:00:00,0.0,0.0,0.0,21.265,21.265,0.0,0.0,PVWatts,Solar_Delhi,,solar,21.265,,21,0,0,10
2023-10-30 22:00:00,0.0,0.0,0.0,20.467,20.467,0.0,0.0,PVWatts,Solar_Delhi,,solar,20.467,,22,0,0,10
2023-10-30 23:00:00,0.0,0.0,0.0,19.742,19.742,0.0,0.0,PVWatts,Solar_Delhi,,solar,19.742,,23,0,0,10
2023-10-31 00:00:00,0.0,0.0,0.0,19.059,19.059,0.0,0.0,PVWatts,Solar_Delhi,,solar,19.059,,0,1,0,10
2023-10-31 01:00:00,0.0,0.0,0.0,18.431,18.431,0.0,0.0,PVWatts,Solar_Delhi,,solar,18.431,,1,1,0,10
2023-10-31 02:00:00,0.0,0.0,0.0,17.814,17.814,0.0,0.0,PVWatts,Solar_Delhi,,solar,17.814,,2,1,0,10
2023-10-31 03:00:00,0.0,0.0,0.0,17.198,17.198,0.0,0.0,PVWatts,Solar_Delhi,,solar,17.198,,3,1,0,10
2023-10-31 04:00:00,0.0,0.0,0.0,16.642,16.642,0.0,0.0,PVWatts,Solar_Delhi,,solar,16.642,,4,1,0,10
2023-10-31 05:00:00,0.0,0.0,0.0,16.163,16.163,0.0,0.0,PVWatts,Solar_Delhi,,solar,16.163,,5,1,0,10
2023-10-31 06:00:00,0.0,0.0,0.0,16.272,0.0,0.0,0.0,PVWatts,Solar_Delhi,,solar,16.272,,6,1,0,10
2023-10-31 07:00:00,3975.598,4286.011,128.893,19.225,22.869,3.9755979999999997,4.286011,PVWatts,Solar_Delhi,,solar,19.225,,7,1,0,10
2023-10-31 08:00:00,12633.008,13261.457,403.594,22.168,36.501,12.633008,13.261457,PVWatts,Solar_Delhi,,solar,22.168,,8,1,0,10
2023-10-31 09:00:00,18752.578,19605.834,627.113,25.992,48.215,18.752578,19.605833999999998,PVWatts,Solar_Delhi,,solar,25.992,,9,1,0,10
2023-10-31 10:00:00,22718.347,23717.287,774.759,30.201,52.068,22.718347,23.717287,PVWatts,Solar_Delhi,,solar,30.201,,10,1,0,10
2023-10-31 11:00:00,24400.76,25461.505,849.121,32.425,56.378,24.40076,25.461505000000002,PVWatts,Solar_Delhi,,solar,32.425,,11,1,0,10
2023-10-31 12:00:00,23927.713,24971.08,833.06,33.289,56.799,23.927713,24.97108,PVWatts,Solar_Delhi,,solar,33.289,,12,1,0,10
2023-10-31 13:00:00,21726.263,22688.759,744.959,33.3,54.353,21.726263,22.688758999999997,PVWatts,Solar_Delhi,,solar,33.3,,13,1,0,10
2023-10-31 14:00:00,17294.728,18094.428,577.12,32.76,49.106,17.294728,18.094428,PVWatts,Solar_Delhi,,solar,32.76,,14,1,0,10
2023-10-31 15:00:00,11247.353,11824.898,369.766,31.566,42.034,11.247352999999999,11.824898,PVWatts,Solar_Delhi,,solar,31.566,,15,1,0,10
2023-10-31 16:00:00,4413.534,4740.034,158.96,28.846,33.25,4.413533999999999,4.740034,PVWatts,Solar_Delhi,,solar,28.846,,16,1,0,10
2023-10-31 17:00:00,0.0,0.0,0.0,26.016,0.0,0.0,0.0,PVWatts,Solar_Delhi,,solar,26.016,,17,1,0,10
2023-10-31 18:00:00,0.0,0.0,0.0,25.055,25.055,0.0,0.0,PVWatts,Solar_Delhi,,solar,25.055,,18,1,0,10
2023-10-31 19:00:00,0.0,0.0,0.0,24.274,24.274,0.0,0.0,PVWatts,Solar_Delhi,,solar,24.274,,19,1,0,10
2023-10-31 20:00:00,0.0,0.0,0.0,23.512,23.512,0.0,0.0,PVWatts,Solar_Delhi,,solar,23.512,,20,1,0,10
2023-10-31 21:00:00,0.0,0.0,0.0,22.786,22.786,0.0,0.0,PVWatts,Solar_Delhi,,solar,22.786,,21,1,0,10
2023-10-31 22:00:00,0.0,0.0,0.0,22.065,22.065,0.0,0.0,PVWatts,Solar_Delhi,,solar,22.065,,22,1,0,10
2023-10-31 23:00:00,0.0,0.0,0.0,21.373,21.373,0.0,0.0,PVWatts,Solar_Delhi,,solar,21.373,,23,1,0,10
2023-11-01 00:00:00,0.0,0.0,0.0,20.711,20.711,0.0,0.0,PVWatts,Solar_Delhi,,solar,20.711,,0,2,0,11
2023-11-01 01:00:00,0.0,0.0,0.0,20.025,20.025,0.0,0.0,PVWatts,Solar_Delhi,,solar,20.025,,1,2,0,11
2023-11-01 02:00:00,0.0,0.0,0.0,19.361,19.361,0.0,0.0,PVWatts,Solar_Delhi,,solar,19.361,,2,2,0,11
2023-11-01 03:00:00,0.0,0.0,0.0,18.745,18.745,0.0,0.0,PVWatts,Solar_Delhi,,solar,18.745,,3,2,0,11
2023-11-01 04:00:00,0.0,0.0,0.0,18.192,18.192,0.0,0.0,PVWatts,Solar_Delhi,,solar,18.192,,4,2,0,11
2023-11-01 05:00:00,0.0,0.0,0.0,18.487,18.487,0.0,0.0,PVWatts,Solar_Delhi,,solar,18.487,,5,2,0,11
2023-11-01 06:00:00,0.0,0.0,0.0,18.605,0.0,0.0,0.0,PVWatts,Solar_Delhi,,solar,18.605,,6,2,0,11
2023-11-01 07:00:00,3127.783,3407.051,104.718,21.139,26.109,3.127783,3.407051,PVWatts,Solar_Delhi,,solar,21.139,,7,2,0,11
2023-11-01 08:00:00,10310.491,10853.621,337.843,23.991,40.042,10.310491,10.853620999999999,PVWatts,Solar_Delhi,,solar,23.991,,8,2,0,11
2023-11-01 09:00:00,16210.57,16970.442,560.872,28.303,54.899,16.21057,16.970442,PVWatts,Solar_Delhi,,solar,28.303,,9,2,0,11
2023-11-01 10:00:00,20316.145,21226.839,738.963,31.214,66.217,20.316145,21.226839,PVWatts,Solar_Delhi,,solar,31.214,,10,2,0,11
2023-11-01 11:00:00,21894.767,22863.453,813.267,31.948,70.449,21.894766999999998,22.863453,PVWatts,Solar_Delhi,,solar,31.948,,11,2,0,11
2023-11-01 12:00:00,21791.967,22756.876,807.545,32.036,70.283,21.791967,22.756876000000002,PVWatts,Solar_Delhi,,solar,32.036,,12,2,0,11
2023-11-01 13:00:00,19508.001,20389.007,703.472,31.792,65.153,19.508001,20.389007000000003,PVWatts,Solar_Delhi,,solar,31.792,,13,2,0,11
2023-11-01 14:00:00,15716.842,16458.577,545.296,31.232,57.144,15.716842,16.458577000000002,PVWatts,Solar_Delhi,,solar,31.232,,14,2,0,11
2023-11-01 15:00:00,10653.721,11209.459,359.021,30.191,47.251,10.653720999999999,11.209459,PVWatts,Solar_Delhi,,solar,30.191,,15,2,0,11
2023-11-01 16:00:00,3799.131,4103.061,138.14,27.61,34.046,3.799131,4.103060999999999,PVWatts,Solar_Delhi,,solar,27.61,,16,2,0,11
2023-11-01 17:00:00,0.0,0.0,0.0,25.963,0.0,0.0,0.0,PVWatts,Solar_Delhi,,solar,25.963,,17,2,0,11
2023-11-01 18:00:00,0.0,0.0,0.0,25.196,25.196,0.0,0.0,PVWatts,Solar_Delhi,,solar,25.196,,18,2,0,11
2023-11-01 19:00:00,0.0,0.0,0.0,24.479,24.479,0.0,0.0,PVWatts,Solar_Delhi,,solar,24.479,,19,2,0,11
2023-11-01 20:00:00,0.0,0.0,0.0,23.784,23.784,0.0,0.0,PVWatts,Solar_Delhi,,solar,23.784,,20,2,0,11
2023-11-01 21:00:00,0.0,0.0,0.0,23.117,23.117,0.0,0.0,PVWatts,Solar_Delhi,,solar,23.117,,21,2,0,11
2023-11-01 22:00:00,0.0,0.0,0.0,22.435,22.435,0.0,0.0,PVWatts,Solar_Delhi,,solar,22.435,,22,2,0,11
2023-11-01 23:00:00,0.0,0.0,0.0,21.827,21.827,0.0,0.0,PVWatts,Solar_Delhi,,solar,21.827,,23,2,0,11
2023-11-02 00:00:00,0.0,0.0,0.0,21.242,21.242,0.0,0.0,PVWatts,Solar_Delhi,,solar,21.242,,0,3,0,11
2023-11-02 01:00:00,0.0,0.0,0.0,20.728,20.728,0.0,0.0,PVWatts,Solar_Delhi,,solar,20.728,,1,3,0,11
2023-11-02 02:00:00,0.0,0.0,0.0,20.223,20.223,0.0,0.0,PVWatts,Solar_Delhi,,solar,20.223,,2,3,0,11
2023-11-02 03:00:00,0.0,0.0,0.0,19.767,19.767,0.0,0.0,PVWatts,Solar_Delhi,,solar,19.767,,3,3,0,11
2023-11-02 04:00:00,0.0,0.0,0.0,19.355,19.355,0.0,0.0,PVWatts,Solar_Delhi,,solar,19.355,,4,3,0,11
2023-11-02 05:00:00,0.0,0.0,0.0,18.963,18.963,0.0,0.0,PVWatts,Solar_Delhi,,solar,18.963,,5,3,0,11
2023-11-02 06:00:00,0.0,0.0,0.0,19.012,0.0,0.0,0.0,PVWatts,Solar_Delhi,,solar,19.012,,6,3,0,11
2023-11-02 07:00:00,3398.396,3687.605,113.152,21.005,26.374,3.398396,3.687605,PVWatts,Solar_Delhi,,solar,21.005,,7,3,0,11
2023-11-02 08:00:00,11393.135,11976.036,373.775,23.897,41.663,11.393135000000001,11.976036,PVWatts,Solar_Delhi,,solar,23.897,,8,3,0,11
2023-11-02 09:00:00,17606.007,18417.142,612.177,27.967,57.015,17.606007,18.417142,PVWatts,Solar_Delhi,,solar,27.967,,9,3,0,11
2023-11-02 10:00:00,20851.71,21782.078,759.274,30.78,66.756,20.85171,21.782078000000002,PVWatts,Solar_Delhi,,solar,30.78,,10,3,0,11
2023-11-02 11:00:00,22273.994,23256.61,828.712,31.863,71.11,22.273994,23.256610000000002,PVWatts,Solar_Delhi,,solar,31.863,,11,3,0,11
2023-11-02 12:00:00,22984.033,23992.733,815.144,32.109,60.948,22.984033,23.992733,PVWatts,Solar_Delhi,,solar,32.109,,12,3,0,11
2023-11-02 13:00:00,20780.24,21707.983,722.921,31.902,57.512,20.780240000000003,21.707983,PVWatts,Solar_Delhi,,solar,31.902,,13,3,0,11
2023-11-02 14:00:00,16591.138,17364.992,559.058,31.274,51.124,16.591137999999997,17.364991999999997,PVWatts,Solar_Delhi,,solar,31.274,,14,3,0,11
2023-11-02 15:00:00,10833.239,11395.572,358.206,30.105,42.816,10.833238999999999,11.395572,PVWatts,Solar_Delhi,,solar,30.105,,15,3,0,11
2023-11-02 16:00:00,4322.397,4645.55,157.216,27.261,34.567,4.322397,4.64555,PVWatts,Solar_Delhi,,solar,27.261,,16,3,0,11
2023-11-02 17:00:00,0.0,0.0,0.0,25.192,0.0,0.0,0.0,PVWatts,Solar_Delhi,,solar,25.192,,17,3,0,11
2023-11-02 18:00:00,0.0,0.0,0.0,25.102,25.102,0.0,0.0,PVWatts,Solar_Delhi,,solar,25.102,,18,3,0,11
2023-11-02 19:00:00,0.0,0.0,0.0,24.369,24.369,0.0,0.0,PVWatts,Solar_Delhi,,solar,24.369,,19,3,0,11
2023-11-02 20:00:00,0.0,0.0,0.0,23.622,23.622,0.0,0.0,PVWatts,Solar_Delhi,,solar,23.622,,20,3,0,11
2023-11-02 21:00:00,0.0,0.0,0.0,22.919,22.919,0.0,0.0,PVWatts,Solar_Delhi,,solar,22.919,,21,3,0,11
2023-11-02 22:00:00,0.0,0.0,0.0,22.223,22.223,0.0,0.0,PVWatts,Solar_Delhi,,solar,22.223,,22,3,0,11
2023-11-02 23:00:00,0.0,0.0,0.0,21.569,21.569,0.0,0.0,PVWatts,Solar_Delhi,,solar,21.569,,23,3,0,11
2023-11-03 00:00:00,0.0,0.0,0.0,20.984,20.984,0.0,0.0,PVWatts,Solar_Delhi,,solar,20.984,,0,4,0,11
2023-11-03 01:00:00,0.0,0.0,0.0,20.427,20.427,0.0,0.0,PVWatts,Solar_Delhi,,solar,20.427,,1,4,0,11
2023-11-03 02:00:00,0.0,0.0,0.0,19.937,19.937,0.0,0.0,PVWatts,Solar_Delhi,,solar,19.937,,2,4,0,11
2023-11-03 03:00:00,0.0,0.0,0.0,19.511,19.511,0.0,0.0,PVWatts,Solar_Delhi,,solar,19.511,,3,4,0,11
2023-11-03 04:00:00,0.0,0.0,0.0,19.09,19.09,0.0,0.0,PVWatts,Solar_Delhi,,solar,19.09,,4,4,0,11
2023-11-03 05:00:00,0.0,0.0,0.0,18.733,18.733,0.0,0.0,PVWatts,Solar_Delhi,,solar,18.733,,5,4,0,11
2023-11-03 06:00:00,0.0,0.0,0.0,18.779,0.0,0.0,0.0,PVWatts,Solar_Delhi,,solar,18.779,,6,4,0,11
2023-11-03 07:00:00,3127.149,3406.393,104.197,21.143,24.836,3.1271489999999997,3.406393,PVWatts,Solar_Delhi,,solar,21.143,,7,4,0,11
2023-11-03 08:00:00,11479.523,12065.597,369.363,23.852,36.963,11.479522999999999,12.065597,PVWatts,Solar_Delhi,,solar,23.852,,8,4,0,11
2023-11-03 09:00:00,17176.782,17972.149,597.278,28.509,56.848,17.176782,17.972149,PVWatts,Solar_Delhi,,solar,28.509,,9,4,0,11
2023-11-03 10:00:00,20598.204,21519.26,748.967,30.972,66.462,20.598204000000003,21.51926,PVWatts,Solar_Delhi,,solar,30.972,,10,4,0,11
2023-11-03 11:00:00,22020.997,22994.32,819.104,32.294,71.088,22.020996999999998,22.99432,PVWatts,Solar_Delhi,,solar,32.294,,11,4,0,11
2023-11-03 12:00:00,22679.62,23677.137,805.756,32.865,61.374,22.67962,23.677137,PVWatts,Solar_Delhi,,solar,32.865,,12,4,0,11
2023-11-03 13:00:00,20451.221,21366.877,713.279,32.833,58.104,20.451221,21.366877,PVWatts,Solar_Delhi,,solar,32.833,,13,4,0,11
2023-11-03 14:00:00,16334.655,17099.086,551.749,32.062,51.653,16.334655,17.099086,PVWatts,Solar_Delhi,,solar,32.062,,14,4,0,11
2023-11-03 15:00:00,10733.249,11291.909,355.885,30.825,43.454,10.733248999999999,11.291909,PVWatts,Solar_Delhi,,solar,30.825,,15,4,0,11
2023-11-03 16:00:00,4246.873,4567.251,154.874,28.704,34.073,4.246873,4.567251000000001,PVWatts,Solar_Delhi,,solar,28.704,,16,4,0,11
2023-11-03 17:00:00,0.0,0.0,0.0,26.525,0.0,0.0,0.0,PVWatts,Solar_Delhi,,solar,26.525,,17,4,0,11
2023-11-03 18:00:00,0.0,0.0,0.0,25.639,25.639,0.0,0.0,PVWatts,Solar_Delhi,,solar,25.639,,18,4,0,11
2023-11-03 19:00:00,0.0,0.0,0.0,24.826,24.826,0.0,0.0,PVWatts,Solar_Delhi,,solar,24.826,,19,4,0,11
2023-11-03 20:00:00,0.0,0.0,0.0,24.029,24.029,0.0,0.0,PVWatts,Solar_Delhi,,solar,24.029,,20,4,0,11
2023-11-03 21:00:00,0.0,0.0,0.0,23.266,23.266,0.0,0.0,PVWatts,Solar_Delhi,,solar,23.266,,21,4,0,11
2023-11-03 22:00:00,0.0,0.0,0.0,22.527,22.527,0.0,0.0,PVWatts,Solar_Delhi,,solar,22.527,,22,4,0,11
2023-11-03 23:00:00,0.0,0.0,0.0,21.795,21.795,0.0,0.0,PVWatts,Solar_Delhi,,solar,21.795,,23,4,0,11
2023-11-04 00:00:00,0.0,0.0,0.0,21.1,21.1,0.0,0.0,PVWatts,Solar_Delhi,,solar,21.1,,0,5,1,11
2023-11-04 01:00:00,0.0,0.0,0.0,20.469,20.469,0.0,0.0,PVWatts,Solar_Delhi,,solar,20.469,,1,5,1,11
2023-11-04 02:00:00,0.0,0.0,0.0,19.886,19.886,0.0,0.0,PVWatts,Solar_Delhi,,solar,19.886,,2,5,1,11
2023-11-04 03:00:00,0.0,0.0,0.0,19.309,19.309,0.0,0.0,PVWatts,Solar_Delhi,,solar,19.309,,3,5,1,11
2023-11-04 04:00:00,0.0,0.0,0.0,18.81,18.81,0.0,0.0,PVWatts,Solar_Delhi,,solar,18.81,,4,5,1,11
2023-11-04 05:00:00,0.0,0.0,0.0,18.342,18.342,0.0,0.0,PVWatts,Solar_Delhi,,solar,18.342,,5,5,1,11
2023-11-04 06:00:00,0.0,0.0,0.0,18.303,0.0,0.0,0.0,PVWatts,Solar_Delhi,,solar,18.303,,6,5,1,11
2023-11-04 07:00:00,2823.643,3091.738,94.618,20.657,24.01,2.823643,3.091738,PVWatts,Solar_Delhi,,solar,20.657,,7,5,1,11
2023-11-04 08:00:00,9762.771,10285.779,313.411,23.261,34.381,9.762771,10.285779,PVWatts,Solar_Delhi,,solar,23.261,,8,5,1,11
2023-11-04 09:00:00,15828.329,16574.159,527.232,27.047,45.716,15.828329,16.574158999999998,PVWatts,Solar_Delhi,,solar,27.047,,9,5,1,11
2023-11-04 10:00:00,19689.193,20576.855,681.669,30.747,54.856,19.689193,20.576855,PVWatts,Solar_Delhi,,solar,30.747,,10,5,1,11
2023-11-04 11:00:00,22857.643,23861.701,789.484,32.129,54.394,22.857643,23.861701,PVWatts,Solar_Delhi,,solar,32.129,,11,5,1,11
2023-11-04 12:00:00,23672.296,24706.28,820.25,32.568,55.716,23.672296,24.70628,PVWatts,Solar_Delhi,,solar,32.568,,12,5,1,11
2023-11-04 13:00:00,21309.269,22256.446,726.233,32.399,52.922,21.309269,22.256446,PVWatts,Solar_Delhi,,solar,32.399,,13,5,1,11
2023-11-04 14:00:00,16813.637,17595.664,557.131,31.542,47.322,16.813637,17.595664,PVWatts,Solar_Delhi,,solar,31.542,,14,5,1,11
2023-11-04 15:00:00,10800.441,11361.569,353.496,30.184,40.187,10.800441000000001,11.361569,PVWatts,Solar_Delhi,,solar,30.184,,15,5,1,11
2023-11-04 16:00:00,3981.818,4292.459,144.81,27.811,31.813,3.981818,4.292459,PVWatts,Solar_Delhi,,solar,27.811,,16,5,1,11
2023-11-04 17:00:00,0.0,0.0,0.0,25.209,0.0,0.0,0.0,PVWatts,Solar_Delhi,,solar,25.209,,17,5,1,11
2023-11-04 18:00:00,0.0,0.0,0.0,24.272,24.272,0.0,0.0,PVWatts,Solar_Delhi,,solar,24.272,,18,5,1,11
2023-11-04 19:00:00,0.0,0.0,0.0,23.471,23.471,0.0,0.0,PVWatts,Solar_Delhi,,solar,23.471,,19,5,1,11
2023-11-04 20:00:00,0.0,0.0,0.0,22.746,22.746,0.0,0.0,PVWatts,Solar_Delhi,,solar,22.746,,20,5,1,11
2023-11-04 21:00:00,0.0,0.0,0.0,22.119,22.119,0.0,0.0,PVWatts,Solar_Delhi,,solar,22.119,,21,5,1,11
2023-11-04 22:00:00,0.0,0.0,0.0,21.489,21.489,0.0,0.0,PVWatts,Solar_Delhi,,solar,21.489,,22,5,1,11
2023-11-04 23:00:00,0.0,0.0,0.0,20.916,20.916,0.0,0.0,PVWatts,Solar_Delhi,,solar,20.916,,23,5,1,11
2023-11-05 00:00:00,0.0,0.0,0.0,20.299,20.299,0.0,0.0,PVWatts,Solar_Delhi,,solar,20.299,,0,6,1,11
2023-11-05 01:00:00,0.0,0.0,0.0,19.73,19.73,0.0,0.0,PVWatts,Solar_Delhi,,solar,19.73,,1,6,1,11
2023-11-05 02:00:00,0.0,0.0,0.0,19.186,19.186,0.0,0.0,PVWatts,Solar_Delhi,,solar,19.186,,2,6,1,11
2023-11-05 03:00:00,0.0,0.0,0.0,18.654,18.654,0.0,0.0,PVWatts,Solar_Delhi,,solar,18.654,,3,6,1,11
2023-11-05 04:00:00,0.0,0.0,0.0,18.161,18.161,0.0,0.0,PVWatts,Solar_Delhi,,solar,18.161,,4,6,1,11
2023-11-05 05:00:00,0.0,0.0,0.0,17.72,17.72,0.0,0.0,PVWatts,Solar_Delhi,,solar,17.72,,5,6,1,11
2023-11-05 06:00:00,0.0,0.0,0.0,17.661,0.0,0.0,0.0,PVWatts,Solar_Delhi,,solar,17.661,,6,6,1,11
2023-11-05 07:00:00,3111.079,3389.733,103.0,20.113,23.024,3.111079,3.389733,PVWatts,Solar_Delhi,,solar,20.113,,7,6,1,11
2023-11-05 08:00:00,11223.23,11799.89,359.44,22.893,35.652,11.22323,11.79989,PVWatts,Solar_Delhi,,solar,22.893,,8,6,1,11
2023-11-05 09:00:00,17853.95,18674.193,596.388,26.615,47.75,17.85395,18.674193,PVWatts,Solar_Delhi,,solar,26.615,,9,6,1,11
2023-11-05 10:00:00,22063.232,23038.107,751.958,30.776,52.002,22.063232,23.038107,PVWatts,Solar_Delhi,,solar,30.776,,10,6,1,11
2023-11-05 11:00:00,23984.101,25029.539,832.086,32.329,55.806,23.984101,25.029539,PVWatts,Solar_Delhi,,solar,32.329,,11,6,1,11
2023-11-05 12:00:00,24012.358,25058.835,818.384,32.793,52.004,24.012358,25.058835,PVWatts,Solar_Delhi,,solar,32.793,,12,6,1,11
2023-11-05 13:00:00,21506.084,22460.491,722.728,32.696,49.684,21.506083999999998,22.460491,PVWatts,Solar_Delhi,,solar,32.696,,13,6,1,11
2023-11-05 14:00:00,16928.168,17714.402,555.352,31.905,44.987,16.928168000000003,17.714402,PVWatts,Solar_Delhi,,solar,31.905,,14,6,1,11
2023-11-05 15:00:00,10762.33,11322.058,350.412,30.567,38.814,10.76233,11.322058,PVWatts,Solar_Delhi,,solar,30.567,,15,6,1,11
2023-11-05 16:00:00,4126.191,4442.136,150.559,28.165,31.619,4.1261909999999995,4.4421360000000005,PVWatts,Solar_Delhi,,solar,28.165,,16,6,1,11
2023-11-05 17:00:00,0.0,0.0,0.0,25.476,0.0,0.0,0.0,PVWatts,Solar_Delhi,,solar,25.476,,17,6,1,11
2023-11-05 18:00:00,0.0,0.0,0.0,24.491,24.491,0.0,0.0,PVWatts,Solar_Delhi,,solar,24.491,,18,6,1,11
2023-11-05 19:00:00,0.0,0.0,0.0,23.66,23.66,0.0,0.0,PVWatts,Solar_Delhi,,solar,23.66,,19,6,1,11
2023-11-05 20:00:00,0.0,0.0,0.0,22.946,22.946,0.0,0.0,PVWatts,Solar_Delhi,,solar,22.946,,20,6,1,11
2023-11-05 21:00:00,0.0,0.0,0.0,22.337,22.337,0.0,0.0,PVWatts,Solar_Delhi,,solar,22.337,,21,6,1,11
2023-11-05 22:00:00,0.0,0.0,0.0,21.743,21.743,0.0,0.0,PVWatts,Solar_Delhi,,solar,21.743,,22,6,1,11
2023-11-05 23:00:00,0.0,0.0,0.0,21.189,21.189,0.0,0.0,PVWatts,Solar_Delhi,,solar,21.189,,23,6,1,11
2023-11-06 00:00:00,0.0,0.0,0.0,20.624,20.624,0.0,0.0,PVWatts,Solar_Delhi,,solar,20.624,,0,0,0,11
2023-11-06 01:00:00,0.0,0.0,0.0,20.112,20.112,0.0,0.0,PVWatts,Solar_Delhi,,solar,20.112,,1,0,0,11
2023-11-06 02:00:00,0.0,0.0,0.0,19.582,19.582,0.0,0.0,PVWatts,Solar_Delhi,,solar,19.582,,2,0,0,11
2023-11-06 03:00:00,0.0,0.0,0.0,19.07,19.07,0.0,0.0,PVWatts,Solar_Delhi,,solar,19.07,,3,0,0,11
2023-11-06 04:00:00,0.0,0.0,0.0,18.574,18.574,0.0,0.0,PVWatts,Solar_Delhi,,solar,18.574,,4,0,0,11
2023-11-06 05:00:00,0.0,0.0,0.0,18.056,18.056,0.0,0.0,PVWatts,Solar_Delhi,,solar,18.056,,5,0,0,11
2023-11-06 06:00:00,0.0,0.0,0.0,17.963,0.0,0.0,0.0,PVWatts,Solar_Delhi,,solar,17.963,,6,0,0,11
2023-11-06 07:00:00,2936.002,3208.225,98.535,20.395,25.07,2.936002,3.208225,PVWatts,Solar_Delhi,,solar,20.395,,7,0,0,11
2023-11-06 08:00:00,10156.898,10694.385,330.913,23.11,38.838,10.156898,10.694385,PVWatts,Solar_Delhi,,solar,23.11,,8,0,0,11
2023-11-06 09:00:00,16153.259,16911.027,553.91,26.886,53.164,16.153259,16.911026999999997,PVWatts,Solar_Delhi,,solar,26.886,,9,0,0,11
2023-11-06 10:00:00,20148.711,21053.254,729.632,30.958,65.533,20.148711,21.053254000000003,PVWatts,Solar_Delhi,,solar,30.958,,10,0,0,11
2023-11-06 11:00:00,21852.898,22820.046,813.737,32.847,71.39,21.852898,22.820045999999998,PVWatts,Solar_Delhi,,solar,32.847,,11,0,0,11
2023-11-06 12:00:00,22692.235,23690.216,807.999,33.416,62.009,22.692235,23.690216,PVWatts,Solar_Delhi,,solar,33.416,,12,0,0,11
2023-11-06 13:00:00,20512.678,21430.592,716.601,33.265,58.658,20.512678,21.430592,PVWatts,Solar_Delhi,,solar,33.265,,13,0,0,11
2023-11-06 14:00:00,16324.717,17088.784,551.835,32.402,52.0,16.324717,17.088784,PVWatts,Solar_Delhi,,solar,32.402,,14,0,0,11
2023-11-06 15:00:00,10518.085,11068.841,349.32,30.986,43.378,10.518085,11.068841,PVWatts,Solar_Delhi,,solar,30.986,,15,0,0,11
2023-11-06 16:00:00,4000.86,4312.201,148.349,28.564,33.686,4.00086,4.312201,PVWatts,Solar_Delhi,,solar,28.564,,16,0,0,11
2023-11-06 17:00:00,0.0,0.0,0.0,26.198,0.0,0.0,0.0,PVWatts,Solar_Delhi,,solar,26.198,,17,0,0,11
2023-11-06 18:00:00,0.0,0.0,0.0,25.327,25.327,0.0,0.0,PVWatts,Solar_Delhi,,solar,25.327,,18,0,0,11
2023-11-06 19:00:00,0.0,0.0,0.0,24.543,24.543,0.0,0.0,PVWatts,Solar_Delhi,,solar,24.543,,19,0,0,11
2023-11-06 20:00:00,0.0,0.0,0.0,23.807,23.807,0.0,0.0,PVWatts,Solar_Delhi,,solar,23.807,,20,0,0,11
2023-11-06 21:00:00,0.0,0.0,0.0,23.137,23.137,0.0,0.0,PVWatts,Solar_Delhi,,solar,23.137,,21,0,0,11
2023-11-06 22:00:00,0.0,0.0,0.0,22.49,22.49,0.0,0.0,PVWatts,Solar_Delhi,,solar,22.49,,22,0,0,11
2023-11-06 23:00:00,0.0,0.0,0.0,21.855,21.855,0.0,0.0,PVWatts,Solar_Delhi,,solar,21.855,,23,0,0,11
2023-11-07 00:00:00,0.0,0.0,0.0,21.252,21.252,0.0,0.0,PVWatts,Solar_Delhi,,solar,21.252,,0,1,0,11
2023-11-07 01:00:00,0.0,0.0,0.0,20.652,20.652,0.0,0.0,PVWatts,Solar_Delhi,,solar,20.652,,1,1,0,11
2023-11-07 02:00:00,0.0,0.0,0.0,20.047,20.047,0.0,0.0,PVWatts,Solar_Delhi,,solar,20.047,,2,1,0,11
2023-11-07 03:00:00,0.0,0.0,0.0,19.454,19.454,0.0,0.0,PVWatts,Solar_Delhi,,solar,19.454,,3,1,0,11
2023-11-07 04:00:00,0.0,0.0,0.0,18.912,18.912,0.0,0.0,PVWatts,Solar_Delhi,,solar,18.912,,4,1,0,11
2023-11-07 05:00:00,0.0,0.0,0.0,18.471,18.471,0.0,0.0,PVWatts,Solar_Delhi,,solar,18.471,,5,1,0,11
2023-11-07 06:00:00,0.0,0.0,0.0,18.441,0.0,0.0,0.0,PVWatts,Solar_Delhi,,solar,18.441,,6,1,0,11
2023-11-07 07:00:00,1715.434,1942.818,60.396,20.38,23.246,1.715434,1.942818,PVWatts,Solar_Delhi,,solar,20.38,,7,1,0,11
2023-11-07 08:00:00,10967.862,11535.141,358.198,23.41,40.44,10.967861999999998,11.535141,PVWatts,Solar_Delhi,,solar,23.41,,8,1,0,11
2023-11-07 09:00:00,15587.811,16324.807,533.063,27.005,52.293,15.587811,16.324807,PVWatts,Solar_Delhi,,solar,27.005,,9,1,0,11
2023-11-07 10:00:00,20188.183,21094.176,730.14,30.656,65.255,20.188183000000002,21.094176,PVWatts,Solar_Delhi,,solar,30.656,,10,1,0,11
2023-11-07 11:00:00,22861.91,23866.124,812.026,32.485,61.212,22.861909999999998,23.866124,PVWatts,Solar_Delhi,,solar,32.485,,11,1,0,11
2023-11-07 12:00:00,16354.9,17120.074,567.12,33.111,53.138,16.3549,17.120074,PVWatts,Solar_Delhi,,solar,33.111,,12,1,0,11
2023-11-07 13:00:00,20243.789,21151.825,705.482,33.108,58.109,20.243789,21.151825000000002,PVWatts,Solar_Delhi,,solar,33.108,,13,1,0,11
2023-11-07 14:00:00,15826.766,16572.54,534.886,32.52,51.51,15.826766,16.57254,PVWatts,Solar_Delhi,,solar,32.52,,14,1,0,11
2023-11-07 15:00:00,9376.633,9885.457,311.898,31.309,42.371,9.376633,9.885457,PVWatts,Solar_Delhi,,solar,31.309,,15,1,0,11
2023-11-07 16:00:00,1450.733,1668.393,58.518,28.209,30.923,1.450733,1.668393,PVWatts,Solar_Delhi,,solar,28.209,,16,1,0,11
2023-11-07 17:00:00,0.0,0.0,0.0,26.88,0.0,0.0,0.0,PVWatts,Solar_Delhi,,solar,26.88,,17,1,0,11
2023-11-07 18:00:00,0.0,0.0,0.0,26.124,26.124,0.0,0.0,PVWatts,Solar_Delhi,,solar,26.124,,18,1,0,11
2023-11-07 19:00:00,0.0,0.0,0.0,25.483,25.483,0.0,0.0,PVWatts,Solar_Delhi,,solar,25.483,,19,1,0,11
2023-11-07 20:00:00,0.0,0.0,0.0,24.944,24.944,0.0,0.0,PVWatts,Solar_Delhi,,solar,24.944,,20,1,0,11
2023-11-07 21:00:00,0.0,0.0,0.0,24.323,24.323,0.0,0.0,PVWatts,Solar_Delhi,,solar,24.323,,21,1,0,11
2023-11-07 22:00:00,0.0,0.0,0.0,23.579,23.579,0.0,0.0,PVWatts,Solar_Delhi,,solar,23.579,,22,1,0,11
2023-11-07 23:00:00,0.0,0.0,0.0,22.871,22.871,0.0,0.0,PVWatts,Solar_Delhi,,solar,22.871,,23,1,0,11
2023-11-08 00:00:00,0.0,0.0,0.0,22.23,22.23,0.0,0.0,PVWatts,Solar_Delhi,,solar,22.23,,0,2,0,11
2023-11-08 01:00:00,0.0,0.0,0.0,21.693,21.693,0.0,0.0,PVWatts,Solar_Delhi,,solar,21.693,,1,2,0,11
2023-11-08 02:00:00,0.0,0.0,0.0,21.192,21.192,0.0,0.0,PVWatts,Solar_Delhi,,solar,21.192,,2,2,0,11
2023-11-08 03:00:00,0.0,0.0,0.0,20.799,20.799,0.0,0.0,PVWatts,Solar_Delhi,,solar,20.799,,3,2,0,11
2023-11-08 04:00:00,0.0,0.0,0.0,20.441,20.441,0.0,0.0,PVWatts,Solar_Delhi,,solar,20.441,,4,2,0,11
2023-11-08 05:00:00,0.0,0.0,0.0,20.063,20.063,0.0,0.0,PVWatts,Solar_Delhi,,solar,20.063,,5,2,0,11
2023-11-08 06:00:00,0.0,0.0,0.0,19.926,0.0,0.0,0.0,PVWatts,Solar_Delhi,,solar,19.926,,6,2,0,11
2023-11-08 07:00:00,2779.868,3046.355,93.879,21.909,25.235,2.779868,3.046355,PVWatts,Solar_Delhi,,solar,21.909,,7,2,0,11
2023-11-08 08:00:00,10725.147,11283.509,345.267,24.358,36.616,10.725147000000002,11.283509,PVWatts,Solar_Delhi,,solar,24.358,,8,2,0,11
2023-11-08 09:00:00,16335.181,17099.631,563.679,28.299,55.051,16.335181000000002,17.099631000000002,PVWatts,Solar_Delhi,,solar,28.299,,9,2,0,11
2023-11-08 10:00:00,20062.619,20963.999,729.514,32.0,66.575,20.062618999999998,20.963999,PVWatts,Solar_Delhi,,solar,32.0,,10,2,0,11
2023-11-08 11:00:00,21653.356,22613.173,807.214,33.54,71.783,21.653356,22.613173,PVWatts,Solar_Delhi,,solar,33.54,,11,2,0,11
2023-11-08 12:00:00,21391.39,22341.584,794.185,33.555,71.196,21.391389999999998,22.341583999999997,PVWatts,Solar_Delhi,,solar,33.555,,12,2,0,11
2023-11-08 13:00:00,20163.798,21068.895,701.267,32.828,57.681,20.163798,21.068895,PVWatts,Solar_Delhi,,solar,32.828,,13,2,0,11
2023-11-08 14:00:00,16083.003,16838.19,539.25,30.908,50.06,16.083003,16.838189999999997,PVWatts,Solar_Delhi,,solar,30.908,,14,2,0,11
2023-11-08 15:00:00,10382.861,10928.649,342.99,29.756,41.923,10.382861,10.928649,PVWatts,Solar_Delhi,,solar,29.756,,15,2,0,11
2023-11-08 16:00:00,3780.885,4084.145,142.044,27.834,32.719,3.780885,4.084145,PVWatts,Solar_Delhi,,solar,27.834,,16,2,0,11
2023-11-08 17:00:00,0.0,0.0,0.0,26.496,0.0,0.0,0.0,PVWatts,Solar_Delhi,,solar,26.496,,17,2,0,11
2023-11-08 18:00:00,0.0,0.0,0.0,25.809,25.809,0.0,0.0,PVWatts,Solar_Delhi,,solar,25.809,,18,2,0,11
2023-11-08 19:00:00,0.0,0.0,0.0,25.123,25.123,0.0,0.0,PVWatts,Solar_Delhi,,solar,25.123,,19,2,0,11
2023-11-08 20:00:00,0.0,0.0,0.0,24.437,24.437,0.0,0.0,PVWatts,Solar_Delhi,,solar,24.437,,20,2,0,11
2023-11-08 21:00:00,0.0,0.0,0.0,23.717,23.717,0.0,0.0,PVWatts,Solar_Delhi,,solar,23.717,,21,2,0,11
2023-11-08 22:00:00,0.0,0.0,0.0,22.989,22.989,0.0,0.0,PVWatts,Solar_Delhi,,solar,22.989,,22,2,0,11
2023-11-08 23:00:00,0.0,0.0,0.0,22.308,22.308,0.0,0.0,PVWatts,Solar_Delhi,,solar,22.308,,23,2,0,11
2023-11-09 00:00:00,0.0,0.0,0.0,21.63,21.63,0.0,0.0,PVWatts,Solar_Delhi,,solar,21.63,,0,3,0,11
2023-11-09 01:00:00,0.0,0.0,0.0,21.001,21.001,0.0,0.0,PVWatts,Solar_Delhi,,solar,21.001,,1,3,0,11
2023-11-09 02:00:00,0.0,0.0,0.0,20.394,20.394,0.0,0.0,PVWatts,Solar_Delhi,,solar,20.394,,2,3,0,11
2023-11-09 03:00:00,0.0,0.0,0.0,19.826,19.826,0.0,0.0,PVWatts,Solar_Delhi,,solar,19.826,,3,3,0,11
2023-11-09 04:00:00,0.0,0.0,0.0,19.333,19.333,0.0,0.0,PVWatts,Solar_Delhi,,solar,19.333,,4,3,0,11
2023-11-09 05:00:00,0.0,0.0,0.0,18.857,18.857,0.0,0.0,PVWatts,Solar_Delhi,,solar,18.857,,5,3,0,11
2023-11-09 06:00:00,0.0,0.0,0.0,18.741,0.0,0.0,0.0,PVWatts,Solar_Delhi,,solar,18.741,,6,3,0,11
2023-11-09 07:00:00,2829.904,3098.229,95.59,21.039,25.573,2.829904,3.098229,PVWatts,Solar_Delhi,,solar,21.039,,7,3,0,11
2023-11-09 08:00:00,10471.153,11020.185,342.116,23.812,40.077,10.471153000000001,11.020185,PVWatts,Solar_Delhi,,solar,23.812,,8,3,0,11
2023-11-09 09:00:00,16857.268,17640.897,565.327,28.503,48.54,16.857268,17.640897000000002,PVWatts,Solar_Delhi,,solar,28.503,,9,3,0,11
2023-11-09 10:00:00,20237.556,21145.363,732.182,30.914,65.622,20.237556,21.145363,PVWatts,Solar_Delhi,,solar,30.914,,10,3,0,11
2023-11-09 11:00:00,21711.676,22673.636,802.415,31.96,69.978,21.711676,22.673636,PVWatts,Solar_Delhi,,solar,31.96,,11,3,0,11
2023-11-09 12:00:00,21407.693,22358.485,789.539,32.396,69.818,21.407693,22.358485,PVWatts,Solar_Delhi,,solar,32.396,,12,3,0,11
2023-11-09 13:00:00,19429.958,20308.097,699.714,32.244,65.452,19.429958,20.308097,PVWatts,Solar_Delhi,,solar,32.244,,13,3,0,11
2023-11-09 14:00:00,15254.843,15979.606,527.43,31.671,56.751,15.254843000000001,15.979606,PVWatts,Solar_Delhi,,solar,31.671,,14,3,0,11
2023-11-09 15:00:00,10166.619,10704.463,343.019,30.44,46.734,10.166619,10.704463,PVWatts,Solar_Delhi,,solar,30.44,,15,3,0,11
2023-11-09 16:00:00,3673.697,3973.02,139.841,27.078,33.502,3.673697,3.97302,PVWatts,Solar_Delhi,,solar,27.078,,16,3,0,11
2023-11-09 17:00:00,0.0,0.0,0.0,25.776,0.0,0.0,0.0,PVWatts,Solar_Delhi,,solar,25.776,,17,3,0,11
2023-11-09 18:00:00,0.0,0.0,0.0,25.258,25.258,0.0,0.0,PVWatts,Solar_Delhi,,solar,25.258,,18,3,0,11
2023-11-09 19:00:00,0.0,0.0,0.0,24.464,24.464,0.0,0.0,PVWatts,Solar_Delhi,,solar,24.464,,19,3,0,11
2023-11-09 20:00:00,0.0,0.0,0.0,23.662,23.662,0.0,0.0,PVWatts,Solar_Delhi,,solar,23.662,,20,3,0,11
2023-11-09 21:00:00,0.0,0.0,0.0,22.855,22.855,0.0,0.0,PVWatts,Solar_Delhi,,solar,22.855,,21,3,0,11
2023-11-09 22:00:00,0.0,0.0,0.0,22.069,22.069,0.0,0.0,PVWatts,Solar_Delhi,,solar,22.069,,22,3,0,11
2023-11-09 23:00:00,0.0,0.0,0.0,21.35,21.35,0.0,0.0,PVWatts,Solar_Delhi,,solar,21.35,,23,3,0,11
2023-11-10 00:00:00,0.0,0.0,0.0,20.726,20.726,0.0,0.0,PVWatts,Solar_Delhi,,solar,20.726,,0,4,0,11
2023-11-10 01:00:00,0.0,0.0,0.0,20.176,20.176,0.0,0.0,PVWatts,Solar_Delhi,,solar,20.176,,1,4,0,11
2023-11-10 02:00:00,0.0,0.0,0.0,19.636,19.636,0.0,0.0,PVWatts,Solar_Delhi,,solar,19.636,,2,4,0,11
2023-11-10 03:00:00,0.0,0.0,0.0,19.124,19.124,0.0,0.0,PVWatts,Solar_Delhi,,solar,19.124,,3,4,0,11
2023-11-10 04:00:00,0.0,0.0,0.0,18.645,18.645,0.0,0.0,PVWatts,Solar_Delhi,,solar,18.645,,4,4,0,11
2023-11-10 05:00:00,0.0,0.0,0.0,18.193,18.193,0.0,0.0,PVWatts,Solar_Delhi,,solar,18.193,,5,4,0,11
2023-11-10 06:00:00,0.0,0.0,0.0,18.063,0.0,0.0,0.0,PVWatts,Solar_Delhi,,solar,18.063,,6,4,0,11
2023-11-10 07:00:00,2546.136,2804.037,86.06,20.26,23.308,2.546136,2.8040369999999997,PVWatts,Solar_Delhi,,solar,20.26,,7,4,0,11
2023-11-10 08:00:00,10332.961,10876.916,337.232,23.679,39.712,10.332961,10.876916,PVWatts,Solar_Delhi,,solar,23.679,,8,4,0,11
2023-11-10 09:00:00,16640.268,17415.926,555.237,27.624,47.304,16.640268,17.415926,PVWatts,Solar_Delhi,,solar,27.624,,9,4,0,11
2023-11-10 10:00:00,20876.945,21808.24,719.335,29.233,54.698,20.876945,21.80824,PVWatts,Solar_Delhi,,solar,29.233,,10,4,0,11
2023-11-10 11:00:00,21632.763,22591.823,789.133,29.791,67.181,21.632763,22.591823,PVWatts,Solar_Delhi,,solar,29.791,,11,4,0,11
2023-11-10 12:00:00,21423.989,22375.38,779.453,29.955,66.9,21.423989000000002,22.37538,PVWatts,Solar_Delhi,,solar,29.955,,12,4,0,11
2023-11-10 13:00:00,19383.839,20260.284,689.502,30.024,62.75,19.383839,20.260284,PVWatts,Solar_Delhi,,solar,30.024,,13,4,0,11
2023-11-10 14:00:00,15530.398,16265.284,531.786,29.57,54.864,15.530398,16.265284,PVWatts,Solar_Delhi,,solar,29.57,,14,4,0,11
2023-11-10 15:00:00,10095.986,10631.235,338.068,28.739,44.796,10.095986,10.631235,PVWatts,Solar_Delhi,,solar,28.739,,15,4,0,11
2023-11-10 16:00:00,3398.852,3688.078,130.265,25.916,31.887,3.3988519999999998,3.688078,PVWatts,Solar_Delhi,,solar,25.916,,16,4,0,11
2023-11-10 17:00:00,0.0,0.0,0.0,24.79,0.0,0.0,0.0,PVWatts,Solar_Delhi,,solar,24.79,,17,4,0,11
2023-11-10 18:00:00,0.0,0.0,0.0,24.153,24.153,0.0,0.0,PVWatts,Solar_Delhi,,solar,24.153,,18,4,0,11
2023-11-10 19:00:00,0.0,0.0,0.0,23.535,23.535,0.0,0.0,PVWatts,Solar_Delhi,,solar,23.535,,19,4,0,11
2023-11-10 20:00:00,0.0,0.0,0.0,22.967,22.967,0.0,0.0,PVWatts,Solar_Delhi,,solar,22.967,,20,4,0,11
2023-11-10 21:00:00,0.0,0.0,0.0,22.414,22.414,0.0,0.0,PVWatts,Solar_Delhi,,solar,22.414,,21,4,0,11
2023-11-10 22:00:00,0.0,0.0,0.0,21.877,21.877,0.0,0.0,PVWatts,Solar_Delhi,,solar,21.877,,22,4,0,11
2023-11-10 23:00:00,0.0,0.0,0.0,21.319,21.319,0.0,0.0,PVWatts,Solar_Delhi,,solar,21.319,,23,4,0,11
2023-11-11 00:00:00,0.0,0.0,0.0,20.766,20.766,0.0,0.0,PVWatts,Solar_Delhi,,solar,20.766,,0,5,1,11
2023-11-11 01:00:00,0.0,0.0,0.0,20.224,20.224,0.0,0.0,PVWatts,Solar_Delhi,,solar,20.224,,1,5,1,11
2023-11-11 02:00:00,0.0,0.0,0.0,19.684,19.684,0.0,0.0,PVWatts,Solar_Delhi,,solar,19.684,,2,5,1,11
2023-11-11 03:00:00,0.0,0.0,0.0,19.165,19.165,0.0,0.0,PVWatts,Solar_Delhi,,solar,19.165,,3,5,1,11
2023-11-11 04:00:00,0.0,0.0,0.0,18.7,18.7,0.0,0.0,PVWatts,Solar_Delhi,,solar,18.7,,4,5,1,11
2023-11-11 05:00:00,0.0,0.0,0.0,18.28,18.28,0.0,0.0,PVWatts,Solar_Delhi,,solar,18.28,,5,5,1,11
2023-11-11 06:00:00,0.0,0.0,0.0,18.173,0.0,0.0,0.0,PVWatts,Solar_Delhi,,solar,18.173,,6,5,1,11
2023-11-11 07:00:00,2446.898,2701.153,83.374,20.323,24.277,2.446898,2.7011529999999997,PVWatts,Solar_Delhi,,solar,20.323,,7,5,1,11
2023-11-11 08:00:00,10942.992,11509.356,356.624,23.604,40.572,10.942992,11.509356,PVWatts,Solar_Delhi,,solar,23.604,,8,5,1,11
2023-11-11 09:00:00,16678.573,17455.638,574.946,27.928,55.224,16.678573,17.455638,PVWatts,Solar_Delhi,,solar,27.928,,9,5,1,11
2023-11-11 10:00:00,20079.368,20981.364,722.098,30.129,64.362,20.079368,20.981364000000003,PVWatts,Solar_Delhi,,solar,30.129,,10,5,1,11
2023-11-11 11:00:00,18342.707,19180.905,660.302,31.403,62.644,18.342706999999997,19.180905,PVWatts,Solar_Delhi,,solar,31.403,,11,5,1,11
2023-11-11 12:00:00,21268.165,22213.832,781.191,31.983,69.014,21.268165,22.213832,PVWatts,Solar_Delhi,,solar,31.983,,12,5,1,11
2023-11-11 13:00:00,19284.927,20157.739,691.418,31.718,64.536,19.284927,20.157739000000003,PVWatts,Solar_Delhi,,solar,31.718,,13,5,1,11
2023-11-11 14:00:00,15472.451,16205.209,532.102,30.578,55.889,15.472451,16.205209,PVWatts,Solar_Delhi,,solar,30.578,,14,5,1,11
2023-11-11 15:00:00,10254.391,10795.459,338.137,29.19,41.182,10.254391,10.795459000000001,PVWatts,Solar_Delhi,,solar,29.19,,15,5,1,11
2023-11-11 16:00:00,2452.145,2706.592,95.243,27.544,30.817,2.452145,2.706592,PVWatts,Solar_Delhi,,solar,27.544,,16,5,1,11
2023-11-11 17:00:00,0.0,0.0,0.0,25.686,25.686,0.0,0.0,PVWatts,Solar_Delhi,,solar,25.686,,17,5,1,11
2023-11-11 18:00:00,0.0,0.0,0.0,24.849,24.849,0.0,0.0,PVWatts,Solar_Delhi,,solar,24.849,,18,5,1,11
2023-11-11 19:00:00,0.0,0.0,0.0,24.173,24.173,0.0,0.0,PVWatts,Solar_Delhi,,solar,24.173,,19,5,1,11
2023-11-11 20:00:00,0.0,0.0,0.0,23.592,23.592,0.0,0.0,PVWatts,Solar_Delhi,,solar,23.592,,20,5,1,11
2023-11-11 21:00:00,0.0,0.0,0.0,23.018,23.018,0.0,0.0,PVWatts,Solar_Delhi,,solar,23.018,,21,5,1,11
2023-11-11 22:00:00,0.0,0.0,0.0,22.394,22.394,0.0,0.0,PVWatts,Solar_Delhi,,solar,22.394,,22,5,1,11
2023-11-11 23:00:00,0.0,0.0,0.0,21.755,21.755,0.0,0.0,PVWatts,Solar_Delhi,,solar,21.755,,23,5,1,11
2023-11-12 00:00:00,0.0,0.0,0.0,21.15,21.15,0.0,0.0,PVWatts,Solar_Delhi,,solar,21.15,,0,6,1,11
2023-11-12 01:00:00,0.0,0.0,0.0,20.619,20.619,0.0,0.0,PVWatts,Solar_Delhi,,solar,20.619,,1,6,1,11
2023-11-12 02:00:00,0.0,0.0,0.0,20.149,20.149,0.0,0.0,PVWatts,Solar_Delhi,,solar,20.149,,2,6,1,11
2023-11-12 03:00:00,0.0,0.0,0.0,19.802,19.802,0.0,0.0,PVWatts,Solar_Delhi,,solar,19.802,,3,6,1,11
2023-11-12 04:00:00,0.0,0.0,0.0,19.558,19.558,0.0,0.0,PVWatts,Solar_Delhi,,solar,19.558,,4,6,1,11
2023-11-12 05:00:00,0.0,0.0,0.0,19.237,19.237,0.0,0.0,PVWatts,Solar_Delhi,,solar,19.237,,5,6,1,11
2023-11-12 06:00:00,0.0,0.0,0.0,19.152,0.0,0.0,0.0,PVWatts,Solar_Delhi,,solar,19.152,,6,6,1,11
2023-11-12 07:00:00,2311.165,2560.434,79.352,20.884,24.647,2.311165,2.5604340000000003,PVWatts,Solar_Delhi,,solar,20.884,,7,6,1,11
2023-11-12 08:00:00,9793.823,10317.973,318.15,22.823,37.948,9.793823,10.317973,PVWatts,Solar_Delhi,,solar,22.823,,8,6,1,11
2023-11-12 09:00:00,8027.441,8486.701,269.167,26.736,39.477,8.027441,8.486700999999998,PVWatts,Solar_Delhi,,solar,26.736,,9,6,1,11
2023-11-12 10:00:00,18128.95,18959.296,645.564,30.519,61.097,18.12895,18.959296,PVWatts,Solar_Delhi,,solar,30.519,,10,6,1,11
2023-11-12 11:00:00,20214.871,21121.844,738.277,32.033,67.0,20.214871,21.121844,PVWatts,Solar_Delhi,,solar,32.033,,11,6,1,11
2023-11-12 12:00:00,17931.304,18754.389,645.208,32.297,62.838,17.931304,18.754389,PVWatts,Solar_Delhi,,solar,32.297,,12,6,1,11
2023-11-12 13:00:00,14802.189,15510.323,504.156,31.788,49.619,14.802189,15.510323,PVWatts,Solar_Delhi,,solar,31.788,,13,6,1,11
2023-11-12 14:00:00,13685.599,14352.715,456.969,30.795,47.007,13.685599,14.352715,PVWatts,Solar_Delhi,,solar,30.795,,14,6,1,11
2023-11-12 15:00:00,7172.045,7599.882,237.527,29.364,37.785,7.172045,7.599882,PVWatts,Solar_Delhi,,solar,29.364,,15,6,1,11
2023-11-12 16:00:00,674.52,863.666,31.813,27.464,28.556,0.67452,0.863666,PVWatts,Solar_Delhi,,solar,27.464,,16,6,1,11
2023-11-12 17:00:00,0.0,0.0,0.0,25.684,25.684,0.0,0.0,PVWatts,Solar_Delhi,,solar,25.684,,17,6,1,11
2023-11-12 18:00:00,0.0,0.0,0.0,25.066,25.066,0.0,0.0,PVWatts,Solar_Delhi,,solar,25.066,,18,6,1,11
2023-11-12 19:00:00,0.0,0.0,0.0,24.4,24.4,0.0,0.0,PVWatts,Solar_Delhi,,solar,24.4,,19,6,1,11
2023-11-12 20:00:00,0.0,0.0,0.0,23.704,23.704,0.0,0.0,PVWatts,Solar_Delhi,,solar,23.704,,20,6,1,11
2023-11-12 21:00:00,0.0,0.0,0.0,22.782,22.782,0.0,0.0,PVWatts,Solar_Delhi,,solar,22.782,,21,6,1,11
2023-11-12 22:00:00,0.0,0.0,0.0,21.915,21.915,0.0,0.0,PVWatts,Solar_Delhi,,solar,21.915,,22,6,1,11
2023-11-12 23:00:00,0.0,0.0,0.0,21.213,21.213,0.0,0.0,PVWatts,Solar_Delhi,,solar,21.213,,23,6,1,11
2023-11-13 00:00:00,0.0,0.0,0.0,20.586,20.586,0.0,0.0,PVWatts,Solar_Delhi,,solar,20.586,,0,0,0,11
2023-11-13 01:00:00,0.0,0.0,0.0,19.966,19.966,0.0,0.0,PVWatts,Solar_Delhi,,solar,19.966,,1,0,0,11
2023-11-13 02:00:00,0.0,0.0,0.0,19.382,19.382,0.0,0.0,PVWatts,Solar_Delhi,,solar,19.382,,2,0,0,11
2023-11-13 03:00:00,0.0,0.0,0.0,18.807,18.807,0.0,0.0,PVWatts,Solar_Delhi,,solar,18.807,,3,0,0,11
2023-11-13 04:00:00,0.0,0.0,0.0,18.294,18.294,0.0,0.0,PVWatts,Solar_Delhi,,solar,18.294,,4,0,0,11
2023-11-13 05:00:00,0.0,0.0,0.0,17.836,17.836,0.0,0.0,PVWatts,Solar_Delhi,,solar,17.836,,5,0,0,11
2023-11-13 06:00:00,0.0,0.0,0.0,17.681,0.0,0.0,0.0,PVWatts,Solar_Delhi,,solar,17.681,,6,0,0,11
2023-11-13 07:00:00,2418.007,2671.2,82.118,20.062,22.97,2.4180070000000002,2.6712,PVWatts,Solar_Delhi,,solar,20.062,,7,0,0,11
2023-11-13 08:00:00,10172.194,10710.243,330.399,22.84,38.552,10.172194,10.710243,PVWatts,Solar_Delhi,,solar,22.84,,8,0,0,11
2023-11-13 09:00:00,16072.298,16827.091,549.007,26.829,52.893,16.072298,16.827091,PVWatts,Solar_Delhi,,solar,26.829,,9,0,0,11
2023-11-13 10:00:00,20588.806,21509.516,713.366,30.794,56.05,20.588806,21.509515999999998,PVWatts,Solar_Delhi,,solar,30.794,,10,0,0,11
2023-11-13 11:00:00,22472.431,23462.338,793.625,32.107,60.192,22.472431,23.462338,PVWatts,Solar_Delhi,,solar,32.107,,11,0,0,11
2023-11-13 12:00:00,22695.632,23693.737,781.182,32.589,54.648,22.695632,23.693737000000002,PVWatts,Solar_Delhi,,solar,32.589,,12,0,0,11
2023-11-13 13:00:00,20412.783,21327.027,691.611,32.331,51.887,20.412783,21.327026999999998,PVWatts,Solar_Delhi,,solar,32.331,,13,0,0,11
2023-11-13 14:00:00,16254.731,17016.226,531.027,31.572,44.087,16.254731,17.016226,PVWatts,Solar_Delhi,,solar,31.572,,14,0,0,11
2023-11-13 15:00:00,10221.978,10761.856,332.886,30.092,37.923,10.221978,10.761856,PVWatts,Solar_Delhi,,solar,30.092,,15,0,0,11
2023-11-13 16:00:00,3570.825,3866.368,137.673,27.676,30.788,3.5708249999999997,3.866368,PVWatts,Solar_Delhi,,solar,27.676,,16,0,0,11
2023-11-13 17:00:00,0.0,0.0,0.0,25.232,25.232,0.0,0.0,PVWatts,Solar_Delhi,,solar,25.232,,17,0,0,11
2023-11-13 18:00:00,0.0,0.0,0.0,24.31,24.31,0.0,0.0,PVWatts,Solar_Delhi,,solar,24.31,,18,0,0,11
2023-11-13 19:00:00,0.0,0.0,0.0,23.507,23.507,0.0,0.0,PVWatts,Solar_Delhi,,solar,23.507,,19,0,0,11
2023-11-13 20:00:00,0.0,0.0,0.0,22.779,22.779,0.0,0.0,PVWatts,Solar_Delhi,,solar,22.779,,20,0,0,11
2023-11-13 21:00:00,0.0,0.0,0.0,22.079,22.079,0.0,0.0,PVWatts,Solar_Delhi,,solar,22.079,,21,0,0,11
2023-11-13 22:00:00,0.0,0.0,0.0,21.367,21.367,0.0,0.0,PVWatts,Solar_Delhi,,solar,21.367,,22,0,0,11
2023-11-13 23:00:00,0.0,0.0,0.0,20.723,20.723,0.0,0.0,PVWatts,Solar_Delhi,,solar,20.723,,23,0,0,11
2023-11-14 00:00:00,0.0,0.0,0.0,20.037,20.037,0.0,0.0,PVWatts,Solar_Delhi,,solar,20.037,,0,1,0,11
2023-11-14 01:00:00,0.0,0.0,0.0,19.398,19.398,0.0,0.0,PVWatts,Solar_Delhi,,solar,19.398,,1,1,0,11
2023-11-14 02:00:00,0.0,0.0,0.0,18.775,18.775,0.0,0.0,PVWatts,Solar_Delhi,,solar,18.775,,2,1,0,11
2023-11-14 03:00:00,0.0,0.0,0.0,18.187,18.187,0.0,0.0,PVWatts,Solar_Delhi,,solar,18.187,,3,1,0,11
2023-11-14 04:00:00,0.0,0.0,0.0,17.635,17.635,0.0,0.0,PVWatts,Solar_Delhi,,solar,17.635,,4,1,0,11
2023-11-14 05:00:00,0.0,0.0,0.0,17.137,17.137,0.0,0.0,PVWatts,Solar_Delhi,,solar,17.137,,5,1,0,11
2023-11-14 06:00:00,0.0,0.0,0.0,16.894,0.0,0.0,0.0,PVWatts,Solar_Delhi,,solar,16.894,,6,1,0,11
2023-11-14 07:00:00,2291.731,2540.286,77.681,18.917,21.111,2.2917310000000004,2.540286,PVWatts,Solar_Delhi,,solar,18.917,,7,1,0,11
2023-11-14 08:00:00,9998.679,10530.354,317.931,21.84,33.131,9.998679,10.530353999999999,PVWatts,Solar_Delhi,,solar,21.84,,8,1,0,11
2023-11-14 09:00:00,16850.953,17634.351,557.527,25.908,45.677,16.850953,17.634351,PVWatts,Solar_Delhi,,solar,25.908,,9,1,0,11
2023-11-14 10:00:00,21029.757,21966.666,726.402,29.793,55.515,21.029757,21.966666,PVWatts,Solar_Delhi,,solar,29.793,,10,1,0,11
2023-11-14 11:00:00,22661.923,23658.79,798.223,31.414,59.664,22.661922999999998,23.65879,PVWatts,Solar_Delhi,,solar,31.414,,11,1,0,11
2023-11-14 12:00:00,22373.336,23359.603,787.687,31.972,59.86,22.373336,23.359603,PVWatts,Solar_Delhi,,solar,31.972,,12,1,0,11
2023-11-14 13:00:00,20101.949,21004.774,694.349,31.773,56.388,20.101949,21.004774,PVWatts,Solar_Delhi,,solar,31.773,,13,1,0,11
2023-11-14 14:00:00,16096.691,16852.38,529.635,30.805,45.814,16.096691,16.85238,PVWatts,Solar_Delhi,,solar,30.805,,14,1,0,11
2023-11-14 15:00:00,10137.521,10674.296,331.119,29.159,38.524,10.137521000000001,10.674296,PVWatts,Solar_Delhi,,solar,29.159,,15,1,0,11
2023-11-14 16:00:00,3528.343,3822.325,137.134,26.455,30.17,3.528343,3.8223249999999998,PVWatts,Solar_Delhi,,solar,26.455,,16,1,0,11
2023-11-14 17:00:00,0.0,0.0,0.0,23.922,23.922,0.0,0.0,PVWatts,Solar_Delhi,,solar,23.922,,17,1,0,11
2023-11-14 18:00:00,0.0,0.0,0.0,22.895,22.895,0.0,0.0,PVWatts,Solar_Delhi,,solar,22.895,,18,1,0,11
2023-11-14 19:00:00,0.0,0.0,0.0,21.991,21.991,0.0,0.0,PVWatts,Solar_Delhi,,solar,21.991,,19,1,0,11
2023-11-14 20:00:00,0.0,0.0,0.0,21.151,21.151,0.0,0.0,PVWatts,Solar_Delhi,,solar,21.151,,20,1,0,11
2023-11-14 21:00:00,0.0,0.0,0.0,20.455,20.455,0.0,0.0,PVWatts,Solar_Delhi,,solar,20.455,,21,1,0,11
2023-11-14 22:00:00,0.0,0.0,0.0,19.822,19.822,0.0,0.0,PVWatts,Solar_Delhi,,solar,19.822,,22,1,0,11
2023-11-14 23:00:00,0.0,0.0,0.0,19.251,19.251,0.0,0.0,PVWatts,Solar_Delhi,,solar,19.251,,23,1,0,11
2023-11-15 00:00:00,0.0,0.0,0.0,18.655,18.655,0.0,0.0,PVWatts,Solar_Delhi,,solar,18.655,,0,2,0,11
2023-11-15 01:00:00,0.0,0.0,0.0,18.085,18.085,0.0,0.0,PVWatts,Solar_Delhi,,solar,18.085,,1,2,0,11
2023-11-15 02:00:00,0.0,0.0,0.0,17.526,17.526,0.0,0.0,PVWatts,Solar_Delhi,,solar,17.526,,2,2,0,11
2023-11-15 03:00:00,0.0,0.0,0.0,16.993,16.993,0.0,0.0,PVWatts,Solar_Delhi,,solar,16.993,,3,2,0,11
2023-11-15 04:00:00,0.0,0.0,0.0,16.487,16.487,0.0,0.0,PVWatts,Solar_Delhi,,solar,16.487,,4,2,0,11
2023-11-15 05:00:00,0.0,0.0,0.0,16.055,16.055,0.0,0.0,PVWatts,Solar_Delhi,,solar,16.055,,5,2,0,11
2023-11-15 06:00:00,0.0,0.0,0.0,15.895,0.0,0.0,0.0,PVWatts,Solar_Delhi,,solar,15.895,,6,2,0,11
2023-11-15 07:00:00,2386.528,2638.565,80.432,18.276,20.547,2.3865279999999998,2.6385650000000003,PVWatts,Solar_Delhi,,solar,18.276,,7,2,0,11
2023-11-15 08:00:00,10661.413,11217.434,337.642,21.023,33.018,10.661413,11.217433999999999,PVWatts,Solar_Delhi,,solar,21.023,,8,2,0,11
2023-11-15 09:00:00,16737.608,17516.841,566.737,24.355,51.268,16.737608,17.516841,PVWatts,Solar_Delhi,,solar,24.355,,9,2,0,11
2023-11-15 10:00:00,20278.096,21187.392,721.13,27.929,62.127,20.278096,21.187392,PVWatts,Solar_Delhi,,solar,27.929,,10,2,0,11
2023-11-15 11:00:00,21802.828,22768.136,795.465,29.772,67.473,21.802828,22.768136,PVWatts,Solar_Delhi,,solar,29.772,,11,2,0,11
2023-11-15 12:00:00,21517.672,22472.505,784.023,30.3,67.474,21.517671999999997,22.472505,PVWatts,Solar_Delhi,,solar,30.3,,12,2,0,11
2023-11-15 13:00:00,19410.225,20287.64,691.094,30.39,63.2,19.410224999999997,20.28764,PVWatts,Solar_Delhi,,solar,30.39,,13,2,0,11
2023-11-15 14:00:00,15840.928,16587.222,528.125,30.15,48.913,15.840928,16.587222,PVWatts,Solar_Delhi,,solar,30.15,,14,2,0,11
2023-11-15 15:00:00,10002.3,10534.108,329.359,28.649,40.327,10.0023,10.534108,PVWatts,Solar_Delhi,,solar,28.649,,15,2,0,11
2023-11-15 16:00:00,3350.903,3638.367,129.675,25.856,30.274,3.3509029999999997,3.638367,PVWatts,Solar_Delhi,,solar,25.856,,16,2,0,11
2023-11-15 17:00:00,0.0,0.0,0.0,23.653,23.653,0.0,0.0,PVWatts,Solar_Delhi,,solar,23.653,,17,2,0,11
2023-11-15 18:00:00,0.0,0.0,0.0,22.792,22.792,0.0,0.0,PVWatts,Solar_Delhi,,solar,22.792,,18,2,0,11
2023-11-15 19:00:00,0.0,0.0,0.0,21.989,21.989,0.0,0.0,PVWatts,Solar_Delhi,,solar,21.989,,19,2,0,11
2023-11-15 20:00:00,0.0,0.0,0.0,21.14,21.14,0.0,0.0,PVWatts,Solar_Delhi,,solar,21.14,,20,2,0,11
2023-11-15 21:00:00,0.0,0.0,0.0,20.321,20.321,0.0,0.0,PVWatts,Solar_Delhi,,solar,20.321,,21,2,0,11
2023-11-15 22:00:00,0.0,0.0,0.0,19.481,19.481,0.0,0.0,PVWatts,Solar_Delhi,,solar,19.481,,22,2,0,11
2023-11-15 23:00:00,0.0,0.0,0.0,18.653,18.653,0.0,0.0,PVWatts,Solar_Delhi,,solar,18.653,,23,2,0,11
2023-11-16 00:00:00,0.0,0.0,0.0,17.932,17.932,0.0,0.0,PVWatts,Solar_Delhi,,solar,17.932,,0,3,0,11
2023-11-16 01:00:00,0.0,0.0,0.0,17.292,17.292,0.0,0.0,PVWatts,Solar_Delhi,,solar,17.292,,1,3,0,11
2023-11-16 02:00:00,0.0,0.0,0.0,16.745,16.745,0.0,0.0,PVWatts,Solar_Delhi,,solar,16.745,,2,3,0,11
2023-11-16 03:00:00,0.0,0.0,0.0,16.228,16.228,0.0,0.0,PVWatts,Solar_Delhi,,solar,16.228,,3,3,0,11
2023-11-16 04:00:00,0.0,0.0,0.0,15.782,15.782,0.0,0.0,PVWatts,Solar_Delhi,,solar,15.782,,4,3,0,11
2023-11-16 05:00:00,0.0,0.0,0.0,15.468,15.468,0.0,0.0,PVWatts,Solar_Delhi,,solar,15.468,,5,3,0,11
2023-11-16 06:00:00,0.0,0.0,0.0,15.546,0.0,0.0,0.0,PVWatts,Solar_Delhi,,solar,15.546,,6,3,0,11
2023-11-16 07:00:00,2249.776,2496.79,75.993,17.394,19.539,2.2497759999999998,2.49679,PVWatts,Solar_Delhi,,solar,17.394,,7,3,0,11
2023-11-16 08:00:00,10577.033,11129.954,333.29,19.865,31.706,10.577033,11.129954,PVWatts,Solar_Delhi,,solar,19.865,,8,3,0,11
2023-11-16 09:00:00,17173.342,17968.582,562.305,23.451,43.393,17.173342,17.968581999999998,PVWatts,Solar_Delhi,,solar,23.451,,9,3,0,11
2023-11-16 10:00:00,20943.561,21877.303,716.306,27.966,53.334,20.943561000000003,21.877303,PVWatts,Solar_Delhi,,solar,27.966,,10,3,0,11
2023-11-16 11:00:00,22590.64,23584.889,791.642,30.564,58.585,22.59064,23.584889,PVWatts,Solar_Delhi,,solar,30.564,,11,3,0,11
2023-11-16 12:00:00,21963.398,22934.605,768.734,31.251,58.466,21.963398,22.934605,PVWatts,Solar_Delhi,,solar,31.251,,12,3,0,11
2023-11-16 13:00:00,20428.368,21343.184,687.403,30.927,50.366,20.428368,21.343184,PVWatts,Solar_Delhi,,solar,30.927,,13,3,0,11
2023-11-16 14:00:00,16035.481,16788.922,525.509,29.993,44.885,16.035481,16.788922,PVWatts,Solar_Delhi,,solar,29.993,,14,3,0,11
2023-11-16 15:00:00,10055.923,10589.7,327.603,28.442,37.706,10.055923,10.5897,PVWatts,Solar_Delhi,,solar,28.442,,15,3,0,11
2023-11-16 16:00:00,3273.03,3557.634,127.658,25.761,29.217,3.2730300000000003,3.557634,PVWatts,Solar_Delhi,,solar,25.761,,16,3,0,11
2023-11-16 17:00:00,0.0,0.0,0.0,23.533,23.533,0.0,0.0,PVWatts,Solar_Delhi,,solar,23.533,,17,3,0,11
2023-11-16 18:00:00,0.0,0.0,0.0,22.445,22.445,0.0,0.0,PVWatts,Solar_Delhi,,solar,22.445,,18,3,0,11
2023-11-16 19:00:00,0.0,0.0,0.0,21.459,21.459,0.0,0.0,PVWatts,Solar_Delhi,,solar,21.459,,19,3,0,11
2023-11-16 20:00:00,0.0,0.0,0.0,20.587,20.587,0.0,0.0,PVWatts,Solar_Delhi,,solar,20.587,,20,3,0,11
2023-11-16 21:00:00,0.0,0.0,0.0,19.786,19.786,0.0,0.0,PVWatts,Solar_Delhi,,solar,19.786,,21,3,0,11
2023-11-16 22:00:00,0.0,0.0,0.0,19.055,19.055,0.0,0.0,PVWatts,Solar_Delhi,,solar,19.055,,22,3,0,11
2023-11-16 23:00:00,0.0,0.0,0.0,18.423,18.423,0.0,0.0,PVWatts,Solar_Delhi,,solar,18.423,,23,3,0,11
2023-11-17 00:00:00,0.0,0.0,0.0,17.852,17.852,0.0,0.0,PVWatts,Solar_Delhi,,solar,17.852,,0,4,0,11
2023-11-17 01:00:00,0.0,0.0,0.0,17.373,17.373,0.0,0.0,PVWatts,Solar_Delhi,,solar,17.373,,1,4,0,11
2023-11-17 02:00:00,0.0,0.0,0.0,16.931,16.931,0.0,0.0,PVWatts,Solar_Delhi,,solar,16.931,,2,4,0,11
2023-11-17 03:00:00,0.0,0.0,0.0,16.522,16.522,0.0,0.0,PVWatts,Solar_Delhi,,solar,16.522,,3,4,0,11
2023-11-17 04:00:00,0.0,0.0,0.0,16.112,16.112,0.0,0.0,PVWatts,Solar_Delhi,,solar,16.112,,4,4,0,11
2023-11-17 05:00:00,0.0,0.0,0.0,15.731,15.731,0.0,0.0,PVWatts,Solar_Delhi,,solar,15.731,,5,4,0,11
2023-11-17 06:00:00,0.0,0.0,0.0,15.591,0.0,0.0,0.0,PVWatts,Solar_Delhi,,solar,15.591,,6,4,0,11
2023-11-17 07:00:00,2172.024,2416.182,73.741,17.739,19.82,2.172024,2.4161819999999996,PVWatts,Solar_Delhi,,solar,17.739,,7,4,0,11
2023-11-17 08:00:00,10509.632,11060.077,328.938,20.639,29.96,10.509632,11.060077,PVWatts,Solar_Delhi,,solar,20.639,,8,4,0,11
2023-11-17 09:00:00,16984.268,17772.564,558.196,24.503,44.3,16.984268,17.772564,PVWatts,Solar_Delhi,,solar,24.503,,9,4,0,11
2023-11-17 10:00:00,21213.814,22157.484,711.558,28.68,48.781,21.213814,22.157484,PVWatts,Solar_Delhi,,solar,28.68,,10,4,0,11
2023-11-17 11:00:00,22974.192,23982.531,784.084,30.405,52.542,22.974192,23.982530999999998,PVWatts,Solar_Delhi,,solar,30.405,,11,4,0,11
2023-11-17 12:00:00,22621.446,23616.827,772.233,31.096,52.907,22.621446,23.616827,PVWatts,Solar_Delhi,,solar,31.096,,12,4,0,11
2023-11-17 13:00:00,20306.71,21217.057,682.837,30.959,50.271,20.30671,21.217057,PVWatts,Solar_Delhi,,solar,30.959,,13,4,0,11
2023-11-17 14:00:00,15982.597,16734.095,524.053,30.17,45.022,15.982597,16.734095,PVWatts,Solar_Delhi,,solar,30.17,,14,4,0,11
2023-11-17 15:00:00,9993.256,10524.732,325.85,28.602,37.817,9.993255999999999,10.524732,PVWatts,Solar_Delhi,,solar,28.602,,15,4,0,11
2023-11-17 16:00:00,3157.63,3437.994,124.84,25.988,29.358,3.15763,3.437994,PVWatts,Solar_Delhi,,solar,25.988,,16,4,0,11
2023-11-17 17:00:00,0.0,0.0,0.0,23.637,23.637,0.0,0.0,PVWatts,Solar_Delhi,,solar,23.637,,17,4,0,11
2023-11-17 18:00:00,0.0,0.0,0.0,22.717,22.717,0.0,0.0,PVWatts,Solar_Delhi,,solar,22.717,,18,4,0,11
2023-11-17 19:00:00,0.0,0.0,0.0,21.915,21.915,0.0,0.0,PVWatts,Solar_Delhi,,solar,21.915,,19,4,0,11
2023-11-17 20:00:00,0.0,0.0,0.0,21.159,21.159,0.0,0.0,PVWatts,Solar_Delhi,,solar,21.159,,20,4,0,11
2023-11-17 21:00:00,0.0,0.0,0.0,20.45,20.45,0.0,0.0,PVWatts,Solar_Delhi,,solar,20.45,,21,4,0,11
2023-11-17 22:00:00,0.0,0.0,0.0,19.791,19.791,0.0,0.0,PVWatts,Solar_Delhi,,solar,19.791,,22,4,0,11
2023-11-17 23:00:00,0.0,0.0,0.0,19.194,19.194,0.0,0.0,PVWatts,Solar_Delhi,,solar,19.194,,23,4,0,11
2023-11-18 00:00:00,0.0,0.0,0.0,18.633,18.633,0.0,0.0,PVWatts,Solar_Delhi,,solar,18.633,,0,5,1,11
2023-11-18 01:00:00,0.0,0.0,0.0,18.147,18.147,0.0,0.0,PVWatts,Solar_Delhi,,solar,18.147,,1,5,1,11
2023-11-18 02:00:00,0.0,0.0,0.0,17.685,17.685,0.0,0.0,PVWatts,Solar_Delhi,,solar,17.685,,2,5,1,11
2023-11-18 03:00:00,0.0,0.0,0.0,17.28,17.28,0.0,0.0,PVWatts,Solar_Delhi,,solar,17.28,,3,5,1,11
2023-11-18 04:00:00,0.0,0.0,0.0,16.876,16.876,0.0,0.0,PVWatts,Solar_Delhi,,solar,16.876,,4,5,1,11
2023-11-18 05:00:00,0.0,0.0,0.0,16.558,16.558,0.0,0.0,PVWatts,Solar_Delhi,,solar,16.558,,5,5,1,11
2023-11-18 06:00:00,0.0,0.0,0.0,16.387,0.0,0.0,0.0,PVWatts,Solar_Delhi,,solar,16.387,,6,5,1,11
2023-11-18 07:00:00,2013.274,2251.6,69.323,18.717,21.17,2.013274,2.2516,PVWatts,Solar_Delhi,,solar,18.717,,7,5,1,11
2023-11-18 08:00:00,10216.4,10756.072,323.934,21.479,32.988,10.2164,10.756072,PVWatts,Solar_Delhi,,solar,21.479,,8,5,1,11
2023-11-18 09:00:00,15945.896,16696.046,539.069,25.162,50.766,15.945896000000001,16.696046,PVWatts,Solar_Delhi,,solar,25.162,,9,5,1,11
2023-11-18 10:00:00,20497.34,21414.69,703.827,29.321,54.249,20.49734,21.41469,PVWatts,Solar_Delhi,,solar,29.321,,10,5,1,11
2023-11-18 11:00:00,22183.792,23163.095,776.554,30.915,58.404,22.183792,23.163095000000002,PVWatts,Solar_Delhi,,solar,30.915,,11,5,1,11
2023-11-18 12:00:00,16666.063,17442.669,572.65,31.525,51.763,16.666062999999998,17.442669000000002,PVWatts,Solar_Delhi,,solar,31.525,,12,5,1,11
2023-11-18 13:00:00,15050.56,15767.819,510.933,31.32,49.4,15.050559999999999,15.767819,PVWatts,Solar_Delhi,,solar,31.32,,13,5,1,11
2023-11-18 14:00:00,15888.701,16636.75,521.486,30.479,45.259,15.888701,16.63675,PVWatts,Solar_Delhi,,solar,30.479,,14,5,1,11
2023-11-18 15:00:00,8058.169,8518.558,263.934,28.926,36.389,8.058169,8.518558,PVWatts,Solar_Delhi,,solar,28.926,,15,5,1,11
2023-11-18 16:00:00,3161.939,3442.462,126.019,26.332,29.726,3.161939,3.442462,PVWatts,Solar_Delhi,,solar,26.332,,16,5,1,11
2023-11-18 17:00:00,0.0,0.0,0.0,23.897,23.897,0.0,0.0,PVWatts,Solar_Delhi,,solar,23.897,,17,5,1,11
2023-11-18 18:00:00,0.0,0.0,0.0,22.84,22.84,0.0,0.0,PVWatts,Solar_Delhi,,solar,22.84,,18,5,1,11
2023-11-18 19:00:00,0.0,0.0,0.0,21.817,21.817,0.0,0.0,PVWatts,Solar_Delhi,,solar,21.817,,19,5,1,11
2023-11-18 20:00:00,0.0,0.0,0.0,20.917,20.917,0.0,0.0,PVWatts,Solar_Delhi,,solar,20.917,,20,5,1,11
2023-11-18 21:00:00,0.0,0.0,0.0,20.093,20.093,0.0,0.0,PVWatts,Solar_Delhi,,solar,20.093,,21,5,1,11
2023-11-18 22:00:00,0.0,0.0,0.0,19.393,19.393,0.0,0.0,PVWatts,Solar_Delhi,,solar,19.393,,22,5,1,11
2023-11-18 23:00:00,0.0,0.0,0.0,18.789,18.789,0.0,0.0,PVWatts,Solar_Delhi,,solar,18.789,,23,5,1,11
2023-11-19 00:00:00,0.0,0.0,0.0,18.264,18.264,0.0,0.0,PVWatts,Solar_Delhi,,solar,18.264,,0,6,1,11
2023-11-19 01:00:00,0.0,0.0,0.0,17.77,17.77,0.0,0.0,PVWatts,Solar_Delhi,,solar,17.77,,1,6,1,11
2023-11-19 02:00:00,0.0,0.0,0.0,17.263,17.263,0.0,0.0,PVWatts,Solar_Delhi,,solar,17.263,,2,6,1,11
2023-11-19 03:00:00,0.0,0.0,0.0,16.792,16.792,0.0,0.0,PVWatts,Solar_Delhi,,solar,16.792,,3,6,1,11
2023-11-19 04:00:00,0.0,0.0,0.0,16.317,16.317,0.0,0.0,PVWatts,Solar_Delhi,,solar,16.317,,4,6,1,11
2023-11-19 05:00:00,0.0,0.0,0.0,15.883,15.883,0.0,0.0,PVWatts,Solar_Delhi,,solar,15.883,,5,6,1,11
2023-11-19 06:00:00,0.0,0.0,0.0,15.646,0.0,0.0,0.0,PVWatts,Solar_Delhi,,solar,15.646,,6,6,1,11
2023-11-19 07:00:00,2585.345,2844.686,86.579,17.501,19.531,2.585345,2.8446860000000003,PVWatts,Solar_Delhi,,solar,17.501,,7,6,1,11
2023-11-19 08:00:00,10179.87,10718.201,318.406,20.481,29.504,10.179870000000001,10.718200999999999,PVWatts,Solar_Delhi,,solar,20.481,,8,6,1,11
2023-11-19 09:00:00,16791.04,17572.237,541.747,24.509,39.837,16.791040000000002,17.572237,PVWatts,Solar_Delhi,,solar,24.509,,9,6,1,11
2023-11-19 10:00:00,21381.663,22331.499,703.296,27.648,44.173,21.381663,22.331499,PVWatts,Solar_Delhi,,solar,27.648,,10,6,1,11
2023-11-19 11:00:00,23242.447,24260.64,775.651,29.109,47.324,23.242447,24.26064,PVWatts,Solar_Delhi,,solar,29.109,,11,6,1,11
2023-11-19 12:00:00,23161.471,24176.69,765.088,29.8,45.185,23.161471000000002,24.176689999999997,PVWatts,Solar_Delhi,,solar,29.8,,12,6,1,11
2023-11-19 13:00:00,20770.884,21698.282,678.359,29.718,43.377,20.770884,21.698282,PVWatts,Solar_Delhi,,solar,29.718,,13,6,1,11
2023-11-19 14:00:00,16218.214,16978.368,519.574,28.982,39.464,16.218214,16.978368,PVWatts,Solar_Delhi,,solar,28.982,,14,6,1,11
2023-11-19 15:00:00,10037.581,10570.685,322.347,27.492,33.981,10.037581,10.570685,PVWatts,Solar_Delhi,,solar,27.492,,15,6,1,11
2023-11-19 16:00:00,3317.112,3603.335,132.451,25.116,27.643,3.3171120000000003,3.603335,PVWatts,Solar_Delhi,,solar,25.116,,16,6,1,11
2023-11-19 17:00:00,0.0,0.0,0.0,22.652,22.652,0.0,0.0,PVWatts,Solar_Delhi,,solar,22.652,,17,6,1,11
2023-11-19 18:00:00,0.0,0.0,0.0,21.527,21.527,0.0,0.0,PVWatts,Solar_Delhi,,solar,21.527,,18,6,1,11
2023-11-19 19:00:00,0.0,0.0,0.0,20.594,20.594,0.0,0.0,PVWatts,Solar_Delhi,,solar,20.594,,19,6,1,11
2023-11-19 20:00:00,0.0,0.0,0.0,19.732,19.732,0.0,0.0,PVWatts,Solar_Delhi,,solar,19.732,,20,6,1,11
2023-11-19 21:00:00,0.0,0.0,0.0,18.938,18.938,0.0,0.0,PVWatts,Solar_Delhi,,solar,18.938,,21,6,1,11
2023-11-19 22:00:00,0.0,0.0,0.0,18.177,18.177,0.0,0.0,PVWatts,Solar_Delhi,,solar,18.177,,22,6,1,11
2023-11-19 23:00:00,0.0,0.0,0.0,17.49,17.49,0.0,0.0,PVWatts,Solar_Delhi,,solar,17.49,,23,6,1,11
2023-11-20 00:00:00,0.0,0.0,0.0,16.87,16.87,0.0,0.0,PVWatts,Solar_Delhi,,solar,16.87,,0,0,0,11
2023-11-20 01:00:00,0.0,0.0,0.0,16.326,16.326,0.0,0.0,PVWatts,Solar_Delhi,,solar,16.326,,1,0,0,11
2023-11-20 02:00:00,0.0,0.0,0.0,15.807,15.807,0.0,0.0,PVWatts,Solar_Delhi,,solar,15.807,,2,0,0,11
2023-11-20 03:00:00,0.0,0.0,0.0,15.325,15.325,0.0,0.0,PVWatts,Solar_Delhi,,solar,15.325,,3,0,0,11
2023-11-20 04:00:00,0.0,0.0,0.0,14.925,14.925,0.0,0.0,PVWatts,Solar_Delhi,,solar,14.925,,4,0,0,11
2023-11-20 05:00:00,0.0,0.0,0.0,14.526,14.526,0.0,0.0,PVWatts,Solar_Delhi,,solar,14.526,,5,0,0,11
2023-11-20 06:00:00,0.0,0.0,0.0,14.249,0.0,0.0,0.0,PVWatts,Solar_Delhi,,solar,14.249,,6,0,0,11
2023-11-20 07:00:00,1991.889,2229.429,67.621,15.762,17.12,1.9918889999999998,2.229429,PVWatts,Solar_Delhi,,solar,15.762,,7,0,0,11
2023-11-20 08:00:00,10202.581,10741.746,315.166,18.882,26.31,10.202581,10.741746,PVWatts,Solar_Delhi,,solar,18.882,,8,0,0,11
2023-11-20 09:00:00,16961.402,17748.857,538.43,23.197,35.867,16.961402,17.748857,PVWatts,Solar_Delhi,,solar,23.197,,9,0,0,11
2023-11-20 10:00:00,21653.465,22613.286,701.062,26.272,40.372,21.653465,22.613286,PVWatts,Solar_Delhi,,solar,26.272,,10,0,0,11
2023-11-20 11:00:00,23680.182,24714.456,777.61,27.845,43.476,23.680182000000002,24.714456,PVWatts,Solar_Delhi,,solar,27.845,,11,0,0,11
2023-11-20 12:00:00,23353.215,24375.478,767.999,28.714,44.158,23.353215,24.375477999999998,PVWatts,Solar_Delhi,,solar,28.714,,12,0,0,11
2023-11-20 13:00:00,20831.117,21760.729,677.7,28.78,42.425,20.831117,21.760728999999998,PVWatts,Solar_Delhi,,solar,28.78,,13,0,0,11
2023-11-20 14:00:00,16237.801,16998.674,518.194,28.074,38.529,16.237801,16.998673999999998,PVWatts,Solar_Delhi,,solar,28.074,,14,0,0,11
2023-11-20 15:00:00,10056.539,10590.339,321.884,26.646,33.124,10.056539,10.590339,PVWatts,Solar_Delhi,,solar,26.646,,15,0,0,11
2023-11-20 16:00:00,3287.764,3572.909,128.739,24.155,26.625,3.287764,3.572909,PVWatts,Solar_Delhi,,solar,24.155,,16,0,0,11
2023-11-20 17:00:00,0.0,0.0,0.0,21.71,21.71,0.0,0.0,PVWatts,Solar_Delhi,,solar,21.71,,17,0,0,11
2023-11-20 18:00:00,0.0,0.0,0.0,20.694,20.694,0.0,0.0,PVWatts,Solar_Delhi,,solar,20.694,,18,0,0,11
2023-11-20 19:00:00,0.0,0.0,0.0,19.839,19.839,0.0,0.0,PVWatts,Solar_Delhi,,solar,19.839,,19,0,0,11
2023-11-20 20:00:00,0.0,0.0,0.0,19.0,19.0,0.0,0.0,PVWatts,Solar_Delhi,,solar,19.0,,20,0,0,11
2023-11-20 21:00:00,0.0,0.0,0.0,18.213,18.213,0.0,0.0,PVWatts,Solar_Delhi,,solar,18.213,,21,0,0,11
2023-11-20 22:00:00,0.0,0.0,0.0,17.481,17.481,0.0,0.0,PVWatts,Solar_Delhi,,solar,17.481,,22,0,0,11
2023-11-20 23:00:00,0.0,0.0,0.0,16.825,16.825,0.0,0.0,PVWatts,Solar_Delhi,,solar,16.825,,23,0,0,11
2023-11-21 00:00:00,0.0,0.0,0.0,16.219,16.219,0.0,0.0,PVWatts,Solar_Delhi,,solar,16.219,,0,1,0,11
2023-11-21 01:00:00,0.0,0.0,0.0,15.678,15.678,0.0,0.0,PVWatts,Solar_Delhi,,solar,15.678,,1,1,0,11
2023-11-21 02:00:00,0.0,0.0,0.0,15.195,15.195,0.0,0.0,PVWatts,Solar_Delhi,,solar,15.195,,2,1,0,11
2023-11-21 03:00:00,0.0,0.0,0.0,14.783,14.783,0.0,0.0,PVWatts,Solar_Delhi,,solar,14.783,,3,1,0,11
2023-11-21 04:00:00,0.0,0.0,0.0,14.417,14.417,0.0,0.0,PVWatts,Solar_Delhi,,solar,14.417,,4,1,0,11
2023-11-21 05:00:00,0.0,0.0,0.0,14.058,14.058,0.0,0.0,PVWatts,Solar_Delhi,,solar,14.058,,5,1,0,11
2023-11-21 06:00:00,0.0,0.0,0.0,13.86,0.0,0.0,0.0,PVWatts,Solar_Delhi,,solar,13.86,,6,1,0,11
2023-11-21 07:00:00,1915.166,2149.888,65.391,15.847,17.382,1.915166,2.149888,PVWatts,Solar_Delhi,,solar,15.847,,7,1,0,11
2023-11-21 08:00:00,10155.704,10693.147,315.52,18.88,27.822,10.155704,10.693147000000002,PVWatts,Solar_Delhi,,solar,18.88,,8,1,0,11
2023-11-21 09:00:00,16672.495,17449.337,534.375,23.128,38.249,16.672494999999998,17.449337,PVWatts,Solar_Delhi,,solar,23.128,,9,1,0,11
2023-11-21 10:00:00,21344.472,22292.942,699.066,26.813,43.24,21.344472000000003,22.292942,PVWatts,Solar_Delhi,,solar,26.813,,10,1,0,11
2023-11-21 11:00:00,23277.318,24296.792,773.881,28.33,46.506,23.277318,24.296792,PVWatts,Solar_Delhi,,solar,28.33,,11,1,0,11
2023-11-21 12:00:00,22955.997,23963.667,763.841,29.065,47.012,22.955997,23.963667,PVWatts,Solar_Delhi,,solar,29.065,,12,1,0,11
2023-11-21 13:00:00,20280.289,21189.666,666.073,29.039,44.708,20.280289,21.189666000000003,PVWatts,Solar_Delhi,,solar,29.039,,13,1,0,11
2023-11-21 14:00:00,15799.351,16544.118,508.316,28.336,40.318,15.799351,16.544117999999997,PVWatts,Solar_Delhi,,solar,28.336,,14,1,0,11
2023-11-21 15:00:00,9959.802,10490.049,320.573,26.858,34.396,9.959802,10.490049,PVWatts,Solar_Delhi,,solar,26.858,,15,1,0,11
2023-11-21 16:00:00,2897.916,3168.739,115.777,24.28,26.867,2.8979160000000004,3.168739,PVWatts,Solar_Delhi,,solar,24.28,,16,1,0,11
2023-11-21 17:00:00,0.0,0.0,0.0,21.887,21.887,0.0,0.0,PVWatts,Solar_Delhi,,solar,21.887,,17,1,0,11
2023-11-21 18:00:00,0.0,0.0,0.0,21.024,21.024,0.0,0.0,PVWatts,Solar_Delhi,,solar,21.024,,18,1,0,11
2023-11-21 19:00:00,0.0,0.0,0.0,20.26,20.26,0.0,0.0,PVWatts,Solar_Delhi,,solar,20.26,,19,1,0,11
2023-11-21 20:00:00,0.0,0.0,0.0,19.607,19.607,0.0,0.0,PVWatts,Solar_Delhi,,solar,19.607,,20,1,0,11
2023-11-21 21:00:00,0.0,0.0,0.0,19.016,19.016,0.0,0.0,PVWatts,Solar_Delhi,,solar,19.016,,21,1,0,11
2023-11-21 22:00:00,0.0,0.0,0.0,18.515,18.515,0.0,0.0,PVWatts,Solar_Delhi,,solar,18.515,,22,1,0,11
2023-11-21 23:00:00,0.0,0.0,0.0,18.049,18.049,0.0,0.0,PVWatts,Solar_Delhi,,solar,18.049,,23,1,0,11
2023-11-22 00:00:00,0.0,0.0,0.0,17.63,17.63,0.0,0.0,PVWatts,Solar_Delhi,,solar,17.63,,0,2,0,11
2023-11-22 01:00:00,0.0,0.0,0.0,17.23,17.23,0.0,0.0,PVWatts,Solar_Delhi,,solar,17.23,,1,2,0,11
2023-11-22 02:00:00,0.0,0.0,0.0,16.889,16.889,0.0,0.0,PVWatts,Solar_Delhi,,solar,16.889,,2,2,0,11
2023-11-22 03:00:00,0.0,0.0,0.0,16.521,16.521,0.0,0.0,PVWatts,Solar_Delhi,,solar,16.521,,3,2,0,11
2023-11-22 04:00:00,0.0,0.0,0.0,16.095,16.095,0.0,0.0,PVWatts,Solar_Delhi,,solar,16.095,,4,2,0,11
2023-11-22 05:00:00,0.0,0.0,0.0,15.596,15.596,0.0,0.0,PVWatts,Solar_Delhi,,solar,15.596,,5,2,0,11
2023-11-22 06:00:00,0.0,0.0,0.0,15.232,0.0,0.0,0.0,PVWatts,Solar_Delhi,,solar,15.232,,6,2,0,11
2023-11-22 07:00:00,1769.587,1998.96,61.388,17.158,18.89,1.769587,1.99896,PVWatts,Solar_Delhi,,solar,17.158,,7,2,0,11
2023-11-22 08:00:00,9843.297,10369.264,310.048,20.055,31.072,9.843297,10.369264,PVWatts,Solar_Delhi,,solar,20.055,,8,2,0,11
2023-11-22 09:00:00,16223.46,16983.806,530.329,24.213,43.029,16.22346,16.983806,PVWatts,Solar_Delhi,,solar,24.213,,9,2,0,11
2023-11-22 10:00:00,20219.712,21126.863,689.742,28.443,52.877,20.219712,21.126863,PVWatts,Solar_Delhi,,solar,28.443,,10,2,0,11
2023-11-22 11:00:00,21925.576,22895.394,762.722,30.116,57.121,21.925576,22.895394,PVWatts,Solar_Delhi,,solar,30.116,,11,2,0,11
2023-11-22 12:00:00,21690.141,22651.309,754.783,30.751,57.484,21.690141,22.651309,PVWatts,Solar_Delhi,,solar,30.751,,12,2,0,11
2023-11-22 13:00:00,19526.12,20407.792,667.576,30.563,54.238,19.52612,20.407792,PVWatts,Solar_Delhi,,solar,30.563,,13,2,0,11
2023-11-22 14:00:00,15402.682,16132.876,511.451,29.816,47.992,15.402682,16.132876,PVWatts,Solar_Delhi,,solar,29.816,,14,2,0,11
2023-11-22 15:00:00,9736.39,10258.429,320.462,28.303,39.662,9.73639,10.258429,PVWatts,Solar_Delhi,,solar,28.303,,15,2,0,11
2023-11-22 16:00:00,254.877,428.607,17.058,24.967,25.737,0.254877,0.428607,PVWatts,Solar_Delhi,,solar,24.967,,16,2,0,11
2023-11-22 17:00:00,0.0,0.0,0.0,23.782,23.782,0.0,0.0,PVWatts,Solar_Delhi,,solar,23.782,,17,2,0,11
2023-11-22 18:00:00,0.0,0.0,0.0,23.053,23.053,0.0,0.0,PVWatts,Solar_Delhi,,solar,23.053,,18,2,0,11
2023-11-22 19:00:00,0.0,0.0,0.0,22.367,22.367,0.0,0.0,PVWatts,Solar_Delhi,,solar,22.367,,19,2,0,11
2023-11-22 20:00:00,0.0,0.0,0.0,21.687,21.687,0.0,0.0,PVWatts,Solar_Delhi,,solar,21.687,,20,2,0,11
2023-11-22 21:00:00,0.0,0.0,0.0,20.984,20.984,0.0,0.0,PVWatts,Solar_Delhi,,solar,20.984,,21,2,0,11
2023-11-22 22:00:00,0.0,0.0,0.0,20.289,20.289,0.0,0.0,PVWatts,Solar_Delhi,,solar,20.289,,22,2,0,11
2023-11-22 23:00:00,0.0,0.0,0.0,19.577,19.577,0.0,0.0,PVWatts,Solar_Delhi,,solar,19.577,,23,2,0,11
2023-11-23 00:00:00,0.0,0.0,0.0,18.916,18.916,0.0,0.0,PVWatts,Solar_Delhi,,solar,18.916,,0,3,0,11
2023-11-23 01:00:00,0.0,0.0,0.0,18.277,18.277,0.0,0.0,PVWatts,Solar_Delhi,,solar,18.277,,1,3,0,11
2023-11-23 02:00:00,0.0,0.0,0.0,17.663,17.663,0.0,0.0,PVWatts,Solar_Delhi,,solar,17.663,,2,3,0,11
2023-11-23 03:00:00,0.0,0.0,0.0,17.077,17.077,0.0,0.0,PVWatts,Solar_Delhi,,solar,17.077,,3,3,0,11
2023-11-23 04:00:00,0.0,0.0,0.0,16.588,16.588,0.0,0.0,PVWatts,Solar_Delhi,,solar,16.588,,4,3,0,11
2023-11-23 05:00:00,0.0,0.0,0.0,16.101,16.101,0.0,0.0,PVWatts,Solar_Delhi,,solar,16.101,,5,3,0,11
2023-11-23 06:00:00,0.0,0.0,0.0,15.868,0.0,0.0,0.0,PVWatts,Solar_Delhi,,solar,15.868,,6,3,0,11
2023-11-23 07:00:00,1667.73,1893.362,58.48,17.984,19.634,1.66773,1.893362,PVWatts,Solar_Delhi,,solar,17.984,,7,3,0,11
2023-11-23 08:00:00,9691.472,10211.862,306.277,20.881,31.764,9.691472,10.211862,PVWatts,Solar_Delhi,,solar,20.881,,8,3,0,11
2023-11-23 09:00:00,16085.463,16840.739,527.034,24.896,43.595,16.085463,16.840739000000003,PVWatts,Solar_Delhi,,solar,24.896,,9,3,0,11
2023-11-23 10:00:00,20154.759,21059.524,687.182,28.446,52.791,20.154759,21.059524,PVWatts,Solar_Delhi,,solar,28.446,,10,3,0,11
2023-11-23 11:00:00,22045.348,23019.566,765.808,29.727,56.843,22.045348,23.019565999999998,PVWatts,Solar_Delhi,,solar,29.727,,11,3,0,11
2023-11-23 12:00:00,21820.652,22786.615,757.336,30.091,56.915,21.820652,22.786615,PVWatts,Solar_Delhi,,solar,30.091,,12,3,0,11
2023-11-23 13:00:00,19575.922,20459.424,652.307,29.64,48.09,19.575922,20.459424,PVWatts,Solar_Delhi,,solar,29.64,,13,3,0,11
2023-11-23 14:00:00,15726.548,16468.64,511.777,28.643,43.148,15.726548000000001,16.46864,PVWatts,Solar_Delhi,,solar,28.643,,14,3,0,11
2023-11-23 15:00:00,9397.714,9907.312,304.727,26.944,35.559,9.397714,9.907312,PVWatts,Solar_Delhi,,solar,26.944,,15,3,0,11
2023-11-23 16:00:00,2796.618,3063.721,114.305,24.271,27.324,2.796618,3.063721,PVWatts,Solar_Delhi,,solar,24.271,,16,3,0,11
2023-11-23 17:00:00,0.0,0.0,0.0,21.951,21.951,0.0,0.0,PVWatts,Solar_Delhi,,solar,21.951,,17,3,0,11
2023-11-23 18:00:00,0.0,0.0,0.0,21.026,21.026,0.0,0.0,PVWatts,Solar_Delhi,,solar,21.026,,18,3,0,11
2023-11-23 19:00:00,0.0,0.0,0.0,20.173,20.173,0.0,0.0,PVWatts,Solar_Delhi,,solar,20.173,,19,3,0,11
2023-11-23 20:00:00,0.0,0.0,0.0,19.418,19.418,0.0,0.0,PVWatts,Solar_Delhi,,solar,19.418,,20,3,0,11
2023-11-23 21:00:00,0.0,0.0,0.0,18.72,18.72,0.0,0.0,PVWatts,Solar_Delhi,,solar,18.72,,21,3,0,11
2023-11-23 22:00:00,0.0,0.0,0.0,18.069,18.069,0.0,0.0,PVWatts,Solar_Delhi,,solar,18.069,,22,3,0,11
2023-11-23 23:00:00,0.0,0.0,0.0,17.45,17.45,0.0,0.0,PVWatts,Solar_Delhi,,solar,17.45,,23,3,0,11
2023-11-24 00:00:00,0.0,0.0,0.0,16.84,16.84,0.0,0.0,PVWatts,Solar_Delhi,,solar,16.84,,0,4,0,11
2023-11-24 01:00:00,0.0,0.0,0.0,16.267,16.267,0.0,0.0,PVWatts,Solar_Delhi,,solar,16.267,,1,4,0,11
2023-11-24 02:00:00,0.0,0.0,0.0,15.713,15.713,0.0,0.0,PVWatts,Solar_Delhi,,solar,15.713,,2,4,0,11
2023-11-24 03:00:00,0.0,0.0,0.0,15.166,15.166,0.0,0.0,PVWatts,Solar_Delhi,,solar,15.166,,3,4,0,11
2023-11-24 04:00:00,0.0,0.0,0.0,14.681,14.681,0.0,0.0,PVWatts,Solar_Delhi,,solar,14.681,,4,4,0,11
2023-11-24 05:00:00,0.0,0.0,0.0,14.248,14.248,0.0,0.0,PVWatts,Solar_Delhi,,solar,14.248,,5,4,0,11
2023-11-24 06:00:00,0.0,0.0,0.0,13.998,0.0,0.0,0.0,PVWatts,Solar_Delhi,,solar,13.998,,6,4,0,11
2023-11-24 07:00:00,1565.171,1787.036,55.195,16.377,18.991,1.565171,1.787036,PVWatts,Solar_Delhi,,solar,16.377,,7,4,0,11
2023-11-24 08:00:00,9513.876,10027.741,303.101,19.204,33.627,9.513876,10.027741,PVWatts,Solar_Delhi,,solar,19.204,,8,4,0,11
2023-11-24 09:00:00,16083.3,16838.498,523.009,23.234,41.791,16.083299999999998,16.838498,PVWatts,Solar_Delhi,,solar,23.234,,9,4,0,11
2023-11-24 10:00:00,20803.259,21731.847,688.084,26.278,45.723,20.803258999999997,21.731847000000002,PVWatts,Solar_Delhi,,solar,26.278,,10,4,0,11
2023-11-24 11:00:00,22716.727,23715.608,762.557,27.355,48.891,22.716727,23.715608,PVWatts,Solar_Delhi,,solar,27.355,,11,4,0,11
2023-11-24 12:00:00,22590.403,23584.643,757.96,27.694,49.109,22.590403,23.584643,PVWatts,Solar_Delhi,,solar,27.694,,12,4,0,11
2023-11-24 13:00:00,19662.182,20548.852,648.956,27.468,45.824,19.662182,20.548852,PVWatts,Solar_Delhi,,solar,27.468,,13,4,0,11
2023-11-24 14:00:00,15840.271,16586.54,510.743,26.578,41.055,15.840271000000001,16.58654,PVWatts,Solar_Delhi,,solar,26.578,,14,4,0,11
2023-11-24 15:00:00,9921.68,10450.526,319.001,24.968,33.987,9.92168,10.450526,PVWatts,Solar_Delhi,,solar,24.968,,15,4,0,11
2023-11-24 16:00:00,0.0,0.0,0.0,22.148,0.0,0.0,0.0,PVWatts,Solar_Delhi,,solar,22.148,,16,4,0,11
2023-11-24 17:00:00,0.0,0.0,0.0,19.76,19.76,0.0,0.0,PVWatts,Solar_Delhi,,solar,19.76,,17,4,0,11
2023-11-24 18:00:00,0.0,0.0,0.0,18.806,18.806,0.0,0.0,PVWatts,Solar_Delhi,,solar,18.806,,18,4,0,11
2023-11-24 19:00:00,0.0,0.0,0.0,17.933,17.933,0.0,0.0,PVWatts,Solar_Delhi,,solar,17.933,,19,4,0,11
2023-11-24 20:00:00,0.0,0.0,0.0,17.16,17.16,0.0,0.0,PVWatts,Solar_Delhi,,solar,17.16,,20,4,0,11
2023-11-24 21:00:00,0.0,0.0,0.0,16.468,16.468,0.0,0.0,PVWatts,Solar_Delhi,,solar,16.468,,21,4,0,11
2023-11-24 22:00:00,0.0,0.0,0.0,15.792,15.792,0.0,0.0,PVWatts,Solar_Delhi,,solar,15.792,,22,4,0,11
2023-11-24 23:00:00,0.0,0.0,0.0,15.192,15.192,0.0,0.0,PVWatts,Solar_Delhi,,solar,15.192,,23,4,0,11
2023-11-25 00:00:00,0.0,0.0,0.0,14.604,14.604,0.0,0.0,PVWatts,Solar_Delhi,,solar,14.604,,0,5,1,11
2023-11-25 01:00:00,0.0,0.0,0.0,14.074,14.074,0.0,0.0,PVWatts,Solar_Delhi,,solar,14.074,,1,5,1,11
2023-11-25 02:00:00,0.0,0.0,0.0,13.508,13.508,0.0,0.0,PVWatts,Solar_Delhi,,solar,13.508,,2,5,1,11
2023-11-25 03:00:00,0.0,0.0,0.0,12.988,12.988,0.0,0.0,PVWatts,Solar_Delhi,,solar,12.988,,3,5,1,11
2023-11-25 04:00:00,0.0,0.0,0.0,12.441,12.441,0.0,0.0,PVWatts,Solar_Delhi,,solar,12.441,,4,5,1,11
2023-11-25 05:00:00,0.0,0.0,0.0,11.972,11.972,0.0,0.0,PVWatts,Solar_Delhi,,solar,11.972,,5,5,1,11
2023-11-25 06:00:00,0.0,0.0,0.0,11.66,0.0,0.0,0.0,PVWatts,Solar_Delhi,,solar,11.66,,6,5,1,11
2023-11-25 07:00:00,1496.251,1715.583,52.307,13.89,15.365,1.496251,1.715583,PVWatts,Solar_Delhi,,solar,13.89,,7,5,1,11
2023-11-25 08:00:00,9693.149,10213.6,298.788,16.941,25.41,9.693149,10.2136,PVWatts,Solar_Delhi,,solar,16.941,,8,5,1,11
2023-11-25 09:00:00,16146.727,16904.254,520.132,21.053,39.509,16.146727000000002,16.904254,PVWatts,Solar_Delhi,,solar,21.053,,9,5,1,11
2023-11-25 10:00:00,20879.485,21810.874,685.539,24.606,43.98,20.879485,21.810874,PVWatts,Solar_Delhi,,solar,24.606,,10,5,1,11
2023-11-25 11:00:00,22651.857,23648.355,755.365,25.963,47.296,22.651857,23.648355,PVWatts,Solar_Delhi,,solar,25.963,,11,5,1,11
2023-11-25 12:00:00,22429.431,23417.758,748.423,26.59,47.734,22.429431,23.417758000000003,PVWatts,Solar_Delhi,,solar,26.59,,12,5,1,11
2023-11-25 13:00:00,19619.027,20504.112,644.498,26.471,44.701,19.619027,20.504112,PVWatts,Solar_Delhi,,solar,26.471,,13,5,1,11
2023-11-25 14:00:00,15863.905,16611.043,509.483,25.656,40.098,15.863905,16.611043000000002,PVWatts,Solar_Delhi,,solar,25.656,,14,5,1,11
2023-11-25 15:00:00,9896.386,10424.303,317.013,24.055,33.017,9.896386,10.424303,PVWatts,Solar_Delhi,,solar,24.055,,15,5,1,11
2023-11-25 16:00:00,2681.933,2944.823,110.325,20.971,23.901,2.681933,2.944823,PVWatts,Solar_Delhi,,solar,20.971,,16,5,1,11
2023-11-25 17:00:00,0.0,0.0,0.0,18.574,18.574,0.0,0.0,PVWatts,Solar_Delhi,,solar,18.574,,17,5,1,11
2023-11-25 18:00:00,0.0,0.0,0.0,17.648,17.648,0.0,0.0,PVWatts,Solar_Delhi,,solar,17.648,,18,5,1,11
2023-11-25 19:00:00,0.0,0.0,0.0,16.802,16.802,0.0,0.0,PVWatts,Solar_Delhi,,solar,16.802,,19,5,1,11
2023-11-25 20:00:00,0.0,0.0,0.0,15.99,15.99,0.0,0.0,PVWatts,Solar_Delhi,,solar,15.99,,20,5,1,11
2023-11-25 21:00:00,0.0,0.0,0.0,15.223,15.223,0.0,0.0,PVWatts,Solar_Delhi,,solar,15.223,,21,5,1,11
2023-11-25 22:00:00,0.0,0.0,0.0,14.454,14.454,0.0,0.0,PVWatts,Solar_Delhi,,solar,14.454,,22,5,1,11
2023-11-25 23:00:00,0.0,0.0,0.0,13.71,13.71,0.0,0.0,PVWatts,Solar_Delhi,,solar,13.71,,23,5,1,11
2023-11-26 00:00:00,0.0,0.0,0.0,12.993,12.993,0.0,0.0,PVWatts,Solar_Delhi,,solar,12.993,,0,6,1,11
2023-11-26 01:00:00,0.0,0.0,0.0,12.302,12.302,0.0,0.0,PVWatts,Solar_Delhi,,solar,12.302,,1,6,1,11
2023-11-26 02:00:00,0.0,0.0,0.0,11.659,11.659,0.0,0.0,PVWatts,Solar_Delhi,,solar,11.659,,2,6,1,11
2023-11-26 03:00:00,0.0,0.0,0.0,11.049,11.049,0.0,0.0,PVWatts,Solar_Delhi,,solar,11.049,,3,6,1,11
2023-11-26 04:00:00,0.0,0.0,0.0,10.472,10.472,0.0,0.0,PVWatts,Solar_Delhi,,solar,10.472,,4,6,1,11
2023-11-26 05:00:00,0.0,0.0,0.0,9.947,9.947,0.0,0.0,PVWatts,Solar_Delhi,,solar,9.947,,5,6,1,11
2023-11-26 06:00:00,0.0,0.0,0.0,9.638,0.0,0.0,0.0,PVWatts,Solar_Delhi,,solar,9.638,,6,6,1,11
2023-11-26 07:00:00,1586.19,1808.827,54.565,11.725,13.005,1.58619,1.808827,PVWatts,Solar_Delhi,,solar,11.725,,7,6,1,11
2023-11-26 08:00:00,9398.941,9908.584,285.91,14.908,21.648,9.398941,9.908584000000001,PVWatts,Solar_Delhi,,solar,14.908,,8,6,1,11
2023-11-26 09:00:00,16399.649,17166.468,515.73,18.989,33.586,16.399649,17.166468000000002,PVWatts,Solar_Delhi,,solar,18.989,,9,6,1,11
2023-11-26 10:00:00,20901.2,21833.386,673.759,23.581,39.417,20.9012,21.833385999999997,PVWatts,Solar_Delhi,,solar,23.581,,10,6,1,11
2023-11-26 11:00:00,23144.07,24158.65,758.391,25.378,43.194,23.14407,24.15865,PVWatts,Solar_Delhi,,solar,25.378,,11,6,1,11
2023-11-26 12:00:00,22726.745,23725.994,745.508,26.12,43.638,22.726744999999998,23.725994,PVWatts,Solar_Delhi,,solar,26.12,,12,6,1,11
2023-11-26 13:00:00,19882.903,20777.681,643.571,26.067,41.208,19.882903,20.777681,PVWatts,Solar_Delhi,,solar,26.067,,13,6,1,11
2023-11-26 14:00:00,15657.646,16397.206,497.097,25.285,37.003,15.657646000000002,16.397205999999997,PVWatts,Solar_Delhi,,solar,25.285,,14,6,1,11
2023-11-26 15:00:00,9917.829,10446.534,315.235,23.634,31.045,9.917829,10.446534,PVWatts,Solar_Delhi,,solar,23.634,,15,6,1,11
2023-11-26 16:00:00,2673.463,2936.041,110.532,20.243,23.17,2.6734630000000004,2.9360410000000003,PVWatts,Solar_Delhi,,solar,20.243,,16,6,1,11
2023-11-26 17:00:00,0.0,0.0,0.0,17.673,17.673,0.0,0.0,PVWatts,Solar_Delhi,,solar,17.673,,17,6,1,11
2023-11-26 18:00:00,0.0,0.0,0.0,16.684,16.684,0.0,0.0,PVWatts,Solar_Delhi,,solar,16.684,,18,6,1,11
2023-11-26 19:00:00,0.0,0.0,0.0,15.765,15.765,0.0,0.0,PVWatts,Solar_Delhi,,solar,15.765,,19,6,1,11
2023-11-26 20:00:00,0.0,0.0,0.0,14.898,14.898,0.0,0.0,PVWatts,Solar_Delhi,,solar,14.898,,20,6,1,11
2023-11-26 21:00:00,0.0,0.0,0.0,14.079,14.079,0.0,0.0,PVWatts,Solar_Delhi,,solar,14.079,,21,6,1,11
2023-11-26 22:00:00,0.0,0.0,0.0,13.303,13.303,0.0,0.0,PVWatts,Solar_Delhi,,solar,13.303,,22,6,1,11
2023-11-26 23:00:00,0.0,0.0,0.0,12.608,12.608,0.0,0.0,PVWatts,Solar_Delhi,,solar,12.608,,23,6,1,11
2023-11-27 00:00:00,0.0,0.0,0.0,11.933,11.933,0.0,0.0,PVWatts,Solar_Delhi,,solar,11.933,,0,0,0,11
2023-11-27 01:00:00,0.0,0.0,0.0,11.284,11.284,0.0,0.0,PVWatts,Solar_Delhi,,solar,11.284,,1,0,0,11
2023-11-27 02:00:00,0.0,0.0,0.0,10.586,10.586,0.0,0.0,PVWatts,Solar_Delhi,,solar,10.586,,2,0,0,11
2023-11-27 03:00:00,0.0,0.0,0.0,9.85,9.85,0.0,0.0,PVWatts,Solar_Delhi,,solar,9.85,,3,0,0,11
2023-11-27 04:00:00,0.0,0.0,0.0,9.187,9.187,0.0,0.0,PVWatts,Solar_Delhi,,solar,9.187,,4,0,0,11
2023-11-27 05:00:00,0.0,0.0,0.0,8.626,8.626,0.0,0.0,PVWatts,Solar_Delhi,,solar,8.626,,5,0,0,11
2023-11-27 06:00:00,0.0,0.0,0.0,8.305,0.0,0.0,0.0,PVWatts,Solar_Delhi,,solar,8.305,,6,0,0,11
2023-11-27 07:00:00,1283.753,1495.279,45.169,10.494,11.554,1.283753,1.495279,PVWatts,Solar_Delhi,,solar,10.494,,7,0,0,11
2023-11-27 08:00:00,9247.6,9751.683,281.629,13.791,21.774,9.2476,9.751683000000002,PVWatts,Solar_Delhi,,solar,13.791,,8,0,0,11
2023-11-27 09:00:00,15894.376,16642.633,504.52,17.844,35.746,15.894376,16.642633,PVWatts,Solar_Delhi,,solar,17.844,,9,0,0,11
2023-11-27 10:00:00,20621.012,21542.905,669.614,22.309,41.233,20.621012,21.542904999999998,PVWatts,Solar_Delhi,,solar,22.309,,10,0,0,11
2023-11-27 11:00:00,22804.673,23806.784,755.878,24.646,45.998,22.804672999999998,23.806784,PVWatts,Solar_Delhi,,solar,24.646,,11,0,0,11
2023-11-27 12:00:00,22332.613,23317.383,741.341,25.586,46.531,22.332613000000002,23.317383000000003,PVWatts,Solar_Delhi,,solar,25.586,,12,0,0,11
2023-11-27 13:00:00,19564.504,20447.586,639.919,25.65,43.754,19.564504,20.447585999999998,PVWatts,Solar_Delhi,,solar,25.65,,13,0,0,11
2023-11-27 14:00:00,15477.022,16209.948,495.276,24.89,38.927,15.477022000000002,16.209948,PVWatts,Solar_Delhi,,solar,24.89,,14,0,0,11
2023-11-27 15:00:00,9567.219,10083.044,305.537,23.213,31.85,9.567219,10.083044,PVWatts,Solar_Delhi,,solar,23.213,,15,0,0,11
2023-11-27 16:00:00,2596.682,2856.44,108.588,19.899,23.495,2.596682,2.85644,PVWatts,Solar_Delhi,,solar,19.899,,16,0,0,11
2023-11-27 17:00:00,0.0,0.0,0.0,17.669,17.669,0.0,0.0,PVWatts,Solar_Delhi,,solar,17.669,,17,0,0,11
2023-11-27 18:00:00,0.0,0.0,0.0,16.852,16.852,0.0,0.0,PVWatts,Solar_Delhi,,solar,16.852,,18,0,0,11
2023-11-27 19:00:00,0.0,0.0,0.0,16.116,16.116,0.0,0.0,PVWatts,Solar_Delhi,,solar,16.116,,19,0,0,11
2023-11-27 20:00:00,0.0,0.0,0.0,15.453,15.453,0.0,0.0,PVWatts,Solar_Delhi,,solar,15.453,,20,0,0,11
2023-11-27 21:00:00,0.0,0.0,0.0,14.87,14.87,0.0,0.0,PVWatts,Solar_Delhi,,solar,14.87,,21,0,0,11
2023-11-27 22:00:00,0.0,0.0,0.0,14.329,14.329,0.0,0.0,PVWatts,Solar_Delhi,,solar,14.329,,22,0,0,11
2023-11-27 23:00:00,0.0,0.0,0.0,13.783,13.783,0.0,0.0,PVWatts,Solar_Delhi,,solar,13.783,,23,0,0,11
2023-11-28 00:00:00,0.0,0.0,0.0,13.282,13.282,0.0,0.0,PVWatts,Solar_Delhi,,solar,13.282,,0,1,0,11
2023-11-28 01:00:00,0.0,0.0,0.0,12.973,12.973,0.0,0.0,PVWatts,Solar_Delhi,,solar,12.973,,1,1,0,11
2023-11-28 02:00:00,0.0,0.0,0.0,12.725,12.725,0.0,0.0,PVWatts,Solar_Delhi,,solar,12.725,,2,1,0,11
2023-11-28 03:00:00,0.0,0.0,0.0,12.428,12.428,0.0,0.0,PVWatts,Solar_Delhi,,solar,12.428,,3,1,0,11
2023-11-28 04:00:00,0.0,0.0,0.0,11.977,11.977,0.0,0.0,PVWatts,Solar_Delhi,,solar,11.977,,4,1,0,11
2023-11-28 05:00:00,0.0,0.0,0.0,11.413,11.413,0.0,0.0,PVWatts,Solar_Delhi,,solar,11.413,,5,1,0,11
2023-11-28 06:00:00,0.0,0.0,0.0,11.103,0.0,0.0,0.0,PVWatts,Solar_Delhi,,solar,11.103,,6,1,0,11
2023-11-28 07:00:00,1186.3,1394.246,42.869,13.511,15.026,1.1863,1.394246,PVWatts,Solar_Delhi,,solar,13.511,,7,1,0,11
2023-11-28 08:00:00,8941.167,9433.994,277.939,16.885,26.763,8.941167,9.433994,PVWatts,Solar_Delhi,,solar,16.885,,8,1,0,11
2023-11-28 09:00:00,15734.386,16476.766,504.4,20.281,38.179,15.734386,16.476766,PVWatts,Solar_Delhi,,solar,20.281,,9,1,0,11
2023-11-28 10:00:00,20188.324,21094.322,674.752,24.414,48.326,20.188324,21.094322000000002,PVWatts,Solar_Delhi,,solar,24.414,,10,1,0,11
2023-11-28 11:00:00,22077.942,23053.357,753.389,26.223,52.904,22.077942,23.053357,PVWatts,Solar_Delhi,,solar,26.223,,11,1,0,11
2023-11-28 12:00:00,21893.557,22862.198,748.361,27.066,53.578,21.893557,22.862198,PVWatts,Solar_Delhi,,solar,27.066,,12,1,0,11
2023-11-28 13:00:00,19522.941,20404.496,655.976,27.048,50.316,19.522941,20.404495999999998,PVWatts,Solar_Delhi,,solar,27.048,,13,1,0,11
2023-11-28 14:00:00,15392.608,16122.432,502.715,26.195,44.062,15.392608000000001,16.122432,PVWatts,Solar_Delhi,,solar,26.195,,14,1,0,11
2023-11-28 15:00:00,9677.853,10197.742,313.407,24.362,35.469,9.677852999999999,10.197742,PVWatts,Solar_Delhi,,solar,24.362,,15,1,0,11
2023-11-28 16:00:00,2725.941,2990.447,115.147,20.994,24.794,2.7259409999999997,2.990447,PVWatts,Solar_Delhi,,solar,20.994,,16,1,0,11
2023-11-28 17:00:00,0.0,0.0,0.0,18.653,18.653,0.0,0.0,PVWatts,Solar_Delhi,,solar,18.653,,17,1,0,11
2023-11-28 18:00:00,0.0,0.0,0.0,17.66,17.66,0.0,0.0,PVWatts,Solar_Delhi,,solar,17.66,,18,1,0,11
2023-11-28 19:00:00,0.0,0.0,0.0,16.772,16.772,0.0,0.0,PVWatts,Solar_Delhi,,solar,16.772,,19,1,0,11
2023-11-28 20:00:00,0.0,0.0,0.0,15.93,15.93,0.0,0.0,PVWatts,Solar_Delhi,,solar,15.93,,20,1,0,11
2023-11-28 21:00:00,0.0,0.0,0.0,15.162,15.162,0.0,0.0,PVWatts,Solar_Delhi,,solar,15.162,,21,1,0,11
2023-11-28 22:00:00,0.0,0.0,0.0,14.426,14.426,0.0,0.0,PVWatts,Solar_Delhi,,solar,14.426,,22,1,0,11
2023-11-28 23:00:00,0.0,0.0,0.0,13.737,13.737,0.0,0.0,PVWatts,Solar_Delhi,,solar,13.737,,23,1,0,11
2023-11-29 00:00:00,0.0,0.0,0.0,13.134,13.134,0.0,0.0,PVWatts,Solar_Delhi,,solar,13.134,,0,2,0,11
2023-11-29 01:00:00,0.0,0.0,0.0,12.595,12.595,0.0,0.0,PVWatts,Solar_Delhi,,solar,12.595,,1,2,0,11
2023-11-29 02:00:00,0.0,0.0,0.0,12.125,12.125,0.0,0.0,PVWatts,Solar_Delhi,,solar,12.125,,2,2,0,11
2023-11-29 03:00:00,0.0,0.0,0.0,11.745,11.745,0.0,0.0,PVWatts,Solar_Delhi,,solar,11.745,,3,2,0,11
2023-11-29 04:00:00,0.0,0.0,0.0,11.427,11.427,0.0,0.0,PVWatts,Solar_Delhi,,solar,11.427,,4,2,0,11
2023-11-29 05:00:00,0.0,0.0,0.0,11.171,11.171,0.0,0.0,PVWatts,Solar_Delhi,,solar,11.171,,5,2,0,11
2023-11-29 06:00:00,0.0,0.0,0.0,11.057,0.0,0.0,0.0,PVWatts,Solar_Delhi,,solar,11.057,,6,2,0,11
2023-11-29 07:00:00,1101.465,1306.294,40.197,13.39,14.523,1.101465,1.306294,PVWatts,Solar_Delhi,,solar,13.39,,7,2,0,11
2023-11-29 08:00:00,9027.583,9523.584,278.268,16.86,24.748,9.027583,9.523584000000001,PVWatts,Solar_Delhi,,solar,16.86,,8,2,0,11
2023-11-29 09:00:00,16006.131,16758.493,505.672,20.429,34.743,16.006131,16.758492999999998,PVWatts,Solar_Delhi,,solar,20.429,,9,2,0,11
2023-11-29 10:00:00,20441.708,21357.015,669.795,24.65,43.582,20.441708,21.357015,PVWatts,Solar_Delhi,,solar,24.65,,10,2,0,11
2023-11-29 11:00:00,22458.807,23448.213,750.712,26.869,48.076,22.458807,23.448213,PVWatts,Solar_Delhi,,solar,26.869,,11,2,0,11
2023-11-29 12:00:00,22235.886,23217.103,744.844,27.822,48.87,22.235885999999997,23.217102999999998,PVWatts,Solar_Delhi,,solar,27.822,,12,2,0,11
2023-11-29 13:00:00,20053.992,20955.055,654.197,27.902,43.295,20.053991999999997,20.955055,PVWatts,Solar_Delhi,,solar,27.902,,13,2,0,11
2023-11-29 14:00:00,15683.103,16423.599,501.547,27.177,39.002,15.683103,16.423599,PVWatts,Solar_Delhi,,solar,27.177,,14,2,0,11
2023-11-29 15:00:00,9710.211,10231.289,312.923,25.429,34.274,9.710211,10.231289,PVWatts,Solar_Delhi,,solar,25.429,,15,2,0,11
2023-11-29 16:00:00,2596.233,2855.974,106.445,21.822,24.658,2.5962330000000002,2.8559740000000002,PVWatts,Solar_Delhi,,solar,21.822,,16,2,0,11
2023-11-29 17:00:00,0.0,0.0,0.0,19.36,19.36,0.0,0.0,PVWatts,Solar_Delhi,,solar,19.36,,17,2,0,11
2023-11-29 18:00:00,0.0,0.0,0.0,18.231,18.231,0.0,0.0,PVWatts,Solar_Delhi,,solar,18.231,,18,2,0,11
2023-11-29 19:00:00,0.0,0.0,0.0,17.155,17.155,0.0,0.0,PVWatts,Solar_Delhi,,solar,17.155,,19,2,0,11
2023-11-29 20:00:00,0.0,0.0,0.0,16.17,16.17,0.0,0.0,PVWatts,Solar_Delhi,,solar,16.17,,20,2,0,11
2023-11-29 21:00:00,0.0,0.0,0.0,15.267,15.267,0.0,0.0,PVWatts,Solar_Delhi,,solar,15.267,,21,2,0,11
2023-11-29 22:00:00,0.0,0.0,0.0,14.423,14.423,0.0,0.0,PVWatts,Solar_Delhi,,solar,14.423,,22,2,0,11
2023-11-29 23:00:00,0.0,0.0,0.0,13.605,13.605,0.0,0.0,PVWatts,Solar_Delhi,,solar,13.605,,23,2,0,11
2023-11-30 00:00:00,0.0,0.0,0.0,12.879,12.879,0.0,0.0,PVWatts,Solar_Delhi,,solar,12.879,,0,3,0,11
2023-11-30 01:00:00,0.0,0.0,0.0,12.199,12.199,0.0,0.0,PVWatts,Solar_Delhi,,solar,12.199,,1,3,0,11
2023-11-30 02:00:00,0.0,0.0,0.0,11.684,11.684,0.0,0.0,PVWatts,Solar_Delhi,,solar,11.684,,2,3,0,11
2023-11-30 03:00:00,0.0,0.0,0.0,11.23,11.23,0.0,0.0,PVWatts,Solar_Delhi,,solar,11.23,,3,3,0,11
2023-11-30 04:00:00,0.0,0.0,0.0,10.816,10.816,0.0,0.0,PVWatts,Solar_Delhi,,solar,10.816,,4,3,0,11
2023-11-30 05:00:00,0.0,0.0,0.0,10.44,10.44,0.0,0.0,PVWatts,Solar_Delhi,,solar,10.44,,5,3,0,11
2023-11-30 06:00:00,0.0,0.0,0.0,10.233,0.0,0.0,0.0,PVWatts,Solar_Delhi,,solar,10.233,,6,3,0,11
2023-11-30 07:00:00,1175.401,1382.946,42.257,12.188,13.035,1.1754010000000001,1.382946,PVWatts,Solar_Delhi,,solar,12.188,,7,3,0,11
2023-11-30 08:00:00,8982.675,9477.026,274.003,15.514,21.974,8.982674999999999,9.477026,PVWatts,Solar_Delhi,,solar,15.514,,8,3,0,11
2023-11-30 09:00:00,16087.462,16842.812,501.726,19.695,31.508,16.087462,16.842812000000002,PVWatts,Solar_Delhi,,solar,19.695,,9,3,0,11
2023-11-30 10:00:00,20725.582,21651.317,668.738,24.154,39.876,20.725582,21.651317,PVWatts,Solar_Delhi,,solar,24.154,,10,3,0,11
2023-11-30 11:00:00,22966.195,23974.24,747.192,26.541,41.567,22.966195,23.97424,PVWatts,Solar_Delhi,,solar,26.541,,11,3,0,11
2023-11-30 12:00:00,22790.281,23791.864,742.889,27.374,42.319,22.790281,23.791864,PVWatts,Solar_Delhi,,solar,27.374,,12,3,0,11
2023-11-30 13:00:00,19991.18,20889.936,644.001,27.249,40.221,19.99118,20.889936000000002,PVWatts,Solar_Delhi,,solar,27.249,,13,3,0,11
2023-11-30 14:00:00,15784.266,16528.478,499.68,26.396,36.479,15.784265999999999,16.528478,PVWatts,Solar_Delhi,,solar,26.396,,14,3,0,11
2023-11-30 15:00:00,9782.944,10306.694,311.103,24.729,30.989,9.782943999999999,10.306694,PVWatts,Solar_Delhi,,solar,24.729,,15,3,0,11
2023-11-30 16:00:00,2820.184,3088.152,115.113,21.461,24.006,2.8201840000000002,3.088152,PVWatts,Solar_Delhi,,solar,21.461,,16,3,0,11
2023-11-30 17:00:00,0.0,0.0,0.0,18.924,18.924,0.0,0.0,PVWatts,Solar_Delhi,,solar,18.924,,17,3,0,11
2023-11-30 18:00:00,0.0,0.0,0.0,17.876,17.876,0.0,0.0,PVWatts,Solar_Delhi,,solar,17.876,,18,3,0,11
2023-11-30 19:00:00,0.0,0.0,0.0,16.976,16.976,0.0,0.0,PVWatts,Solar_Delhi,,solar,16.976,,19,3,0,11
2023-11-30 20:00:00,0.0,0.0,0.0,16.207,16.207,0.0,0.0,PVWatts,Solar_Delhi,,solar,16.207,,20,3,0,11
2023-11-30 21:00:00,0.0,0.0,0.0,15.417,15.417,0.0,0.0,PVWatts,Solar_Delhi,,solar,15.417,,21,3,0,11
2023-11-30 22:00:00,0.0,0.0,0.0,14.66,14.66,0.0,0.0,PVWatts,Solar_Delhi,,solar,14.66,,22,3,0,11
2023-11-30 23:00:00,0.0,0.0,0.0,13.95,13.95,0.0,0.0,PVWatts,Solar_Delhi,,solar,13.95,,23,3,0,11
2023-12-01 00:00:00,0.0,0.0,0.0,13.296,13.296,0.0,0.0,PVWatts,Solar_Delhi,,solar,13.296,,0,4,0,12
2023-12-01 01:00:00,0.0,0.0,0.0,12.7,12.7,0.0,0.0,PVWatts,Solar_Delhi,,solar,12.7,,1,4,0,12
2023-12-01 02:00:00,0.0,0.0,0.0,12.111,12.111,0.0,0.0,PVWatts,Solar_Delhi,,solar,12.111,,2,4,0,12
2023-12-01 03:00:00,0.0,0.0,0.0,11.539,11.539,0.0,0.0,PVWatts,Solar_Delhi,,solar,11.539,,3,4,0,12
2023-12-01 04:00:00,0.0,0.0,0.0,11.052,11.052,0.0,0.0,PVWatts,Solar_Delhi,,solar,11.052,,4,4,0,12
2023-12-01 05:00:00,0.0,0.0,0.0,13.007,13.007,0.0,0.0,PVWatts,Solar_Delhi,,solar,13.007,,5,4,0,12
2023-12-01 06:00:00,0.0,0.0,0.0,12.719,0.0,0.0,0.0,PVWatts,Solar_Delhi,,solar,12.719,,6,4,0,12
2023-12-01 07:00:00,1196.783,1405.115,43.516,14.849,16.075,1.196783,1.4051150000000001,PVWatts,Solar_Delhi,,solar,14.849,,7,4,0,12
2023-12-01 08:00:00,9622.05,10139.889,299.722,17.894,28.55,9.62205,10.139888999999998,PVWatts,Solar_Delhi,,solar,17.894,,8,4,0,12
2023-12-01 09:00:00,16501.076,17271.621,531.702,21.296,40.172,16.501076,17.271621,PVWatts,Solar_Delhi,,solar,21.296,,9,4,0,12
2023-12-01 10:00:00,20790.485,21718.604,700.453,25.819,50.651,20.790485,21.718604,PVWatts,Solar_Delhi,,solar,25.819,,10,4,0,12
2023-12-01 11:00:00,22225.509,23206.344,765.039,28.12,55.223,22.225509,23.206344,PVWatts,Solar_Delhi,,solar,28.12,,11,4,0,12
2023-12-01 12:00:00,22586.6,23580.701,779.881,28.749,56.392,22.586599999999997,23.580701,PVWatts,Solar_Delhi,,solar,28.749,,12,4,0,12
2023-12-01 13:00:00,20505.7,21423.357,693.777,27.928,52.55,20.5057,21.423357,PVWatts,Solar_Delhi,,solar,27.928,,13,4,0,12
2023-12-01 14:00:00,16236.971,16997.814,531.905,26.634,45.547,16.236971,16.997813999999998,PVWatts,Solar_Delhi,,solar,26.634,,14,4,0,12
2023-12-01 15:00:00,10286.581,10828.832,333.94,24.881,36.716,10.286581,10.828832,PVWatts,Solar_Delhi,,solar,24.881,,15,4,0,12
2023-12-01 16:00:00,1988.778,2226.203,85.282,22.669,25.504,1.988778,2.226203,PVWatts,Solar_Delhi,,solar,22.669,,16,4,0,12
2023-12-01 17:00:00,0.0,0.0,0.0,21.324,21.324,0.0,0.0,PVWatts,Solar_Delhi,,solar,21.324,,17,4,0,12
2023-12-01 18:00:00,0.0,0.0,0.0,20.19,20.19,0.0,0.0,PVWatts,Solar_Delhi,,solar,20.19,,18,4,0,12
2023-12-01 19:00:00,0.0,0.0,0.0,19.225,19.225,0.0,0.0,PVWatts,Solar_Delhi,,solar,19.225,,19,4,0,12
2023-12-01 20:00:00,0.0,0.0,0.0,18.528,18.528,0.0,0.0,PVWatts,Solar_Delhi,,solar,18.528,,20,4,0,12
2023-12-01 21:00:00,0.0,0.0,0.0,17.842,17.842,0.0,0.0,PVWatts,Solar_Delhi,,solar,17.842,,21,4,0,12
2023-12-01 22:00:00,0.0,0.0,0.0,17.2,17.2,0.0,0.0,PVWatts,Solar_Delhi,,solar,17.2,,22,4,0,12
2023-12-01 23:00:00,0.0,0.0,0.0,16.538,16.538,0.0,0.0,PVWatts,Solar_Delhi,,solar,16.538,,23,4,0,12
2023-12-02 00:00:00,0.0,0.0,0.0,15.918,15.918,0.0,0.0,PVWatts,Solar_Delhi,,solar,15.918,,0,5,1,12
2023-12-02 01:00:00,0.0,0.0,0.0,15.289,15.289,0.0,0.0,PVWatts,Solar_Delhi,,solar,15.289,,1,5,1,12
2023-12-02 02:00:00,0.0,0.0,0.0,14.689,14.689,0.0,0.0,PVWatts,Solar_Delhi,,solar,14.689,,2,5,1,12
2023-12-02 03:00:00,0.0,0.0,0.0,14.133,14.133,0.0,0.0,PVWatts,Solar_Delhi,,solar,14.133,,3,5,1,12
2023-12-02 04:00:00,0.0,0.0,0.0,13.954,13.954,0.0,0.0,PVWatts,Solar_Delhi,,solar,13.954,,4,5,1,12
2023-12-02 05:00:00,0.0,0.0,0.0,13.612,13.612,0.0,0.0,PVWatts,Solar_Delhi,,solar,13.612,,5,5,1,12
2023-12-02 06:00:00,0.0,0.0,0.0,13.411,0.0,0.0,0.0,PVWatts,Solar_Delhi,,solar,13.411,,6,5,1,12
2023-12-02 07:00:00,1052.085,1255.101,39.209,15.349,17.204,1.052085,1.255101,PVWatts,Solar_Delhi,,solar,15.349,,7,5,1,12
2023-12-02 08:00:00,4697.729,5034.67,151.015,17.498,24.672,4.697729000000001,5.03467,PVWatts,Solar_Delhi,,solar,17.498,,8,5,1,12
2023-12-02 09:00:00,15430.696,16161.92,507.717,20.495,44.624,15.430696,16.16192,PVWatts,Solar_Delhi,,solar,20.495,,9,5,1,12
2023-12-02 10:00:00,18047.08,18874.418,619.563,24.677,54.072,18.04708,18.874418000000002,PVWatts,Solar_Delhi,,solar,24.677,,10,5,1,12
2023-12-02 11:00:00,21208.889,22152.379,758.267,27.498,63.458,21.208889,22.152379,PVWatts,Solar_Delhi,,solar,27.498,,11,5,1,12
2023-12-02 12:00:00,13708.703,14376.668,470.932,28.263,50.553,13.708703,14.376668,PVWatts,Solar_Delhi,,solar,28.263,,12,5,1,12
2023-12-02 13:00:00,19507.214,20388.191,683.48,27.993,60.475,19.507214,20.388191,PVWatts,Solar_Delhi,,solar,27.993,,13,5,1,12
2023-12-02 14:00:00,15771.399,16515.138,531.631,26.93,52.245,15.771398999999999,16.515138,PVWatts,Solar_Delhi,,solar,26.93,,14,5,1,12
2023-12-02 15:00:00,9523.524,10037.744,314.458,25.167,40.091,9.523524,10.037744,PVWatts,Solar_Delhi,,solar,25.167,,15,5,1,12
2023-12-02 16:00:00,2839.182,3107.848,118.616,22.404,27.683,2.8391819999999997,3.107848,PVWatts,Solar_Delhi,,solar,22.404,,16,5,1,12
2023-12-02 17:00:00,0.0,0.0,0.0,21.274,21.274,0.0,0.0,PVWatts,Solar_Delhi,,solar,21.274,,17,5,1,12
2023-12-02 18:00:00,0.0,0.0,0.0,20.6,20.6,0.0,0.0,PVWatts,Solar_Delhi,,solar,20.6,,18,5,1,12
2023-12-02 19:00:00,0.0,0.0,0.0,19.787,19.787,0.0,0.0,PVWatts,Solar_Delhi,,solar,19.787,,19,5,1,12
2023-12-02 20:00:00,0.0,0.0,0.0,18.835,18.835,0.0,0.0,PVWatts,Solar_Delhi,,solar,18.835,,20,5,1,12
2023-12-02 21:00:00,0.0,0.0,0.0,17.737,17.737,0.0,0.0,PVWatts,Solar_Delhi,,solar,17.737,,21,5,1,12
2023-12-02 22:00:00,0.0,0.0,0.0,16.562,16.562,0.0,0.0,PVWatts,Solar_Delhi,,solar,16.562,,22,5,1,12
2023-12-02 23:00:00,0.0,0.0,0.0,15.517,15.517,0.0,0.0,PVWatts,Solar_Delhi,,solar,15.517,,23,5,1,12
2023-12-03 00:00:00,0.0,0.0,0.0,14.691,14.691,0.0,0.0,PVWatts,Solar_Delhi,,solar,14.691,,0,6,1,12
2023-12-03 01:00:00,0.0,0.0,0.0,14.131,14.131,0.0,0.0,PVWatts,Solar_Delhi,,solar,14.131,,1,6,1,12
2023-12-03 02:00:00,0.0,0.0,0.0,13.753,13.753,0.0,0.0,PVWatts,Solar_Delhi,,solar,13.753,,2,6,1,12
2023-12-03 03:00:00,0.0,0.0,0.0,13.54,13.54,0.0,0.0,PVWatts,Solar_Delhi,,solar,13.54,,3,6,1,12
2023-12-03 04:00:00,0.0,0.0,0.0,13.303,13.303,0.0,0.0,PVWatts,Solar_Delhi,,solar,13.303,,4,6,1,12
2023-12-03 05:00:00,0.0,0.0,0.0,13.154,13.154,0.0,0.0,PVWatts,Solar_Delhi,,solar,13.154,,5,6,1,12
2023-12-03 06:00:00,0.0,0.0,0.0,13.037,0.0,0.0,0.0,PVWatts,Solar_Delhi,,solar,13.037,,6,6,1,12
2023-12-03 07:00:00,683.499,872.974,27.485,14.73,15.702,0.6834990000000001,0.872974,PVWatts,Solar_Delhi,,solar,14.73,,7,6,1,12
2023-12-03 08:00:00,5506.951,5873.619,174.202,17.373,23.556,5.506951,5.873619,PVWatts,Solar_Delhi,,solar,17.373,,8,6,1,12
2023-12-03 09:00:00,7722.945,8171.02,248.692,21.422,30.225,7.722944999999999,8.17102,PVWatts,Solar_Delhi,,solar,21.422,,9,6,1,12
2023-12-03 10:00:00,13258.44,13909.864,436.13,24.797,40.219,13.25844,13.909863999999999,PVWatts,Solar_Delhi,,solar,24.797,,10,6,1,12
2023-12-03 11:00:00,17357.037,18159.026,581.69,26.14,46.714,17.357037000000002,18.159026,PVWatts,Solar_Delhi,,solar,26.14,,11,6,1,12
2023-12-03 12:00:00,15246.525,15970.983,508.678,26.577,44.562,15.246525,15.970983,PVWatts,Solar_Delhi,,solar,26.577,,12,6,1,12
2023-12-03 13:00:00,18811.172,19666.579,628.511,26.381,48.671,18.811172,19.666579000000002,PVWatts,Solar_Delhi,,solar,26.381,,13,6,1,12
2023-12-03 14:00:00,15237.086,15961.197,496.083,25.466,43.094,15.237086,15.961197,PVWatts,Solar_Delhi,,solar,25.466,,14,6,1,12
2023-12-03 15:00:00,10504.879,11055.149,336.238,23.903,33.409,10.504879,11.055149,PVWatts,Solar_Delhi,,solar,23.903,,15,6,1,12
2023-12-03 16:00:00,3146.01,3425.947,129.196,21.237,24.656,3.1460100000000004,3.4259470000000003,PVWatts,Solar_Delhi,,solar,21.237,,16,6,1,12
2023-12-03 17:00:00,0.0,0.0,0.0,19.08,19.08,0.0,0.0,PVWatts,Solar_Delhi,,solar,19.08,,17,6,1,12
2023-12-03 18:00:00,0.0,0.0,0.0,18.161,18.161,0.0,0.0,PVWatts,Solar_Delhi,,solar,18.161,,18,6,1,12
2023-12-03 19:00:00,0.0,0.0,0.0,17.241,17.241,0.0,0.0,PVWatts,Solar_Delhi,,solar,17.241,,19,6,1,12
2023-12-03 20:00:00,0.0,0.0,0.0,16.33,16.33,0.0,0.0,PVWatts,Solar_Delhi,,solar,16.33,,20,6,1,12
2023-12-03 21:00:00,0.0,0.0,0.0,15.42,15.42,0.0,0.0,PVWatts,Solar_Delhi,,solar,15.42,,21,6,1,12
2023-12-03 22:00:00,0.0,0.0,0.0,14.565,14.565,0.0,0.0,PVWatts,Solar_Delhi,,solar,14.565,,22,6,1,12
2023-12-03 23:00:00,0.0,0.0,0.0,13.763,13.763,0.0,0.0,PVWatts,Solar_Delhi,,solar,13.763,,23,6,1,12
2023-12-04 00:00:00,0.0,0.0,0.0,13.027,13.027,0.0,0.0,PVWatts,Solar_Delhi,,solar,13.027,,0,0,0,12
2023-12-04 01:00:00,0.0,0.0,0.0,12.352,12.352,0.0,0.0,PVWatts,Solar_Delhi,,solar,12.352,,1,0,0,12
2023-12-04 02:00:00,0.0,0.0,0.0,11.746,11.746,0.0,0.0,PVWatts,Solar_Delhi,,solar,11.746,,2,0,0,12
2023-12-04 03:00:00,0.0,0.0,0.0,11.239,11.239,0.0,0.0,PVWatts,Solar_Delhi,,solar,11.239,,3,0,0,12
2023-12-04 04:00:00,0.0,0.0,0.0,10.777,10.777,0.0,0.0,PVWatts,Solar_Delhi,,solar,10.777,,4,0,0,12
2023-12-04 05:00:00,0.0,0.0,0.0,10.315,10.315,0.0,0.0,PVWatts,Solar_Delhi,,solar,10.315,,5,0,0,12
2023-12-04 06:00:00,0.0,0.0,0.0,9.916,0.0,0.0,0.0,PVWatts,Solar_Delhi,,solar,9.916,,6,0,0,12
2023-12-04 07:00:00,1156.932,1363.8,41.796,11.589,12.568,1.156932,1.3638,PVWatts,Solar_Delhi,,solar,11.589,,7,0,0,12
2023-12-04 08:00:00,9973.505,10504.255,301.869,14.517,21.639,9.973505,10.504254999999999,PVWatts,Solar_Delhi,,solar,14.517,,8,0,0,12
2023-12-04 09:00:00,17209.39,18005.955,539.331,18.348,33.624,17.20939,18.005955,PVWatts,Solar_Delhi,,solar,18.348,,9,0,0,12
2023-12-04 10:00:00,21801.319,22766.571,699.501,22.635,39.089,21.801319,22.766571,PVWatts,Solar_Delhi,,solar,22.635,,10,0,0,12
2023-12-04 11:00:00,23530.512,24559.288,779.732,24.52,46.56,23.530511999999998,24.559288000000002,PVWatts,Solar_Delhi,,solar,24.52,,11,0,0,12
2023-12-04 12:00:00,23393.809,24417.563,776.756,25.34,47.302,23.393809,24.417562999999998,PVWatts,Solar_Delhi,,solar,25.34,,12,0,0,12
2023-12-04 13:00:00,21070.797,22009.214,689.891,25.309,44.84,21.070797,22.009214,PVWatts,Solar_Delhi,,solar,25.309,,13,0,0,12
2023-12-04 14:00:00,16618.965,17393.841,531.09,24.553,39.615,16.618965,17.393841000000002,PVWatts,Solar_Delhi,,solar,24.553,,14,0,0,12
2023-12-04 15:00:00,10556.487,11108.653,336.579,22.974,32.489,10.556486999999999,11.108653,PVWatts,Solar_Delhi,,solar,22.974,,15,0,0,12
2023-12-04 16:00:00,3174.656,3455.646,129.479,19.792,23.219,3.174656,3.455646,PVWatts,Solar_Delhi,,solar,19.792,,16,0,0,12
2023-12-04 17:00:00,0.0,0.0,0.0,17.669,17.669,0.0,0.0,PVWatts,Solar_Delhi,,solar,17.669,,17,0,0,12
2023-12-04 18:00:00,0.0,0.0,0.0,16.84,16.84,0.0,0.0,PVWatts,Solar_Delhi,,solar,16.84,,18,0,0,12
2023-12-04 19:00:00,0.0,0.0,0.0,16.061,16.061,0.0,0.0,PVWatts,Solar_Delhi,,solar,16.061,,19,0,0,12
2023-12-04 20:00:00,0.0,0.0,0.0,15.306,15.306,0.0,0.0,PVWatts,Solar_Delhi,,solar,15.306,,20,0,0,12
2023-12-04 21:00:00,0.0,0.0,0.0,14.581,14.581,0.0,0.0,PVWatts,Solar_Delhi,,solar,14.581,,21,0,0,12
2023-12-04 22:00:00,0.0,0.0,0.0,13.919,13.919,0.0,0.0,PVWatts,Solar_Delhi,,solar,13.919,,22,0,0,12
2023-12-04 23:00:00,0.0,0.0,0.0,13.299,13.299,0.0,0.0,PVWatts,Solar_Delhi,,solar,13.299,,23,0,0,12
2023-12-05 00:00:00,0.0,0.0,0.0,12.714,12.714,0.0,0.0,PVWatts,Solar_Delhi,,solar,12.714,,0,1,0,12
2023-12-05 01:00:00,0.0,0.0,0.0,12.267,12.267,0.0,0.0,PVWatts,Solar_Delhi,,solar,12.267,,1,1,0,12
2023-12-05 02:00:00,0.0,0.0,0.0,11.908,11.908,0.0,0.0,PVWatts,Solar_Delhi,,solar,11.908,,2,1,0,12
2023-12-05 03:00:00,0.0,0.0,0.0,11.307,11.307,0.0,0.0,PVWatts,Solar_Delhi,,solar,11.307,,3,1,0,12
2023-12-05 04:00:00,0.0,0.0,0.0,10.699,10.699,0.0,0.0,PVWatts,Solar_Delhi,,solar,10.699,,4,1,0,12
2023-12-05 05:00:00,0.0,0.0,0.0,10.158,10.158,0.0,0.0,PVWatts,Solar_Delhi,,solar,10.158,,5,1,0,12
2023-12-05 06:00:00,0.0,0.0,0.0,9.715,0.0,0.0,0.0,PVWatts,Solar_Delhi,,solar,9.715,,6,1,0,12
2023-12-05 07:00:00,1050.216,1253.163,38.592,11.794,12.88,1.0502159999999998,1.253163,PVWatts,Solar_Delhi,,solar,11.794,,7,1,0,12
2023-12-05 08:00:00,9746.661,10269.077,299.798,14.973,25.634,9.746661,10.269077,PVWatts,Solar_Delhi,,solar,14.973,,8,1,0,12
2023-12-05 09:00:00,16400.854,17167.717,536.01,18.406,43.895,16.400854,17.167717,PVWatts,Solar_Delhi,,solar,18.406,,9,1,0,12
2023-12-05 10:00:00,20219.564,21126.71,695.933,22.767,55.814,20.219564,21.12671,PVWatts,Solar_Delhi,,solar,22.767,,10,1,0,12
2023-12-05 11:00:00,22731.452,23730.873,772.891,25.238,52.628,22.731452,23.730873,PVWatts,Solar_Delhi,,solar,25.238,,11,1,0,12
2023-12-05 12:00:00,21808.775,22774.302,774.408,26.024,62.786,21.808775,22.774302,PVWatts,Solar_Delhi,,solar,26.024,,12,1,0,12
2023-12-05 13:00:00,19831.664,20724.56,689.025,25.922,58.671,19.831664,20.72456,PVWatts,Solar_Delhi,,solar,25.922,,13,1,0,12
2023-12-05 14:00:00,15794.872,16539.473,527.978,25.081,50.22,15.794872,16.539473,PVWatts,Solar_Delhi,,solar,25.081,,14,1,0,12
2023-12-05 15:00:00,10258.722,10799.95,336.481,23.328,39.298,10.258722,10.79995,PVWatts,Solar_Delhi,,solar,23.328,,15,1,0,12
2023-12-05 16:00:00,3142.962,3422.788,129.493,20.08,25.836,3.142962,3.422788,PVWatts,Solar_Delhi,,solar,20.08,,16,1,0,12
2023-12-05 17:00:00,0.0,0.0,0.0,18.02,18.02,0.0,0.0,PVWatts,Solar_Delhi,,solar,18.02,,17,1,0,12
2023-12-05 18:00:00,0.0,0.0,0.0,17.226,17.226,0.0,0.0,PVWatts,Solar_Delhi,,solar,17.226,,18,1,0,12
2023-12-05 19:00:00,0.0,0.0,0.0,16.46,16.46,0.0,0.0,PVWatts,Solar_Delhi,,solar,16.46,,19,1,0,12
2023-12-05 20:00:00,0.0,0.0,0.0,15.8,15.8,0.0,0.0,PVWatts,Solar_Delhi,,solar,15.8,,20,1,0,12
2023-12-05 21:00:00,0.0,0.0,0.0,15.141,15.141,0.0,0.0,PVWatts,Solar_Delhi,,solar,15.141,,21,1,0,12
2023-12-05 22:00:00,0.0,0.0,0.0,14.507,14.507,0.0,0.0,PVWatts,Solar_Delhi,,solar,14.507,,22,1,0,12
2023-12-05 23:00:00,0.0,0.0,0.0,13.864,13.864,0.0,0.0,PVWatts,Solar_Delhi,,solar,13.864,,23,1,0,12
2023-12-06 00:00:00,0.0,0.0,0.0,13.259,13.259,0.0,0.0,PVWatts,Solar_Delhi,,solar,13.259,,0,2,0,12
2023-12-06 01:00:00,0.0,0.0,0.0,12.679,12.679,0.0,0.0,PVWatts,Solar_Delhi,,solar,12.679,,1,2,0,12
2023-12-06 02:00:00,0.0,0.0,0.0,12.143,12.143,0.0,0.0,PVWatts,Solar_Delhi,,solar,12.143,,2,2,0,12
2023-12-06 03:00:00,0.0,0.0,0.0,11.621,11.621,0.0,0.0,PVWatts,Solar_Delhi,,solar,11.621,,3,2,0,12
2023-12-06 04:00:00,0.0,0.0,0.0,11.143,11.143,0.0,0.0,PVWatts,Solar_Delhi,,solar,11.143,,4,2,0,12
2023-12-06 05:00:00,0.0,0.0,0.0,10.713,10.713,0.0,0.0,PVWatts,Solar_Delhi,,solar,10.713,,5,2,0,12
2023-12-06 06:00:00,0.0,0.0,0.0,10.413,0.0,0.0,0.0,PVWatts,Solar_Delhi,,solar,10.413,,6,2,0,12
2023-12-06 07:00:00,919.111,1117.242,34.762,12.554,14.197,0.919111,1.117242,PVWatts,Solar_Delhi,,solar,12.554,,7,2,0,12
2023-12-06 08:00:00,8842.129,9331.317,277.044,15.911,29.102,8.842129000000002,9.331316999999999,PVWatts,Solar_Delhi,,solar,15.911,,8,2,0,12
2023-12-06 09:00:00,15979.957,16731.358,522.402,18.947,43.789,15.979957,16.731358,PVWatts,Solar_Delhi,,solar,18.947,,9,2,0,12
2023-12-06 10:00:00,19591.556,20475.632,673.453,23.339,55.315,19.591556,20.475632,PVWatts,Solar_Delhi,,solar,23.339,,10,2,0,12
2023-12-06 11:00:00,21416.061,22367.161,759.465,26.096,62.134,21.416061000000003,22.367161,PVWatts,Solar_Delhi,,solar,26.096,,11,2,0,12
2023-12-06 12:00:00,21185.786,22128.427,752.419,26.93,62.643,21.185786,22.128427,PVWatts,Solar_Delhi,,solar,26.93,,12,2,0,12
2023-12-06 13:00:00,19758.223,20648.421,689.27,26.831,59.591,19.758223,20.648421,PVWatts,Solar_Delhi,,solar,26.831,,13,2,0,12
2023-12-06 14:00:00,15790.593,16535.038,529.72,25.895,51.118,15.790593000000001,16.535038,PVWatts,Solar_Delhi,,solar,25.895,,14,2,0,12
2023-12-06 15:00:00,10176.793,10715.011,334.172,23.656,39.517,10.176793,10.715011,PVWatts,Solar_Delhi,,solar,23.656,,15,2,0,12
2023-12-06 16:00:00,2786.786,3053.527,119.882,20.412,25.677,2.786786,3.053527,PVWatts,Solar_Delhi,,solar,20.412,,16,2,0,12
2023-12-06 17:00:00,0.0,0.0,0.0,18.587,18.587,0.0,0.0,PVWatts,Solar_Delhi,,solar,18.587,,17,2,0,12
2023-12-06 18:00:00,0.0,0.0,0.0,17.689,17.689,0.0,0.0,PVWatts,Solar_Delhi,,solar,17.689,,18,2,0,12
2023-12-06 19:00:00,0.0,0.0,0.0,16.894,16.894,0.0,0.0,PVWatts,Solar_Delhi,,solar,16.894,,19,2,0,12
2023-12-06 20:00:00,0.0,0.0,0.0,16.141,16.141,0.0,0.0,PVWatts,Solar_Delhi,,solar,16.141,,20,2,0,12
2023-12-06 21:00:00,0.0,0.0,0.0,15.418,15.418,0.0,0.0,PVWatts,Solar_Delhi,,solar,15.418,,21,2,0,12
2023-12-06 22:00:00,0.0,0.0,0.0,14.706,14.706,0.0,0.0,PVWatts,Solar_Delhi,,solar,14.706,,22,2,0,12
2023-12-06 23:00:00,0.0,0.0,0.0,14.097,14.097,0.0,0.0,PVWatts,Solar_Delhi,,solar,14.097,,23,2,0,12
2023-12-07 00:00:00,0.0,0.0,0.0,13.885,13.885,0.0,0.0,PVWatts,Solar_Delhi,,solar,13.885,,0,3,0,12
2023-12-07 01:00:00,0.0,0.0,0.0,13.501,13.501,0.0,0.0,PVWatts,Solar_Delhi,,solar,13.501,,1,3,0,12
2023-12-07 02:00:00,0.0,0.0,0.0,13.388,13.388,0.0,0.0,PVWatts,Solar_Delhi,,solar,13.388,,2,3,0,12
2023-12-07 03:00:00,0.0,0.0,0.0,13.419,13.419,0.0,0.0,PVWatts,Solar_Delhi,,solar,13.419,,3,3,0,12
2023-12-07 04:00:00,0.0,0.0,0.0,13.046,13.046,0.0,0.0,PVWatts,Solar_Delhi,,solar,13.046,,4,3,0,12
2023-12-07 05:00:00,0.0,0.0,0.0,12.709,12.709,0.0,0.0,PVWatts,Solar_Delhi,,solar,12.709,,5,3,0,12
2023-12-07 06:00:00,0.0,0.0,0.0,12.505,0.0,0.0,0.0,PVWatts,Solar_Delhi,,solar,12.505,,6,3,0,12
2023-12-07 07:00:00,683.365,872.835,27.487,14.134,15.104,0.683365,0.872835,PVWatts,Solar_Delhi,,solar,14.134,,7,3,0,12
2023-12-07 08:00:00,6549.278,6954.236,204.979,16.712,23.993,6.549278,6.954236,PVWatts,Solar_Delhi,,solar,16.712,,8,3,0,12
2023-12-07 09:00:00,10048.923,10582.443,319.317,19.469,30.782,10.048923,10.582443,PVWatts,Solar_Delhi,,solar,19.469,,9,3,0,12
2023-12-07 10:00:00,7642.951,8088.086,250.236,23.546,32.385,7.642951,8.088086,PVWatts,Solar_Delhi,,solar,23.546,,10,3,0,12
2023-12-07 11:00:00,21507.122,22461.567,730.775,25.891,51.769,21.507122,22.461567,PVWatts,Solar_Delhi,,solar,25.891,,11,3,0,12
2023-12-07 12:00:00,22311.902,23295.912,761.772,26.821,53.824,22.311902,23.295912,PVWatts,Solar_Delhi,,solar,26.821,,12,3,0,12
2023-12-07 13:00:00,20244.028,21152.073,679.538,26.569,50.686,20.244028,21.152073,PVWatts,Solar_Delhi,,solar,26.569,,13,3,0,12
2023-12-07 14:00:00,16232.372,16993.046,529.338,25.67,44.492,16.232371999999998,16.993046,PVWatts,Solar_Delhi,,solar,25.67,,14,3,0,12
2023-12-07 15:00:00,10435.876,10983.612,337.18,23.843,35.795,10.435876,10.983611999999999,PVWatts,Solar_Delhi,,solar,23.843,,15,3,0,12
2023-12-07 16:00:00,3142.148,3421.944,133.267,20.471,24.842,3.142148,3.421944,PVWatts,Solar_Delhi,,solar,20.471,,16,3,0,12
2023-12-07 17:00:00,0.0,0.0,0.0,18.347,18.347,0.0,0.0,PVWatts,Solar_Delhi,,solar,18.347,,17,3,0,12
2023-12-07 18:00:00,0.0,0.0,0.0,17.51,17.51,0.0,0.0,PVWatts,Solar_Delhi,,solar,17.51,,18,3,0,12
2023-12-07 19:00:00,0.0,0.0,0.0,16.688,16.688,0.0,0.0,PVWatts,Solar_Delhi,,solar,16.688,,19,3,0,12
2023-12-07 20:00:00,0.0,0.0,0.0,15.9,15.9,0.0,0.0,PVWatts,Solar_Delhi,,solar,15.9,,20,3,0,12
2023-12-07 21:00:00,0.0,0.0,0.0,15.15,15.15,0.0,0.0,PVWatts,Solar_Delhi,,solar,15.15,,21,3,0,12
2023-12-07 22:00:00,0.0,0.0,0.0,14.397,14.397,0.0,0.0,PVWatts,Solar_Delhi,,solar,14.397,,22,3,0,12
2023-12-07 23:00:00,0.0,0.0,0.0,13.66,13.66,0.0,0.0,PVWatts,Solar_Delhi,,solar,13.66,,23,3,0,12
2023-12-08 00:00:00,0.0,0.0,0.0,12.982,12.982,0.0,0.0,PVWatts,Solar_Delhi,,solar,12.982,,0,4,0,12
2023-12-08 01:00:00,0.0,0.0,0.0,12.39,12.39,0.0,0.0,PVWatts,Solar_Delhi,,solar,12.39,,1,4,0,12
2023-12-08 02:00:00,0.0,0.0,0.0,11.821,11.821,0.0,0.0,PVWatts,Solar_Delhi,,solar,11.821,,2,4,0,12
2023-12-08 03:00:00,0.0,0.0,0.0,11.29,11.29,0.0,0.0,PVWatts,Solar_Delhi,,solar,11.29,,3,4,0,12
2023-12-08 04:00:00,0.0,0.0,0.0,10.781,10.781,0.0,0.0,PVWatts,Solar_Delhi,,solar,10.781,,4,4,0,12
2023-12-08 05:00:00,0.0,0.0,0.0,10.268,10.268,0.0,0.0,PVWatts,Solar_Delhi,,solar,10.268,,5,4,0,12
2023-12-08 06:00:00,0.0,0.0,0.0,9.842,0.0,0.0,0.0,PVWatts,Solar_Delhi,,solar,9.842,,6,4,0,12
2023-12-08 07:00:00,755.185,947.293,29.505,11.967,12.798,0.755185,0.947293,PVWatts,Solar_Delhi,,solar,11.967,,7,4,0,12
2023-12-08 08:00:00,8898.64,9389.905,274.318,15.46,25.216,8.898639999999999,9.389905,PVWatts,Solar_Delhi,,solar,15.46,,8,4,0,12
2023-12-08 09:00:00,15507.819,16241.876,491.993,18.605,36.075,15.507819,16.241876,PVWatts,Solar_Delhi,,solar,18.605,,9,4,0,12
2023-12-08 10:00:00,20140.846,21045.1,666.902,22.894,46.54,20.140846,21.045099999999998,PVWatts,Solar_Delhi,,solar,22.894,,10,4,0,12
2023-12-08 11:00:00,23074.025,24086.032,765.68,25.294,46.938,23.074025000000002,24.086032,PVWatts,Solar_Delhi,,solar,25.294,,11,4,0,12
2023-12-08 12:00:00,22623.514,23618.97,770.861,26.143,53.471,22.623514,23.61897,PVWatts,Solar_Delhi,,solar,26.143,,12,4,0,12
2023-12-08 13:00:00,20906.574,21838.957,686.323,26.091,45.521,20.906574,21.838956999999997,PVWatts,Solar_Delhi,,solar,26.091,,13,4,0,12
2023-12-08 14:00:00,16447.673,17216.256,527.013,25.273,40.22,16.447672999999998,17.216256,PVWatts,Solar_Delhi,,solar,25.273,,14,4,0,12
2023-12-08 15:00:00,10466.177,11015.025,337.534,23.431,35.396,10.466177,11.015025,PVWatts,Solar_Delhi,,solar,23.431,,15,4,0,12
2023-12-08 16:00:00,3177.646,3458.745,133.676,19.868,24.26,3.177646,3.458745,PVWatts,Solar_Delhi,,solar,19.868,,16,4,0,12
2023-12-08 17:00:00,0.0,0.0,0.0,17.703,17.703,0.0,0.0,PVWatts,Solar_Delhi,,solar,17.703,,17,4,0,12
2023-12-08 18:00:00,0.0,0.0,0.0,16.82,16.82,0.0,0.0,PVWatts,Solar_Delhi,,solar,16.82,,18,4,0,12
2023-12-08 19:00:00,0.0,0.0,0.0,16.003,16.003,0.0,0.0,PVWatts,Solar_Delhi,,solar,16.003,,19,4,0,12
2023-12-08 20:00:00,0.0,0.0,0.0,15.266,15.266,0.0,0.0,PVWatts,Solar_Delhi,,solar,15.266,,20,4,0,12
2023-12-08 21:00:00,0.0,0.0,0.0,14.598,14.598,0.0,0.0,PVWatts,Solar_Delhi,,solar,14.598,,21,4,0,12
2023-12-08 22:00:00,0.0,0.0,0.0,13.927,13.927,0.0,0.0,PVWatts,Solar_Delhi,,solar,13.927,,22,4,0,12
2023-12-08 23:00:00,0.0,0.0,0.0,13.128,13.128,0.0,0.0,PVWatts,Solar_Delhi,,solar,13.128,,23,4,0,12
2023-12-09 00:00:00,0.0,0.0,0.0,12.339,12.339,0.0,0.0,PVWatts,Solar_Delhi,,solar,12.339,,0,5,1,12
2023-12-09 01:00:00,0.0,0.0,0.0,11.654,11.654,0.0,0.0,PVWatts,Solar_Delhi,,solar,11.654,,1,5,1,12
2023-12-09 02:00:00,0.0,0.0,0.0,11.008,11.008,0.0,0.0,PVWatts,Solar_Delhi,,solar,11.008,,2,5,1,12
2023-12-09 03:00:00,0.0,0.0,0.0,10.422,10.422,0.0,0.0,PVWatts,Solar_Delhi,,solar,10.422,,3,5,1,12
2023-12-09 04:00:00,0.0,0.0,0.0,9.909,9.909,0.0,0.0,PVWatts,Solar_Delhi,,solar,9.909,,4,5,1,12
2023-12-09 05:00:00,0.0,0.0,0.0,9.523,9.523,0.0,0.0,PVWatts,Solar_Delhi,,solar,9.523,,5,5,1,12
2023-12-09 06:00:00,0.0,0.0,0.0,9.472,0.0,0.0,0.0,PVWatts,Solar_Delhi,,solar,9.472,,6,5,1,12
2023-12-09 07:00:00,672.553,861.626,26.891,11.442,12.391,0.672553,0.861626,PVWatts,Solar_Delhi,,solar,11.442,,7,5,1,12
2023-12-09 08:00:00,6879.464,7296.552,212.302,13.836,21.379,6.879464,7.296551999999999,PVWatts,Solar_Delhi,,solar,13.836,,8,5,1,12
2023-12-09 09:00:00,15733.289,16475.629,504.832,14.998,39.002,15.733289000000001,16.475629,PVWatts,Solar_Delhi,,solar,14.998,,9,5,1,12
2023-12-09 10:00:00,16425.87,17193.652,538.76,16.606,42.152,16.42587,17.193651999999997,PVWatts,Solar_Delhi,,solar,16.606,,10,5,1,12
2023-12-09 11:00:00,6686.387,7096.383,218.587,18.992,29.321,6.686387,7.096382999999999,PVWatts,Solar_Delhi,,solar,18.992,,11,5,1,12
2023-12-09 12:00:00,14578.81,15278.739,475.627,21.929,38.745,14.578809999999999,15.278739,PVWatts,Solar_Delhi,,solar,21.929,,12,5,1,12
2023-12-09 13:00:00,9896.439,10424.358,321.33,22.926,34.288,9.896439,10.424358,PVWatts,Solar_Delhi,,solar,22.926,,13,5,1,12
2023-12-09 14:00:00,4391.092,4716.768,144.446,22.438,27.553,4.3910919999999996,4.716768,PVWatts,Solar_Delhi,,solar,22.438,,14,5,1,12
2023-12-09 15:00:00,5218.58,5574.654,168.722,20.771,26.75,5.21858,5.574654000000001,PVWatts,Solar_Delhi,,solar,20.771,,15,5,1,12
2023-12-09 16:00:00,2655.256,2917.166,110.957,18.226,21.89,2.655256,2.9171660000000004,PVWatts,Solar_Delhi,,solar,18.226,,16,5,1,12
2023-12-09 17:00:00,0.0,0.0,0.0,16.728,16.728,0.0,0.0,PVWatts,Solar_Delhi,,solar,16.728,,17,5,1,12
2023-12-09 18:00:00,0.0,0.0,0.0,16.141,16.141,0.0,0.0,PVWatts,Solar_Delhi,,solar,16.141,,18,5,1,12
2023-12-09 19:00:00,0.0,0.0,0.0,15.596,15.596,0.0,0.0,PVWatts,Solar_Delhi,,solar,15.596,,19,5,1,12
2023-12-09 20:00:00,0.0,0.0,0.0,14.968,14.968,0.0,0.0,PVWatts,Solar_Delhi,,solar,14.968,,20,5,1,12
2023-12-09 21:00:00,0.0,0.0,0.0,14.388,14.388,0.0,0.0,PVWatts,Solar_Delhi,,solar,14.388,,21,5,1,12
2023-12-09 22:00:00,0.0,0.0,0.0,14.118,14.118,0.0,0.0,PVWatts,Solar_Delhi,,solar,14.118,,22,5,1,12
2023-12-09 23:00:00,0.0,0.0,0.0,13.78,13.78,0.0,0.0,PVWatts,Solar_Delhi,,solar,13.78,,23,5,1,12
2023-12-10 00:00:00,0.0,0.0,0.0,13.347,13.347,0.0,0.0,PVWatts,Solar_Delhi,,solar,13.347,,0,6,1,12
2023-12-10 01:00:00,0.0,0.0,0.0,12.928,12.928,0.0,0.0,PVWatts,Solar_Delhi,,solar,12.928,,1,6,1,12
2023-12-10 02:00:00,0.0,0.0,0.0,12.629,12.629,0.0,0.0,PVWatts,Solar_Delhi,,solar,12.629,,2,6,1,12
2023-12-10 03:00:00,0.0,0.0,0.0,12.25,12.25,0.0,0.0,PVWatts,Solar_Delhi,,solar,12.25,,3,6,1,12
2023-12-10 04:00:00,0.0,0.0,0.0,11.86,11.86,0.0,0.0,PVWatts,Solar_Delhi,,solar,11.86,,4,6,1,12
2023-12-10 05:00:00,0.0,0.0,0.0,11.411,11.411,0.0,0.0,PVWatts,Solar_Delhi,,solar,11.411,,5,6,1,12
2023-12-10 06:00:00,0.0,0.0,0.0,11.035,0.0,0.0,0.0,PVWatts,Solar_Delhi,,solar,11.035,,6,6,1,12
2023-12-10 07:00:00,385.111,563.625,17.991,12.672,13.307,0.385111,0.563625,PVWatts,Solar_Delhi,,solar,12.672,,7,6,1,12
2023-12-10 08:00:00,5168.611,5522.85,162.519,15.222,20.99,5.168611,5.52285,PVWatts,Solar_Delhi,,solar,15.222,,8,6,1,12
2023-12-10 09:00:00,7814.298,8265.728,248.416,18.566,27.362,7.814298,8.265728,PVWatts,Solar_Delhi,,solar,18.566,,9,6,1,12
2023-12-10 10:00:00,13181.764,13830.371,422.984,22.276,34.209,13.181764,13.830371,PVWatts,Solar_Delhi,,solar,22.276,,10,6,1,12
2023-12-10 11:00:00,21848.359,22815.34,719.322,24.13,44.453,21.848359000000002,22.81534,PVWatts,Solar_Delhi,,solar,24.13,,11,6,1,12
2023-12-10 12:00:00,22642.504,23638.658,766.746,24.87,52.053,22.642504000000002,23.638658,PVWatts,Solar_Delhi,,solar,24.87,,12,6,1,12
2023-12-10 13:00:00,20431.762,21346.703,681.346,24.832,49.01,20.431762,21.346703,PVWatts,Solar_Delhi,,solar,24.832,,13,6,1,12
2023-12-10 14:00:00,14652.601,15355.241,474.008,23.983,40.818,14.652601,15.355241,PVWatts,Solar_Delhi,,solar,23.983,,14,6,1,12
2023-12-10 15:00:00,5730.021,6104.883,185.761,22.359,28.943,5.730021,6.104883,PVWatts,Solar_Delhi,,solar,22.359,,15,6,1,12
2023-12-10 16:00:00,622.924,810.174,31.934,20.111,21.171,0.622924,0.810174,PVWatts,Solar_Delhi,,solar,20.111,,16,6,1,12
2023-12-10 17:00:00,0.0,0.0,0.0,18.992,18.992,0.0,0.0,PVWatts,Solar_Delhi,,solar,18.992,,17,6,1,12
2023-12-10 18:00:00,0.0,0.0,0.0,18.469,18.469,0.0,0.0,PVWatts,Solar_Delhi,,solar,18.469,,18,6,1,12
2023-12-10 19:00:00,0.0,0.0,0.0,17.93,17.93,0.0,0.0,PVWatts,Solar_Delhi,,solar,17.93,,19,6,1,12
2023-12-10 20:00:00,0.0,0.0,0.0,17.363,17.363,0.0,0.0,PVWatts,Solar_Delhi,,solar,17.363,,20,6,1,12
2023-12-10 21:00:00,0.0,0.0,0.0,16.785,16.785,0.0,0.0,PVWatts,Solar_Delhi,,solar,16.785,,21,6,1,12
2023-12-10 22:00:00,0.0,0.0,0.0,16.065,16.065,0.0,0.0,PVWatts,Solar_Delhi,,solar,16.065,,22,6,1,12
2023-12-10 23:00:00,0.0,0.0,0.0,15.51,15.51,0.0,0.0,PVWatts,Solar_Delhi,,solar,15.51,,23,6,1,12
2023-12-11 00:00:00,0.0,0.0,0.0,15.037,15.037,0.0,0.0,PVWatts,Solar_Delhi,,solar,15.037,,0,0,0,12
2023-12-11 01:00:00,0.0,0.0,0.0,14.568,14.568,0.0,0.0,PVWatts,Solar_Delhi,,solar,14.568,,1,0,0,12
2023-12-11 02:00:00,0.0,0.0,0.0,14.186,14.186,0.0,0.0,PVWatts,Solar_Delhi,,solar,14.186,,2,0,0,12
2023-12-11 03:00:00,0.0,0.0,0.0,13.621,13.621,0.0,0.0,PVWatts,Solar_Delhi,,solar,13.621,,3,0,0,12
2023-12-11 04:00:00,0.0,0.0,0.0,13.092,13.092,0.0,0.0,PVWatts,Solar_Delhi,,solar,13.092,,4,0,0,12
2023-12-11 05:00:00,0.0,0.0,0.0,12.689,12.689,0.0,0.0,PVWatts,Solar_Delhi,,solar,12.689,,5,0,0,12
2023-12-11 06:00:00,0.0,0.0,0.0,12.545,0.0,0.0,0.0,PVWatts,Solar_Delhi,,solar,12.545,,6,0,0,12
2023-12-11 07:00:00,441.699,622.291,19.889,13.851,14.411,0.441699,0.622291,PVWatts,Solar_Delhi,,solar,13.851,,7,0,0,12
2023-12-11 08:00:00,4850.698,5193.258,152.743,16.165,20.49,4.850698,5.193258,PVWatts,Solar_Delhi,,solar,16.165,,8,0,0,12
2023-12-11 09:00:00,13344.968,13999.571,419.541,20.082,31.954,13.344968000000001,13.999571,PVWatts,Solar_Delhi,,solar,20.082,,9,0,0,12
2023-12-11 10:00:00,19534.861,20416.854,632.614,22.723,40.606,19.534861,20.416854,PVWatts,Solar_Delhi,,solar,22.723,,10,0,0,12
2023-12-11 11:00:00,12300.627,12916.866,399.305,24.3,35.553,12.300627,12.916866,PVWatts,Solar_Delhi,,solar,24.3,,11,0,0,12
2023-12-11 12:00:00,20491.021,21408.139,674.26,25.09,44.139,20.491021,21.408139,PVWatts,Solar_Delhi,,solar,25.09,,12,0,0,12
2023-12-11 13:00:00,20209.006,21115.764,651.35,25.022,40.349,20.209006000000002,21.115764,PVWatts,Solar_Delhi,,solar,25.022,,13,0,0,12
2023-12-11 14:00:00,9561.922,10077.552,304.404,24.198,31.357,9.561922000000001,10.077551999999999,PVWatts,Solar_Delhi,,solar,24.198,,14,0,0,12
2023-12-11 15:00:00,6948.194,7367.807,221.782,22.662,27.877,6.948194,7.367807,PVWatts,Solar_Delhi,,solar,22.662,,15,0,0,12
2023-12-11 16:00:00,275.437,449.922,18.012,19.797,20.195,0.275437,0.44992200000000004,PVWatts,Solar_Delhi,,solar,19.797,,16,0,0,12
2023-12-11 17:00:00,0.0,0.0,0.0,17.422,17.422,0.0,0.0,PVWatts,Solar_Delhi,,solar,17.422,,17,0,0,12
2023-12-11 18:00:00,0.0,0.0,0.0,16.099,16.099,0.0,0.0,PVWatts,Solar_Delhi,,solar,16.099,,18,0,0,12
2023-12-11 19:00:00,0.0,0.0,0.0,15.01,15.01,0.0,0.0,PVWatts,Solar_Delhi,,solar,15.01,,19,0,0,12
2023-12-11 20:00:00,0.0,0.0,0.0,14.174,14.174,0.0,0.0,PVWatts,Solar_Delhi,,solar,14.174,,20,0,0,12
2023-12-11 21:00:00,0.0,0.0,0.0,13.517,13.517,0.0,0.0,PVWatts,Solar_Delhi,,solar,13.517,,21,0,0,12
2023-12-11 22:00:00,0.0,0.0,0.0,13.013,13.013,0.0,0.0,PVWatts,Solar_Delhi,,solar,13.013,,22,0,0,12
2023-12-11 23:00:00,0.0,0.0,0.0,12.569,12.569,0.0,0.0,PVWatts,Solar_Delhi,,solar,12.569,,23,0,0,12
2023-12-12 00:00:00,0.0,0.0,0.0,12.201,12.201,0.0,0.0,PVWatts,Solar_Delhi,,solar,12.201,,0,1,0,12
2023-12-12 01:00:00,0.0,0.0,0.0,11.861,11.861,0.0,0.0,PVWatts,Solar_Delhi,,solar,11.861,,1,1,0,12
2023-12-12 02:00:00,0.0,0.0,0.0,11.553,11.553,0.0,0.0,PVWatts,Solar_Delhi,,solar,11.553,,2,1,0,12
2023-12-12 03:00:00,0.0,0.0,0.0,11.259,11.259,0.0,0.0,PVWatts,Solar_Delhi,,solar,11.259,,3,1,0,12
2023-12-12 04:00:00,0.0,0.0,0.0,10.948,10.948,0.0,0.0,PVWatts,Solar_Delhi,,solar,10.948,,4,1,0,12
2023-12-12 05:00:00,0.0,0.0,0.0,10.63,10.63,0.0,0.0,PVWatts,Solar_Delhi,,solar,10.63,,5,1,0,12
2023-12-12 06:00:00,0.0,0.0,0.0,10.401,0.0,0.0,0.0,PVWatts,Solar_Delhi,,solar,10.401,,6,1,0,12
2023-12-12 07:00:00,504.851,687.764,21.788,12.45,13.218,0.504851,0.687764,PVWatts,Solar_Delhi,,solar,12.45,,7,1,0,12
2023-12-12 08:00:00,8670.28,9153.155,267.195,15.418,24.921,8.67028,9.153155,PVWatts,Solar_Delhi,,solar,15.418,,8,1,0,12
2023-12-12 09:00:00,15142.899,15863.55,481.482,19.604,36.704,15.142899,15.86355,PVWatts,Solar_Delhi,,solar,19.604,,9,1,0,12
2023-12-12 10:00:00,19904.781,20800.363,657.935,22.952,46.285,19.904781,20.800363,PVWatts,Solar_Delhi,,solar,22.952,,10,1,0,12
2023-12-12 11:00:00,20983.572,21918.785,705.352,24.576,49.565,20.983572,21.918785,PVWatts,Solar_Delhi,,solar,24.576,,11,1,0,12
2023-12-12 12:00:00,20947.828,21881.727,707.111,25.621,50.676,20.947828,21.881726999999998,PVWatts,Solar_Delhi,,solar,25.621,,12,1,0,12
2023-12-12 13:00:00,10694.962,11252.215,356.989,25.43,42.343,10.694962,11.252215,PVWatts,Solar_Delhi,,solar,25.43,,13,1,0,12
2023-12-12 14:00:00,9006.018,9501.226,296.38,24.831,38.9,9.006018,9.501226,PVWatts,Solar_Delhi,,solar,24.831,,14,1,0,12
2023-12-12 15:00:00,3331.004,3617.737,112.128,23.245,28.566,3.331004,3.617737,PVWatts,Solar_Delhi,,solar,23.245,,15,1,0,12
2023-12-12 16:00:00,663.962,852.719,33.171,20.733,22.216,0.6639619999999999,0.852719,PVWatts,Solar_Delhi,,solar,20.733,,16,1,0,12
2023-12-12 17:00:00,0.0,0.0,0.0,19.389,19.389,0.0,0.0,PVWatts,Solar_Delhi,,solar,19.389,,17,1,0,12
2023-12-12 18:00:00,0.0,0.0,0.0,18.368,18.368,0.0,0.0,PVWatts,Solar_Delhi,,solar,18.368,,18,1,0,12
2023-12-12 19:00:00,0.0,0.0,0.0,17.524,17.524,0.0,0.0,PVWatts,Solar_Delhi,,solar,17.524,,19,1,0,12
2023-12-12 20:00:00,0.0,0.0,0.0,16.828,16.828,0.0,0.0,PVWatts,Solar_Delhi,,solar,16.828,,20,1,0,12
2023-12-12 21:00:00,0.0,0.0,0.0,16.17,16.17,0.0,0.0,PVWatts,Solar_Delhi,,solar,16.17,,21,1,0,12
2023-12-12 22:00:00,0.0,0.0,0.0,15.536,15.536,0.0,0.0,PVWatts,Solar_Delhi,,solar,15.536,,22,1,0,12
2023-12-12 23:00:00,0.0,0.0,0.0,14.91,14.91,0.0,0.0,PVWatts,Solar_Delhi,,solar,14.91,,23,1,0,12
2023-12-13 00:00:00,0.0,0.0,0.0,14.313,14.313,0.0,0.0,PVWatts,Solar_Delhi,,solar,14.313,,0,2,0,12
2023-12-13 01:00:00,0.0,0.0,0.0,13.734,13.734,0.0,0.0,PVWatts,Solar_Delhi,,solar,13.734,,1,2,0,12
2023-12-13 02:00:00,0.0,0.0,0.0,13.196,13.196,0.0,0.0,PVWatts,Solar_Delhi,,solar,13.196,,2,2,0,12
2023-12-13 03:00:00,0.0,0.0,0.0,12.657,12.657,0.0,0.0,PVWatts,Solar_Delhi,,solar,12.657,,3,2,0,12
2023-12-13 04:00:00,0.0,0.0,0.0,12.187,12.187,0.0,0.0,PVWatts,Solar_Delhi,,solar,12.187,,4,2,0,12
2023-12-13 05:00:00,0.0,0.0,0.0,11.74,11.74,0.0,0.0,PVWatts,Solar_Delhi,,solar,11.74,,5,2,0,12
2023-12-13 06:00:00,0.0,0.0,0.0,11.42,0.0,0.0,0.0,PVWatts,Solar_Delhi,,solar,11.42,,6,2,0,12
2023-12-13 07:00:00,471.456,653.142,20.839,13.411,14.145,0.47145600000000004,0.653142,PVWatts,Solar_Delhi,,solar,13.411,,7,2,0,12
2023-12-13 08:00:00,7098.734,7523.878,223.198,16.524,27.15,7.098734,7.523878,PVWatts,Solar_Delhi,,solar,16.524,,8,2,0,12
2023-12-13 09:00:00,13188.819,13837.686,430.081,21.013,41.455,13.188818999999999,13.837686,PVWatts,Solar_Delhi,,solar,21.013,,9,2,0,12
2023-12-13 10:00:00,17275.459,18074.451,586.25,23.655,51.48,17.275458999999998,18.074451,PVWatts,Solar_Delhi,,solar,23.655,,10,2,0,12
2023-12-13 11:00:00,20139.776,21043.991,703.299,24.991,58.358,20.139776,21.043991000000002,PVWatts,Solar_Delhi,,solar,24.991,,11,2,0,12
2023-12-13 12:00:00,19719.483,20608.258,687.927,25.516,58.156,19.719483,20.608258000000003,PVWatts,Solar_Delhi,,solar,25.516,,12,2,0,12
2023-12-13 13:00:00,18474.442,19317.48,634.337,25.269,55.407,18.474442,19.31748,PVWatts,Solar_Delhi,,solar,25.269,,13,2,0,12
2023-12-13 14:00:00,15281.626,16007.373,507.943,24.323,48.504,15.281626000000001,16.007373,PVWatts,Solar_Delhi,,solar,24.323,,14,2,0,12
2023-12-13 15:00:00,9742.463,10264.726,317.863,22.638,37.73,9.742462999999999,10.264726000000001,PVWatts,Solar_Delhi,,solar,22.638,,15,2,0,12
2023-12-13 16:00:00,3199.39,3481.288,129.21,19.82,24.127,3.1993899999999997,3.481288,PVWatts,Solar_Delhi,,solar,19.82,,16,2,0,12
2023-12-13 17:00:00,0.0,0.0,0.0,18.208,18.208,0.0,0.0,PVWatts,Solar_Delhi,,solar,18.208,,17,2,0,12
2023-12-13 18:00:00,0.0,0.0,0.0,17.583,17.583,0.0,0.0,PVWatts,Solar_Delhi,,solar,17.583,,18,2,0,12
2023-12-13 19:00:00,0.0,0.0,0.0,16.873,16.873,0.0,0.0,PVWatts,Solar_Delhi,,solar,16.873,,19,2,0,12
2023-12-13 20:00:00,0.0,0.0,0.0,16.21,16.21,0.0,0.0,PVWatts,Solar_Delhi,,solar,16.21,,20,2,0,12
2023-12-13 21:00:00,0.0,0.0,0.0,15.525,15.525,0.0,0.0,PVWatts,Solar_Delhi,,solar,15.525,,21,2,0,12
2023-12-13 22:00:00,0.0,0.0,0.0,14.867,14.867,0.0,0.0,PVWatts,Solar_Delhi,,solar,14.867,,22,2,0,12
2023-12-13 23:00:00,0.0,0.0,0.0,14.192,14.192,0.0,0.0,PVWatts,Solar_Delhi,,solar,14.192,,23,2,0,12
2023-12-14 00:00:00,0.0,0.0,0.0,13.555,13.555,0.0,0.0,PVWatts,Solar_Delhi,,solar,13.555,,0,3,0,12
2023-12-14 01:00:00,0.0,0.0,0.0,12.97,12.97,0.0,0.0,PVWatts,Solar_Delhi,,solar,12.97,,1,3,0,12
2023-12-14 02:00:00,0.0,0.0,0.0,12.421,12.421,0.0,0.0,PVWatts,Solar_Delhi,,solar,12.421,,2,3,0,12
2023-12-14 03:00:00,0.0,0.0,0.0,11.94,11.94,0.0,0.0,PVWatts,Solar_Delhi,,solar,11.94,,3,3,0,12
2023-12-14 04:00:00,0.0,0.0,0.0,11.473,11.473,0.0,0.0,PVWatts,Solar_Delhi,,solar,11.473,,4,3,0,12
2023-12-14 05:00:00,0.0,0.0,0.0,11.023,11.023,0.0,0.0,PVWatts,Solar_Delhi,,solar,11.023,,5,3,0,12
2023-12-14 06:00:00,0.0,0.0,0.0,10.635,0.0,0.0,0.0,PVWatts,Solar_Delhi,,solar,10.635,,6,3,0,12
2023-12-14 07:00:00,535.216,719.244,22.738,12.296,12.828,0.535216,0.719244,PVWatts,Solar_Delhi,,solar,12.296,,7,3,0,12
2023-12-14 08:00:00,7093.313,7518.258,218.046,15.074,21.256,7.093313,7.518257999999999,PVWatts,Solar_Delhi,,solar,15.074,,8,3,0,12
2023-12-14 09:00:00,13276.866,13928.967,414.786,18.854,30.596,13.276866,13.928967,PVWatts,Solar_Delhi,,solar,18.854,,9,3,0,12
2023-12-14 10:00:00,18398.419,19238.663,592.86,22.45,39.21,18.398419,19.238663,PVWatts,Solar_Delhi,,solar,22.45,,10,3,0,12
2023-12-14 11:00:00,22251.189,23232.968,731.362,23.795,44.466,22.251189,23.232968,PVWatts,Solar_Delhi,,solar,23.795,,11,3,0,12
2023-12-14 12:00:00,23530.197,24558.961,764.492,24.201,42.182,23.530197,24.558961,PVWatts,Solar_Delhi,,solar,24.201,,12,3,0,12
2023-12-14 13:00:00,21392.021,22342.238,686.629,23.908,40.076,21.392021,22.342238000000002,PVWatts,Solar_Delhi,,solar,23.908,,13,3,0,12
2023-12-14 14:00:00,16890.925,17675.791,531.078,23.121,35.648,16.890925,17.675791,PVWatts,Solar_Delhi,,solar,23.121,,14,3,0,12
2023-12-14 15:00:00,10830.227,11392.449,340.609,21.649,29.661,10.830227,11.392449000000001,PVWatts,Solar_Delhi,,solar,21.649,,15,3,0,12
2023-12-14 16:00:00,3629.97,3927.686,143.052,18.783,21.952,3.6299699999999997,3.927686,PVWatts,Solar_Delhi,,solar,18.783,,16,3,0,12
2023-12-14 17:00:00,0.0,0.0,0.0,16.503,16.503,0.0,0.0,PVWatts,Solar_Delhi,,solar,16.503,,17,3,0,12
2023-12-14 18:00:00,0.0,0.0,0.0,15.547,15.547,0.0,0.0,PVWatts,Solar_Delhi,,solar,15.547,,18,3,0,12
2023-12-14 19:00:00,0.0,0.0,0.0,14.651,14.651,0.0,0.0,PVWatts,Solar_Delhi,,solar,14.651,,19,3,0,12
2023-12-14 20:00:00,0.0,0.0,0.0,13.843,13.843,0.0,0.0,PVWatts,Solar_Delhi,,solar,13.843,,20,3,0,12
2023-12-14 21:00:00,0.0,0.0,0.0,13.008,13.008,0.0,0.0,PVWatts,Solar_Delhi,,solar,13.008,,21,3,0,12
2023-12-14 22:00:00,0.0,0.0,0.0,12.158,12.158,0.0,0.0,PVWatts,Solar_Delhi,,solar,12.158,,22,3,0,12
2023-12-14 23:00:00,0.0,0.0,0.0,11.344,11.344,0.0,0.0,PVWatts,Solar_Delhi,,solar,11.344,,23,3,0,12
2023-12-15 00:00:00,0.0,0.0,0.0,10.603,10.603,0.0,0.0,PVWatts,Solar_Delhi,,solar,10.603,,0,4,0,12
2023-12-15 01:00:00,0.0,0.0,0.0,9.955,9.955,0.0,0.0,PVWatts,Solar_Delhi,,solar,9.955,,1,4,0,12
2023-12-15 02:00:00,0.0,0.0,0.0,9.395,9.395,0.0,0.0,PVWatts,Solar_Delhi,,solar,9.395,,2,4,0,12
2023-12-15 03:00:00,0.0,0.0,0.0,8.854,8.854,0.0,0.0,PVWatts,Solar_Delhi,,solar,8.854,,3,4,0,12
2023-12-15 04:00:00,0.0,0.0,0.0,8.301,8.301,0.0,0.0,PVWatts,Solar_Delhi,,solar,8.301,,4,4,0,12
2023-12-15 05:00:00,0.0,0.0,0.0,7.777,7.777,0.0,0.0,PVWatts,Solar_Delhi,,solar,7.777,,5,4,0,12
2023-12-15 06:00:00,0.0,0.0,0.0,7.313,0.0,0.0,0.0,PVWatts,Solar_Delhi,,solar,7.313,,6,4,0,12
2023-12-15 07:00:00,393.71,572.54,17.991,8.573,8.994,0.39371,0.5725399999999999,PVWatts,Solar_Delhi,,solar,8.573,,7,4,0,12
2023-12-15 08:00:00,9067.956,9565.44,271.578,11.577,17.985,9.067956,9.56544,PVWatts,Solar_Delhi,,solar,11.577,,8,4,0,12
2023-12-15 09:00:00,16483.491,17253.39,509.401,15.764,30.199,16.483491,17.25339,PVWatts,Solar_Delhi,,solar,15.764,,9,4,0,12
2023-12-15 10:00:00,21214.158,22157.841,671.976,20.249,36.061,21.214158,22.157841,PVWatts,Solar_Delhi,,solar,20.249,,10,4,0,12
2023-12-15 11:00:00,23236.169,24254.131,761.264,22.501,44.024,23.236169,24.254131,PVWatts,Solar_Delhi,,solar,22.501,,11,4,0,12
2023-12-15 12:00:00,23242.548,24260.745,764.178,23.482,45.092,23.242548,24.260745,PVWatts,Solar_Delhi,,solar,23.482,,12,4,0,12
2023-12-15 13:00:00,21118.026,22058.177,685.8,23.523,42.94,21.118026,22.058177,PVWatts,Solar_Delhi,,solar,23.523,,13,4,0,12
2023-12-15 14:00:00,16710.518,17488.757,530.153,22.798,37.834,16.710518,17.488757,PVWatts,Solar_Delhi,,solar,22.798,,14,4,0,12
2023-12-15 15:00:00,10808.312,11369.729,341.431,21.189,30.846,10.808311999999999,11.369729,PVWatts,Solar_Delhi,,solar,21.189,,15,4,0,12
2023-12-15 16:00:00,3641.15,3939.277,146.515,17.778,21.65,3.64115,3.939277,PVWatts,Solar_Delhi,,solar,17.778,,16,4,0,12
2023-12-15 17:00:00,0.0,0.0,0.0,15.579,15.579,0.0,0.0,PVWatts,Solar_Delhi,,solar,15.579,,17,4,0,12
2023-12-15 18:00:00,0.0,0.0,0.0,14.693,14.693,0.0,0.0,PVWatts,Solar_Delhi,,solar,14.693,,18,4,0,12
2023-12-15 19:00:00,0.0,0.0,0.0,13.824,13.824,0.0,0.0,PVWatts,Solar_Delhi,,solar,13.824,,19,4,0,12
2023-12-15 20:00:00,0.0,0.0,0.0,13.005,13.005,0.0,0.0,PVWatts,Solar_Delhi,,solar,13.005,,20,4,0,12
2023-12-15 21:00:00,0.0,0.0,0.0,12.204,12.204,0.0,0.0,PVWatts,Solar_Delhi,,solar,12.204,,21,4,0,12
2023-12-15 22:00:00,0.0,0.0,0.0,11.388,11.388,0.0,0.0,PVWatts,Solar_Delhi,,solar,11.388,,22,4,0,12
2023-12-15 23:00:00,0.0,0.0,0.0,10.609,10.609,0.0,0.0,PVWatts,Solar_Delhi,,solar,10.609,,23,4,0,12
2023-12-16 00:00:00,0.0,0.0,0.0,9.892,9.892,0.0,0.0,PVWatts,Solar_Delhi,,solar,9.892,,0,5,1,12
2023-12-16 01:00:00,0.0,0.0,0.0,9.243,9.243,0.0,0.0,PVWatts,Solar_Delhi,,solar,9.243,,1,5,1,12
2023-12-16 02:00:00,0.0,0.0,0.0,8.633,8.633,0.0,0.0,PVWatts,Solar_Delhi,,solar,8.633,,2,5,1,12
2023-12-16 03:00:00,0.0,0.0,0.0,8.081,8.081,0.0,0.0,PVWatts,Solar_Delhi,,solar,8.081,,3,5,1,12
2023-12-16 04:00:00,0.0,0.0,0.0,7.569,7.569,0.0,0.0,PVWatts,Solar_Delhi,,solar,7.569,,4,5,1,12
2023-12-16 05:00:00,0.0,0.0,0.0,7.092,7.092,0.0,0.0,PVWatts,Solar_Delhi,,solar,7.092,,5,5,1,12
2023-12-16 06:00:00,0.0,0.0,0.0,6.704,0.0,0.0,0.0,PVWatts,Solar_Delhi,,solar,6.704,,6,5,1,12
2023-12-16 07:00:00,453.358,634.379,19.89,8.739,9.298,0.453358,0.634379,PVWatts,Solar_Delhi,,solar,8.739,,7,5,1,12
2023-12-16 08:00:00,8765.691,9252.071,264.504,12.103,19.607,8.765691,9.252070999999999,PVWatts,Solar_Delhi,,solar,12.103,,8,5,1,12
2023-12-16 09:00:00,16182.077,16940.903,507.38,15.816,33.841,16.182077,16.940903,PVWatts,Solar_Delhi,,solar,15.816,,9,5,1,12
2023-12-16 10:00:00,20328.835,21239.995,664.797,20.278,43.858,20.328834999999998,21.239995,PVWatts,Solar_Delhi,,solar,20.278,,10,5,1,12
2023-12-16 11:00:00,23177.634,24193.447,760.088,22.779,44.27,23.177633999999998,24.193447,PVWatts,Solar_Delhi,,solar,22.779,,11,5,1,12
2023-12-16 12:00:00,23130.263,24144.335,761.075,23.74,45.263,23.130263,24.144334999999998,PVWatts,Solar_Delhi,,solar,23.74,,12,5,1,12
2023-12-16 13:00:00,21103.024,22042.624,686.083,23.788,43.213,21.103024,22.042624,PVWatts,Solar_Delhi,,solar,23.788,,13,5,1,12
2023-12-16 14:00:00,16767.219,17547.541,532.591,23.068,38.173,16.767219,17.547541000000002,PVWatts,Solar_Delhi,,solar,23.068,,14,5,1,12
2023-12-16 15:00:00,10855.289,11418.432,343.029,21.337,31.04,10.855289,11.418432000000001,PVWatts,Solar_Delhi,,solar,21.337,,15,5,1,12
2023-12-16 16:00:00,3461.963,3753.507,137.625,17.703,21.36,3.4619630000000003,3.753507,PVWatts,Solar_Delhi,,solar,17.703,,16,5,1,12
2023-12-16 17:00:00,0.0,0.0,0.0,15.601,15.601,0.0,0.0,PVWatts,Solar_Delhi,,solar,15.601,,17,5,1,12
2023-12-16 18:00:00,0.0,0.0,0.0,14.769,14.769,0.0,0.0,PVWatts,Solar_Delhi,,solar,14.769,,18,5,1,12
2023-12-16 19:00:00,0.0,0.0,0.0,13.977,13.977,0.0,0.0,PVWatts,Solar_Delhi,,solar,13.977,,19,5,1,12
2023-12-16 20:00:00,0.0,0.0,0.0,13.239,13.239,0.0,0.0,PVWatts,Solar_Delhi,,solar,13.239,,20,5,1,12
2023-12-16 21:00:00,0.0,0.0,0.0,12.438,12.438,0.0,0.0,PVWatts,Solar_Delhi,,solar,12.438,,21,5,1,12
2023-12-16 22:00:00,0.0,0.0,0.0,11.63,11.63,0.0,0.0,PVWatts,Solar_Delhi,,solar,11.63,,22,5,1,12
2023-12-16 23:00:00,0.0,0.0,0.0,10.844,10.844,0.0,0.0,PVWatts,Solar_Delhi,,solar,10.844,,23,5,1,12
2023-12-17 00:00:00,0.0,0.0,0.0,10.096,10.096,0.0,0.0,PVWatts,Solar_Delhi,,solar,10.096,,0,6,1,12
2023-12-17 01:00:00,0.0,0.0,0.0,9.388,9.388,0.0,0.0,PVWatts,Solar_Delhi,,solar,9.388,,1,6,1,12
2023-12-17 02:00:00,0.0,0.0,0.0,8.537,8.537,0.0,0.0,PVWatts,Solar_Delhi,,solar,8.537,,2,6,1,12
2023-12-17 03:00:00,0.0,0.0,0.0,7.684,7.684,0.0,0.0,PVWatts,Solar_Delhi,,solar,7.684,,3,6,1,12
2023-12-17 04:00:00,0.0,0.0,0.0,6.918,6.918,0.0,0.0,PVWatts,Solar_Delhi,,solar,6.918,,4,6,1,12
2023-12-17 05:00:00,0.0,0.0,0.0,6.245,6.245,0.0,0.0,PVWatts,Solar_Delhi,,solar,6.245,,5,6,1,12
2023-12-17 06:00:00,0.0,0.0,0.0,5.737,0.0,0.0,0.0,PVWatts,Solar_Delhi,,solar,5.737,,6,6,1,12
2023-12-17 07:00:00,303.861,479.39,15.146,7.698,8.124,0.303861,0.47939,PVWatts,Solar_Delhi,,solar,7.698,,7,6,1,12
2023-12-17 08:00:00,8677.639,9160.785,260.858,11.068,18.469,8.677639,9.160785,PVWatts,Solar_Delhi,,solar,11.068,,8,6,1,12
2023-12-17 09:00:00,16031.702,16785.004,500.444,14.789,32.566,16.031702,16.785004,PVWatts,Solar_Delhi,,solar,14.789,,9,6,1,12
2023-12-17 10:00:00,20901.358,21833.55,668.203,19.483,38.388,20.901358000000002,21.83355,PVWatts,Solar_Delhi,,solar,19.483,,10,6,1,12
2023-12-17 11:00:00,23118.591,24132.234,757.248,22.57,43.98,23.118591000000002,24.132234,PVWatts,Solar_Delhi,,solar,22.57,,11,6,1,12
2023-12-17 12:00:00,23211.681,24228.744,764.437,23.879,45.498,23.211681000000002,24.228744,PVWatts,Solar_Delhi,,solar,23.879,,12,6,1,12
2023-12-17 13:00:00,21079.848,22018.597,686.4,24.156,43.59,21.079848000000002,22.018597000000003,PVWatts,Solar_Delhi,,solar,24.156,,13,6,1,12
2023-12-17 14:00:00,16704.578,17482.598,531.602,23.505,38.581,16.704578,17.482598000000003,PVWatts,Solar_Delhi,,solar,23.505,,14,6,1,12
2023-12-17 15:00:00,10873.277,11437.08,343.859,21.596,31.323,10.873277,11.43708,PVWatts,Solar_Delhi,,solar,21.596,,15,6,1,12
2023-12-17 16:00:00,3845.986,4151.638,150.4,17.616,21.625,3.845986,4.151638,PVWatts,Solar_Delhi,,solar,17.616,,16,6,1,12
2023-12-17 17:00:00,0.0,0.0,0.0,15.415,15.415,0.0,0.0,PVWatts,Solar_Delhi,,solar,15.415,,17,6,1,12
2023-12-17 18:00:00,0.0,0.0,0.0,14.508,14.508,0.0,0.0,PVWatts,Solar_Delhi,,solar,14.508,,18,6,1,12
2023-12-17 19:00:00,0.0,0.0,0.0,13.638,13.638,0.0,0.0,PVWatts,Solar_Delhi,,solar,13.638,,19,6,1,12
2023-12-17 20:00:00,0.0,0.0,0.0,12.839,12.839,0.0,0.0,PVWatts,Solar_Delhi,,solar,12.839,,20,6,1,12
2023-12-17 21:00:00,0.0,0.0,0.0,12.056,12.056,0.0,0.0,PVWatts,Solar_Delhi,,solar,12.056,,21,6,1,12
2023-12-17 22:00:00,0.0,0.0,0.0,11.319,11.319,0.0,0.0,PVWatts,Solar_Delhi,,solar,11.319,,22,6,1,12
2023-12-17 23:00:00,0.0,0.0,0.0,10.638,10.638,0.0,0.0,PVWatts,Solar_Delhi,,solar,10.638,,23,6,1,12
2023-12-18 00:00:00,0.0,0.0,0.0,9.975,9.975,0.0,0.0,PVWatts,Solar_Delhi,,solar,9.975,,0,0,0,12
2023-12-18 01:00:00,0.0,0.0,0.0,9.354,9.354,0.0,0.0,PVWatts,Solar_Delhi,,solar,9.354,,1,0,0,12
2023-12-18 02:00:00,0.0,0.0,0.0,8.732,8.732,0.0,0.0,PVWatts,Solar_Delhi,,solar,8.732,,2,0,0,12
2023-12-18 03:00:00,0.0,0.0,0.0,8.123,8.123,0.0,0.0,PVWatts,Solar_Delhi,,solar,8.123,,3,0,0,12
2023-12-18 04:00:00,0.0,0.0,0.0,7.555,7.555,0.0,0.0,PVWatts,Solar_Delhi,,solar,7.555,,4,0,0,12
2023-12-18 05:00:00,0.0,0.0,0.0,7.033,7.033,0.0,0.0,PVWatts,Solar_Delhi,,solar,7.033,,5,0,0,12
2023-12-18 06:00:00,0.0,0.0,0.0,6.656,0.0,0.0,0.0,PVWatts,Solar_Delhi,,solar,6.656,,6,0,0,12
2023-12-18 07:00:00,361.173,538.807,17.043,8.877,9.356,0.361173,0.538807,PVWatts,Solar_Delhi,,solar,8.877,,7,0,0,12
2023-12-18 08:00:00,8656.44,9138.807,263.935,12.801,22.188,8.65644,9.138807,PVWatts,Solar_Delhi,,solar,12.801,,8,0,0,12
2023-12-18 09:00:00,15993.256,16745.146,501.616,16.066,33.888,15.993255999999999,16.745146000000002,PVWatts,Solar_Delhi,,solar,16.066,,9,0,0,12
2023-12-18 10:00:00,19742.916,20632.552,666.908,19.951,51.63,19.742916,20.632552,PVWatts,Solar_Delhi,,solar,19.951,,10,0,0,12
2023-12-18 11:00:00,22347.241,23332.548,753.403,24.104,50.809,22.347241,23.332548,PVWatts,Solar_Delhi,,solar,24.104,,11,0,0,12
2023-12-18 12:00:00,21541.703,22497.418,728.502,25.671,51.494,21.541703000000002,22.497418000000003,PVWatts,Solar_Delhi,,solar,25.671,,12,0,0,12
2023-12-18 13:00:00,20513.369,21431.308,686.348,25.645,50.005,20.513368999999997,21.431308,PVWatts,Solar_Delhi,,solar,25.645,,13,0,0,12
2023-12-18 14:00:00,16474.868,17244.45,535.355,24.658,43.694,16.474867999999997,17.24445,PVWatts,Solar_Delhi,,solar,24.658,,14,0,0,12
2023-12-18 15:00:00,10790.666,11351.435,345.915,22.497,34.766,10.790666,11.351434999999999,PVWatts,Solar_Delhi,,solar,22.497,,15,0,0,12
2023-12-18 16:00:00,3606.097,3902.936,140.938,18.555,23.285,3.606097,3.902936,PVWatts,Solar_Delhi,,solar,18.555,,16,0,0,12
2023-12-18 17:00:00,0.0,0.0,0.0,16.512,16.512,0.0,0.0,PVWatts,Solar_Delhi,,solar,16.512,,17,0,0,12
2023-12-18 18:00:00,0.0,0.0,0.0,15.668,15.668,0.0,0.0,PVWatts,Solar_Delhi,,solar,15.668,,18,0,0,12
2023-12-18 19:00:00,0.0,0.0,0.0,14.738,14.738,0.0,0.0,PVWatts,Solar_Delhi,,solar,14.738,,19,0,0,12
2023-12-18 20:00:00,0.0,0.0,0.0,13.813,13.813,0.0,0.0,PVWatts,Solar_Delhi,,solar,13.813,,20,0,0,12
2023-12-18 21:00:00,0.0,0.0,0.0,12.96,12.96,0.0,0.0,PVWatts,Solar_Delhi,,solar,12.96,,21,0,0,12
2023-12-18 22:00:00,0.0,0.0,0.0,12.195,12.195,0.0,0.0,PVWatts,Solar_Delhi,,solar,12.195,,22,0,0,12
2023-12-18 23:00:00,0.0,0.0,0.0,11.463,11.463,0.0,0.0,PVWatts,Solar_Delhi,,solar,11.463,,23,0,0,12
2023-12-19 00:00:00,0.0,0.0,0.0,10.783,10.783,0.0,0.0,PVWatts,Solar_Delhi,,solar,10.783,,0,1,0,12
2023-12-19 01:00:00,0.0,0.0,0.0,10.154,10.154,0.0,0.0,PVWatts,Solar_Delhi,,solar,10.154,,1,1,0,12
2023-12-19 02:00:00,0.0,0.0,0.0,9.532,9.532,0.0,0.0,PVWatts,Solar_Delhi,,solar,9.532,,2,1,0,12
2023-12-19 03:00:00,0.0,0.0,0.0,8.97,8.97,0.0,0.0,PVWatts,Solar_Delhi,,solar,8.97,,3,1,0,12
2023-12-19 04:00:00,0.0,0.0,0.0,8.451,8.451,0.0,0.0,PVWatts,Solar_Delhi,,solar,8.451,,4,1,0,12
2023-12-19 05:00:00,0.0,0.0,0.0,8.013,8.013,0.0,0.0,PVWatts,Solar_Delhi,,solar,8.013,,5,1,0,12
2023-12-19 06:00:00,0.0,0.0,0.0,7.718,0.0,0.0,0.0,PVWatts,Solar_Delhi,,solar,7.718,,6,1,0,12
2023-12-19 07:00:00,298.034,473.35,15.146,9.986,10.52,0.29803399999999997,0.47335000000000005,PVWatts,Solar_Delhi,,solar,9.986,,7,1,0,12
2023-12-19 08:00:00,7943.838,8400.027,243.608,13.797,22.46,7.9438379999999995,8.400027,PVWatts,Solar_Delhi,,solar,13.797,,8,1,0,12
2023-12-19 09:00:00,14826.252,15535.271,476.951,16.995,39.684,14.826252,15.535271,PVWatts,Solar_Delhi,,solar,16.995,,9,1,0,12
2023-12-19 10:00:00,19385.867,20262.386,657.743,21.32,52.561,19.385866999999998,20.262386,PVWatts,Solar_Delhi,,solar,21.32,,10,1,0,12
2023-12-19 11:00:00,21437.74,22389.636,754.222,24.848,60.65,21.43774,22.389636,PVWatts,Solar_Delhi,,solar,24.848,,11,1,0,12
2023-12-19 12:00:00,21584.261,22541.54,763.486,25.802,62.052,21.584260999999998,22.54154,PVWatts,Solar_Delhi,,solar,25.802,,12,1,0,12
2023-12-19 13:00:00,19833.358,20726.316,688.215,25.727,58.439,19.833358,20.726316,PVWatts,Solar_Delhi,,solar,25.727,,13,1,0,12
2023-12-19 14:00:00,16484.785,17254.731,535.873,24.723,43.777,16.484785,17.254731,PVWatts,Solar_Delhi,,solar,24.723,,14,1,0,12
2023-12-19 15:00:00,10537.493,11088.962,337.922,22.679,34.665,10.537493,11.088961999999999,PVWatts,Solar_Delhi,,solar,22.679,,15,1,0,12
2023-12-19 16:00:00,4009.509,4321.168,154.893,18.938,24.149,4.009509,4.321167999999999,PVWatts,Solar_Delhi,,solar,18.938,,16,1,0,12
2023-12-19 17:00:00,0.0,0.0,0.0,16.983,16.983,0.0,0.0,PVWatts,Solar_Delhi,,solar,16.983,,17,1,0,12
2023-12-19 18:00:00,0.0,0.0,0.0,16.202,16.202,0.0,0.0,PVWatts,Solar_Delhi,,solar,16.202,,18,1,0,12
2023-12-19 19:00:00,0.0,0.0,0.0,15.504,15.504,0.0,0.0,PVWatts,Solar_Delhi,,solar,15.504,,19,1,0,12
2023-12-19 20:00:00,0.0,0.0,0.0,14.845,14.845,0.0,0.0,PVWatts,Solar_Delhi,,solar,14.845,,20,1,0,12
2023-12-19 21:00:00,0.0,0.0,0.0,14.235,14.235,0.0,0.0,PVWatts,Solar_Delhi,,solar,14.235,,21,1,0,12
2023-12-19 22:00:00,0.0,0.0,0.0,13.609,13.609,0.0,0.0,PVWatts,Solar_Delhi,,solar,13.609,,22,1,0,12
2023-12-19 23:00:00,0.0,0.0,0.0,13.02,13.02,0.0,0.0,PVWatts,Solar_Delhi,,solar,13.02,,23,1,0,12
2023-12-20 00:00:00,0.0,0.0,0.0,12.443,12.443,0.0,0.0,PVWatts,Solar_Delhi,,solar,12.443,,0,2,0,12
2023-12-20 01:00:00,0.0,0.0,0.0,11.876,11.876,0.0,0.0,PVWatts,Solar_Delhi,,solar,11.876,,1,2,0,12
2023-12-20 02:00:00,0.0,0.0,0.0,11.324,11.324,0.0,0.0,PVWatts,Solar_Delhi,,solar,11.324,,2,2,0,12
2023-12-20 03:00:00,0.0,0.0,0.0,10.774,10.774,0.0,0.0,PVWatts,Solar_Delhi,,solar,10.774,,3,2,0,12
2023-12-20 04:00:00,0.0,0.0,0.0,10.289,10.289,0.0,0.0,PVWatts,Solar_Delhi,,solar,10.289,,4,2,0,12
2023-12-20 05:00:00,0.0,0.0,0.0,9.856,9.856,0.0,0.0,PVWatts,Solar_Delhi,,solar,9.856,,5,2,0,12
2023-12-20 06:00:00,0.0,0.0,0.0,9.562,0.0,0.0,0.0,PVWatts,Solar_Delhi,,solar,9.562,,6,2,0,12
2023-12-20 07:00:00,264.752,438.845,14.198,11.672,12.071,0.264752,0.43884500000000004,PVWatts,Solar_Delhi,,solar,11.672,,7,2,0,12
2023-12-20 08:00:00,7785.717,8236.097,240.046,15.056,23.592,7.785717,8.236097,PVWatts,Solar_Delhi,,solar,15.056,,8,2,0,12
2023-12-20 09:00:00,14714.868,15419.795,464.302,18.191,34.683,14.714868000000001,15.419795,PVWatts,Solar_Delhi,,solar,18.191,,9,2,0,12
2023-12-20 10:00:00,19627.13,20512.512,645.43,22.176,45.068,19.62713,20.512511999999997,PVWatts,Solar_Delhi,,solar,22.176,,10,2,0,12
2023-12-20 11:00:00,22829.056,23832.063,754.035,24.691,46.011,22.829056,23.832062999999998,PVWatts,Solar_Delhi,,solar,24.691,,11,2,0,12
2023-12-20 12:00:00,23030.26,24040.658,763.613,25.537,47.132,23.03026,24.040658,PVWatts,Solar_Delhi,,solar,25.537,,12,2,0,12
2023-12-20 13:00:00,21305.344,22252.377,688.319,25.462,41.67,21.305344,22.252377,PVWatts,Solar_Delhi,,solar,25.462,,13,2,0,12
2023-12-20 14:00:00,16964.989,17752.576,537.046,24.677,37.345,16.964989000000003,17.752576,PVWatts,Solar_Delhi,,solar,24.677,,14,2,0,12
2023-12-20 15:00:00,10980.964,11548.724,348.816,22.916,32.786,10.980964,11.548724,PVWatts,Solar_Delhi,,solar,22.916,,15,2,0,12
2023-12-20 16:00:00,4084.131,4398.531,159.406,19.128,23.384,4.084131,4.398531,PVWatts,Solar_Delhi,,solar,19.128,,16,2,0,12
2023-12-20 17:00:00,0.0,0.0,0.0,16.952,16.952,0.0,0.0,PVWatts,Solar_Delhi,,solar,16.952,,17,2,0,12
2023-12-20 18:00:00,0.0,0.0,0.0,16.049,16.049,0.0,0.0,PVWatts,Solar_Delhi,,solar,16.049,,18,2,0,12
2023-12-20 19:00:00,0.0,0.0,0.0,15.209,15.209,0.0,0.0,PVWatts,Solar_Delhi,,solar,15.209,,19,2,0,12
2023-12-20 20:00:00,0.0,0.0,0.0,14.436,14.436,0.0,0.0,PVWatts,Solar_Delhi,,solar,14.436,,20,2,0,12
2023-12-20 21:00:00,0.0,0.0,0.0,13.762,13.762,0.0,0.0,PVWatts,Solar_Delhi,,solar,13.762,,21,2,0,12
2023-12-20 22:00:00,0.0,0.0,0.0,13.127,13.127,0.0,0.0,PVWatts,Solar_Delhi,,solar,13.127,,22,2,0,12
2023-12-20 23:00:00,0.0,0.0,0.0,12.535,12.535,0.0,0.0,PVWatts,Solar_Delhi,,solar,12.535,,23,2,0,12
2023-12-21 00:00:00,0.0,0.0,0.0,12.021,12.021,0.0,0.0,PVWatts,Solar_Delhi,,solar,12.021,,0,3,0,12
2023-12-21 01:00:00,0.0,0.0,0.0,11.554,11.554,0.0,0.0,PVWatts,Solar_Delhi,,solar,11.554,,1,3,0,12
2023-12-21 02:00:00,0.0,0.0,0.0,11.107,11.107,0.0,0.0,PVWatts,Solar_Delhi,,solar,11.107,,2,3,0,12
2023-12-21 03:00:00,0.0,0.0,0.0,10.688,10.688,0.0,0.0,PVWatts,Solar_Delhi,,solar,10.688,,3,3,0,12
2023-12-21 04:00:00,0.0,0.0,0.0,10.331,10.331,0.0,0.0,PVWatts,Solar_Delhi,,solar,10.331,,4,3,0,12
2023-12-21 05:00:00,0.0,0.0,0.0,10.018,10.018,0.0,0.0,PVWatts,Solar_Delhi,,solar,10.018,,5,3,0,12
2023-12-21 06:00:00,0.0,0.0,0.0,9.744,0.0,0.0,0.0,PVWatts,Solar_Delhi,,solar,9.744,,6,3,0,12
2023-12-21 07:00:00,235.49,408.508,13.25,11.486,11.751,0.23549,0.408508,PVWatts,Solar_Delhi,,solar,11.486,,7,3,0,12
2023-12-21 08:00:00,8418.748,8892.383,255.76,14.865,20.9,8.418747999999999,8.892383,PVWatts,Solar_Delhi,,solar,14.865,,8,3,0,12
2023-12-21 09:00:00,16103.179,16859.107,497.489,18.37,30.096,16.103179,16.859107,PVWatts,Solar_Delhi,,solar,18.37,,9,3,0,12
2023-12-21 10:00:00,20771.777,21699.209,662.898,22.39,37.989,20.771776999999997,21.699209,PVWatts,Solar_Delhi,,solar,22.39,,10,3,0,12
2023-12-21 11:00:00,23198.576,24215.157,756.171,25.046,42.828,23.198576,24.215156999999998,PVWatts,Solar_Delhi,,solar,25.046,,11,3,0,12
2023-12-21 12:00:00,23318.188,24339.164,763.776,26.222,44.186,23.318188,24.339164,PVWatts,Solar_Delhi,,solar,26.222,,12,3,0,12
2023-12-21 13:00:00,21258.136,22203.435,689.85,26.5,42.743,21.258136,22.203435000000002,PVWatts,Solar_Delhi,,solar,26.5,,13,3,0,12
2023-12-21 14:00:00,17078.911,17870.683,539.402,25.889,36.779,17.078911,17.870683,PVWatts,Solar_Delhi,,solar,25.889,,14,3,0,12
2023-12-21 15:00:00,11099.233,11671.337,350.05,24.179,31.232,11.099233,11.671337,PVWatts,Solar_Delhi,,solar,24.179,,15,3,0,12
2023-12-21 16:00:00,4199.34,4517.972,162.007,20.81,23.902,4.19934,4.517971999999999,PVWatts,Solar_Delhi,,solar,20.81,,16,3,0,12
2023-12-21 17:00:00,0.0,0.0,0.0,18.65,18.65,0.0,0.0,PVWatts,Solar_Delhi,,solar,18.65,,17,3,0,12
2023-12-21 18:00:00,0.0,0.0,0.0,17.706,17.706,0.0,0.0,PVWatts,Solar_Delhi,,solar,17.706,,18,3,0,12
2023-12-21 19:00:00,0.0,0.0,0.0,16.798,16.798,0.0,0.0,PVWatts,Solar_Delhi,,solar,16.798,,19,3,0,12
2023-12-21 20:00:00,0.0,0.0,0.0,15.87,15.87,0.0,0.0,PVWatts,Solar_Delhi,,solar,15.87,,20,3,0,12
2023-12-21 21:00:00,0.0,0.0,0.0,14.961,14.961,0.0,0.0,PVWatts,Solar_Delhi,,solar,14.961,,21,3,0,12
2023-12-21 22:00:00,0.0,0.0,0.0,14.109,14.109,0.0,0.0,PVWatts,Solar_Delhi,,solar,14.109,,22,3,0,12
2023-12-21 23:00:00,0.0,0.0,0.0,13.331,13.331,0.0,0.0,PVWatts,Solar_Delhi,,solar,13.331,,23,3,0,12
2023-12-22 00:00:00,0.0,0.0,0.0,12.601,12.601,0.0,0.0,PVWatts,Solar_Delhi,,solar,12.601,,0,4,0,12
2023-12-22 01:00:00,0.0,0.0,0.0,11.946,11.946,0.0,0.0,PVWatts,Solar_Delhi,,solar,11.946,,1,4,0,12
2023-12-22 02:00:00,0.0,0.0,0.0,11.267,11.267,0.0,0.0,PVWatts,Solar_Delhi,,solar,11.267,,2,4,0,12
2023-12-22 03:00:00,0.0,0.0,0.0,10.654,10.654,0.0,0.0,PVWatts,Solar_Delhi,,solar,10.654,,3,4,0,12
2023-12-22 04:00:00,0.0,0.0,0.0,10.129,10.129,0.0,0.0,PVWatts,Solar_Delhi,,solar,10.129,,4,4,0,12
2023-12-22 05:00:00,0.0,0.0,0.0,9.675,9.675,0.0,0.0,PVWatts,Solar_Delhi,,solar,9.675,,5,4,0,12
2023-12-22 06:00:00,0.0,0.0,0.0,9.311,0.0,0.0,0.0,PVWatts,Solar_Delhi,,solar,9.311,,6,4,0,12
2023-12-22 07:00:00,206.966,378.935,12.302,10.798,11.044,0.206966,0.378935,PVWatts,Solar_Delhi,,solar,10.798,,7,4,0,12
2023-12-22 08:00:00,8389.817,8862.389,253.233,14.024,19.138,8.389816999999999,8.862388999999999,PVWatts,Solar_Delhi,,solar,14.024,,8,4,0,12
2023-12-22 09:00:00,16151.816,16909.53,495.195,18.152,28.142,16.151816,16.90953,PVWatts,Solar_Delhi,,solar,18.152,,9,4,0,12
2023-12-22 10:00:00,20915.493,21848.205,661.72,22.497,35.825,20.915492999999998,21.848205,PVWatts,Solar_Delhi,,solar,22.497,,10,4,0,12
2023-12-22 11:00:00,23606.595,24638.166,756.051,25.187,38.489,23.606595000000002,24.638166000000002,PVWatts,Solar_Delhi,,solar,25.187,,11,4,0,12
2023-12-22 12:00:00,23582.39,24613.072,759.213,26.56,39.919,23.58239,24.613072,PVWatts,Solar_Delhi,,solar,26.56,,12,4,0,12
2023-12-22 13:00:00,21549.538,22505.541,689.256,27.04,39.182,21.549538000000002,22.505541,PVWatts,Solar_Delhi,,solar,27.04,,13,4,0,12
2023-12-22 14:00:00,16830.21,17612.846,529.903,26.514,35.864,16.830209999999997,17.612846,PVWatts,Solar_Delhi,,solar,26.514,,14,4,0,12
2023-12-22 15:00:00,11175.846,11750.765,352.191,24.893,31.095,11.175846,11.750765,PVWatts,Solar_Delhi,,solar,24.893,,15,4,0,12
2023-12-22 16:00:00,3982.153,4292.807,151.888,21.548,24.095,3.982153,4.292807,PVWatts,Solar_Delhi,,solar,21.548,,16,4,0,12
2023-12-22 17:00:00,0.0,0.0,0.0,19.106,19.106,0.0,0.0,PVWatts,Solar_Delhi,,solar,19.106,,17,4,0,12
2023-12-22 18:00:00,0.0,0.0,0.0,18.008,18.008,0.0,0.0,PVWatts,Solar_Delhi,,solar,18.008,,18,4,0,12
2023-12-22 19:00:00,0.0,0.0,0.0,17.044,17.044,0.0,0.0,PVWatts,Solar_Delhi,,solar,17.044,,19,4,0,12
2023-12-22 20:00:00,0.0,0.0,0.0,16.108,16.108,0.0,0.0,PVWatts,Solar_Delhi,,solar,16.108,,20,4,0,12
2023-12-22 21:00:00,0.0,0.0,0.0,15.215,15.215,0.0,0.0,PVWatts,Solar_Delhi,,solar,15.215,,21,4,0,12
2023-12-22 22:00:00,0.0,0.0,0.0,14.38,14.38,0.0,0.0,PVWatts,Solar_Delhi,,solar,14.38,,22,4,0,12
2023-12-22 23:00:00,0.0,0.0,0.0,13.616,13.616,0.0,0.0,PVWatts,Solar_Delhi,,solar,13.616,,23,4,0,12
2023-12-23 00:00:00,0.0,0.0,0.0,12.887,12.887,0.0,0.0,PVWatts,Solar_Delhi,,solar,12.887,,0,5,1,12
2023-12-23 01:00:00,0.0,0.0,0.0,12.201,12.201,0.0,0.0,PVWatts,Solar_Delhi,,solar,12.201,,1,5,1,12
2023-12-23 02:00:00,0.0,0.0,0.0,11.583,11.583,0.0,0.0,PVWatts,Solar_Delhi,,solar,11.583,,2,5,1,12
2023-12-23 03:00:00,0.0,0.0,0.0,11.014,11.014,0.0,0.0,PVWatts,Solar_Delhi,,solar,11.014,,3,5,1,12
2023-12-23 04:00:00,0.0,0.0,0.0,10.461,10.461,0.0,0.0,PVWatts,Solar_Delhi,,solar,10.461,,4,5,1,12
2023-12-23 05:00:00,0.0,0.0,0.0,9.953,9.953,0.0,0.0,PVWatts,Solar_Delhi,,solar,9.953,,5,5,1,12
2023-12-23 06:00:00,0.0,0.0,0.0,9.539,0.0,0.0,0.0,PVWatts,Solar_Delhi,,solar,9.539,,6,5,1,12
2023-12-23 07:00:00,177.196,348.072,11.354,10.873,11.1,0.177196,0.348072,PVWatts,Solar_Delhi,,solar,10.873,,7,5,1,12
2023-12-23 08:00:00,2563.383,2821.917,83.752,13.911,15.88,2.563383,2.821917,PVWatts,Solar_Delhi,,solar,13.911,,8,5,1,12
2023-12-23 09:00:00,5416.82,5780.177,172.154,17.991,22.034,5.4168199999999995,5.780177,PVWatts,Solar_Delhi,,solar,17.991,,9,5,1,12
2023-12-23 10:00:00,19741.047,20630.614,630.362,22.534,37.358,19.741047,20.630614,PVWatts,Solar_Delhi,,solar,22.534,,10,5,1,12
2023-12-23 11:00:00,19795.066,20686.617,641.91,24.934,40.009,19.795066,20.686617,PVWatts,Solar_Delhi,,solar,24.934,,11,5,1,12
2023-12-23 12:00:00,7066.614,7490.577,231.904,26.244,31.677,7.0666139999999995,7.490577,PVWatts,Solar_Delhi,,solar,26.244,,12,5,1,12
2023-12-23 13:00:00,17434.602,18239.441,564.118,26.593,39.855,17.434601999999998,18.239441,PVWatts,Solar_Delhi,,solar,26.593,,13,5,1,12
2023-12-23 14:00:00,12869.683,13506.826,410.619,26.017,35.684,12.869683,13.506825999999998,PVWatts,Solar_Delhi,,solar,26.017,,14,5,1,12
2023-12-23 15:00:00,5695.558,6069.155,184.32,24.419,28.754,5.695558,6.069154999999999,PVWatts,Solar_Delhi,,solar,24.419,,15,5,1,12
2023-12-23 16:00:00,382.005,560.405,20.863,20.938,21.409,0.382005,0.5604049999999999,PVWatts,Solar_Delhi,,solar,20.938,,16,5,1,12
2023-12-23 17:00:00,0.0,0.0,0.0,18.639,18.639,0.0,0.0,PVWatts,Solar_Delhi,,solar,18.639,,17,5,1,12
2023-12-23 18:00:00,0.0,0.0,0.0,17.731,17.731,0.0,0.0,PVWatts,Solar_Delhi,,solar,17.731,,18,5,1,12
2023-12-23 19:00:00,0.0,0.0,0.0,16.915,16.915,0.0,0.0,PVWatts,Solar_Delhi,,solar,16.915,,19,5,1,12
2023-12-23 20:00:00,0.0,0.0,0.0,16.253,16.253,0.0,0.0,PVWatts,Solar_Delhi,,solar,16.253,,20,5,1,12
2023-12-23 21:00:00,0.0,0.0,0.0,15.65,15.65,0.0,0.0,PVWatts,Solar_Delhi,,solar,15.65,,21,5,1,12
2023-12-23 22:00:00,0.0,0.0,0.0,15.037,15.037,0.0,0.0,PVWatts,Solar_Delhi,,solar,15.037,,22,5,1,12
2023-12-23 23:00:00,0.0,0.0,0.0,14.445,14.445,0.0,0.0,PVWatts,Solar_Delhi,,solar,14.445,,23,5,1,12
2023-12-24 00:00:00,0.0,0.0,0.0,13.886,13.886,0.0,0.0,PVWatts,Solar_Delhi,,solar,13.886,,0,6,1,12
2023-12-24 01:00:00,0.0,0.0,0.0,13.383,13.383,0.0,0.0,PVWatts,Solar_Delhi,,solar,13.383,,1,6,1,12
2023-12-24 02:00:00,0.0,0.0,0.0,12.835,12.835,0.0,0.0,PVWatts,Solar_Delhi,,solar,12.835,,2,6,1,12
2023-12-24 03:00:00,0.0,0.0,0.0,12.328,12.328,0.0,0.0,PVWatts,Solar_Delhi,,solar,12.328,,3,6,1,12
2023-12-24 04:00:00,0.0,0.0,0.0,11.892,11.892,0.0,0.0,PVWatts,Solar_Delhi,,solar,11.892,,4,6,1,12
2023-12-24 05:00:00,0.0,0.0,0.0,11.458,11.458,0.0,0.0,PVWatts,Solar_Delhi,,solar,11.458,,5,6,1,12
2023-12-24 06:00:00,0.0,0.0,0.0,11.154,0.0,0.0,0.0,PVWatts,Solar_Delhi,,solar,11.154,,6,6,1,12
2023-12-24 07:00:00,144.34,314.009,10.407,13.086,13.378,0.14434,0.31400900000000004,PVWatts,Solar_Delhi,,solar,13.086,,7,6,1,12
2023-12-24 08:00:00,8135.758,8598.997,249.903,16.282,23.372,8.135758,8.598996999999999,PVWatts,Solar_Delhi,,solar,16.282,,8,6,1,12
2023-12-24 09:00:00,15474.878,16207.725,492.182,19.832,37.32,15.474878,16.207725,PVWatts,Solar_Delhi,,solar,19.832,,9,6,1,12
2023-12-24 10:00:00,19887.428,20782.373,660.251,24.167,47.589,19.887428,20.782373,PVWatts,Solar_Delhi,,solar,24.167,,10,6,1,12
2023-12-24 11:00:00,22702.639,23701.002,756.171,26.657,48.038,22.702638999999998,23.701002,PVWatts,Solar_Delhi,,solar,26.657,,11,6,1,12
2023-12-24 12:00:00,22851.612,23855.448,764.479,27.62,49.239,22.851612,23.855448,PVWatts,Solar_Delhi,,solar,27.62,,12,6,1,12
2023-12-24 13:00:00,20934.442,21867.849,692.168,27.623,47.218,20.934442,21.867849,PVWatts,Solar_Delhi,,solar,27.623,,13,6,1,12
2023-12-24 14:00:00,16798.369,17579.834,542.476,26.815,42.199,16.798368999999997,17.579833999999998,PVWatts,Solar_Delhi,,solar,26.815,,14,6,1,12
2023-12-24 15:00:00,11156.143,11730.338,356.907,25.072,35.176,11.156143,11.730338,PVWatts,Solar_Delhi,,solar,25.072,,15,6,1,12
2023-12-24 16:00:00,4397.99,4723.92,171.553,21.526,26.117,4.39799,4.72392,PVWatts,Solar_Delhi,,solar,21.526,,16,6,1,12
2023-12-24 17:00:00,0.0,0.0,0.0,19.488,0.0,0.0,0.0,PVWatts,Solar_Delhi,,solar,19.488,,17,6,1,12
2023-12-24 18:00:00,0.0,0.0,0.0,18.643,18.643,0.0,0.0,PVWatts,Solar_Delhi,,solar,18.643,,18,6,1,12
2023-12-24 19:00:00,0.0,0.0,0.0,17.819,17.819,0.0,0.0,PVWatts,Solar_Delhi,,solar,17.819,,19,6,1,12
2023-12-24 20:00:00,0.0,0.0,0.0,17.078,17.078,0.0,0.0,PVWatts,Solar_Delhi,,solar,17.078,,20,6,1,12
2023-12-24 21:00:00,0.0,0.0,0.0,16.315,16.315,0.0,0.0,PVWatts,Solar_Delhi,,solar,16.315,,21,6,1,12
2023-12-24 22:00:00,0.0,0.0,0.0,15.63,15.63,0.0,0.0,PVWatts,Solar_Delhi,,solar,15.63,,22,6,1,12
2023-12-24 23:00:00,0.0,0.0,0.0,14.893,14.893,0.0,0.0,PVWatts,Solar_Delhi,,solar,14.893,,23,6,1,12
2023-12-25 00:00:00,0.0,0.0,0.0,14.156,14.156,0.0,0.0,PVWatts,Solar_Delhi,,solar,14.156,,0,0,0,12
2023-12-25 01:00:00,0.0,0.0,0.0,13.45,13.45,0.0,0.0,PVWatts,Solar_Delhi,,solar,13.45,,1,0,0,12
2023-12-25 02:00:00,0.0,0.0,0.0,12.7,12.7,0.0,0.0,PVWatts,Solar_Delhi,,solar,12.7,,2,0,0,12
2023-12-25 03:00:00,0.0,0.0,0.0,12.003,12.003,0.0,0.0,PVWatts,Solar_Delhi,,solar,12.003,,3,0,0,12
2023-12-25 04:00:00,0.0,0.0,0.0,11.4,11.4,0.0,0.0,PVWatts,Solar_Delhi,,solar,11.4,,4,0,0,12
2023-12-25 05:00:00,0.0,0.0,0.0,10.875,10.875,0.0,0.0,PVWatts,Solar_Delhi,,solar,10.875,,5,0,0,12
2023-12-25 06:00:00,0.0,0.0,0.0,10.497,0.0,0.0,0.0,PVWatts,Solar_Delhi,,solar,10.497,,6,0,0,12
2023-12-25 07:00:00,449.317,630.19,20.657,12.471,12.95,0.449317,0.63019,PVWatts,Solar_Delhi,,solar,12.471,,7,0,0,12
2023-12-25 08:00:00,8757.053,9243.116,267.827,15.926,23.527,8.757052999999999,9.243116,PVWatts,Solar_Delhi,,solar,15.926,,8,0,0,12
2023-12-25 09:00:00,16188.393,16947.451,515.14,19.525,37.83,16.188393,16.947451,PVWatts,Solar_Delhi,,solar,19.525,,9,0,0,12
2023-12-25 10:00:00,21131.985,22072.649,689.07,24.015,43.515,21.131985,22.072649000000002,PVWatts,Solar_Delhi,,solar,24.015,,10,0,0,12
2023-12-25 11:00:00,23480.194,24507.122,783.188,26.316,48.462,23.480194,24.507122,PVWatts,Solar_Delhi,,solar,26.316,,11,0,0,12
2023-12-25 12:00:00,23686.104,24720.596,792.89,27.021,49.445,23.686104,24.720596,PVWatts,Solar_Delhi,,solar,27.021,,12,0,0,12
2023-12-25 13:00:00,21765.965,22729.919,719.328,26.861,47.226,21.765965,22.729919000000002,PVWatts,Solar_Delhi,,solar,26.861,,13,0,0,12
2023-12-25 14:00:00,17783.069,18600.709,573.614,26.009,42.278,17.783069,18.600709,PVWatts,Solar_Delhi,,solar,26.009,,14,0,0,12
2023-12-25 15:00:00,11881.319,12482.154,375.86,24.272,33.124,11.881319,12.482154000000001,PVWatts,Solar_Delhi,,solar,24.272,,15,0,0,12
2023-12-25 16:00:00,4784.827,5124.967,182.453,20.58,24.656,4.784827,5.124967,PVWatts,Solar_Delhi,,solar,20.58,,16,0,0,12
2023-12-25 17:00:00,0.0,0.0,0.0,18.287,0.0,0.0,0.0,PVWatts,Solar_Delhi,,solar,18.287,,17,0,0,12
2023-12-25 18:00:00,0.0,0.0,0.0,17.332,17.332,0.0,0.0,PVWatts,Solar_Delhi,,solar,17.332,,18,0,0,12
2023-12-25 19:00:00,0.0,0.0,0.0,16.379,16.379,0.0,0.0,PVWatts,Solar_Delhi,,solar,16.379,,19,0,0,12
2023-12-25 20:00:00,0.0,0.0,0.0,15.468,15.468,0.0,0.0,PVWatts,Solar_Delhi,,solar,15.468,,20,0,0,12
2023-12-25 21:00:00,0.0,0.0,0.0,14.583,14.583,0.0,0.0,PVWatts,Solar_Delhi,,solar,14.583,,21,0,0,12
2023-12-25 22:00:00,0.0,0.0,0.0,13.772,13.772,0.0,0.0,PVWatts,Solar_Delhi,,solar,13.772,,22,0,0,12
2023-12-25 23:00:00,0.0,0.0,0.0,13.042,13.042,0.0,0.0,PVWatts,Solar_Delhi,,solar,13.042,,23,0,0,12
2023-12-26 00:00:00,0.0,0.0,0.0,12.357,12.357,0.0,0.0,PVWatts,Solar_Delhi,,solar,12.357,,0,1,0,12
2023-12-26 01:00:00,0.0,0.0,0.0,11.7,11.7,0.0,0.0,PVWatts,Solar_Delhi,,solar,11.7,,1,1,0,12
2023-12-26 02:00:00,0.0,0.0,0.0,11.043,11.043,0.0,0.0,PVWatts,Solar_Delhi,,solar,11.043,,2,1,0,12
2023-12-26 03:00:00,0.0,0.0,0.0,10.43,10.43,0.0,0.0,PVWatts,Solar_Delhi,,solar,10.43,,3,1,0,12
2023-12-26 04:00:00,0.0,0.0,0.0,9.833,9.833,0.0,0.0,PVWatts,Solar_Delhi,,solar,9.833,,4,1,0,12
2023-12-26 05:00:00,0.0,0.0,0.0,9.256,9.256,0.0,0.0,PVWatts,Solar_Delhi,,solar,9.256,,5,1,0,12
2023-12-26 06:00:00,0.0,0.0,0.0,8.783,0.0,0.0,0.0,PVWatts,Solar_Delhi,,solar,8.783,,6,1,0,12
2023-12-26 07:00:00,89.637,257.297,8.512,10.548,10.746,0.089637,0.257297,PVWatts,Solar_Delhi,,solar,10.548,,7,1,0,12
2023-12-26 08:00:00,8009.6,8468.205,243.747,13.832,20.748,8.0096,8.468205,PVWatts,Solar_Delhi,,solar,13.832,,8,1,0,12
2023-12-26 09:00:00,15549.208,16284.785,483.116,17.675,31.366,15.549208,16.284785,PVWatts,Solar_Delhi,,solar,17.675,,9,1,0,12
2023-12-26 10:00:00,20321.722,21232.62,655.726,22.14,40.694,20.321722,21.23262,PVWatts,Solar_Delhi,,solar,22.14,,10,1,0,12
2023-12-26 11:00:00,22695.802,23693.914,749.651,24.796,45.991,22.695802,23.693914,PVWatts,Solar_Delhi,,solar,24.796,,11,1,0,12
2023-12-26 12:00:00,23074.033,24086.04,765.963,25.719,47.38,23.074033,24.08604,PVWatts,Solar_Delhi,,solar,25.719,,12,1,0,12
2023-12-26 13:00:00,21140.254,22081.222,693.674,25.674,45.31,21.140254000000002,22.081222,PVWatts,Solar_Delhi,,solar,25.674,,13,1,0,12
2023-12-26 14:00:00,16762.844,17543.005,536.826,24.839,40.063,16.762844,17.543005,PVWatts,Solar_Delhi,,solar,24.839,,14,1,0,12
2023-12-26 15:00:00,11346.917,11928.12,359.712,23.046,33.231,11.346917,11.928120000000002,PVWatts,Solar_Delhi,,solar,23.046,,15,1,0,12
2023-12-26 16:00:00,4543.389,4874.66,167.656,19.196,23.749,4.543389,4.8746599999999995,PVWatts,Solar_Delhi,,solar,19.196,,16,1,0,12
2023-12-26 17:00:00,0.0,0.0,0.0,16.958,0.0,0.0,0.0,PVWatts,Solar_Delhi,,solar,16.958,,17,1,0,12
2023-12-26 18:00:00,0.0,0.0,0.0,16.035,16.035,0.0,0.0,PVWatts,Solar_Delhi,,solar,16.035,,18,1,0,12
2023-12-26 19:00:00,0.0,0.0,0.0,15.175,15.175,0.0,0.0,PVWatts,Solar_Delhi,,solar,15.175,,19,1,0,12
2023-12-26 20:00:00,0.0,0.0,0.0,14.704,14.704,0.0,0.0,PVWatts,Solar_Delhi,,solar,14.704,,20,1,0,12
2023-12-26 21:00:00,0.0,0.0,0.0,14.325,14.325,0.0,0.0,PVWatts,Solar_Delhi,,solar,14.325,,21,1,0,12
2023-12-26 22:00:00,0.0,0.0,0.0,13.822,13.822,0.0,0.0,PVWatts,Solar_Delhi,,solar,13.822,,22,1,0,12
2023-12-26 23:00:00,0.0,0.0,0.0,12.743,12.743,0.0,0.0,PVWatts,Solar_Delhi,,solar,12.743,,23,1,0,12
2023-12-27 00:00:00,0.0,0.0,0.0,11.755,11.755,0.0,0.0,PVWatts,Solar_Delhi,,solar,11.755,,0,2,0,12
2023-12-27 01:00:00,0.0,0.0,0.0,11.041,11.041,0.0,0.0,PVWatts,Solar_Delhi,,solar,11.041,,1,2,0,12
2023-12-27 02:00:00,0.0,0.0,0.0,10.304,10.304,0.0,0.0,PVWatts,Solar_Delhi,,solar,10.304,,2,2,0,12
2023-12-27 03:00:00,0.0,0.0,0.0,9.593,9.593,0.0,0.0,PVWatts,Solar_Delhi,,solar,9.593,,3,2,0,12
2023-12-27 04:00:00,0.0,0.0,0.0,8.982,8.982,0.0,0.0,PVWatts,Solar_Delhi,,solar,8.982,,4,2,0,12
2023-12-27 05:00:00,0.0,0.0,0.0,8.467,8.467,0.0,0.0,PVWatts,Solar_Delhi,,solar,8.467,,5,2,0,12
2023-12-27 06:00:00,0.0,0.0,0.0,8.09,0.0,0.0,0.0,PVWatts,Solar_Delhi,,solar,8.09,,6,2,0,12
2023-12-27 07:00:00,61.095,227.706,7.566,10.152,10.329,0.061095,0.227706,PVWatts,Solar_Delhi,,solar,10.152,,7,2,0,12
2023-12-27 08:00:00,7966.632,8423.658,242.44,13.785,20.663,7.966632,8.423658,PVWatts,Solar_Delhi,,solar,13.785,,8,2,0,12
2023-12-27 09:00:00,15536.679,16271.796,482.043,17.338,30.999,15.536679,16.271796000000002,PVWatts,Solar_Delhi,,solar,17.338,,9,2,0,12
2023-12-27 10:00:00,20333.448,21244.777,654.702,21.638,40.163,20.333448,21.244777,PVWatts,Solar_Delhi,,solar,21.638,,10,2,0,12
2023-12-27 11:00:00,22925.171,23931.709,756.233,24.328,45.71,22.925171,23.931708999999998,PVWatts,Solar_Delhi,,solar,24.328,,11,2,0,12
2023-12-27 12:00:00,22999.026,24008.277,761.815,25.267,46.81,22.999026,24.008277,PVWatts,Solar_Delhi,,solar,25.267,,12,2,0,12
2023-12-27 13:00:00,21025.001,21961.736,688.611,25.324,44.816,21.025001,21.961736000000002,PVWatts,Solar_Delhi,,solar,25.324,,13,2,0,12
2023-12-27 14:00:00,17042.344,17832.773,539.809,24.561,37.291,17.042344,17.832773,PVWatts,Solar_Delhi,,solar,24.561,,14,2,0,12
2023-12-27 15:00:00,11419.913,12003.797,359.047,22.812,31.268,11.419913000000001,12.003797,PVWatts,Solar_Delhi,,solar,22.812,,15,2,0,12
2023-12-27 16:00:00,4558.538,4890.365,166.412,19.031,22.798,4.5585379999999995,4.890365,PVWatts,Solar_Delhi,,solar,19.031,,16,2,0,12
2023-12-27 17:00:00,0.0,0.0,0.0,16.704,0.0,0.0,0.0,PVWatts,Solar_Delhi,,solar,16.704,,17,2,0,12
2023-12-27 18:00:00,0.0,0.0,0.0,15.743,15.743,0.0,0.0,PVWatts,Solar_Delhi,,solar,15.743,,18,2,0,12
2023-12-27 19:00:00,0.0,0.0,0.0,14.737,14.737,0.0,0.0,PVWatts,Solar_Delhi,,solar,14.737,,19,2,0,12
2023-12-27 20:00:00,0.0,0.0,0.0,13.704,13.704,0.0,0.0,PVWatts,Solar_Delhi,,solar,13.704,,20,2,0,12
2023-12-27 21:00:00,0.0,0.0,0.0,12.724,12.724,0.0,0.0,PVWatts,Solar_Delhi,,solar,12.724,,21,2,0,12
2023-12-27 22:00:00,0.0,0.0,0.0,11.882,11.882,0.0,0.0,PVWatts,Solar_Delhi,,solar,11.882,,22,2,0,12
2023-12-27 23:00:00,0.0,0.0,0.0,11.194,11.194,0.0,0.0,PVWatts,Solar_Delhi,,solar,11.194,,23,2,0,12
2023-12-28 00:00:00,0.0,0.0,0.0,10.608,10.608,0.0,0.0,PVWatts,Solar_Delhi,,solar,10.608,,0,3,0,12
2023-12-28 01:00:00,0.0,0.0,0.0,10.079,10.079,0.0,0.0,PVWatts,Solar_Delhi,,solar,10.079,,1,3,0,12
2023-12-28 02:00:00,0.0,0.0,0.0,9.611,9.611,0.0,0.0,PVWatts,Solar_Delhi,,solar,9.611,,2,3,0,12
2023-12-28 03:00:00,0.0,0.0,0.0,9.132,9.132,0.0,0.0,PVWatts,Solar_Delhi,,solar,9.132,,3,3,0,12
2023-12-28 04:00:00,0.0,0.0,0.0,8.596,8.596,0.0,0.0,PVWatts,Solar_Delhi,,solar,8.596,,4,3,0,12
2023-12-28 05:00:00,0.0,0.0,0.0,8.032,8.032,0.0,0.0,PVWatts,Solar_Delhi,,solar,8.032,,5,3,0,12
2023-12-28 06:00:00,0.0,0.0,0.0,7.514,0.0,0.0,0.0,PVWatts,Solar_Delhi,,solar,7.514,,6,3,0,12
2023-12-28 07:00:00,149.376,319.23,10.407,9.14,9.348,0.149376,0.31923,PVWatts,Solar_Delhi,,solar,9.14,,7,3,0,12
2023-12-28 08:00:00,7965.939,8422.94,239.973,12.307,17.969,7.9659390000000005,8.42294,PVWatts,Solar_Delhi,,solar,12.307,,8,3,0,12
2023-12-28 09:00:00,15742.0,16484.659,486.298,16.239,30.022,15.742,16.484659,PVWatts,Solar_Delhi,,solar,16.239,,9,3,0,12
2023-12-28 10:00:00,20397.03,21310.695,654.503,20.8,39.319,20.397029999999997,21.310695,PVWatts,Solar_Delhi,,solar,20.8,,10,3,0,12
2023-12-28 11:00:00,23298.23,24318.472,756.069,23.953,41.732,23.29823,24.318472,PVWatts,Solar_Delhi,,solar,23.953,,11,3,0,12
2023-12-28 12:00:00,23394.013,24417.774,763.313,25.197,43.149,23.394012999999998,24.417774,PVWatts,Solar_Delhi,,solar,25.197,,12,3,0,12
2023-12-28 13:00:00,21349.068,22297.707,690.037,25.346,41.59,21.349068,22.297707,PVWatts,Solar_Delhi,,solar,25.346,,13,3,0,12
2023-12-28 14:00:00,17133.661,17927.445,542.916,24.593,37.395,17.133661,17.927445,PVWatts,Solar_Delhi,,solar,24.593,,14,3,0,12
2023-12-28 15:00:00,11549.952,12138.614,362.615,22.568,31.11,11.549952,12.138614,PVWatts,Solar_Delhi,,solar,22.568,,15,3,0,12
2023-12-28 16:00:00,4584.712,4917.501,165.506,18.263,22.018,4.584712000000001,4.917501000000001,PVWatts,Solar_Delhi,,solar,18.263,,16,3,0,12
2023-12-28 17:00:00,0.0,0.0,0.0,15.616,0.0,0.0,0.0,PVWatts,Solar_Delhi,,solar,15.616,,17,3,0,12
2023-12-28 18:00:00,0.0,0.0,0.0,14.443,14.443,0.0,0.0,PVWatts,Solar_Delhi,,solar,14.443,,18,3,0,12
2023-12-28 19:00:00,0.0,0.0,0.0,13.377,13.377,0.0,0.0,PVWatts,Solar_Delhi,,solar,13.377,,19,3,0,12
2023-12-28 20:00:00,0.0,0.0,0.0,12.431,12.431,0.0,0.0,PVWatts,Solar_Delhi,,solar,12.431,,20,3,0,12
2023-12-28 21:00:00,0.0,0.0,0.0,11.605,11.605,0.0,0.0,PVWatts,Solar_Delhi,,solar,11.605,,21,3,0,12
2023-12-28 22:00:00,0.0,0.0,0.0,10.909,10.909,0.0,0.0,PVWatts,Solar_Delhi,,solar,10.909,,22,3,0,12
2023-12-28 23:00:00,0.0,0.0,0.0,10.35,10.35,0.0,0.0,PVWatts,Solar_Delhi,,solar,10.35,,23,3,0,12
2023-12-29 00:00:00,0.0,0.0,0.0,9.897,9.897,0.0,0.0,PVWatts,Solar_Delhi,,solar,9.897,,0,4,0,12
2023-12-29 01:00:00,0.0,0.0,0.0,9.529,9.529,0.0,0.0,PVWatts,Solar_Delhi,,solar,9.529,,1,4,0,12
2023-12-29 02:00:00,0.0,0.0,0.0,9.122,9.122,0.0,0.0,PVWatts,Solar_Delhi,,solar,9.122,,2,4,0,12
2023-12-29 03:00:00,0.0,0.0,0.0,8.751,8.751,0.0,0.0,PVWatts,Solar_Delhi,,solar,8.751,,3,4,0,12
2023-12-29 04:00:00,0.0,0.0,0.0,8.451,8.451,0.0,0.0,PVWatts,Solar_Delhi,,solar,8.451,,4,4,0,12
2023-12-29 05:00:00,0.0,0.0,0.0,8.225,8.225,0.0,0.0,PVWatts,Solar_Delhi,,solar,8.225,,5,4,0,12
2023-12-29 06:00:00,0.0,0.0,0.0,8.146,0.0,0.0,0.0,PVWatts,Solar_Delhi,,solar,8.146,,6,4,0,12
2023-12-29 07:00:00,31.823,197.359,6.619,10.51,10.664,0.031823,0.197359,PVWatts,Solar_Delhi,,solar,10.51,,7,4,0,12
2023-12-29 08:00:00,7803.97,8255.021,238.168,14.37,21.126,7.8039700000000005,8.255021000000001,PVWatts,Solar_Delhi,,solar,14.37,,8,4,0,12
2023-12-29 09:00:00,15013.377,15729.27,466.372,17.834,31.05,15.013377,15.72927,PVWatts,Solar_Delhi,,solar,17.834,,9,4,0,12
2023-12-29 10:00:00,20293.231,21203.083,654.333,21.994,40.508,20.293231,21.203083,PVWatts,Solar_Delhi,,solar,21.994,,10,4,0,12
2023-12-29 11:00:00,22797.291,23799.131,751.611,24.283,45.534,22.797291,23.799131000000003,PVWatts,Solar_Delhi,,solar,24.283,,11,4,0,12
2023-12-29 12:00:00,23134.585,24148.816,766.273,25.11,46.778,23.134584999999998,24.148816,PVWatts,Solar_Delhi,,solar,25.11,,12,4,0,12
2023-12-29 13:00:00,21363.857,22313.039,699.537,25.022,44.823,21.363857,22.313039,PVWatts,Solar_Delhi,,solar,25.022,,13,4,0,12
2023-12-29 14:00:00,17265.509,18064.136,546.314,24.197,37.08,17.265508999999998,18.064135999999998,PVWatts,Solar_Delhi,,solar,24.197,,14,4,0,12
2023-12-29 15:00:00,11547.968,12136.557,365.018,22.48,32.818,11.547968000000001,12.136557,PVWatts,Solar_Delhi,,solar,22.48,,15,4,0,12
2023-12-29 16:00:00,4526.98,4857.648,162.193,18.628,23.07,4.52698,4.857648,PVWatts,Solar_Delhi,,solar,18.628,,16,4,0,12
2023-12-29 17:00:00,0.0,0.0,0.0,16.213,0.0,0.0,0.0,PVWatts,Solar_Delhi,,solar,16.213,,17,4,0,12
2023-12-29 18:00:00,0.0,0.0,0.0,15.143,15.143,0.0,0.0,PVWatts,Solar_Delhi,,solar,15.143,,18,4,0,12
2023-12-29 19:00:00,0.0,0.0,0.0,14.167,14.167,0.0,0.0,PVWatts,Solar_Delhi,,solar,14.167,,19,4,0,12
2023-12-29 20:00:00,0.0,0.0,0.0,13.288,13.288,0.0,0.0,PVWatts,Solar_Delhi,,solar,13.288,,20,4,0,12
2023-12-29 21:00:00,0.0,0.0,0.0,12.468,12.468,0.0,0.0,PVWatts,Solar_Delhi,,solar,12.468,,21,4,0,12
2023-12-29 22:00:00,0.0,0.0,0.0,11.71,11.71,0.0,0.0,PVWatts,Solar_Delhi,,solar,11.71,,22,4,0,12
2023-12-29 23:00:00,0.0,0.0,0.0,11.019,11.019,0.0,0.0,PVWatts,Solar_Delhi,,solar,11.019,,23,4,0,12
2023-12-30 00:00:00,0.0,0.0,0.0,10.364,10.364,0.0,0.0,PVWatts,Solar_Delhi,,solar,10.364,,0,5,1,12
2023-12-30 01:00:00,0.0,0.0,0.0,9.737,9.737,0.0,0.0,PVWatts,Solar_Delhi,,solar,9.737,,1,5,1,12
2023-12-30 02:00:00,0.0,0.0,0.0,9.139,9.139,0.0,0.0,PVWatts,Solar_Delhi,,solar,9.139,,2,5,1,12
2023-12-30 03:00:00,0.0,0.0,0.0,8.505,8.505,0.0,0.0,PVWatts,Solar_Delhi,,solar,8.505,,3,5,1,12
2023-12-30 04:00:00,0.0,0.0,0.0,7.826,7.826,0.0,0.0,PVWatts,Solar_Delhi,,solar,7.826,,4,5,1,12
2023-12-30 05:00:00,0.0,0.0,0.0,7.147,7.147,0.0,0.0,PVWatts,Solar_Delhi,,solar,7.147,,5,5,1,12
2023-12-30 06:00:00,0.0,0.0,0.0,6.551,0.0,0.0,0.0,PVWatts,Solar_Delhi,,solar,6.551,,6,5,1,12
2023-12-30 07:00:00,33.656,199.259,6.619,8.449,8.604,0.033656,0.199259,PVWatts,Solar_Delhi,,solar,8.449,,7,5,1,12
2023-12-30 08:00:00,7852.471,8305.303,237.41,11.978,18.713,7.8524709999999995,8.305303,PVWatts,Solar_Delhi,,solar,11.978,,8,5,1,12
2023-12-30 09:00:00,15368.119,16097.043,473.09,15.51,28.917,15.368119,16.097043,PVWatts,Solar_Delhi,,solar,15.51,,9,5,1,12
2023-12-30 10:00:00,20589.544,21510.282,658.224,19.854,38.48,20.589544,21.510282,PVWatts,Solar_Delhi,,solar,19.854,,10,5,1,12
2023-12-30 11:00:00,23279.993,24299.566,751.769,22.785,40.462,23.279992999999997,24.299566,PVWatts,Solar_Delhi,,solar,22.785,,11,5,1,12
2023-12-30 12:00:00,23626.173,24658.463,766.745,23.776,41.808,23.626172999999998,24.658463,PVWatts,Solar_Delhi,,solar,23.776,,12,5,1,12
2023-12-30 13:00:00,21607.851,22565.996,694.22,23.759,40.102,21.607851,22.565996,PVWatts,Solar_Delhi,,solar,23.759,,13,5,1,12
2023-12-30 14:00:00,17411.02,18214.992,548.31,22.975,35.905,17.41102,18.214992,PVWatts,Solar_Delhi,,solar,22.975,,14,5,1,12
2023-12-30 15:00:00,11782.703,12379.915,367.596,21.085,29.744,11.782703,12.379915,PVWatts,Solar_Delhi,,solar,21.085,,15,5,1,12
2023-12-30 16:00:00,4704.685,5041.881,165.302,16.78,20.553,4.7046850000000004,5.041881,PVWatts,Solar_Delhi,,solar,16.78,,16,5,1,12
2023-12-30 17:00:00,0.0,0.0,0.0,14.14,0.0,0.0,0.0,PVWatts,Solar_Delhi,,solar,14.14,,17,5,1,12
2023-12-30 18:00:00,0.0,0.0,0.0,13.052,13.052,0.0,0.0,PVWatts,Solar_Delhi,,solar,13.052,,18,5,1,12
2023-12-30 19:00:00,0.0,0.0,0.0,12.041,12.041,0.0,0.0,PVWatts,Solar_Delhi,,solar,12.041,,19,5,1,12
2023-12-30 20:00:00,0.0,0.0,0.0,11.179,11.179,0.0,0.0,PVWatts,Solar_Delhi,,solar,11.179,,20,5,1,12
2023-12-30 21:00:00,0.0,0.0,0.0,10.407,10.407,0.0,0.0,PVWatts,Solar_Delhi,,solar,10.407,,21,5,1,12
2023-12-30 22:00:00,0.0,0.0,0.0,9.686,9.686,0.0,0.0,PVWatts,Solar_Delhi,,solar,9.686,,22,5,1,12
2023-12-30 23:00:00,0.0,0.0,0.0,8.968,8.968,0.0,0.0,PVWatts,Solar_Delhi,,solar,8.968,,23,5,1,12
2023-12-31 00:00:00,0.0,0.0,0.0,8.28,8.28,0.0,0.0,PVWatts,Solar_Delhi,,solar,8.28,,0,6,1,12
2023-12-31 01:00:00,0.0,0.0,0.0,7.669,7.669,0.0,0.0,PVWatts,Solar_Delhi,,solar,7.669,,1,6,1,12
2023-12-31 02:00:00,0.0,0.0,0.0,6.955,6.955,0.0,0.0,PVWatts,Solar_Delhi,,solar,6.955,,2,6,1,12
2023-12-31 03:00:00,0.0,0.0,0.0,6.227,6.227,0.0,0.0,PVWatts,Solar_Delhi,,solar,6.227,,3,6,1,12
2023-12-31 04:00:00,0.0,0.0,0.0,5.557,5.557,0.0,0.0,PVWatts,Solar_Delhi,,solar,5.557,,4,6,1,12
2023-12-31 05:00:00,0.0,0.0,0.0,4.955,4.955,0.0,0.0,PVWatts,Solar_Delhi,,solar,4.955,,5,6,1,12
2023-12-31 06:00:00,0.0,0.0,0.0,4.511,0.0,0.0,0.0,PVWatts,Solar_Delhi,,solar,4.511,,6,6,1,12
2023-12-31 07:00:00,6.31,170.909,5.673,6.691,6.85,0.00631,0.170909,PVWatts,Solar_Delhi,,solar,6.691,,7,6,1,12
2023-12-31 08:00:00,7820.086,8271.729,234.974,10.329,16.994,7.820086,8.271728999999999,PVWatts,Solar_Delhi,,solar,10.329,,8,6,1,12
2023-12-31 09:00:00,14990.349,15705.397,465.122,14.218,30.743,14.990349,15.705397000000001,PVWatts,Solar_Delhi,,solar,14.218,,9,6,1,12
2023-12-31 10:00:00,20535.292,21454.036,654.389,19.066,37.581,20.535292000000002,21.454036,PVWatts,Solar_Delhi,,solar,19.066,,10,6,1,12
2023-12-31 11:00:00,23127.09,24141.046,756.548,22.269,43.659,23.12709,24.141046,PVWatts,Solar_Delhi,,solar,22.269,,11,6,1,12
2023-12-31 12:00:00,23379.557,24402.787,768.935,23.307,45.049,23.379557000000002,24.402787,PVWatts,Solar_Delhi,,solar,23.307,,12,6,1,12
2023-12-31 13:00:00,20630.745,21552.996,670.704,23.405,42.378,20.630744999999997,21.552996,PVWatts,Solar_Delhi,,solar,23.405,,13,6,1,12
2023-12-31 14:00:00,11111.105,11683.645,353.193,22.641,32.63,11.111105,11.683645,PVWatts,Solar_Delhi,,solar,22.641,,14,6,1,12
2023-12-31 15:00:00,10110.554,10646.339,317.45,20.51,29.498,10.110554,10.646339,PVWatts,Solar_Delhi,,solar,20.51,,15,6,1,12
2023-12-31 16:00:00,2871.544,3141.399,102.761,16.855,19.69,2.8715439999999997,3.141399,PVWatts,Solar_Delhi,,solar,16.855,,16,6,1,12
2023-12-31 17:00:00,0.0,0.0,0.0,15.099,0.0,0.0,0.0,PVWatts,Solar_Delhi,,solar,15.099,,17,6,1,12
2023-12-31 18:00:00,0.0,0.0,0.0,14.197,14.197,0.0,0.0,PVWatts,Solar_Delhi,,solar,14.197,,18,6,1,12
2023-12-31 19:00:00,0.0,0.0,0.0,13.344,13.344,0.0,0.0,PVWatts,Solar_Delhi,,solar,13.344,,19,6,1,12
2023-12-31 20:00:00,0.0,0.0,0.0,12.6,12.6,0.0,0.0,PVWatts,Solar_Delhi,,solar,12.6,,20,6,1,12
2023-12-31 21:00:00,0.0,0.0,0.0,11.963,11.963,0.0,0.0,PVWatts,Solar_Delhi,,solar,11.963,,21,6,1,12
2023-12-31 22:00:00,0.0,0.0,0.0,11.443,11.443,0.0,0.0,PVWatts,Solar_Delhi,,solar,11.443,,22,6,1,12
2023-12-31 23:00:00,0.0,0.0,0.0,10.953,10.953,0.0,0.0,PVWatts,Solar_Delhi,,solar,10.953,,23,6,1,12
