tree
version=v4
num_class=1
num_tree_per_iteration=1
label_index=0
max_feature_idx=43
objective=regression
feature_names=hour day_of_week day_of_year month week_of_year is_weekend sin_hour cos_hour sin_dow cos_dow sin_month cos_month lag_1h lag_2h lag_3h lag_4h lag_6h lag_12h lag_24h lag_48h lag_72h lag_168h rolling_3h_mean rolling_6h_mean rolling_12h_mean rolling_24h_mean rolling_168h_mean rolling_6h_std rolling_24h_std rolling_168h_std diff_1h diff_24h diff_168h ratio_lag_24h temperature_c humidity_pct cooling_degree_hours heat_index temp_rolling_6h_mean temp_diff_24h cooling_load_proxy is_solar_hour solar_proxy_ghi solar_rolling_3h_proxy
feature_infos=[0:23] [0:6] [1:366] [1:12] [1:53] [0:1] [-1:1] [-1:1] [-0.97492791218182362:0.97492791218182362] [-0.90096886790241903:1] [-1:1] [-1:1] [0:73.282836263000007] [0:73.282836263000007] [0:73.282836263000007] [0:73.282836263000007] [0:73.282836263000007] [0:73.282836263000007] [0:73.282836263000007] [0:73.282836263000007] [0:73.282836263000007] [0:73.282836263000007] [0:72.050573003500062] [0:70.890268147750007] [0:64.398685274250013] [0:49.762035297743893] [6.6775436485228177:39.294966718228089] [0:24.237167445947772] [0:22.644453564661003] [2.0333435683189105:19.772279403073064] [-31.330381298833338:33.743094837166666] [-49.333581160333331:55.189061043000002] [-52.168396875166671:51.427530713000003] [0:212.41635009833331] [5.2000000000000002:36.5] [20:90] [0:18.5] [57.037943000000006:218.33444700000004] [5.7000000000000002:36.016666666666666] [-5.2999999999999989:5.3000000000000007] [0:18.5] [0:1] [0:800] [0:781.8271073541697]
tree_sizes=2740 2834 2838 2826 2832 2846 2834 2841 2831 2841 2837 2861 2850 2844 2838 2840 2839 2848 2829 2847 2864 2844 2853 2847 2855 2853 2839 2848 2850 2860 2855 2859 2847 2863 2861 2849 2850 2838 2854 2861 2862 2850 2874 2867 2846 2878 2877 2857 2889 2873 2881 2876 2871 2862 2891 2882 2885 2884 2881 2866 2888 2882 2894 2907 2894 2854 2885 2908 2899 2867 2878 2867 2894 2887 2889 2882 2867 2901 2876 2912 2864 2874 2890 2865 2878 2892 2884 2889 2910 2890 2872 2876 2885 2893 2890 2889 2874 2881 2879 2895 2888 2888 2861 2885 2884 2886 2909 2926 2878 2896 2871 2862 2873 2865 2886 2859 2870 2887 2890 2873 2907 2852 2864 2880 2908 2880 2853 2862 2879 2898 2860 2893 2871 2870 2863 2854 2854 2850 2896 2882 2889 2839 2892 2837 2864 2880 2874 2866 2877 2893 2841 2874 2875 2841 2885 2887 2862 2863 2826 2515 2891 2836 2483 2875 2864 2877 2858 2872 2835 2313 2811 2852 2754 2901 2842 2831 2836 2490 2621 2878 2822 2814 2837 2864 2758 2886 2884 2844 2871 2889 2815 2863 2892 2876 2863 2783 2872 2863 2871 2839 2804 2892 2833 2821 2879 2841 2886 2886 2910 2867 2811 2850 2892 2814 2834 2899 2853 2830 2883 2859 2904 2820 2847 2828 2837 2863 2584 2867 2852 2812 2866 2879 2843 2883 2838 2921 2877 2844 2879 2893 2822 2782 2882 2234 2869 2858 2891 2858 2791 2884 2830 2866 2416 2886 2855 2419 2887 2908 2318 2834 2864 2875 2849 2826 2857 2782 2865 2867 2701 2868 2881 2848 2813 2883 2867 2663 2864 2909 2224 2836 2860 2404 2858 2698 2912 2154 2869 2848 2887 2863 2864 2884 2875 2885 2892 2855 2862 2840 2847 2751 2859 2825 2890 2892 2791 2842 2409 2862 2845 2841 2860 2308 2883 2559 2870 2776 2824 2841 2291 2758 2872 2858 2871 2882 2861 2819 2839 2888 2771 2780 2861 2866 2844 2274 2899 2308 2847 2921 2868 2858 2799 2861 2854 2844 2882 2928 2865 2863 2864 2856

Tree=0
num_leaves=31
num_cat=0
split_feature=12 30 6 12 12 30 23 30 6 12 27 24 33 12 30 12 12 23 30 30 25 12 12 27 30 30 30 0 23 24
split_gain=2.76458e+06 571334 409273 306692 125231 80503.7 64602 45799.4 39570.4 36754.2 29992.1 23802.3 20267.3 18522.2 17736.9 15450.7 14134 13548.6 12329.5 11583 11142.8 11054.9 9348.96 9300.72 8705.72 7303.6 7280.96 5246.95 5131.46 5113.22
threshold=34.968778153250007 7.0547153234999973 0.37940952255126054 23.237419035166671 53.086786783750007 1.6363866945000007 16.953054911208337 2.0910209798333317 0.37940952255126054 44.286017366833342 6.1299031267463375 18.5645660197513 1.0000000180025095e-35 58.638192382500002 -4.2168444700833341 20.238855697000002 26.935721907750004 48.03913866923611 -3.8756598344166648 2.2454738283333371 33.159227448534729 48.953036100166678 28.538973250000002 14.376801046390471 19.225511951416671 -4.8274720295833333 1.2142745931666623 4.5000000000000009 19.189990108902776 14.822466058861115
decision_type=2 2 2 2 2 2 2 2 2 2 2 2 2 2 2 2 2 2 2 2 2 2 2 2 2 2 2 2 2 2
left_child=1 3 14 5 7 6 12 9 16 -4 28 29 -1 26 17 -8 -5 -2 -11 22 -13 -16 -10 -9 27 -18 -6 -12 -3 -7
right_child=2 10 4 8 13 11 15 23 19 18 24 20 -14 -15 21 -17 25 -19 -20 -21 -22 -23 -24 -25 -26 -27 -28 -29 -30 -31
leaf_value=25.802934131384212 26.843569235498752 27.10063492403707 27.322178609596925 26.723167043064205 27.888740262483878 26.498159090625755 26.496927375792801 27.725795145133286 26.829896599670402 27.258964678206162 27.610733564865313 26.824680695812052 26.363739248807583 28.252533337119061 27.161115555775353 26.601431013396756 26.671654313776159 27.127954461529868 27.705016612398687 27.170498164726563 27.176532124871404 27.491196946813627 27.032594200121125 27.958798722250055 27.825299231253954 26.87493294834259 28.136452201690407 27.200715887195582 27.419363280929218 26.682506045565479
leaf_weight=106 494 206 781 3107 581 396 5132 487 689 108 403 942 3779 649 704 4050 323 586 1210 443 170 211 772 627 347 2272 282 57 133 614
leaf_count=106 494 206 781 3107 581 396 5132 487 689 108 403 942 3779 649 704 4050 323 586 1210 443 170 211 772 627 347 2272 282 57 133 614
internal_value=26.8711 26.6699 27.5881 26.6261 27.7909 26.5223 26.4852 27.6496 26.8334 27.5396 27.5414 26.7508 26.3484 28.0911 27.1077 26.543 26.7807 26.9979 27.6685 26.9913 26.8785 27.2372 26.937 27.8569 27.674 26.8496 27.9697 27.5599 27.2257 26.6102
internal_weight=30661 23941 6720 22795 4725 15189 13067 3213 7606 2099 1146 2122 3885 1512 1995 9182 5702 1080 1318 1904 1112 915 1461 1114 807 2595 863 460 339 1010
internal_count=30661 23941 6720 22795 4725 15189 13067 3213 7606 2099 1146 2122 3885 1512 1995 9182 5702 1080 1318 1904 1112 915 1461 1114 807 2595 863 460 339 1010
is_linear=0
shrinkage=1


Tree=1
num_leaves=31
num_cat=0
split_feature=12 30 6 22 22 30 22 27 6 27 22 7 22 22 33 22 30 12 30 12 7 29 7 30 7 23 30 30 30 28
split_gain=2.54804e+06 535674 364973 292664 114992 68265.9 63458.6 46849.1 40402.5 34230.8 25630 21568.7 19164.9 19016.2 17958.4 14587.2 13911 12537.8 12504.1 12092.1 11612.7 10782.4 9657.19 9570.07 8980.85 8731.07 5819.56 5777.62 5335.15 5170.35
threshold=35.350159716916671 6.5892215266666643 0.37940952255126054 22.747118795163768 50.911671630805593 1.2652249554999966 16.382262547638913 14.117914256762713 0.37940952255126054 6.1299031267463375 57.616755892138919 0.78656609248549303 26.259236572138942 49.190807557305583 1.0000000180025095e-35 45.105719314222263 -5.4686147665833333 15.296598014083335 3.3921533735833358 29.729326090083337 0.98296291314453421 10.903503558366403 0.37940952255126048 5.8014905714166689 0.25881904510252057 20.992762208583333 -3.8756598344166648 -4.8274720295833333 2.2454738283333371 11.331413866508049
decision_type=2 2 2 2 2 2 2 2 2 2 2 2 2 2 2 2 2 2 2 2 2 2 2 2 2 2 2 2 2 2
left_child=1 3 13 5 7 6 14 15 12 29 24 17 -5 16 -1 18 -2 -7 -4 28 -8 -13 -11 -9 -6 -24 -14 -15 -10 -3
right_child=2 9 4 8 10 11 20 23 19 22 -12 21 26 27 -16 -17 -18 -19 -20 -21 -22 -23 25 -25 -26 -27 -28 -29 -30 -31
leaf_value=-1.0258079232902118 0.019057875834609148 0.18169989967186276 0.4534238416437919 -0.1644596991782889 0.97296699919951102 -0.3588186083084805 -0.30366451692923657 0.8602972223884181 -0.019784759190046068 0.32524665037790934 1.3244738137980792 -0.13134617286101552 -0.15037189465287992 0.32363701452844568 -0.50032726060008403 0.74654579158862222 0.27193876455253574 -0.13150534655599488 0.79991601509206434 0.23157672021171521 -0.46479485844540991 0.20923708373550759 0.63977897203828105 1.1253743485776251 1.2946685454564064 0.91222580271868414 -0.002641265035156925 0.59124690334090091 0.17991560747951899 0.47426306615331593
leaf_weight=107 640 224 910 3204 1009 622 7512 627 869 75 691 262 507 301 3784 734 763 1033 204 803 791 344 319 334 161 459 2692 226 284 170
leaf_count=107 640 224 910 3204 1009 622 7512 627 869 75 691 262 507 301 3784 734 763 1033 204 803 791 344 319 334 161 459 2692 226 284 170
internal_value=1.55377e-09 -0.190979 0.696234 -0.235104 0.887456 -0.34405 -0.381481 0.725897 -0.0467064 0.616295 1.13131 -0.142178 -0.0953112 0.233535 -0.514778 0.608097 0.156583 -0.216937 0.516875 0.112402 -0.319015 0.0619882 0.758728 0.952426 1.01724 0.800516 -0.0260547 0.4384 0.0294042 0.307933
internal_weight=30661 24061 6600 22814 4670 14455 12194 2809 8359 1247 1861 2261 6403 1930 3891 1848 1403 1655 1114 1956 8303 606 853 961 1170 778 3199 527 1153 394
internal_count=30661 24061 6600 22814 4670 14455 12194 2809 8359 1247 1861 2261 6403 1930 3891 1848 1403 1655 1114 1956 8303 606 853 961 1170 778 3199 527 1153 394
is_linear=0
shrinkage=0.04


Tree=2
num_leaves=31
num_cat=0
split_feature=22 30 6 22 22 27 30 22 27 0 22 22 22 0 13 30 22 22 22 0 30 26 0 27 23 30 26 30 30 30
split_gain=2.30506e+06 479437 410265 212419 135071 61727.3 59159.4 55189.2 37101.6 29572.6 25607.5 22407.5 21792.2 21584.8 14598.3 13709.7 12950.7 11328.3 10227.3 9834.31 9765.76 9449.67 8634.68 7762.89 7412.34 6430.65 6376.98 6294.15 5903.93 5324.65
threshold=32.426038959555598 6.1530865599166722 0.37940952255126054 22.424144580277837 50.553451817277811 12.350867669632423 1.2652249554999966 15.658719973638904 6.1299031267463375 9.5000000000000018 57.616755892138919 43.123731581138919 49.190807557305583 2.5000000000000004 1.0000000180025095e-35 5.8014905714166689 25.296493159833364 19.88005507013894 14.502214349416683 4.5000000000000009 -2.5735644850000017 28.035789475293157 5.5000000000000009 7.1796354164404725 20.065382959694443 -3.4572433434999925 26.021740348691441 4.564715816000005 -3.8756598344166648 -4.8274720295833333
decision_type=2 2 2 2 2 2 2 2 2 2 2 2 2 2 2 2 2 2 2 2 2 2 2 2 2 2 2 2 2 2
left_child=1 3 12 6 5 11 7 14 26 23 22 27 20 21 -1 25 -11 -9 -15 24 -2 -8 -6 -5 -10 -7 -3 -4 -18 -14
right_child=2 8 4 9 10 15 13 17 19 16 -12 -13 29 18 -16 -17 28 -19 -20 -21 -22 -23 -24 -25 -26 -27 -28 -29 -30 -31
leaf_value=-0.98426105165944522 0.054527452183201985 0.11259910538982171 0.35077630564990053 0.038936374777125263 1.2320269220928812 0.31164431024504746 -0.065993163558452028 -0.35677978862109044 0.56469526655834335 -0.17666107388160263 1.2714948404094073 0.66660714384331643 0.31069153417186485 -0.3849746328100152 -0.49998442719078279 1.0510492643777662 -0.19726007688332126 -0.26332397751583786 -0.15754631309486533 0.24880164038862532 0.23226767119105277 0.26544071057608032 0.92709133728396231 0.26868633813316911 0.83661609804405357 0.798060538403353 0.41275667513257086 0.70059811528523763 -0.042210695986610959 0.56759704263963262
leaf_weight=103 1136 226 961 1195 172 46 345 5231 230 2881 691 753 301 436 3012 421 451 3440 1153 67 876 229 1091 293 530 796 227 90 3052 226
leaf_count=103 1136 226 961 1195 172 46 345 5231 230 2881 691 753 301 436 3012 421 451 3440 1153 67 876 229 1091 293 530 796 227 90 3052 226
internal_value=-1.27615e-09 -0.198405 0.606265 -0.24254 0.815805 0.650208 -0.336294 -0.371583 0.553984 -0.0764098 1.07573 0.500058 0.191888 -0.144004 -0.515997 0.864674 -0.11384 -0.319704 -0.21995 0.713369 0.131913 0.0662339 0.968619 0.0841761 0.754324 0.771487 0.263009 0.380733 -0.0621728 0.420864
internal_weight=30661 23101 7560 21821 5021 3067 13949 11786 1280 7872 1954 1804 2539 2163 3115 1263 6384 8671 1589 827 2012 574 1263 1488 760 842 453 1051 3503 527
internal_count=30661 23101 7560 21821 5021 3067 13949 11786 1280 7872 1954 1804 2539 2163 3115 1263 6384 8671 1589 827 2012 574 1263 1488 760 842 453 1051 3503 527
is_linear=0
shrinkage=0.04


Tree=3
num_leaves=31
num_cat=0
split_feature=12 30 6 22 22 30 22 27 6 22 22 24 22 33 22 22 30 7 12 30 26 25 30 30 30 7 30 30 6 27
split_gain=2.16805e+06 456138 309241 250027 97903.1 66360.1 58532.3 39317.7 34576.6 22014.2 21738.8 19263.9 15965.5 15804.6 14761.9 13793 12314.3 11910.3 9996.25 9927.08 8774.47 8518.43 7513.11 5996.7 5430.86 5140.57 5049.75 4923.87 4748.57 4637.27
threshold=35.350159716916671 7.653832255083338 0.37940952255126054 23.201653732555584 52.521048855222254 1.8047110355000042 16.382262547638913 14.117914256762713 0.37940952255126054 21.328923916222241 46.948670731527777 18.5645660197513 49.190807557305583 1.0000000180025095e-35 59.597974571416735 27.872406772250056 -5.4686147665833333 0.98296291314453421 29.729326090083337 0.86624360324999838 31.175328360754623 33.361311049437511 15.4369643515 2.9127877360000007 2.4935184164999975 0.25881904510252057 -1.4940345858333328 -4.2168444700833341 0.60355339059327384 3.4171826633078495
decision_type=2 2 2 2 2 2 2 2 2 2 2 2 2 2 2 2 2 2 2 2 2 2 2 2 2 2 2 2 2 2
left_child=1 3 12 5 7 6 13 10 15 -3 19 29 16 -1 25 -5 -2 -8 24 -4 -9 -13 -11 -20 -10 -6 -17 -14 -12 -7
right_child=2 9 4 8 14 11 17 20 18 22 28 21 27 -15 -16 26 -18 -19 23 -21 -22 -23 -24 -25 -26 -27 -28 -29 -30 -31
leaf_value=-0.94612931830860747 0.016413458325656393 0.38244964975594864 0.41228083325128234 -0.12519109689754307 0.960841717932303 -0.26549237066363468 -0.27031074416068285 0.8104787345285468 -0.011112023954642631 0.6045342546721636 0.570252656618633 -0.012423456491893295 0.30490754222181049 -0.45353657530701191 1.2653284450492475 -0.057261491347346691 0.25433884373508386 -0.43237866017203658 0.17499129597715829 0.63932077920264452 1.0536876386115355 0.32041513108590552 0.86992174157978586 0.4720145526043204 0.19835999660771486 1.2249157347296276 0.065120722958181665 0.55484534759270521 0.81270437726818145 -0.057621965344746909
leaf_weight=107 640 388 848 3767 848 725 8301 733 852 295 164 812 318 4003 495 1122 763 795 693 484 351 145 405 129 258 137 1039 209 610 225
leaf_count=107 640 388 848 3767 848 725 8301 733 852 295 164 812 318 4003 495 1122 763 795 693 484 351 145 405 129 258 137 1039 209 610 225
internal_value=6.47677e-10 -0.176164 0.642223 -0.214065 0.818241 -0.309231 -0.341082 0.693493 -0.0310831 0.624124 0.592743 -0.08866 0.216315 -0.466361 1.08712 -0.078978 0.145806 -0.284476 0.115874 0.494779 0.88923 0.0380066 0.75808 0.221604 0.0375761 0.997571 0.00157938 0.404029 0.761332 -0.21626
internal_weight=30661 24061 6600 22973 4670 15113 13206 3190 7860 1088 2106 1907 1930 4110 1480 5928 1403 9096 1932 1332 1084 957 700 822 1110 985 2161 527 774 950
internal_count=30661 24061 6600 22973 4670 15113 13206 3190 7860 1088 2106 1907 1930 4110 1480 5928 1403 9096 1932 1332 1084 957 700 822 1110 985 2161 527 774 950
is_linear=0
shrinkage=0.04


Tree=4
num_leaves=31
num_cat=0
split_feature=12 30 6 22 22 30 22 30 6 22 22 22 22 22 24 30 12 30 12 25 27 7 30 30 35 30 30 30 30 7
split_gain=1.99843e+06 413963 294557 224604 92883.2 61686.2 49520.4 39516.1 33705.5 22129.6 20201.4 19877.1 16018.4 15575.3 14234.6 13632 11855 11560.4 9380.71 8662.24 8125.18 7134.2 6931.16 6179.08 5837.75 5776.44 4778.46 4711.02 4707.4 3827.45
threshold=34.968778153250007 7.653832255083338 0.37940952255126054 22.595474441250015 50.911671630805593 2.3270337645833323 14.764133340944468 2.0910209798333317 0.37940952255126054 44.638239431416679 57.616755892138919 21.328923916222241 26.259236572138942 47.371649994777833 18.5645660197513 0.22456393691666857 1.0000000180025095e-35 -5.4686147665833333 28.175315592833339 35.727595675326391 14.639683550204632 0.25881904510252057 19.225511951416671 2.9127877360000007 24.750000000000004 -5.0128002280833313 -3.764597326583337 2.6915600868333356 -3.8756598344166648 0.25881904510252057
decision_type=2 2 2 2 2 2 2 2 2 2 2 2 2 2 2 2 2 2 2 2 2 2 2 2 2 2 2 2 2 2
left_child=1 3 13 5 7 6 16 9 12 28 21 -3 -5 17 -7 -8 -1 -2 27 -16 -9 -6 29 -20 -11 -15 -14 -10 -4 -13
right_child=2 11 4 8 10 14 15 20 18 24 -12 22 26 25 19 -17 -18 -19 23 -21 -22 -23 -24 -25 -26 -27 -28 -29 -30 -31
leaf_value=-0.90754435403006417 -0.010044942123907748 0.36715166240162456 0.11382218461969626 -0.14853145672576587 0.86088696359052186 -0.18531829941168165 -0.31667423910884634 0.71487640253368168 -0.041092399892015408 0.21852727168798447 1.1731097075080044 0.25909350013449078 -0.13481326746692743 0.261385216088589 0.016468946641886278 -0.20253576126966899 -0.47334337117633501 0.22628094248280625 0.14114429590468355 0.46943267923196164 0.9399697857518351 1.1476128560415706 0.87986028636835967 0.41142393928766252 0.68548270466753125 0.50405974682434196 -0.0014530342679894784 0.16852745921081969 0.4158939999110004 0.66214250574941225
leaf_weight=105 580 388 92 3404 1009 741 8227 475 722 45 691 42 514 371 680 2102 2406 772 878 75 558 161 277 160 891 272 2627 225 803 368
leaf_count=105 580 388 92 3404 1009 741 8227 475 722 45 691 42 514 371 680 2102 2406 772 878 75 558 161 277 160 891 272 2627 225 803 368
internal_value=-1.21248e-10 -0.17109 0.609533 -0.207154 0.781613 -0.303856 -0.332178 0.638653 -0.0446319 0.527053 1.00162 0.596025 -0.0884205 0.201975 -0.0607717 -0.293447 -0.4915 0.124899 0.0997494 0.0614653 0.836466 0.900342 0.725286 0.182806 0.663033 0.364041 -0.0232764 0.00871168 0.384843 0.620855
internal_weight=30661 23941 6720 22866 4725 14336 12840 2864 8530 1831 1861 1075 6545 1995 1496 10329 2511 1352 1985 755 1033 1170 687 1038 936 643 3141 947 895 410
internal_count=30661 23941 6720 22866 4725 14336 12840 2864 8530 1831 1861 1075 6545 1995 1496 10329 2511 1352 1985 755 1033 1170 687 1038 936 643 3141 947 895 410
is_linear=0
shrinkage=0.04


Tree=5
num_leaves=31
num_cat=0
split_feature=12 6 22 13 12 22 6 22 1 14 35 22 22 22 22 6 6 22 6 6 1 28 22 43 24 35 22 33 35 42
split_gain=1.8422e+06 295641 248628 175572 92699.6 49924.9 76621 39137.1 38436 28796.2 28099.9 24795.7 21154.8 16351 16032.1 15061.5 13620.2 12286 9546.35 9016.45 15892.9 7773.9 7359.88 7320.51 6922.12 6245.55 5549.36 5162.16 4630.74 4456.17
threshold=33.866717773500007 0.37940952255126054 21.848343079972285 19.33931160491667 49.779445540166677 15.377123358972236 0.12940952255126045 26.893337817777791 4.5000000000000009 22.972981437416667 64.450000000000017 57.616755892138919 41.6576814199653 9.7779782847679169 47.371649994777833 0.37940952255126054 0.78656609248549325 19.012363864388945 0.60355339059327384 1.0000000180025095e-35 4.5000000000000009 0.36229933502797829 25.9045789711667 135.6850786940056 24.668092477381947 33.050000000000004 24.057021980972269 1.0000000180025095e-35 20.950000000000006 1.0000000180025095e-35
decision_type=2 2 2 2 2 2 2 2 2 2 2 2 2 2 2 2 2 2 2 2 2 2 2 2 2 2 2 2 2 2
left_child=2 14 5 16 9 13 17 26 10 24 -8 18 -11 27 21 -9 23 -7 -6 -15 -21 -2 -18 -4 -3 -20 -5 -1 -14 -17
right_child=1 4 3 7 11 6 8 15 -10 12 -12 -13 28 19 -16 29 22 -19 25 20 -22 -23 -24 -25 -26 -27 -28 -29 -30 -31
leaf_value=-0.87164889065724493 0.4214768063227336 0.66159962957914997 0.73621598881601502 -0.17337281082045933 0.61200589076995848 -0.36431912368299252 -0.072165590689055897 -0.017650776037185546 -0.22702611483142332 0.32374249297047397 0.25807540369866527 1.126087521870931 0.013412590339070274 -0.4666148345328221 0.3494790592285606 0.26980820071405648 0.19330130622853753 -0.25751684224852245 0.64253680604504004 -0.19926223418144193 -0.41833296876647086 0.086389151383165497 0.62537919521331786 0.0047044450303782587 0.90023374519199906 0.9125686942452812 -0.092853082438997231 -0.55406047964096072 0.61323599621401226 0.10166071326828328
leaf_weight=106 120 392 453 2687 250 3210 1047 2485 1350 736 680 690 21 1095 643 382 177 3721 155 917 1255 1441 98 23 386 1183 2793 360 1063 742
leaf_count=106 120 392 453 2687 250 3210 1047 2485 1350 736 680 690 21 1095 643 382 177 3721 155 917 1255 1441 98 23 386 1183 2793 360 1063 742
internal_value=6.60442e-10 0.565848 -0.169891 -0.0164064 0.739628 -0.279803 -0.233237 -0.0649747 -0.0671275 0.576314 0.0578656 0.925884 0.489245 -0.404643 0.181388 0.0373058 0.571392 -0.306981 0.838894 -0.373026 -0.325843 0.112149 0.347278 0.70087 0.779997 0.881287 -0.132334 -0.626302 0.601616 0.158807
internal_weight=30661 7080 23581 9840 4876 13741 10008 9089 3077 2598 1727 2278 1820 3733 2204 3609 751 6931 1588 3267 2172 1561 275 476 778 1338 5480 466 1084 1124
internal_count=30661 7080 23581 9840 4876 13741 10008 9089 3077 2598 1727 2278 1820 3733 2204 3609 751 6931 1588 3267 2172 1561 275 476 778 1338 5480 466 1084 1124
is_linear=0
shrinkage=0.04


Tree=6
num_leaves=31
num_cat=0
split_feature=12 30 0 22 22 30 22 30 22 0 30 24 22 22 22 12 30 0 0 25 22 12 22 12 30 30 23 22 0 23
split_gain=1.69865e+06 366153 241937 195022 78243.5 48583.4 47384 31277.3 25945.9 25444.2 24109.6 17741.5 13532 13406.6 13195.2 10109.9 9961.4 9235.05 9049.47 8928.64 8146.01 7438.34 6890.25 6549.3 6256.58 5094.83 4909.63 4380.57 3921.8 3858.28
threshold=35.350159716916671 6.5892215266666643 10.500000000000002 23.098914948388934 53.914804237055613 1.095822717416665 16.888423834750039 0.97814606108333291 46.948670731527777 9.5000000000000018 13.89867375425 18.5645660197513 9.7779782847679169 51.755864314222237 27.872406772250056 27.211209830583336 -7.4043781490833327 1.0000000180025095e-35 2.5000000000000004 35.611093912739584 60.489861350083395 29.96661576366667 22.839268728166704 46.250810433000005 -4.0999703914999968 -1.4940345858333328 12.203030830402776 39.006525697250034 9.5000000000000018 46.150013517527782
decision_type=2 2 2 2 2 2 2 2 2 2 2 2 2 2 2 2 2 2 2 2 2 2 2 2 2 2 2 2 2 2
left_child=1 3 4 5 7 6 12 8 24 21 15 26 -1 16 -11 -3 29 -8 -13 23 -6 -5 -12 -9 -2 -16 -7 -18 -10 -4
right_child=2 10 13 9 20 11 17 19 28 14 22 18 -14 -15 25 -17 27 -19 -20 -21 -22 -23 -24 -25 -26 -27 -28 -29 -30 -31
leaf_value=-0.64265424655319803 0.10865786933802009 0.23345152827115404 -0.11022156725857196 0.040313339810409472 0.92871110544859903 -0.38382383495080669 -0.38572918777288506 0.63246435384527977 0.7119266923838603 -0.11312672547467832 0.52903350151253536 0.12722490496008043 -0.39433573781595521 0.40511605723728389 -0.053044717062813565 0.60734720523540786 0.10981872879425195 -0.23853505770219191 -0.094852131209609961 0.94665584962560534 1.1500798657165832 0.21504669011293159 0.79407353401184089 0.81567568820911451 0.41366050906583318 0.065390847093213814 -0.18452840637201551 0.28875510805676285 0.50417944520876556 0.094287894013511939
leaf_weight=385 123 448 246 1002 786 244 753 729 739 3953 272 473 3991 371 1147 156 355 7232 774 322 402 638 371 546 860 1178 1044 571 181 369
leaf_count=385 123 448 246 1002 786 244 753 729 739 3953 272 473 3991 371 1147 156 355 7232 774 322 402 638 371 546 860 1178 1044 571 181 369
internal_value=8.49391e-10 -0.155932 0.568465 -0.192413 0.723129 -0.277678 -0.310392 0.627923 0.518383 -0.032004 0.511492 -0.118161 -0.416183 0.189247 -0.0686527 0.330021 0.137276 -0.252416 -0.010616 0.758452 1.00362 0.108289 0.681957 0.710922 0.375496 0.00696264 -0.222283 0.220156 0.671055 0.0124841
internal_weight=30661 24061 6600 22814 4688 14896 12361 3500 1903 7918 1247 2535 4376 1912 6278 604 1541 7985 1247 1597 1188 1640 643 1275 983 2325 1288 926 920 615
internal_count=30661 24061 6600 22814 4688 14896 12361 3500 1903 7918 1247 2535 4376 1912 6278 604 1541 7985 1247 1597 1188 1640 643 1275 983 2325 1288 926 920 615
is_linear=0
shrinkage=0.04


Tree=7
num_leaves=31
num_cat=0
split_feature=12 30 0 22 28 30 22 12 22 30 30 0 30 22 28 30 12 12 22 30 12 6 30 22 23 30 30 0 22 22
split_gain=1.56583e+06 320001 251112 162454 80972.2 49291.5 31956.5 30168.9 29277.7 22751.1 18472.4 17310.3 15754.7 14233.3 13938.4 9711.99 9145.81 8962.42 8399.42 8397.02 7910.13 7494.39 5964.7 5960.52 5781.52 5293.79 5115.9 4695.23 4480.03 4093.39
threshold=33.866717773500007 7.0547153234999973 10.500000000000002 21.536665145000015 14.606700061472425 1.095822717416665 15.072286907194457 26.423037581333336 46.948670731527777 2.6915600868333356 13.89867375425 2.5000000000000004 0.04081476250000194 46.948670731527777 16.926660302232587 -3.764597326583337 1.0000000180025095e-35 13.963141341166668 40.86499460169447 1.6363866945000007 14.600374084500002 1.0000000180025095e-35 -3.987355537749997 22.839268728166704 19.540992243319444 -6.6287634407499985 -5.8017321689999983 9.5000000000000018 55.318189615722268 40.403528987777818
decision_type=2 2 2 2 2 2 2 2 2 2 2 2 2 2 2 2 2 2 2 2 2 2 2 2 2 2 2 2 2 2
left_child=1 3 4 5 8 6 16 19 9 18 24 17 26 15 28 29 -1 -7 -2 -5 -13 -8 -10 -12 -3 -15 -9 -24 -6 -4
right_child=2 10 13 7 14 11 21 12 22 -11 23 20 -14 25 -16 -17 -18 -19 -20 -21 -22 -23 27 -25 -26 -27 -28 -29 -30 -31
leaf_value=-0.81067049644106914 0.26751249282908296 0.17830475035234025 -0.084366064926456 -0.14216936732418339 0.74900827934179037 -0.086245648673552416 -0.30140264685080054 -0.22697017057789762 0.31155372471140147 0.67676205785765231 0.50787216139190339 -0.30528726437426451 0.13561478236983099 0.20182447547805896 1.037460508750303 0.20297280073490953 -0.4291916197917493 0.21273170823694035 0.46722049849325437 0.013958005441536281 -0.12260064932094379 -0.20749907214284563 0.76278011101126664 0.7565702699811272 0.4548853874996665 0.42650515147602591 -0.019713651621505401 0.52877162156614865 0.91935969035676179 0.098264862585557652
leaf_weight=105 648 236 425 5030 720 328 6250 206 57 549 272 570 1259 324 685 722 2375 314 702 619 1133 1738 1000 356 248 348 2542 159 376 365
leaf_count=105 648 236 425 5030 720 328 6250 206 57 549 272 570 1259 324 685 722 2375 314 702 619 1133 1738 1000 356 248 348 2542 159 376 365
internal_value=3.85861e-10 -0.15663 0.521679 -0.18941 0.680784 -0.28278 -0.319913 -0.0655138 0.557783 0.459652 0.50573 -0.11702 0.0184355 0.165006 0.895916 0.0969295 -0.445343 0.0599832 0.371361 -0.125061 -0.183746 -0.280971 0.711031 0.648854 0.320024 0.318177 -0.0352503 0.730677 0.80745 1.40472e-05
internal_weight=30661 23581 7080 22469 4896 12813 10468 9656 3115 1899 1112 2345 4007 2184 1781 1512 2480 642 1350 5649 1703 7988 1216 628 484 672 2748 1159 1096 790
internal_count=30661 23581 7080 22469 4896 12813 10468 9656 3115 1899 1112 2345 4007 2184 1781 1512 2480 642 1350 5649 1703 7988 1216 628 484 672 2748 1159 1096 790
is_linear=0
shrinkage=0.04


Tree=8
num_leaves=31
num_cat=0
split_feature=12 30 0 22 22 30 22 27 22 27 22 25 22 22 30 22 0 30 1 0 30 30 15 1 0 12 30 30 0 22
split_gain=1.44358e+06 311611 205315 166374 67538 42097.2 36287.5 28870.3 26739.8 20874.2 14597.1 13681.5 11638.9 11633.8 11238.4 10416.8 9719.55 8721.57 8175.88 8073.85 7943.69 7357.72 6276.83 5099.1 4975.7 4912.61 4330 4262.3 4114.07 3839.79
threshold=35.350159716916671 6.5892215266666643 10.500000000000002 22.424144580277837 52.521048855222254 1.6363866945000007 16.739675493861139 14.117914256762713 28.175538262250033 7.6423376226082462 46.948670731527777 32.856731741173618 9.7779782847679169 51.755864314222237 -1.2521739504999994 60.489861350083395 6.5000000000000009 -7.4043781490833327 4.5000000000000009 1.0000000180025095e-35 -2.2032066552062157 6.1530865599166722 18.071300390333338 4.5000000000000009 4.5000000000000009 31.207628482666671 -0.49332532175000127 9.9654447824166699 5.5000000000000009 39.006525697250034
decision_type=2 2 2 2 2 2 2 2 2 2 2 2 2 2 2 2 2 2 2 2 2 2 2 2 2 2 2 2 2 2
left_child=1 3 4 5 7 6 12 10 16 22 20 18 -1 17 -10 28 -5 -4 -7 -8 -2 -9 -3 -13 -11 -16 -18 -24 -6 -19
right_child=2 9 13 8 15 11 19 21 14 24 -12 23 -14 -15 25 -17 26 29 -20 -21 -22 -23 27 -25 -26 -27 -28 -29 -30 -31
leaf_value=-0.58388276732862721 0.16561152884028854 0.15371018520391214 0.0095283622899645475 0.077538837517840339 1.0258718727004361 -0.036966237962150289 -0.36178411843424491 0.66363130830247885 -0.032558595264309417 0.65980779779667886 0.61616867736078196 0.40995661860018706 -0.36087949566216571 0.37579977544170184 0.064627588143068473 1.0638301829437711 -0.13762923904404376 0.10054468972684527 -0.21146465552108681 -0.22436678648310435 0.43874454598400903 0.8916869440730314 0.24420292442902586 -0.048824535577984184 0.27495077892885372 0.202385097517749 -0.064677587936500761 0.5407508996353354 0.79481270167817419 0.26807260176196251
leaf_weight=413 200 265 615 501 142 886 759 762 1286 604 774 113 4013 371 954 402 3074 355 834 6932 1150 322 133 59 59 732 2258 186 936 571
leaf_count=413 200 265 615 501 142 886 759 762 1286 604 774 113 4013 371 954 402 3074 355 834 6932 1150 322 133 59 59 732 2258 186 936 571
internal_value=-5.09659e-10 -0.143748 0.524049 -0.177403 0.666528 -0.26304 -0.29044 0.563405 -0.0411513 0.471963 0.47768 -0.087563 -0.381688 0.174709 0.0565041 0.890053 -0.0909082 0.126296 -0.121578 -0.237928 0.39828 0.731375 0.297589 0.252584 0.62556 0.124437 -0.106736 0.417112 0.825249 0.203848
internal_weight=30661 24061 6600 22814 4688 14009 12117 3208 8805 1247 2124 1892 4426 1912 2972 1480 5833 1541 1720 7691 1350 1084 584 172 663 1686 5332 319 1078 926
internal_count=30661 24061 6600 22814 4688 14009 12117 3208 8805 1247 2124 1892 4426 1912 2972 1480 5833 1541 1720 7691 1350 1084 584 172 663 1686 5332 319 1078 926
is_linear=0
shrinkage=0.04


Tree=9
num_leaves=31
num_cat=0
split_feature=22 30 0 22 22 0 30 22 22 27 22 0 22 22 0 23 30 30 29 6 33 0 30 30 22 0 30 30 22 0
split_gain=1.31333e+06 279304 229514 122896 79044.2 39252.2 37275.6 24430.4 23215.4 21168.5 18082.2 17888.2 15132.3 12746.5 11623.5 8343.28 8319.96 7983.27 7855.01 7706.44 7366.45 7343.12 6573.39 6273.67 6161.88 4977.67 4861.7 4691.06 4581.3 4495.69
threshold=32.426038959555598 6.1530865599166722 10.500000000000002 20.843155292472265 49.190807557305583 5.5000000000000009 0.93824042166666743 25.296493159833364 14.377424000194468 7.6423376226082462 57.616755892138919 2.5000000000000004 41.6576814199653 47.371649994777833 9.5000000000000018 19.845201890041665 7.0547153234999973 2.0201633666666656 7.2723147128264785 1.0000000180025095e-35 1.0000000180025095e-35 5.5000000000000009 -2.5735644850000017 -3.8756598344166648 13.915278569833356 4.5000000000000009 -4.6678621414166654 -4.2168444700833341 41.6576814199653 9.5000000000000018
decision_type=2 2 2 2 2 2 2 2 2 2 2 2 2 2 2 2 2 2 2 2 2 2 2 2 2 2 2 2 2 2
left_child=1 3 4 6 5 16 8 17 20 15 21 18 -7 22 -9 -3 28 -5 -8 -10 -1 -6 -4 -14 -13 -11 -16 -15 -2 -23
right_child=2 9 13 7 10 12 11 14 19 25 -12 24 23 27 26 -17 -18 -19 -20 -21 -22 29 -24 -25 -26 -27 -28 -29 -30 -31
leaf_value=-0.75656553482340871 0.47270543315127989 0.15298825708156136 0.025916166916894651 -0.15118915989789022 0.9287533529455011 0.23086382424975888 -0.17995640772892987 0.10444784330529867 -0.29949076631832117 0.6212356903125078 0.96101269244457643 -0.32800978009783949 0.14577663720331407 0.21456149047381015 -0.1932739318193433 0.45152651414086548 0.81434351569461572 0.027276819024089089 0.13606144477218104 -0.2039102579214376 -0.41475555931900099 0.7149674308935059 0.17667802378433947 0.50096751210344848 -0.15170722610345672 0.20919651807523243 -0.032823892279418461 0.43703394722938543 0.67906635666818171 0.52717331835438341
leaf_weight=107 329 407 1041 5281 220 825 172 1035 5643 585 691 430 88 398 334 237 377 434 469 1774 1764 1070 833 830 1209 51 3169 245 361 252
leaf_count=107 329 407 1041 5281 220 825 172 1035 5643 585 691 430 88 398 334 237 377 434 469 1774 1764 1070 833 830 1209 51 3169 245 361 252
internal_value=-1.39672e-10 -0.149761 0.457623 -0.183447 0.613328 0.472158 -0.272817 -0.0826159 -0.308392 0.424508 0.790976 -0.127894 0.355189 0.145658 -0.013325 0.262854 0.663234 -0.137636 0.0512641 -0.27663 -0.434303 0.714779 0.0929304 0.466919 -0.197961 0.588195 -0.0481223 0.299329 0.580671 0.67917
internal_weight=30661 23101 7560 21821 5043 2810 11568 10253 9288 1280 2233 2280 1743 2517 4538 644 1067 5715 641 7417 1871 1542 1874 918 1639 636 3503 643 690 1322
internal_count=30661 23101 7560 21821 5043 2810 11568 10253 9288 1280 2233 2280 1743 2517 4538 644 1067 5715 641 7417 1871 1542 1874 918 1639 636 3503 643 690 1322
is_linear=0
shrinkage=0.04


Tree=10
num_leaves=31
num_cat=0
split_feature=12 30 6 22 22 30 22 30 6 22 22 22 25 25 27 7 22 30 27 22 30 30 22 31 30 24 30 26 2 6
split_gain=1.22792e+06 265377 173929 142940 57629.1 42708 37218.5 24759.6 19840.8 18685.2 12414.5 11035.9 10863.5 10297.9 8700.21 8642.16 7677 6810.83 6689.03 6239.56 5146.72 5008.79 4613.34 4098.42 4068.42 3985.33 3832.66 3788.83 3260.11 3185.59
threshold=35.350159716916671 7.653832255083338 0.37940952255126054 23.419380645138911 53.914804237055613 2.8031257199166686 16.888423834750039 0.97814606108333291 0.37940952255126054 46.948670731527777 21.328923916222241 9.7779782847679169 34.475023410204869 28.981887617305564 15.185273172327777 0.98296291314453421 30.343336763500023 2.2454738283333371 2.0966860468884416 61.707592420805582 -4.0999703914999968 19.225511951416671 28.935884065777817 -14.975119652445395 -7.4043781490833327 14.822466058861115 -4.5088973955833334 25.98373316014283 90.500000000000014 0.60355339059327384
decision_type=2 2 2 2 2 2 2 2 2 2 2 2 2 2 2 2 2 2 2 2 2 2 2 2 2 2 2 2 2 2
left_child=1 3 12 5 7 6 11 9 16 20 -3 -1 24 25 27 -8 26 22 -14 28 -4 -12 -10 -15 -2 -7 -5 -9 -6 -11
right_child=2 10 4 8 19 13 15 14 17 29 21 -13 18 23 -16 -17 -18 -19 -20 -21 -22 -23 -24 -25 -26 -27 -28 -29 -30 -31
leaf_value=-0.528645165057257 -0.031680561698899226 0.29635751475440819 0.070684888580950289 -0.22419088844410195 0.48514267607611056 -0.22232903270194165 -0.19140344729067418 0.42863420877073494 -0.019797850060455306 0.41383454276711901 0.49159443073221859 -0.32047886065227832 0.43946966613395305 -0.025814634174720883 0.76294296817868534 -0.3328801575722049 0.034309183780493961 0.22725946469700151 0.19707119081282973 1.0125589991402704 0.34764331339103705 0.71026817330353553 0.12330799156076142 0.33315724863892515 0.13888853423119657 -0.026712964407628437 -0.071184779265606346 0.61675706103607852 0.82083924469194913 0.60106973043520695
leaf_weight=447 403 388 123 279 49 208 8246 224 743 181 422 4609 237 73 643 754 1170 454 787 303 844 278 700 168 503 838 4284 728 836 739
leaf_count=447 403 388 123 279 49 208 8246 224 743 181 422 4609 237 73 643 754 1170 454 787 303 844 278 700 168 503 838 4284 728 836 739
internal_value=5.25612e-10 -0.132577 0.483322 -0.161486 0.615329 -0.231848 -0.252042 0.533253 -0.0199976 0.435188 0.477844 -0.338883 0.163908 -0.0113007 0.64927 -0.203256 -0.0571015 0.0921358 0.253173 0.855891 0.312415 0.578439 0.0496229 0.224423 0.0630173 -0.0656118 -0.0805402 0.572493 0.802253 0.564233
internal_weight=30661 24061 6600 22973 4670 15343 14056 3482 7630 1887 1088 5056 1930 1287 1595 9000 5733 1897 1024 1188 967 700 1443 241 906 1046 4563 952 885 920
internal_count=30661 24061 6600 22973 4670 15343 14056 3482 7630 1887 1088 5056 1930 1287 1595 9000 5733 1897 1024 1188 967 700 1443 241 906 1046 4563 952 885 920
is_linear=0
shrinkage=0.04


Tree=11
num_leaves=31
num_cat=0
split_feature=22 6 22 13 22 7 22 6 1 22 37 22 7 22 22 6 33 7 7 22 22 27 1 37 27 37 6 7 7 6
split_gain=1.11728e+06 207951 132347 131007 72555.6 38717 25046.7 49280.7 30008.4 23051.7 21021.6 17342.1 14714.8 12494.3 11392.5 8901.22 8537.22 6733.55 6322.3 6056.69 5857.21 5820.01 5811.64 5889.91 5683.52 4327.23 4246.11 6071.69 4358.16 4174.83
threshold=31.586063924333391 0.37940952255126054 20.466831723416743 18.157234049166668 48.313961355333383 0.25881904510252057 14.078020116722247 1.0000000180025095e-35 4.5000000000000009 25.174538362805606 156.58735600000003 55.941250520888914 0.60355339059327384 39.914741330388928 40.86499460169447 0.37940952255126054 1.0000000180025095e-35 0.25881904510252057 0.37940952255126048 18.133423670500004 54.566427213666692 14.117914256762713 4.5000000000000009 155.25092900000007 8.7919485485635693 97.288558000000009 0.12940952255126045 0.60355339059327384 0.91597561503675351 0.60355339059327384
decision_type=2 2 2 2 2 2 2 2 2 2 2 2 2 2 2 2 2 2 2 2 2 2 2 2 2 2 2 2 2 2
left_child=2 13 6 12 5 14 16 19 10 26 -9 17 24 -2 -3 -11 -1 29 -17 -8 -15 -7 23 -18 -4 -16 28 -28 -5 -6
right_child=1 4 3 9 11 21 7 8 -10 15 -12 -13 -14 20 25 18 22 -19 -20 -21 -22 -23 -24 -25 -26 -27 27 -29 -30 -31
leaf_value=-0.70403016378294747 0.044556518965276619 0.19570753120670425 0.091725228130818778 -0.13760216293650626 0.44920245680124948 0.49121498252524703 -0.32057749912833333 -0.072768751919445457 -0.21206381035702893 -0.048020077072315662 0.21713795322012033 0.8587613235683893 0.55400005596963797 0.1765066140333984 0.22099013447828458 0.050589274432558708 -0.32991905610192157 0.83495134797589532 0.3638120530377264 -0.23759833155568583 0.39712104060074205 0.68136299043847903 -0.38833325242961864 -0.11350797143736947 0.44398583048156331 0.44840074943259906 -0.080228344212575409 0.36177207236020065 -0.26723230838251638 0.63495502024184114
leaf_weight=106 1416 850 212 4716 237 427 2913 1186 1633 3271 604 889 544 1087 167 997 607 232 115 2723 234 649 1388 301 112 675 805 53 455 1057
leaf_count=106 1416 850 212 4716 237 427 2913 1186 1633 3271 604 889 544 1087 167 997 607 232 115 2723 234 649 1388 301 112 675 805 53 455 1057
internal_value=5.27172e-10 0.409156 -0.142497 -0.0452289 0.558101 0.418309 -0.238228 -0.20778 -0.0880668 -0.084588 0.0250545 0.718325 0.426899 0.127103 0.299011 -0.0147839 -0.353064 0.636512 0.0829819 -0.280487 0.215586 0.605905 -0.336861 -0.258179 0.213494 0.403297 -0.135335 -0.0529253 -0.149008 0.600934
internal_weight=30661 7920 22741 11280 5183 2768 11461 9059 3423 10412 1790 2415 868 2737 1692 4383 2402 1526 1112 5636 1321 1076 2296 908 324 842 6029 858 5171 1294
internal_count=30661 7920 22741 11280 5183 2768 11461 9059 3423 10412 1790 2415 868 2737 1692 4383 2402 1526 1112 5636 1321 1076 2296 908 324 842 6029 858 5171 1294
is_linear=0
shrinkage=0.04


Tree=12
num_leaves=31
num_cat=0
split_feature=12 30 0 12 22 27 22 30 22 30 0 22 30 30 22 30 30 35 30 30 12 25 33 22 30 0 22 0 12 22
split_gain=1.04454e+06 243461 135171 131064 45350.1 31936.9 27448.4 22427.3 22093.6 20808 13527.8 13465.6 10496.9 9675.96 8618.03 8464.12 8058.4 6919.15 6465.41 6435.34 6695.19 6418.65 6124.65 5577.71 4860.07 4612.23 3724.33 3666.49 3347.73 3251.57
threshold=36.501839981821526 4.9999727698333354 10.500000000000002 22.257168790833337 53.914804237055613 6.1299031267463375 14.859417613111123 0.5158092611666697 28.546940603555566 0.97814606108333291 2.5000000000000004 46.948670731527777 -8.7748265215833303 -1.4940345858333328 19.077186599333348 -0.046536185916668409 0.6358419498333322 64.450000000000017 19.225511951416671 7.0547153234999973 46.250810433000005 34.805843879704867 1.0000000180025095e-35 61.707592420805582 -4.5088973955833334 2.5000000000000004 16.130602187916697 4.5000000000000009 31.207628482666671 25.541840307859783
decision_type=2 2 2 2 2 2 2 2 2 2 2 2 2 2 2 2 2 2 2 2 2 2 2 2 2 2 2 2 2 2
left_child=1 3 4 6 9 17 16 14 15 11 -9 24 -4 -10 -8 -5 22 26 27 20 -11 -14 -1 -6 -2 -18 -3 -7 -15 -20
right_child=2 5 12 8 23 18 7 10 13 19 -12 -13 21 28 -16 -17 25 -19 29 -21 -22 -23 -24 -25 -26 -27 -28 -29 -30 -31
leaf_value=-0.6772170751339921 0.059443909254824297 -0.12985162460392918 0.027883607900756023 -0.11119087045403872 0.73886643398077478 0.45645316639413497 -0.27061042015698183 0.10709832107656606 -0.035295782794165946 0.45919963919036977 -0.1386590686187622 0.51858920420965426 0.13064785568226625 0.055304805123572061 -0.1889901878395682 -0.010232915784875306 -0.083341126141329519 0.28451923208280666 0.53874179986390203 0.76853510702996997 0.65276326910071425 0.32180530947260866 -0.36649956580185439 0.93770618224694791 0.33678162567308023 -0.29260638639657849 0.12083528611278772 0.20078500723949189 0.16407909746310875 0.79470596534161531
leaf_weight=107 116 145 606 4226 885 531 4403 446 1202 508 1824 920 519 883 3906 1938 229 305 231 329 654 613 1975 303 787 638 274 108 929 121
leaf_count=107 116 145 606 4226 885 531 4403 446 1202 508 1824 920 519 883 3906 1938 229 305 231 329 654 613 1975 303 787 638 274 108 929 121
internal_value=-3.85597e-10 -0.118016 0.461869 -0.152726 0.577542 0.341533 -0.231883 -0.2018 -0.0360521 0.501531 -0.0903737 0.410886 0.162238 0.0527001 -0.232241 -0.0794491 -0.339799 0.139584 0.489072 0.61236 0.568142 0.234163 -0.382468 0.789581 0.301155 -0.237333 0.0340821 0.413242 0.111073 0.626729
internal_weight=30661 24421 6240 22706 4502 1715 13528 10579 9178 3314 2270 1823 1738 3014 8309 6164 2949 724 991 1491 1162 1132 2082 1188 903 867 419 639 1812 352
internal_count=30661 24421 6240 22706 4502 1715 13528 10579 9178 3314 2270 1823 1738 3014 8309 6164 2949 724 991 1491 1162 1132 2082 1188 903 867 419 639 1812 352
is_linear=0
shrinkage=0.04


Tree=13
num_leaves=31
num_cat=0
split_feature=12 30 0 12 28 22 30 30 30 30 30 12 0 25 30 0 35 22 30 22 12 22 25 22 22 22 0 28 30 22
split_gain=962650 224374 124573 121354 42027.1 32188.3 29243.6 15906.9 15387.6 15116.7 13261.1 12784.7 9865.16 9764.89 9673.97 9565.1 8409.78 8017.77 7375.37 7271.24 7228.43 7192.42 5923.25 5475.96 3958.27 3647.43 3618.71 3460.29 3298.02 3158.38
threshold=36.501839981821526 4.9999727698333354 10.500000000000002 23.9481917315 14.606700061472425 16.4635970880278 9.9654447824166699 0.5158092611666697 0.04081476250000194 -3.8756598344166648 0.43768530633333308 47.971638427750001 2.5000000000000004 37.417015610618058 -8.7748265215833303 2.5000000000000004 62.250000000000007 20.322412673805584 4.1962110634166665 18.703871618500028 29.079799658333339 8.5376631517500261 33.591669782279403 29.689218335194482 16.130602187916697 58.707559819972296 9.5000000000000018 15.712953735861703 -5.8017321689999983 43.674596232138917
decision_type=2 2 2 2 2 2 2 2 2 2 2 2 2 2 2 2 2 2 2 2 2 2 2 2 2 2 2 2 2 2
left_child=1 3 4 5 9 10 16 17 23 -2 21 18 -12 25 29 -9 24 -7 -11 -8 -10 -1 -16 28 -3 -6 -13 -21 -5 -4
right_child=2 6 14 8 13 7 19 15 20 11 12 26 -14 -15 22 -17 -18 -19 -20 27 -22 -23 -24 -25 -26 -27 -28 -29 -30 -31
leaf_value=-0.58818089948224195 0.10386135439928725 -0.14482130985076611 -0.078575104442353438 -0.25556971929635208 0.60375601264963985 -0.23097659765661566 0.21490772201498942 0.15386500281977586 0.01901656935250591 0.36137571939546381 -0.035158106483806288 0.61564014085210295 -0.26072864787101063 0.83504256798023213 0.11194618238123727 -0.1043083548851237 0.29949697337471526 -0.15331891398948011 0.58240507821438736 0.48563802568799769 0.16856957601595476 -0.32350404451408993 0.29898409700858386 0.014096348559873881 0.11588370149711708 0.79146296690006068 0.40153044308701613 0.68388755054397377 -0.067834240273696819 0.1059280196710818
leaf_weight=173 181 130 260 157 920 4533 134 261 1258 1191 441 936 1046 623 449 1909 364 4008 303 571 878 3256 683 1557 329 202 146 187 3229 346
leaf_count=173 181 130 260 157 920 4533 134 261 1258 1191 441 936 1046 623 449 1909 364 4008 303 571 878 3256 683 1557 329 202 146 187 3229 346
internal_value=5.06114e-10 -0.113295 0.443395 -0.146617 0.554441 -0.208856 0.327872 -0.169964 -0.00922253 0.45721 -0.293595 0.482038 -0.193831 0.708059 0.155749 -0.0732562 0.155912 -0.194534 0.406203 0.486529 0.0804901 -0.336858 0.224797 -0.0479897 0.0420457 0.63755 0.586749 0.534547 -0.076539 0.0267683
internal_weight=30661 24421 6240 22706 4502 15627 1715 10711 7079 2757 4916 2576 1487 1745 1738 2170 823 8541 1494 892 2136 3429 1132 4943 459 1122 1082 758 3386 606
internal_count=30661 24421 6240 22706 4502 15627 1715 10711 7079 2757 4916 2576 1487 1745 1738 2170 823 8541 1494 892 2136 3429 1132 4943 459 1122 1082 758 3386 606
is_linear=0
shrinkage=0.04


Tree=14
num_leaves=31
num_cat=0
split_feature=12 30 6 12 28 30 22 30 21 22 22 25 7 32 30 35 33 30 30 27 22 30 30 22 21 22 22 22 30 25
split_gain=888029 178922 150778 88262 52111.9 27384.8 21397 19296.5 19131 14488.8 10106 9480.44 8667.03 8353.32 7303.2 6709.44 6670.05 6449.77 5956.2 5940.9 5807.09 5611.26 5056.27 4771.27 3902.58 3884 3586.26 3500.97 3499.97 3324.55
threshold=32.87884910475001 4.9999727698333354 0.37940952255126054 21.621331535166672 14.606700061472425 12.319245682500002 14.764133340944468 0.48874694016666714 44.465179622250012 26.139612294027803 39.914741330388928 38.42084173895487 0.78656609248549303 -5.1302650635833311 -3.764597326583337 64.450000000000017 1.0000000180025095e-35 -7.4043781490833327 -0.61216533191666389 10.641922898504982 18.133423670500004 -0.26023969308333322 1.2142745931666623 23.969016474138925 54.565469254500009 16.130602187916697 55.318189615722268 40.86499460169447 -3.1575543129166674 37.553056729604172
decision_type=2 2 2 2 2 2 2 2 2 2 2 2 2 2 2 2 2 2 2 2 2 2 2 2 2 2 2 2 2 2
left_child=1 3 10 6 8 15 16 20 19 21 14 26 -9 28 -2 25 -1 -12 -11 27 -8 -5 -18 -7 -15 -3 -6 -4 -10 -19
right_child=2 5 4 9 11 23 7 12 13 18 17 -13 -14 24 -16 -17 22 29 -20 -21 -22 -23 -24 -25 -26 -27 -28 -29 -30 -31
leaf_value=-0.62670009880422439 -0.090838693457986078 -0.13458039530498142 0.1781264101308451 -0.13048727745785405 0.56685709244189275 0.39069454017259347 -0.26090375055808901 -0.13310039258388121 0.079838075825801255 -0.045915629403367512 0.091993425367022277 0.82748822902276264 0.051315475864240019 0.51711363656131526 0.119011866581358 0.27318826434179527 -0.33350148157239323 0.21108647260906174 0.053605438922194486 0.41421918525225238 -0.19059124273429928 -0.043435373421350162 -0.20153880283713141 0.60388463209072751 0.70634347931852615 0.11530849431849756 0.70257553048775745 0.33560449016372362 0.39500379790207918 0.38949868291913275
leaf_weight=107 465 136 568 3377 777 403 3406 1628 65 1982 567 492 544 1136 618 365 2132 500 1870 475 4193 1825 594 288 206 371 520 375 425 251
leaf_count=107 465 136 568 3377 777 403 3406 1628 65 1982 567 492 544 1136 618 365 2132 500 1870 475 4193 1825 594 288 206 371 520 375 425 251
internal_value=4.59668e-10 -0.12185 0.380307 -0.151678 0.504605 0.291464 -0.220117 -0.192054 0.409168 -0.0564046 0.119441 0.677983 -0.0869115 0.494549 0.0289098 0.14242 -0.316907 0.19383 0.00239808 0.298859 -0.222106 -0.0999472 -0.304747 0.479549 0.546161 0.0482772 0.62127 0.24075 0.353196 0.270716
internal_weight=30661 23221 7440 21658 5039 1563 12604 9771 3250 9054 2401 1789 2172 1832 1083 872 2833 1318 3852 1418 7599 5202 2726 691 1342 507 1297 943 490 751
internal_count=30661 23221 7440 21658 5039 1563 12604 9771 3250 9054 2401 1789 2172 1832 1083 872 2833 1318 3852 1418 7599 5202 2726 691 1342 507 1297 943 490 751
is_linear=0
shrinkage=0.04


Tree=15
num_leaves=31
num_cat=0
split_feature=12 30 0 22 12 30 30 22 0 22 26 22 6 30 25 22 30 30 30 30 33 26 23 24 0 23 30 18 30 30
split_gain=818407 165067 139217 80154.7 48374.9 30672.3 24740 19265.1 14160 12427.9 12183.8 9836.77 9499.97 9271.27 8915.18 8352.83 7035.98 6204.55 5125.22 4857.13 4829.44 4632.99 4116.36 3795.83 3687.72 3521.87 3510.94 3245.09 3032.94 3007.85
threshold=32.87884910475001 7.653832255083338 10.500000000000002 21.536665145000015 49.779445540166677 2.4935184164999975 4.564715816000005 14.078020116722247 9.5000000000000018 41.306695198694477 31.834766044720734 46.948670731527777 1.0000000180025095e-35 17.402088350500005 32.856731741173618 25.296493159833364 -3.764597326583337 -3.8756598344166648 -3.1575543129166674 2.4202369951666829 1.0000000180025095e-35 34.884133405053902 19.189990108902776 15.232311576493055 9.5000000000000018 41.684387759041677 -8.7748265215833303 36.132150098155797 12.319245682500002 -3.764597326583337
decision_type=2 2 2 2 2 2 2 2 2 2 2 2 2 2 2 2 2 2 2 2 2 2 2 2 2 2 2 2 2 2
left_child=1 3 4 5 6 7 9 20 19 -2 17 16 -9 22 23 -10 25 -6 -11 -5 -1 -12 -3 -7 -19 -4 -13 -16 -8 -17
right_child=2 13 11 8 10 14 28 12 15 18 21 26 -14 -15 27 29 -18 24 -20 -21 -22 -23 -24 -25 -26 -27 -28 -29 -30 -31
leaf_value=-0.60018502604286628 0.1968650275277985 0.1476166845466626 -0.13367237207453905 0.012188237576459924 0.21175006298409713 -0.17818997518391505 0.54255192215048431 -0.22609639308263826 -0.11407421193250196 0.1141643832532727 0.65860924301987478 0.11999991333459917 -0.13647286024403488 0.5194273599914988 0.43174453949386427 -0.12857206072819533 0.14253366049544486 0.58931003195223086 0.41603383913027164 0.16368018532520343 -0.32284485019658166 0.83286809964006359 0.36571708221978211 -0.013752573300258251 0.38877459080720494 0.038352618675307766 0.3106376772827259 -0.006585674010790311 0.75223959057043632 -0.016964591433546533
leaf_weight=106 936 236 288 1246 91 301 508 6910 3978 98 772 241 2606 443 88 439 856 882 1101 465 1922 357 335 885 176 562 431 39 141 3222
leaf_count=106 936 236 288 1246 91 301 508 6910 3978 98 772 241 2606 443 88 439 856 882 1101 465 1922 357 335 885 176 562 431 39 141 3222
internal_value=-6.24604e-10 -0.116976 0.365095 -0.139765 0.483689 -0.204571 0.371835 -0.225407 -0.0506516 0.306092 0.620389 0.112645 -0.201553 0.38211 -0.0213782 -0.0739482 0.0615858 0.52869 0.391361 0.0533593 -0.337341 0.713711 0.275574 -0.0554858 0.555951 -0.0199335 0.242269 0.297139 0.588108 -0.0303477
internal_weight=30661 23221 7440 22207 5062 12857 2784 11544 9350 2135 2278 2378 9516 1014 1313 7639 1706 1149 1199 1711 2028 1129 571 1186 1058 850 672 127 649 3661
internal_count=30661 23221 7440 22207 5062 12857 2784 11544 9350 2135 2278 2378 9516 1014 1313 7639 1706 1149 1199 1711 2028 1129 571 1186 1058 850 672 127 649 3661
is_linear=0
shrinkage=0.04


Tree=16
num_leaves=31
num_cat=0
split_feature=12 30 6 12 22 22 27 22 30 30 30 30 22 30 0 0 25 22 12 0 30 22 22 29 22 30 30 0 2 2
split_gain=755443 176518 98071.2 95618.9 27434.3 26188.6 23777.7 21555.1 13434.5 12721.7 11578.6 10687 11619.7 10564.4 10503.8 8165.19 7730.17 6510.65 5958.93 5611.22 4519.45 4339.08 3605.52 3415.88 3410.84 3341.6 3335.71 3280.3 2840.7 2631.52
threshold=36.501839981821526 4.9999727698333354 0.60355339059327384 23.9481917315 53.914804237055613 17.205564941361139 7.6423376226082462 53.44313355033335 0.4112770612500008 0.04081476250000194 -1.6176762738333303 5.538512133916667 44.638239431416679 0.48874694016666714 2.5000000000000004 2.5000000000000004 28.981887617305564 10.193383117055573 29.079799658333339 1.0000000180025095e-35 -1.9416158410000006 30.343336763500023 39.914741330388928 13.877069341310923 61.707592420805582 -0.98518230000000429 -5.8017321689999983 11.500000000000002 192.50000000000003 44.500000000000007
decision_type=2 2 2 2 2 2 2 2 2 2 2 2 2 2 2 2 2 2 2 2 2 2 2 2 2 2 2 2 2 2
left_child=1 3 7 5 11 8 16 10 17 21 22 12 -4 19 -10 -15 27 -1 -11 -7 -9 26 -2 -8 29 -14 -5 -3 -24 -6
right_child=2 6 4 9 24 13 23 20 14 18 -12 -13 25 15 -16 -17 -18 -19 -20 -21 -22 -23 28 -25 -26 -27 -28 -29 -30 -31
leaf_value=-0.45233683498351052 -0.045813505700538756 0.10928679405137727 0.30328030085074575 -0.23109137902657192 0.3437908853441477 -0.27207872028699631 0.39008882835507391 0.30372273863394217 -0.013010236773475566 0.017796661951860474 0.27350532573221192 0.63349199148966917 0.38739785443550395 0.20493353709888953 -0.2237048225906719 -0.086692830247463618 0.31015800857623538 -0.27522803160800691 0.15358329820079658 -0.15473926587458506 0.54284039137428375 0.018054902752028309 0.021496978387159787 0.56372933358362276 0.83275145772087134 0.52193580893544644 -0.057140261749754714 -0.15604531487856788 0.16305477709410501 0.67748851530458754
leaf_weight=364 353 521 847 186 40 719 478 249 544 1258 620 457 397 168 1245 1794 337 3789 878 7004 257 1346 388 292 241 1154 3411 87 546 691
leaf_count=364 353 521 847 186 40 719 478 249 544 1258 620 457 397 168 1245 1794 337 3789 878 7004 257 1346 388 292 241 1154 3411 87 546 691
internal_value=-5.13188e-10 -0.100364 0.392787 -0.129919 0.518705 -0.185166 0.290937 0.193082 -0.251276 -0.00796047 0.1315 0.456215 0.422431 -0.144607 -0.159637 -0.0617218 0.156493 -0.290751 0.0736116 -0.165663 0.425172 -0.0432099 0.0630898 0.455937 0.702252 0.487499 -0.0661352 0.0713199 0.104249 0.659229
internal_weight=30661 24421 6240 22706 3827 15627 1715 2413 5942 7079 1907 2855 2398 9685 1789 1962 945 4153 2136 7723 506 4943 1287 770 972 1551 3597 608 934 731
internal_count=30661 24421 6240 22706 3827 15627 1715 2413 5942 7079 1907 2855 2398 9685 1789 1962 945 4153 2136 7723 506 4943 1287 770 972 1551 3597 608 934 731
is_linear=0
shrinkage=0.04


Tree=17
num_leaves=31
num_cat=0
split_feature=12 30 12 0 22 22 27 30 30 30 22 30 0 22 30 12 22 0 22 35 35 0 23 27 22 23 22 0 30 22
split_gain=696362 165751 90177.7 87740.3 30162.6 24285.4 22715.3 15449.8 14017.3 12273.3 8194.77 8021.14 7903.94 7812.86 7627.7 6756.54 5741.55 5621.38 4906.92 4788.73 4744.4 4623.83 4236.54 3995.54 3939.58 3694.66 3306.25 2904.15 2837.29 2683.26
threshold=36.86417284325001 4.9999727698333354 23.9481917315 10.500000000000002 52.521048855222254 15.658719973638904 6.1299031267463375 1.4644236081666719 0.73232037691666652 -0.1716392987499997 19.88005507013894 0.6358419498333322 2.5000000000000004 44.638239431416679 -7.4043781490833327 28.699276953416668 60.489861350083395 2.5000000000000004 8.5376631517500261 24.750000000000004 64.450000000000017 4.5000000000000009 20.992762208583333 16.617182608667324 30.343336763500023 58.530652531097225 43.674596232138917 5.5000000000000009 -5.8017321689999983 16.130602187916697
decision_type=2 2 2 2 2 2 2 2 2 2 2 2 2 2 2 2 2 2 2 2 2 2 2 2 2 2 2 2 2 2
left_child=1 2 5 4 7 11 20 13 10 24 -7 18 -10 -2 26 -11 27 -13 -1 -15 29 22 -8 -9 28 -16 -5 -6 -4 -3
right_child=3 6 9 14 16 8 21 23 12 15 -12 17 -14 19 25 -17 -18 -19 -20 -21 -22 -23 -24 -25 -26 -27 -28 -29 -30 -31
leaf_value=-0.50147084532203257 0.22116954398126765 -0.1153874158365973 -0.22184772430648728 -0.064181982751070246 0.74293111747419338 -0.20557332024256422 0.32518424009240193 0.46628209215009692 0.12280960746798898 0.0074721704163293228 -0.13189456513322573 -0.030805102891350394 -0.089209091145327254 0.018173902149383837 0.18405909026679473 0.13719699292576978 0.75149767377483312 -0.23086358645651006 -0.28662805199336544 0.41127226103743109 0.2311383401677623 0.16250300524490222 0.50392937008568683 0.62803679911838983 0.011717049977355841 0.44569122754037382 0.10918695550377447 0.54879936401815843 -0.060906644471167476 0.097396754258359877
leaf_weight=182 681 145 186 297 142 4928 345 804 335 1523 4737 317 1756 52 860 1111 402 772 2600 1067 305 112 551 351 1326 96 432 936 3036 274
leaf_count=182 681 145 186 297 142 4928 345 804 335 1523 4737 317 1756 52 860 1111 402 772 2600 1067 305 112 551 351 1326 96 432 936 3036 274
internal_value=-3.24616e-10 -0.0951949 -0.123841 0.381729 0.475083 -0.17776 0.282048 0.401259 -0.149146 -0.00652095 -0.169462 -0.264658 -0.0552415 0.327994 0.136014 0.0621891 0.622483 -0.172628 -0.300683 0.393005 0.111123 0.404815 0.435105 0.515439 -0.0463147 0.210332 0.0385552 0.574371 -0.0701975 0.0237602
internal_weight=30661 24541 22809 6120 4435 15627 1732 2955 11756 7182 9665 3871 2091 1800 1685 2634 1480 1089 2782 1119 724 1008 896 1155 4548 956 729 1078 3222 419
internal_count=30661 24541 22809 6120 4435 15627 1732 2955 11756 7182 9665 3871 2091 1800 1685 2634 1480 1089 2782 1119 724 1008 896 1155 4548 956 729 1078 3222 419
is_linear=0
shrinkage=0.04


Tree=18
num_leaves=31
num_cat=0
split_feature=22 6 22 13 28 22 6 1 26 22 0 22 22 0 28 7 0 32 27 22 22 27 33 22 0 7 7 35 27 21
split_gain=635919 119395 77646.9 77730.2 35680.4 25156.2 16932.7 34386.6 25761 13591.6 12838.5 11766 9201.44 8783.96 7386.84 7047.06 6778.06 6154.27 6148.46 5214.1 4178.46 3748.16 3550.6 3421.87 3350.92 3337.68 2932.37 2886.31 2862.2 2826.73
threshold=31.586063924333391 0.60355339059327384 20.396116708611139 18.803288183833338 14.06191534097449 51.755864314222237 1.0000000180025095e-35 4.5000000000000009 26.021740348691441 25.062014599722264 3.5000000000000004 46.948670731527777 12.236663024583338 5.5000000000000009 16.926660302232587 0.91597561503675351 6.5000000000000009 -21.500883821666665 3.878010518746184 39.914741330388928 63.038278933416699 8.7919485485635693 0.27895881419319685 40.403528987777818 22.500000000000004 -0.9159756150367534 -0.9159756150367534 32.350000000000009 0.59042808633496435 16.249410900500006
decision_type=2 2 2 2 2 2 2 2 2 2 2 2 2 2 2 2 2 2 2 2 2 2 2 2 2 2 2 2 2 2
left_child=2 5 6 10 11 19 15 8 18 24 -4 13 -9 -3 -6 22 -11 -10 -8 28 26 -12 -1 -15 -5 -21 -7 -13 -2 -14
right_child=1 4 3 9 14 20 7 12 17 16 21 27 29 23 -16 -17 -18 -19 -20 25 -22 -23 -24 -25 -26 -27 -28 -29 -30 -31
leaf_value=-0.53528261267409039 0.21249172420644047 0.4101614542996011 0.42907473186070066 -0.097850381644903561 0.52936181444342778 0.24174022485071153 -0.1501362922833441 -0.3388733380067776 -0.18593260136934425 0.13267441640648683 0.057116594211094912 0.24590096744894982 -0.22755660264649535 0.16185805779592743 0.70365471109253774 -0.28860212787379103 -0.029750754741062476 0.18629040413997136 0.063988622181738425 0.09685904618600448 0.63100418469844721 0.32319671915968257 -0.19268393526936689 0.30337995990690203 -0.2245823688887873 0.23487837402171746 0.42195387284117425 0.49818434877196949 0.0194107085532935 -0.13306290846004867
leaf_weight=49 134 656 572 5595 1212 335 1353 809 78 458 288 80 992 609 573 2014 4012 800 255 809 78 120 3956 496 355 429 254 780 1475 1035
leaf_count=49 134 656 572 5595 1212 335 1353 809 78 458 288 80 992 609 573 2014 4012 800 255 809 78 120 3956 496 355 429 254 780 1475 1035
internal_value=-1.36213e-10 0.308681 -0.107504 -0.0337834 0.447379 0.134776 -0.181609 -0.12963 -0.0210329 -0.0658152 0.3068 0.353441 -0.224825 0.294216 0.585311 -0.227568 -0.0131085 0.153223 -0.11618 0.0829738 0.355888 0.135375 -0.196876 0.225383 -0.105412 0.144686 0.319455 0.474716 0.0354908 -0.179307
internal_weight=30661 7920 22741 11400 4406 3514 11341 5322 2486 10420 980 2621 2836 1761 1785 6019 4470 878 1608 2847 667 408 4005 1105 5950 1238 589 860 1609 2027
internal_count=30661 7920 22741 11400 4406 3514 11341 5322 2486 10420 980 2621 2836 1761 1785 6019 4470 878 1608 2847 667 408 4005 1105 5950 1238 589 860 1609 2027
is_linear=0
shrinkage=0.04


Tree=19
num_leaves=31
num_cat=0
split_feature=12 30 12 30 12 30 22 22 30 30 22 26 35 0 30 42 23 12 22 33 30 12 12 1 25 38 35 12 30 42
split_gain=591678 143852 77890.2 76515.2 29274 25976.5 16724.3 13954.8 12760.1 11129.8 8448.1 7888.89 7816.83 7574.29 7158.68 6299.52 5347.04 5281.62 5183.79 4632.83 4298.1 3756.26 3628.81 3344.55 2917.23 2787.16 2759.52 2721.2 2692.32 2538.55
threshold=36.86417284325001 4.1962110634166665 22.17353806991667 -3.0662363448333347 49.779445540166677 9.9654447824166699 14.764133340944468 27.155233176194447 3.2639159501666684 0.099303721583333462 48.313961355333383 34.884133405053902 64.450000000000017 2.5000000000000004 -1.5248846968333358 629.25287398839464 20.992762208583333 41.102814550666672 18.133423670500004 1.0000000180025095e-35 -0.85463847283333105 13.677909053500002 30.448823787333335 4.5000000000000009 28.647342150038199 27.925000000000008 62.250000000000007 55.653911214166676 9.9654447824166699 629.25287398839464
decision_type=2 2 2 2 2 2 2 2 2 2 2 2 2 2 2 2 2 2 2 2 2 2 2 2 2 2 2 2 2 2
left_child=1 2 6 10 8 12 19 20 17 18 -2 15 21 -11 -9 27 -7 -5 -8 -1 -4 -3 -16 -14 -21 -18 -12 -6 -10 -19
right_child=3 5 7 4 11 16 9 14 28 13 26 -13 23 -15 22 -17 25 29 -20 24 -22 -23 -24 -25 -26 -27 -28 -29 -30 -31
leaf_value=-0.52562196707614117 0.023195481586196786 -0.13131742863551429 -0.10995023119775597 0.17790039397043891 0.50017806365929807 0.287069730121981 -0.22311662456263243 -0.040215219774948484 0.44224122936934429 0.05467568588256836 0.17946106923913416 0.70246407327980831 0.30746307533946715 -0.11936521287265965 0.023417807217684557 0.36048070217259887 0.525277989981488 0.35738586075890227 -0.15504654352574887 -0.27068303300005642 -0.037386613360565805 0.077999249848507785 0.11992706273289488 0.075220031523818356 -0.12683702926559143 0.26680384218692782 0.41027426686286933 0.61449175584828486 0.63278646456528898 0.22036138916127784
leaf_weight=107 890 184 2489 552 954 418 3049 1565 451 475 484 377 319 2537 1324 397 403 963 4335 2398 2748 539 1178 144 249 80 100 512 161 279
leaf_count=107 890 184 2489 552 954 418 3049 1565 451 475 484 377 319 2537 1324 397 403 963 4335 2398 2748 539 1178 144 249 80 100 512 161 279
internal_value=-6.1063e-11 -0.0877484 -0.117273 0.351868 0.431533 0.229908 -0.179938 -0.028704 0.334652 -0.156721 0.100767 0.535594 0.106907 -0.0919185 0.0268853 0.501825 0.391816 0.28085 -0.183154 -0.267582 -0.0718741 0.0247292 0.0688566 0.235232 -0.257152 0.482467 0.218984 0.540102 0.492368 0.326605
internal_weight=30661 24541 22454 6120 4646 2087 13150 9304 2406 10396 1474 2240 1186 3012 4067 1863 901 1794 7384 2754 5237 723 2502 463 2647 483 584 1466 612 1242
internal_count=30661 24541 22454 6120 4646 2087 13150 9304 2406 10396 1474 2240 1186 3012 4067 1863 901 1794 7384 2754 5237 723 2502 463 2647 483 584 1466 612 1242
is_linear=0
shrinkage=0.04


Tree=20
num_leaves=31
num_cat=0
split_feature=12 30 6 22 12 30 22 30 22 6 12 1 30 29 12 35 30 7 30 35 23 12 22 22 30 12 1 12 30 30
split_gain=545640 113111 94359.3 57227.7 28145.4 22976.7 20443.3 13817.3 12155.2 12283.6 11586 9422.13 8853.43 6692.47 6502.19 6157.44 5620.7 5275.86 4959.25 3972.26 3762.14 3743.09 3596.98 3486.65 3080.94 2838.49 2791.06 2380.23 2364.6 2340.9
threshold=32.87884910475001 4.1962110634166665 0.60355339059327384 20.757987721000045 49.374502718333339 12.319245682500002 51.755864314222237 4.564715816000005 14.078020116722247 1.0000000180025095e-35 25.470747745916668 4.5000000000000009 -1.6479318853333351 16.01859640408794 41.102814550666672 64.450000000000017 -0.91073605124999968 0.91597561503675351 -4.0999703914999968 33.050000000000004 44.579469045527773 1.0000000180025095e-35 16.635920366861136 24.15654555675005 -0.46373382550000025 38.659786328166668 4.5000000000000009 13.525336108416669 12.319245682500002 -6.6287634407499985
decision_type=2 2 2 2 2 2 2 2 2 2 2 2 2 2 2 2 2 2 2 2 2 2 2 2 2 2 2 2 2 2
left_child=1 3 6 8 7 15 12 14 21 17 24 -11 20 19 -4 22 29 -10 -8 -6 -2 -1 -3 -7 -5 -14 27 -17 -9 -12
right_child=2 5 4 10 13 23 18 28 9 11 16 -13 25 -15 -16 26 -18 -19 -20 -21 -22 -23 -24 -25 -26 -27 -28 -29 -30 -31
leaf_value=-0.50245195198059078 -0.046630116942930358 -0.10228575267004551 0.16790633964587948 -0.11888821010360102 0.30249318884242149 0.31070874014433969 0.17669732096351748 0.44366024295829476 -0.17204996010668341 -0.017042564760092662 -0.20550534575163912 -0.16270211393222953 0.11066627393123951 0.64979614381825102 0.32877104862720152 0.075858551360465376 0.038216118845386275 -0.25379367392100805 0.40664621358784026 0.50948913238513349 0.077569224060999073 -0.2577148328850975 0.084934021428568776 0.49416155965431879 -0.060529452168893522 0.25288011189047682 0.063909625698850586 0.33447611273903599 0.63085917535899338 -0.040307383918862696
leaf_weight=105 713 244 664 3077 168 415 228 496 4130 1307 147 1557 470 546 1019 74 2278 1820 439 1267 862 2095 502 276 2733 430 146 247 138 2068
leaf_count=105 713 244 664 3077 168 415 228 496 4130 1307 147 1557 470 546 1019 74 2278 1820 439 1267 862 2095 502 276 2733 430 146 247 138 2068
internal_value=-3.06878e-10 -0.0955138 0.298108 -0.121898 0.419905 0.19988 0.1315 0.325257 -0.185286 -0.164292 -0.0541352 -0.0962297 0.0785329 0.530606 0.265305 0.0950034 -0.00589999 -0.197054 0.328043 0.485255 0.0213444 -0.269395 0.0236986 0.383984 -0.0914365 0.178613 0.208908 0.274857 0.484407 -0.0512709
internal_weight=30661 23221 7440 21317 4298 1904 3142 2317 11014 8814 10303 2864 2475 1981 1683 1213 4493 5950 667 1435 1575 2200 746 691 5810 900 467 321 634 2215
internal_count=30661 23221 7440 21317 4298 1904 3142 2317 11014 8814 10303 2864 2475 1981 1683 1213 4493 5950 667 1435 1575 2200 746 691 5810 900 467 321 634 2215
is_linear=0
shrinkage=0.04


Tree=21
num_leaves=31
num_cat=0
split_feature=12 30 12 30 27 12 22 22 30 22 6 25 24 7 30 30 0 22 30 22 12 30 0 29 0 30 12 38 0 30
split_gain=503155 124485 67741.5 65433 22878.2 22412.3 15082.3 11205.2 9581 9196.86 7613.68 8651.44 6960.8 6449.93 6162.85 6142.65 5156.6 5142.5 4093.69 3852.6 3783.38 3741.12 3692.46 3599.85 3156.83 2899.76 2828.69 2589.51 2358.76 2349.98
threshold=37.262943896416672 4.1962110634166665 22.514570972000005 -2.3983328199166665 7.1796354164404725 53.086786783750007 16.130602187916697 28.175538262250033 1.5747244464999961 48.313961355333383 1.0000000180025095e-35 34.902888381930559 21.270742007083335 0.91597561503675351 -1.4940345858333328 0.38337432450000192 2.5000000000000004 44.638239431416679 -0.59573790716666852 10.193383117055573 62.611773307833339 -4.8274720295833333 9.5000000000000018 14.689252359720621 3.5000000000000004 7.653832255083338 43.791210530916672 28.758333333333336 5.5000000000000009 -7.4043781490833327
decision_type=2 2 2 2 2 2 2 2 2 2 2 2 2 2 2 2 2 2 2 2 2 2 2 2 2 2 2 2 2 2
left_child=1 2 6 9 12 8 15 18 17 29 13 -12 28 -8 -9 19 -17 -5 -4 -1 22 -11 -7 27 -14 26 -10 -6 -3 -2
right_child=3 4 7 5 23 20 10 14 25 21 11 -13 24 -15 -16 16 -18 -19 -20 -21 -22 -23 -24 -25 -26 -27 -28 -29 -30 -31
leaf_value=-0.38015143304728394 -0.021537928822350741 0.061167334685807775 -0.088005439387606924 0.21195870819042578 0.34144306343774672 0.54613951505021707 -0.13423904943957859 -0.030009648470578139 0.30039199636924308 0.15010522571649579 -0.09713772999683476 0.16232947721621876 0.31563580697388138 -0.22499900831454359 0.079788322064809902 -0.024431376811219842 -0.20189887116745681 0.3481874544451008 -0.018928174298612599 -0.24006061202685897 0.67635913217821086 0.33947595486141718 0.36755833869871923 0.49518731311643771 0.056929981887410837 0.559633430917579 0.45459135711900261 0.08314393484722013 -0.12477002029378827 0.10431633276481912
leaf_weight=356 533 681 3050 769 621 904 5403 1374 281 420 2013 229 262 1631 2021 362 948 1047 2496 2668 269 277 233 241 106 249 590 69 130 428
leaf_count=356 533 681 3050 769 621 904 5403 1374 281 420 2013 229 262 1631 2021 362 948 1047 2496 2668 269 277 233 241 106 249 590 69 130 428
internal_value=-1.37901e-10 -0.079926 -0.107416 0.328509 0.213876 0.410135 -0.163607 -0.0218815 0.347247 0.114745 -0.134824 -0.0706355 0.0968329 -0.155284 0.0353517 -0.22521 -0.152858 0.2905 -0.0569169 -0.256553 0.541459 0.225364 0.509544 0.362098 0.241117 0.439257 0.404844 0.315613 0.0313623 0.0345137
internal_weight=30661 24661 22551 6000 2110 4342 13610 8941 2936 1658 9276 2242 1179 7034 3395 4334 1310 1816 5546 3024 1406 697 1137 931 368 1120 871 690 811 961
internal_count=30661 24661 22551 6000 2110 4342 13610 8941 2936 1658 9276 2242 1179 7034 3395 4334 1310 1816 5546 3024 1406 697 1137 931 368 1120 871 690 811 961
is_linear=0
shrinkage=0.04


Tree=22
num_leaves=31
num_cat=0
split_feature=12 30 0 22 12 30 22 30 22 6 25 22 30 26 12 12 7 30 2 35 23 30 30 33 22 12 1 1 12 30
split_gain=464221 95972 81367.9 49096.7 24386 19891 17792.4 11852.4 10334.3 10680.2 11117.3 10096 7038.33 6309.37 5317.16 5311.73 4489.79 4344.48 4049.66 4014.51 3502.2 3325.34 3315.65 3256.75 3091.63 2611.62 2577.73 2363.76 2318.38 2266.43
threshold=32.87884910475001 4.1962110634166665 9.5000000000000018 20.693693781194483 49.374502718333339 12.319245682500002 51.755864314222237 4.1962110634166665 13.915278569833356 1.0000000180025095e-35 32.312106603298616 26.259236572138942 -2.5735644850000017 34.884133405053902 13.525336108416669 41.102814550666672 0.91597561503675351 -1.9416158410000006 44.500000000000007 64.450000000000017 43.748356875250003 -2.2967078190724659 -0.35461358233333046 1.0000000180025095e-35 24.15654555675005 38.659786328166668 4.5000000000000009 4.5000000000000009 55.135410139833333 12.319245682500002
decision_type=2 2 2 2 2 2 2 2 2 2 2 2 2 2 2 2 2 2 2 2 2 2 2 2 2 2 2 2 2 2
left_child=1 3 4 8 7 14 12 15 23 16 -11 22 20 18 -3 -2 -10 -8 -6 -16 -4 -13 -5 -1 -7 -14 -21 -25 -20 -9
right_child=2 5 6 11 13 24 17 29 9 10 -12 21 25 -15 19 -17 -18 -19 28 26 -22 -23 -24 27 -26 -27 -28 -29 -30 -31
leaf_value=-0.46772048176459552 0.15633655433881063 -0.06299216999971019 -0.074462260203143851 -0.10301888949842888 0.29726685491521088 0.28629195510041733 0.20340128748269881 0.40437709033153746 -0.16029401704914431 -0.1229748237951365 0.095521697565607702 -0.065926177935408697 0.084000267189000985 0.65703380619664142 0.066193873991324967 0.30135541516136982 -0.23572085702217119 0.40771675018135262 0.44172438492929494 0.31001864430030834 0.058395487706472231 0.023511691045122646 -0.045784222417373385 -0.1834263189146573 0.45904030973496646 0.20734134454539718 0.081429837870829067 -0.27375914698308201 0.54427754800591699 0.58573860765361097
leaf_weight=106 675 290 518 3960 214 415 346 533 4083 2463 439 868 569 307 560 1007 1828 321 864 247 820 2846 2740 738 276 531 116 1246 596 139
leaf_count=106 675 290 518 3960 214 415 346 533 4083 2463 439 868 569 307 560 1007 1828 321 864 247 820 2846 2740 738 276 531 116 1246 596 139
internal_value=-3.07025e-11 -0.0880999 0.274969 -0.112403 0.386922 0.183996 0.118667 0.299891 -0.171731 -0.152766 -0.0899218 -0.0502893 0.0685838 0.49034 0.0864149 0.243158 -0.18362 0.30173 0.45977 0.133358 0.00696028 0.00260914 -0.0796125 -0.251699 0.355291 0.14354 0.236971 -0.240158 0.483589 0.441891
internal_weight=30661 23221 7440 21317 4335 1904 3105 2354 10903 8813 2902 10414 2438 1981 1213 1682 5911 667 1674 923 1338 3714 6700 2090 691 1100 363 1984 1460 672
internal_count=30661 23221 7440 21317 4335 1904 3105 2354 10903 8813 2902 10414 2438 1981 1213 1682 5911 667 1674 923 1338 3714 6700 2090 691 1100 363 1984 1460 672
is_linear=0
shrinkage=0.04


Tree=23
num_leaves=31
num_cat=0
split_feature=12 30 12 30 12 22 27 0 30 30 30 0 0 24 22 30 12 12 22 30 12 0 0 29 17 30 0 2 30 12
split_gain=427841 105709 57997.9 56225.1 21387.9 16720.6 14934.6 12499.3 9173.54 8878.31 7121.69 6928.17 6074.3 5198.67 4810.62 4791.78 5530.76 3991.28 3926.12 3695.1 3522.2 3173.85 3127.83 2717.02 2232.78 2100.57 2019.6 2009.43 2267.67 1880.87
threshold=37.262943896416672 4.9999727698333354 23.9481917315 -3.764597326583337 55.135410139833333 17.205564941361139 7.6423376226082462 9.5000000000000018 0.4112770612500008 0.04081476250000194 0.063142322166664946 2.5000000000000004 4.5000000000000009 21.270742007083335 44.638239431416679 5.538512133916667 47.971638427750001 29.312947681083337 10.193383117055573 -6.6287634407499985 28.538973250000002 1.0000000180025095e-35 9.5000000000000018 14.114506698995692 17.078550716500001 -0.59573790716666852 3.5000000000000004 192.50000000000003 -12.013320246999996 63.889422705500003
decision_type=2 2 2 2 2 2 2 2 2 2 2 2 2 2 2 2 2 2 2 2 2 2 2 2 2 2 2 2 2 2
left_child=1 2 5 14 7 8 13 15 18 19 21 -10 -12 24 -2 16 -5 -11 -1 -4 -21 -7 29 -8 -3 -9 -15 -16 -29 -6
right_child=3 6 9 4 22 10 23 25 11 17 12 -13 -14 26 27 -17 -18 -19 -20 20 -22 -23 -24 -25 -26 -27 -28 28 -30 -31
leaf_value=-0.35097853930441886 -0.023004058850774781 -0.12074605343576808 -0.17039489739126315 0.27382409894503484 0.52834816100041071 -0.2103407467717297 0.29924798602528352 0.12915569243780367 0.0019286572834586397 0.01830080088213255 0.090125374849372192 -0.16918719387084738 -0.078127031848996845 0.299741696880793 0.050165673798394268 0.48553945219287509 0.39895103188043229 0.12745401837395334 -0.21344465933226919 -0.052620618144337057 0.017218418986356728 -0.12060266181986604 0.40072582221693465 0.45405191206715323 0.082784194864775285 0.25302477858398664 0.071424617353009021 0.048483326952181653 0.24475446946801449 0.69369988286217976
leaf_weight=364 543 104 293 1105 750 703 533 469 544 1292 399 1245 2460 254 281 416 1157 916 3789 2825 1955 6123 288 275 505 411 82 134 317 129
leaf_count=364 543 104 293 1105 750 703 533 469 544 1292 399 1245 2460 254 281 416 1157 916 3789 2825 1955 6123 288 275 505 411 82 134 317 129
internal_value=-2.45587e-10 -0.0737018 -0.0966109 0.302927 0.366534 -0.140055 0.225672 0.317795 -0.192879 -0.00336828 -0.107646 -0.117154 -0.0546458 0.117714 0.0672073 0.360772 0.337826 0.0635836 -0.225499 -0.0325088 -0.0240567 -0.129845 0.515131 0.351935 0.048027 0.187008 0.244021 0.134126 0.186439 0.552615
internal_weight=30661 24661 22908 6000 4725 15627 1753 3558 5942 7281 9685 1789 2859 945 1275 2678 2262 2208 4153 5073 4780 6826 1167 808 609 880 336 732 451 879
internal_count=30661 24661 22908 6000 4725 15627 1753 3558 5942 7281 9685 1789 2859 945 1275 2678 2262 2208 4153 5073 4780 6826 1167 808 609 880 336 732 451 879
is_linear=0
shrinkage=0.04


Tree=24
num_leaves=31
num_cat=0
split_feature=12 30 6 22 28 30 22 12 30 26 30 25 22 30 1 35 28 1 30 22 23 6 7 12 25 31 12 30 12 30
split_gain=394913 81712.1 69348.2 42102.5 20745.3 17170.3 15010 10202.4 8809.94 7978.04 7539.93 7101.3 6711.04 4397.96 4361.33 4113.02 4078.1 3947.5 3897.4 3597 3308.6 3303.47 3151.96 2960.73 2774.87 2659.36 2545.82 2541.83 2481.05 2259.46
threshold=32.87884910475001 4.1962110634166665 0.60355339059327384 20.028710164333376 14.606700061472425 9.9654447824166699 53.44313355033335 25.470747745916668 0.6358419498333322 27.598446656631449 -1.6176762738333303 26.805319139211811 15.072286907194457 -1.4940345858333328 4.5000000000000009 64.450000000000017 16.926660302232587 4.5000000000000009 -4.2168444700833341 18.058304917333349 44.579469045527773 1.0000000180025095e-35 0.91597561503675351 41.535085009916671 31.670186202093749 31.402150052750006 38.659786328166668 -1.9416158410000006 13.677909053500002 -0.91073605124999968
decision_type=2 2 2 2 2 2 2 2 2 2 2 2 2 2 2 2 2 2 2 2 2 2 2 2 2 2 2 2 2 2
left_child=1 3 6 8 9 15 10 22 12 18 20 -10 24 -9 -13 28 -6 25 -4 -7 -2 -14 29 -20 -1 -11 -12 -8 -3 -5
right_child=2 5 4 7 16 19 27 13 11 17 26 14 21 -15 -16 -17 -18 -19 23 -21 -22 -23 -24 -25 -26 -27 -28 -29 -30 -31
leaf_value=-0.25239673090941223 -0.043365695314030457 -0.11854173427731123 -0.021269146910647758 -0.10583049374739202 0.4262203640268315 0.095583981252529412 0.2192487369938548 -0.054732633073979395 -0.1297799701198511 0.35692912634856561 0.095868128920733417 0.14875235478731169 -0.17714819697247905 0.026738616086293101 -0.10562444910680675 0.16969087774860556 0.56171041729161109 0.19014844103180684 0.17573915066062168 0.34147089024610511 0.069955480225915315 -0.1051238122215736 -0.1674424724459648 0.29946720496905188 -0.056988841585996673 0.50803750141932258 0.22685269873543096 0.39857441589526171 0.052667303926276943 -0.055594097450378986
leaf_weight=2126 718 184 97 2209 947 110 249 1714 1621 1020 466 276 4252 2779 177 390 569 193 578 707 968 1340 625 666 123 228 484 257 513 4075
leaf_count=2126 718 184 97 2209 947 110 249 1714 1621 1020 466 276 4252 2779 177 390 569 193 578 707 968 1340 625 666 123 228 484 257 513 4075
internal_value=-6.33409e-11 -0.0812575 0.253613 -0.103683 0.358027 0.169811 0.110782 -0.0512614 -0.163966 0.293155 0.0724778 -0.0906525 -0.183357 -0.00434122 0.0493601 0.0656726 0.477074 0.3585 0.222938 0.308365 0.0216965 -0.159889 -0.0817741 0.241979 -0.24171 0.384535 0.162601 0.310329 0.00747008 -0.0732536
internal_weight=30661 23221 7440 21317 4298 1904 3142 11402 9915 2782 2636 2074 7841 4493 453 1087 1516 1441 1341 817 1686 5592 6909 1244 2249 1248 950 506 697 6284
internal_count=30661 23221 7440 21317 4298 1904 3142 11402 9915 2782 2636 2074 7841 4493 453 1087 1516 1441 1341 817 1686 5592 6909 1244 2249 1248 950 506 697 6284
is_linear=0
shrinkage=0.04


Tree=25
num_leaves=31
num_cat=0
split_feature=12 30 0 22 12 30 22 30 22 30 12 0 30 26 23 12 30 30 4 23 22 35 30 23 23 12 30 33 30 1
split_gain=363952 75305.9 64036.5 38873.4 19526.1 15900.8 14164.1 9690.57 8546.39 8198.76 8078.92 6431.37 5798.02 5179.77 4369.81 4077.97 3652.14 3512.34 3361.67 2979.07 2846.2 2798.77 2798.51 2792.22 2666.35 2482.07 2112.42 1981.41 1884.51 1884.33
threshold=32.87884910475001 4.1962110634166665 9.5000000000000018 20.693693781194483 49.374502718333339 12.319245682500002 51.755864314222237 3.8281432009166605 13.915278569833356 0.099303721583333462 26.293272302583336 3.5000000000000004 -4.2168444700833341 34.884133405053902 17.553268291055556 41.102814550666672 -2.2967078190724659 -1.9416158410000006 6.5000000000000009 43.748356875250003 17.902062057666694 64.450000000000017 -0.46373382550000025 9.1469347897083342 20.992762208583333 39.200967977416674 12.319245682500002 1.1846633857478335 -1.1155386635000004 4.5000000000000009
decision_type=2 2 2 2 2 2 2 2 2 2 2 2 2 2 2 2 2 2 2 2 2 2 2 2 2 2 2 2 2 2
left_child=1 3 4 8 7 14 12 15 23 20 22 -11 19 18 -3 -2 -12 -8 28 -4 -10 -16 -5 -1 -7 -14 -9 -25 -6 -23
right_child=2 5 6 10 13 24 17 26 9 11 16 -13 25 -15 21 -17 -18 -19 -20 -21 -22 29 -24 27 -26 -27 -28 -29 -30 -31
leaf_value=-0.36265553375460063 0.13443832032286387 -0.019518340731201785 -0.10143213891364793 -0.094614700397974136 0.10896776946034374 0.23839017019230863 0.1797310472431598 0.35415022507154154 -0.18550701333479575 0.030787888401969284 -0.063743735192521356 -0.11309244570031615 0.06506199336787323 0.58636287678336474 0.070816443867741094 0.26306705364445315 0.026800059037821934 0.36344022045532859 0.42932904751823375 0.039553862418923134 -0.13172859912077781 0.29304769773864087 -0.042860726216012147 -0.2195633114133943 0.39554649307016737 0.17211899730743516 0.52794307413718689 -0.041526365088439494 0.35312670434966231 0.07687898230921153
leaf_weight=212 659 471 376 3575 82 349 346 574 3246 683 964 1826 770 307 434 982 2735 321 1460 662 3058 216 3140 1772 342 630 139 106 132 92
leaf_count=212 659 471 376 3575 82 349 346 574 3246 683 964 1826 770 307 434 982 2735 321 1460 662 3058 216 3140 1772 342 630 139 106 132 92
internal_value=-3.7485e-10 -0.0780072 0.243468 -0.0995352 0.342785 0.163019 0.104808 0.264908 -0.152326 -0.13508 -0.0442655 -0.0739253 0.0601226 0.435327 0.0757728 0.211412 0.00320335 0.268143 0.407628 -0.0115162 -0.15942 0.136261 -0.070414 -0.225048 0.316172 0.113238 0.388031 -0.209514 0.25957 0.228478
internal_weight=30661 23221 7440 21317 4335 1904 3105 2354 10903 8813 10414 2509 2438 1981 1213 1641 3699 667 1674 1038 6304 742 6715 2090 691 1400 713 1878 214 308
internal_count=30661 23221 7440 21317 4335 1904 3105 2354 10903 8813 10414 2509 2438 1981 1213 1641 3699 667 1674 1038 6304 742 6715 2090 691 1400 713 1878 214 308
is_linear=0
shrinkage=0.04


Tree=26
num_leaves=31
num_cat=0
split_feature=12 30 12 30 12 30 22 30 30 22 25 23 25 12 1 30 0 12 7 38 22 30 12 19 30 30 30 12 30 0
split_gain=335669 83166 46581.4 45067.6 15504.7 15251.8 15335.5 9189.19 7173.51 6345.83 5507.13 5368.84 5209.61 3919.02 3701.85 3539.38 3312.19 3241.32 2959.8 2678.59 2652.89 2600.82 2425.86 2212.93 1944.84 1857.34 1842.77 1792.42 1763.26 1682.43
threshold=37.262943896416672 7.653832255083338 24.398481469749999 -2.3983328199166665 51.427190901166675 1.6363866945000007 18.133423670500004 0.04081476250000194 2.2454738283333371 48.313961355333383 35.727595675326391 19.693875075236111 32.004211610131954 61.43620750358334 4.5000000000000009 -6.6287634407499985 9.5000000000000018 29.526380591166667 0.91597561503675351 27.925000000000008 44.196341520222262 -6.1604992920833359 29.312947681083337 33.887598656839245 3.0171580197499961 8.2511296545000068 -7.4043781490833327 43.791210530916672 15.4369643515 5.5000000000000009
decision_type=2 2 2 2 2 2 2 2 2 2 2 2 2 2 2 2 2 2 2 2 2 2 2 2 2 2 2 2 2 2
left_child=1 2 5 9 8 6 12 15 20 26 14 -3 -1 16 -7 -4 24 29 -8 28 -5 -11 -17 -12 -6 27 -2 -10 -13 -9
right_child=3 11 7 4 13 10 18 17 25 21 23 19 -14 -15 -16 22 -18 -19 -20 -21 -22 -23 -24 -25 -26 -27 -28 -29 -30 -31
leaf_value=-0.19234280090147762 -0.025367164887583119 0.14489720393960573 -0.16190641451562568 0.17132282630091034 0.40478453906052991 0.011424569339761308 -0.085476324726678765 0.12810103480700064 0.24679174987387054 0.1063051299238313 0.37898207345725715 0.28959889024389646 -0.06597326956080353 0.54489847478096198 -0.092424143637927031 -0.040167521140511572 0.2755924317909515 0.12766084475735442 -0.14863454574761434 0.1758244728074958 0.27114186540866242 0.26084849573391072 0.020825007102645648 -0.028289582133293151 0.54751843034566106 0.46808135584667993 0.086080556582011053 0.38675115368423824 0.42542000819207654 0.0082006561042815302
leaf_weight=5659 533 392 289 773 950 1194 6530 229 237 352 74 280 575 359 1017 2803 287 961 1451 151 949 345 1662 30 182 222 428 383 337 1027
leaf_count=5659 533 392 289 773 950 1194 6530 229 237 352 74 280 575 359 1017 2803 287 961 1451 151 949 345 1662 30 182 222 428 383 337 1027
internal_value=-1.0638e-10 -0.0652819 -0.0816016 0.268319 0.336062 -0.118172 -0.133678 0.0051169 0.273118 0.0909131 -0.0229626 0.265348 -0.180687 0.426832 -0.036343 -0.0262451 0.396962 0.0723677 -0.0969589 0.326828 0.226333 0.182801 -0.0174644 0.2615 0.427733 0.3688 0.0242682 0.333251 0.363783 0.0300615
internal_weight=30661 24661 23501 6000 4342 16530 14215 6971 2564 1658 2315 1160 6234 1778 2211 4754 1419 2217 7981 768 1722 697 4465 104 1132 842 961 620 617 1256
internal_count=30661 24661 23501 6000 4342 16530 14215 6971 2564 1658 2315 1160 6234 1778 2211 4754 1419 2217 7981 768 1722 697 4465 104 1132 842 961 620 617 1256
is_linear=0
shrinkage=0.04


Tree=27
num_leaves=31
num_cat=0
split_feature=12 0 22 13 28 22 22 6 25 1 1 22 0 29 0 35 7 29 22 28 33 0 17 22 27 4 33 27 27 27
split_gain=309578 55130.2 42535.6 37222.6 16871.8 12198.6 10330 9896.51 21439.9 9106.02 8571.97 7031 6768.95 6515.88 5157.69 4839.95 4240.58 4153.48 3627.07 3359.01 3165.18 2622.8 2432.53 2188.44 2141.26 2099.02 1973.84 1833.26 1813.17 1710.48
threshold=32.87884910475001 9.5000000000000018 19.88005507013894 18.420652689833336 14.606700061472425 53.44313355033335 25.174538362805606 1.0000000180025095e-35 28.539410673899312 4.5000000000000009 1.5000000000000002 11.982847204583349 3.5000000000000004 11.051881073688095 9.5000000000000018 64.450000000000017 0.91597561503675351 16.418284054907044 39.914741330388928 16.926660302232587 0.87084898082676454 22.500000000000004 21.262164990166671 63.038278933416699 1.7151932863333084 27.500000000000004 0.27895881419319685 0.59042808633496435 10.446491288613847 9.0994967718062458
decision_type=2 2 2 2 2 2 2 2 2 2 2 2 2 2 2 2 2 2 2 2 2 2 2 2 2 2 2 2 2 2
left_child=2 4 7 12 13 18 21 16 10 17 15 -12 28 -2 29 -9 26 -10 27 -6 -15 -5 -22 -7 -20 -26 -1 -3 -4 -8
right_child=1 5 3 6 19 23 14 8 9 -11 11 -13 -14 20 -16 -17 -18 -19 24 -21 22 -23 -24 -25 25 -27 -28 -29 -30 -31
leaf_value=-0.39588044711521697 0.16490643010934253 0.18213794591634169 0.26145686327655748 -0.067617957652693794 0.37813828172185754 0.24006242857862994 0.060822923485807173 -0.070256557596953567 0.12564946797974591 -0.094833708021269988 -0.25330200485949372 -0.1238508690461412 0.088640570185618647 0.15251457119351822 -0.020529920942987837 0.16244977243398268 -0.21856156786361017 0.46202973248408391 0.19152387709721275 0.50107958543803444 0.25323190204238633 -0.16651203999571176 0.35086650389737761 0.47043648787033865 0.0076278317028616784 0.12343654186280993 -0.14023474842488867 -0.0035897252029463158 0.42612208161555543 0.22625523932882258
leaf_weight=49 833 92 434 6385 948 428 1009 544 609 344 928 2427 405 213 3774 194 1843 65 345 569 638 460 1134 78 421 618 3498 1123 142 111
leaf_count=49 833 92 434 6385 948 428 1009 544 609 344 928 2427 405 213 3774 194 1843 65 345 569 638 460 1134 78 421 618 3498 1123 142 111
internal_value=-1.92974e-10 0.224546 -0.0719445 -0.0227555 0.316698 0.0958895 -0.0425361 -0.131528 -0.0916504 0.0726225 -0.132508 -0.159657 0.213946 0.2588 0.00183995 -0.00908443 -0.169341 0.15809 0.0609066 0.424251 0.298202 -0.0742639 0.315714 0.275575 0.105181 0.0765112 -0.143766 0.0104736 0.302051 0.0772184
internal_weight=30661 7440 23221 12720 4335 3105 11739 10501 5111 1018 4093 3355 981 2818 4894 738 5390 674 2599 1517 1985 6845 1772 506 1384 1039 3547 1215 576 1120
internal_count=30661 7440 23221 12720 4335 3105 11739 10501 5111 1018 4093 3355 981 2818 4894 738 5390 674 2599 1517 1985 6845 1772 506 1384 1039 3547 1215 576 1120
is_linear=0
shrinkage=0.04


Tree=28
num_leaves=31
num_cat=0
split_feature=12 30 12 30 12 30 12 30 13 30 0 1 30 30 12 12 12 30 12 12 38 25 24 15 30 25 26 0 0 7
split_gain=285418 72586 39672.8 39253.8 13544.1 13477.3 8105.81 7135.05 6688.01 6250.72 6122 6610.93 5276.24 4667.01 4194.49 3919.34 3561.97 3304.33 3293.56 3214.1 3127.85 2627.03 2608.1 2167.4 2007.87 1946.48 1860.65 1565.79 1559.95 1556.15
threshold=37.262943896416672 4.1962110634166665 21.69801237783334 -2.3983328199166665 55.135410139833333 9.9654447824166699 27.358913689773839 0.22456393691666857 18.803288183833338 1.5747244464999961 2.5000000000000004 4.5000000000000009 -3.1575543129166674 -7.4043781490833327 25.231331991000001 45.265453613500007 11.241972367649302 -1.6842413159166687 54.54882465883334 7.737544311833334 27.441666666666674 33.361311049437511 21.761143836034726 53.086786783750007 0.04081476250000194 37.417015610618058 36.061972560673119 17.500000000000004 1.0000000180025095e-35 -0.78656609248549325
decision_type=2 2 2 2 2 2 2 2 2 2 2 2 2 2 2 2 2 2 2 2 2 2 2 2 2 2 2 2 2 2
left_child=1 2 7 13 9 14 17 8 19 15 11 -9 -8 23 21 -5 -12 -4 -15 -1 22 -3 -7 -2 -14 -11 -6 -19 -10 -25
right_child=3 5 6 4 26 20 12 10 28 25 16 -13 24 18 -16 -17 -18 27 -20 -21 -22 -23 -24 29 -26 -27 -28 -29 -30 -31
leaf_value=-0.36609003354425296 -0.045366636796158044 0.01052833706495635 -0.10482305904040461 0.15807819228098718 0.41098842457829221 0.23138722167591805 -0.066319152323198946 0.10589941228278224 -0.17406699477889781 0.32377811984808152 -0.2291264679599665 -0.17413344909481826 0.020022084891529329 0.10137869673695317 0.20651600739068859 0.2713671079903992 -0.090186134567231555 -0.016113191821792369 0.28259720421985746 -0.17537586127034152 0.1277197733864017 0.23828425063192846 0.38307117163845639 0.06488602896720902 0.085257831303256051 0.47821572395779144 0.55272354849268879 -0.063488086050493331 -0.10269100350792452 0.41893116008667719
leaf_weight=146 444 813 1419 788 885 324 855 484 564 1056 334 187 1920 608 297 1286 2543 2787 218 4476 174 90 412 367 1244 149 178 1862 3730 21
leaf_count=146 444 813 1419 788 885 324 855 484 564 1056 334 187 1920 608 297 1286 2543 2787 218 4476 174 90 412 367 1244 149 178 1862 3730 21
internal_value=-1.05908e-10 -0.0601975 -0.0811888 0.247422 0.310644 0.164151 -0.0222133 -0.128917 -0.148008 0.27042 -0.0809412 0.0278575 0.0218463 0.0818531 0.076117 0.228324 -0.106316 -0.0513952 0.149206 -0.1814 0.28024 0.0332283 0.316297 0.0149855 0.045671 0.342875 0.434722 -0.0350876 -0.112066 0.0840483
internal_weight=30661 24661 22551 6000 4342 2110 10087 12464 8916 3279 3548 671 4019 1658 1200 2074 2877 6068 826 4622 910 903 736 832 3164 1205 1063 4649 4294 388
internal_count=30661 24661 22551 6000 4342 2110 10087 12464 8916 3279 3548 671 4019 1658 1200 2074 2877 6068 826 4622 910 903 736 832 3164 1205 1063 4649 4294 388
is_linear=0
shrinkage=0.04


Tree=29
num_leaves=31
num_cat=0
split_feature=12 0 30 12 12 30 23 30 23 30 30 28 6 31 26 30 12 30 18 12 23 0 30 30 30 0 12 30 27 30
split_gain=263809 53943.1 53356.2 23020.2 16760.1 13692.6 9881.09 8498.45 6427.05 6371.82 5386.67 5114.03 5078.25 4282.26 4050.53 3995.16 3663.62 3389.97 2915.49 2346.38 2267.25 2068.42 2050.21 1888.13 1803.99 1709.01 1662.18 1575.28 1551.19 1528.65
threshold=31.207628482666671 9.5000000000000018 8.9734752198333414 21.190488655166671 49.374502718333339 2.4935184164999975 51.301048746583341 4.1962110634166665 14.87327550413889 0.7985407957499967 -3.253399251499999 12.74602646041347 1.0000000180025095e-35 -14.975119652445395 32.136927820532257 -1.788422856416666 41.102814550666672 19.225511951416671 23.949580688916669 7.737544311833334 41.38615954596181 5.5000000000000009 -3.764597326583337 -2.3983328199166665 12.319245682500002 4.5000000000000009 62.611773307833339 -0.98518230000000429 13.811640501908185 -10.909029862333329
decision_type=2 2 2 2 2 2 2 2 2 2 2 2 2 2 2 2 2 2 2 2 2 2 2 2 2 2 2 2 2 2
left_child=2 4 3 5 7 8 10 16 19 18 20 25 -10 -13 22 29 -2 -4 23 -1 -3 -11 28 -5 -9 -7 -17 -18 -6 -8
right_child=1 6 17 9 14 11 15 24 12 21 -12 13 -14 -15 -16 26 27 -19 -20 -21 -22 -23 -24 -25 -26 -27 -28 -29 -30 -31
leaf_value=-0.32930928198914777 0.11289886157411483 -0.096644382766174305 0.17579202225349516 -0.13027226268266096 0.28541513349951769 -0.0012208824713425752 0.026988566862998033 0.30120551730775591 -0.13711101096888911 0.10665324725692113 0.090429550085479829 -0.045245981330948849 -0.069054286537159226 0.27648193444424901 0.43660276062920822 0.25534208118208385 0.13815164167746902 0.33949142866120663 -0.023688115285463308 -0.18220126428139538 0.017755237102726515 0.0077072234404393361 0.33646101299343967 -0.060513875864443574 0.45452139162248179 -0.10240813119393671 0.48168130276695131 0.25395869180454311 -0.080004878990790423 0.16878355891024815
leaf_weight=190 863 439 498 761 41 713 177 591 6356 472 1448 108 2423 171 888 295 250 341 3485 1995 752 1191 1018 3370 155 427 63 757 34 389
leaf_count=190 863 439 498 761 41 713 177 591 6356 472 1448 108 2423 171 888 295 250 341 3485 1995 752 1191 1018 3370 155 427 63 757 34 389
internal_value=-2.80034e-10 0.194835 -0.0706571 -0.0827793 0.285378 -0.118474 0.0780165 0.218914 -0.133606 -0.0351441 0.0386006 -0.00155526 -0.118327 0.151942 0.373146 0.19059 0.173378 0.242325 -0.0506331 -0.194993 -0.0244122 0.0357905 0.321591 -0.0733645 0.333061 -0.0391217 0.295173 0.225208 0.119758 0.124441
internal_weight=30661 8160 22501 21662 4597 12383 3563 2616 10964 9279 2639 1419 8779 279 1981 924 1870 839 7616 2185 1191 1663 1093 4131 746 1140 358 1007 75 566
internal_count=30661 8160 22501 21662 4597 12383 3563 2616 10964 9279 2639 1419 8779 279 1981 924 1870 839 7616 2185 1191 1663 1093 4131 746 1140 358 1007 75 566
is_linear=0
shrinkage=0.04


Tree=30
num_leaves=31
num_cat=0
split_feature=22 30 0 22 29 30 22 12 26 18 6 5 23 30 22 0 5 6 28 30 22 35 30 6 22 22 16 22 29 30
split_gain=243547 52848.7 47074.9 24413.9 15058.6 13045.9 9771.54 6975.13 6201.71 5739.42 4781.94 11522.7 4030.03 3976.46 3544.86 3917.59 3291.69 2987.62 2698.54 2597.32 2607.44 2569.63 2547.08 2324.59 2302 2112.56 1953.58 1791.31 1789.45 1574.25
threshold=31.586063924333391 3.2639159501666684 9.5000000000000018 19.147581477694455 12.007909112378028 9.9654447824166699 53.44313355033335 54.54882465883334 29.283126876855658 23.949580688916669 1.0000000180025095e-35 1.0000000180025095e-35 17.553268291055556 -1.6176762738333303 10.193383117055573 1.0000000180025095e-35 1.0000000180025095e-35 0.12940952255126045 15.712953735861703 -5.0128002280833313 44.638239431416679 77.250000000000014 8.2511296545000068 -0.37940952255126059 39.914741330388928 17.205564941361139 49.374502718333339 63.038278933416699 16.724345973574838 5.8014905714166689
decision_type=2 2 2 2 2 2 2 2 2 2 2 2 2 2 2 2 2 2 2 2 2 2 2 2 2 2 2 2 2 2
left_child=1 3 4 8 19 12 13 16 14 17 -10 -12 -3 26 -1 -16 22 23 25 -2 29 -14 -6 -5 -15 -7 -4 -8 -19 -21
right_child=2 5 6 9 7 18 27 -9 10 -11 11 -13 21 24 15 -17 -18 28 -20 20 -22 -23 -24 -25 -26 -27 -28 -29 -30 -31
leaf_value=-0.25778563984702613 -0.049186502687814757 -0.033839308389971338 -0.031873953179371847 -0.069473387956801483 0.28555079704002423 0.0098387476940376643 0.21108466993068631 0.41756741573392214 -0.15751554875792018 -0.01738730102791889 0.16077852821509045 -0.12719697088576282 0.06550121428420283 0.067445271469777274 -0.24202664815950467 -0.13754344826266038 0.15603888242882868 -0.0016309088630843654 0.38344160700260205 0.12714595065202292 0.26680589867395993 0.23485008172013544 0.41576614032293618 -0.12835176810010085 0.18471924698422121 0.23218049410340588 0.051828072308643093 0.41951058922669826 0.38307700631022457 0.2952520447731018
leaf_weight=510 82 626 772 5257 1534 78 428 946 568 4848 375 546 773 710 639 5660 269 591 172 820 409 176 285 1348 430 554 1057 78 20 100
leaf_count=510 82 626 772 5257 1534 78 428 946 568 4848 375 546 773 710 639 5660 269 591 172 820 409 176 285 1348 430 554 1057 78 20 100
internal_value=-1.42268e-10 -0.0665298 0.19103 -0.0873727 0.277255 0.111866 0.0807358 0.327463 -0.140184 -0.0510474 -0.0662367 -0.0099431 0.0449414 0.0530451 -0.156355 -0.148143 0.286639 -0.0736616 0.242969 0.169295 0.182775 0.0969084 0.305953 -0.0814897 0.11168 0.20474 0.0164984 0.243214 0.0109618 0.145418
internal_weight=30661 22741 7920 20362 4445 2379 3475 3034 8298 12064 1489 921 1575 2969 6809 6299 2088 7216 804 1411 1329 949 1819 6605 1140 632 1829 506 611 920
internal_count=30661 22741 7920 20362 4445 2379 3475 3034 8298 12064 1489 921 1575 2969 6809 6299 2088 7216 804 1411 1329 949 1819 6605 1140 632 1829 506 611 920
is_linear=0
shrinkage=0.04


Tree=31
num_leaves=31
num_cat=0
split_feature=12 30 12 30 27 12 22 30 30 30 25 24 30 12 0 30 12 29 30 22 30 22 28 0 23 30 12 0 0 0
split_gain=224971 59629.7 32272.6 29776.9 11305.7 11189.7 10168 6149.48 5615.15 4655.59 4453.53 4142.63 4097.31 3408.07 2997.92 2838.96 2907.37 2520.75 2492.71 2374.55 2210.24 1995.15 1953.56 1919.16 1782.71 1706.13 1633.29 1582.18 1502.67 1485.06
threshold=38.236772334666675 4.1962110634166665 23.9481917315 -3.764597326583337 7.6423376226082462 55.135410139833333 17.205564941361139 -0.59573790716666852 -0.67034078800000152 0.13979292774999766 26.805319139211811 21.270742007083335 -0.32875007274999385 28.699276953416668 4.5000000000000009 4.9999727698333354 47.494132682500009 14.018501324680503 -6.6287634407499985 8.5376631517500261 15.4369643515 64.74810401452784 15.438193080891692 9.5000000000000018 22.630750181013891 -12.013320246999996 28.538973250000002 5.5000000000000009 1.0000000180025095e-35 9.5000000000000018
decision_type=2 2 2 2 2 2 2 2 2 2 2 2 2 2 2 2 2 2 2 2 2 2 2 2 2 2 2 2 2 2
left_child=1 2 6 17 11 7 9 29 18 19 -11 27 28 -10 -14 16 -9 -2 -4 -1 -6 23 -13 -7 -22 -19 -20 -3 -8 -5
right_child=3 4 8 5 20 21 12 15 13 10 -12 22 14 -15 -16 -17 -18 25 26 -21 24 -23 -24 -25 -26 -27 -28 -29 -30 -31
leaf_value=-0.32925726684364115 -0.0049393824919224272 0.04354590228935179 -0.14097474978374386 0.19469302952949413 0.19735900152029481 0.39181137801404314 -0.15777520010454787 0.19798445521462207 0.0010846887069938286 -0.12373476534331461 0.035063794883735039 0.13036782076604753 0.059305686464707054 0.082337953968786209 -0.059408863595842076 0.36402039374926648 0.29513503483898268 0.012908364972875763 -0.049298607502765456 -0.16580954581630938 0.25905612054203908 0.53657707806291255 0.34528076723042661 0.26451006883334727 0.42769587273923504 0.15888163816387002 0.0042158596446612876 -0.10774811845471842 -0.093671789989858131 0.095209686264499438
leaf_weight=148 641 710 324 542 477 803 666 925 1959 1673 340 332 375 1428 3684 422 1055 192 2031 3638 266 116 85 248 161 385 1657 131 4816 431
leaf_count=148 641 710 324 542 477 803 666 925 1959 1673 340 332 375 1428 3684 422 1055 192 2031 3638 266 116 85 248 161 385 1657 131 4816 431
internal_value=3.28524e-11 -0.0521114 -0.0711979 0.225282 0.148632 0.272379 -0.104293 0.23546 -0.00258307 -0.146065 -0.0969133 0.0710919 -0.0789041 0.035342 -0.0484411 0.269825 0.249749 0.0496566 -0.0346001 -0.172199 0.256536 0.379148 0.174175 0.361773 0.322642 0.110308 -0.0252548 0.0199793 -0.10146 0.150626
internal_weight=30661 24901 22739 5760 2162 4542 15340 3375 7399 5799 2013 1258 9541 3387 4059 2402 1980 1218 4012 3786 904 1167 417 1051 427 577 3688 841 5482 973
internal_count=30661 24901 22739 5760 2162 4542 15340 3375 7399 5799 2013 1258 9541 3387 4059 2402 1980 1218 4012 3786 904 1167 417 1051 427 577 3688 841 5482 973
is_linear=0
shrinkage=0.04


Tree=32
num_leaves=31
num_cat=0
split_feature=12 30 12 30 30 12 22 22 35 30 30 30 30 12 0 27 31 30 22 22 12 6 13 24 6 23 28 12 27 22
split_gain=207333 55141.4 29354 27505 14647.8 9187.81 6742.61 5938.55 5015.13 4420.6 4129.9 3728.38 3559.02 3209.9 3127.1 3113.16 2847.3 2483.01 2255.34 2253.58 2024.66 1888.58 1860.47 1794.28 2165.06 1682.98 1674.54 1666.2 1662.23 1632.3
threshold=38.236772334666675 2.9127877360000007 21.551528426166673 -2.3983328199166665 8.9734752198333414 55.135410139833333 14.078020116722247 27.155233176194447 64.450000000000017 1.5747244464999961 0.024051090583333771 -7.4043781490833327 -3.764597326583337 21.621331535166672 2.5000000000000004 10.641922898504982 -15.927029866166665 -1.6842413159166687 18.133423670500004 44.638239431416679 54.54882465883334 0.37940952255126054 10.06621396075 19.351567008243059 0.12940952255126045 50.427162737305558 15.564667423077131 30.448823787333335 17.894122973520428 64.74810401452784
decision_type=2 2 2 2 2 2 2 2 2 2 2 2 2 2 2 2 2 2 2 2 2 2 2 2 2 2 2 2 2 2
left_child=1 2 6 11 8 9 23 17 13 19 18 25 -9 -3 -12 21 -10 -4 -8 -5 -13 -6 -23 -1 -25 -2 -18 -14 -11 -7
right_child=3 4 7 5 15 29 10 12 16 28 14 20 27 -15 -16 -17 26 -19 -20 -21 -22 22 -24 24 -26 -27 -28 -29 -30 -31
leaf_value=-0.19047580884873175 -0.03567232822224594 -0.038211890449906777 -0.09181709861671862 0.14020822403118829 -0.023145556783392314 0.35531474010290515 -0.14139502560709719 -0.070015025595506583 -0.026585380423068999 0.27688206797586173 0.040180902445323359 0.096497081196577433 0.0026040078617965614 0.095028525522701884 -0.077835465095490941 0.33352497157297634 0.15813367850271212 -0.03277058794705294 -0.095455688540258973 0.23014727617206471 0.24007230962771889 0.027009034480899575 0.23390240205984034 -0.22277968661179617 0.087421779921721843 0.081573873313784642 0.37655276434238139 0.057520766226507737 0.40713934507775812 0.52215491514939527
leaf_weight=1937 464 906 1529 677 63 959 3310 675 125 943 423 563 1758 425 2383 342 413 4473 3537 1305 218 80 532 63 84 339 65 1778 188 104
leaf_count=1937 464 906 1529 677 63 959 3310 675 125 943 423 563 1758 425 2383 342 413 4473 3537 1305 218 80 532 63 84 339 65 1778 188 104
internal_value=2.56002e-11 -0.050027 -0.0718521 0.216271 0.112312 0.270104 -0.115002 -0.0222639 0.0476883 0.235434 -0.100915 0.0743467 0.0141509 0.00433295 -0.0600447 0.235206 0.143386 -0.0478126 -0.117664 0.199426 0.136573 0.185391 0.206858 -0.180251 -0.0455217 0.0138251 0.187835 0.0302177 0.298534 0.371638
internal_weight=30661 24901 21950 5760 2951 4176 11737 10213 1934 3113 9653 1584 4211 1331 2806 1017 603 6002 6847 1982 781 675 612 2084 147 803 478 3536 1131 1063
internal_count=30661 24901 21950 5760 2951 4176 11737 10213 1934 3113 9653 1584 4211 1331 2806 1017 603 6002 6847 1982 781 675 612 2084 147 803 478 3536 1131 1063
is_linear=0
shrinkage=0.04


Tree=33
num_leaves=31
num_cat=0
split_feature=12 0 30 22 26 6 22 30 19 1 26 1 0 29 30 25 6 30 30 22 30 12 25 22 7 2 7 23 28 30
split_gain=191300 40131.1 38602.2 18005.6 12880 8888.07 8391.6 7753.02 6022.14 5991.07 5829.38 5286.32 4045.08 3818.68 3616.01 2850.8 4717.42 2682.66 2682.6 2549.68 2455.48 2083.31 1939.72 1818.75 1773.34 1769.51 1712.64 1667.98 1501.2 1423.57
threshold=31.207628482666671 9.5000000000000018 8.9734752198333414 17.902062057666694 28.205455999839288 0.12940952255126045 49.190807557305583 0.6358419498333322 21.044556177250001 4.5000000000000009 28.882540306270339 4.5000000000000009 5.5000000000000009 16.01859640408794 -5.4686147665833333 31.558002229664897 0.12940952255126045 19.225511951416671 -1.788422856416666 13.378582316750025 -1.1155386635000004 41.535085009916671 37.417015610618058 26.625988609444516 0.91597561503675351 192.50000000000003 0.1294095225512602 42.091031148513885 0.36229933502797829 -12.013320246999996
decision_type=2 2 2 2 2 2 2 2 2 2 2 2 2 2 2 2 2 2 2 2 2 2 2 2 2 2 2 2 2 2
left_child=2 4 3 7 20 8 14 15 24 10 -9 13 22 -6 27 19 -17 -4 25 -1 -2 -22 -7 -14 -5 -8 -10 -3 -16 -27
right_child=1 6 17 5 11 12 18 9 26 -11 -12 -13 23 -15 28 16 -18 -19 -20 -21 21 -23 -24 -25 -26 29 -28 -29 -30 -31
leaf_value=-0.20855133944403531 0.077993695556796624 -0.11796293600796615 0.14686053291296056 -0.080683628989484543 0.29000042424391953 0.057934812116664361 -0.012612280740583544 -0.027158355674334837 -0.021647280455022254 -0.11881164302230959 0.2360952610252825 0.14504687912119463 -0.049520412784755358 0.40504762748271278 0.18659421375819615 -0.1654394943941207 0.076407188712254812 0.29248423404707585 0.24743153152360287 -0.14055844445446053 0.13961521975386507 0.23515210488813654 0.24731926055109882 0.029328474070302896 -0.13619352663757117 0.015610704903354807 -0.0669093608560557 0.0012584654888494926 0.050278278000619625 0.19933886656757968
leaf_weight=1179 418 287 498 3690 1782 1089 139 772 4378 1106 163 313 1262 623 140 294 230 341 401 3508 722 739 94 744 1227 89 1926 543 1685 279
leaf_count=1179 418 287 498 3690 1782 1089 139 772 4378 1106 163 313 1262 623 140 294 230 341 401 3508 722 739 94 744 1227 89 1926 543 1685 279
internal_value=-4.99978e-11 0.165913 -0.0601683 -0.0704793 0.244008 -0.0446084 0.0651535 -0.121886 -0.0613556 -0.0558003 0.0187351 0.299678 0.0143194 0.319803 0.0292543 -0.147769 -0.0592854 0.206047 0.170123 -0.157662 0.163481 0.187939 0.0729831 -0.0202764 -0.0945357 0.108978 -0.0354758 -0.0399663 0.0607354 0.154905
internal_weight=30661 8160 22501 21662 4597 14410 3563 7252 11221 2041 935 2718 3189 2405 2655 5211 524 839 908 4687 1879 1461 1183 2006 4917 507 6304 830 1825 368
internal_count=30661 8160 22501 21662 4597 14410 3563 7252 11221 2041 935 2718 3189 2405 2655 5211 524 839 908 4687 1879 1461 1183 2006 4917 507 6304 830 1825 368
is_linear=0
shrinkage=0.04


Tree=34
num_leaves=31
num_cat=0
split_feature=12 30 12 30 30 12 22 22 22 35 6 25 7 30 30 22 30 22 31 30 26 25 20 7 12 33 12 25 6 13
split_gain=176714 47411.3 25087.9 23682.3 12400.3 6769.5 5833.81 5480.98 5417.03 4653.72 3802.2 5973.42 3314.51 3119 3036.14 3019.85 2812.55 2733.14 2482.43 2425.05 2147.41 1763.34 2195.39 1590.79 1532.12 1526.14 1483.66 1462.56 1434.5 1420.94
threshold=38.236772334666675 2.9127877360000007 21.190488655166671 -1.2061106446666672 9.9654447824166699 51.427190901166675 54.566427213666692 26.893337817777791 13.915278569833356 64.450000000000017 1.0000000180025095e-35 34.902888381930559 0.91597561503675351 -4.2168444700833341 -7.4043781490833327 16.4635970880278 7.0547153234999973 25.296493159833364 -15.927029866166665 -2.2032066552062157 34.884133405053902 31.670186202093749 10.064494355500001 0.91597561503675351 44.796684602583341 1.0000000180025095e-35 30.448823787333335 36.053391468832395 0.37940952255126054 10.06621396075
decision_type=2 2 2 2 2 2 2 2 2 2 2 2 2 2 2 2 2 2 2 2 2 2 2 2 2 2 2 2 2 2
left_child=1 2 8 6 9 16 14 19 21 15 12 -12 -10 -9 -2 -3 24 28 -11 -4 -7 25 -23 -21 -5 -1 -15 -20 -6 -30
right_child=3 4 7 5 17 20 -8 13 10 18 11 -13 -14 26 -16 -17 -18 -19 27 23 -22 22 -24 -25 -26 -27 -28 -29 29 -31
leaf_value=-0.32356531449084008 -5.2351027404546074e-05 -0.081942185034290543 -0.10303466791481697 0.1579030286473978 -0.040922311403555796 0.30383409147436169 0.22663681786038509 -0.07553614110830037 -0.093983778238091176 -0.022350787958258574 -0.073501929881495481 0.14101798334573334 -0.15721452852449086 0.00041834561493012584 0.10714780195636492 0.04648810338827862 0.34498739533404588 0.30719596291260703 0.14872438102416974 -0.031001750234737783 0.42297384776763225 0.28627353556950885 -0.14820699341443119 -0.13475057649876804 0.23153456827327965 -0.1673766262708237 0.050161240081126025 0.3463828247699185 0.048057465647690388 0.2193983576498339
leaf_weight=106 716 427 1024 797 48 1188 437 575 4674 127 2441 227 1852 1994 1032 933 241 379 454 5084 304 30 49 248 1045 1797 1849 69 95 419
leaf_count=106 716 427 1024 797 48 1188 437 575 4674 127 2441 227 1852 1994 1032 933 241 379 454 5084 304 30 49 248 1045 1797 1849 69 95 419
internal_value=-3.49534e-11 -0.0461854 -0.066423 0.199664 0.104345 0.263072 0.0959173 -0.0228689 -0.108411 0.0482422 -0.0954806 -0.05525 -0.111928 0.0113511 0.0632374 0.00616477 0.216488 0.224183 0.136281 -0.0466549 0.328109 -0.168389 0.0167856 -0.0358273 0.199676 -0.176077 0.0243514 0.174802 0.168201 0.18773
internal_weight=30661 24901 21950 5760 2951 3575 2185 10774 11176 2010 9194 2668 6526 4418 1748 1360 2083 941 650 6356 1492 1982 79 5332 1842 1903 3843 523 562 514
internal_count=30661 24901 21950 5760 2951 3575 2185 10774 11176 2010 9194 2668 6526 4418 1748 1360 2083 941 650 6356 1492 1982 79 5332 1842 1903 3843 523 562 514
is_linear=0
shrinkage=0.04


Tree=35
num_leaves=31
num_cat=0
split_feature=12 30 12 30 30 12 12 30 23 12 0 35 30 25 29 30 27 29 23 26 29 0 0 0 0 0 19 30 0 38
split_gain=162859 43694.3 23121.8 22017.5 11428.1 8547.07 5178.49 4937.19 4515.82 4324.83 4196.82 3752.28 3510.27 3251.81 2596.59 2357.3 2329 1954.52 1804.48 1735.75 1698.14 1591.35 1566.5 1469.51 1358.24 1293.36 1285.29 1259.76 1240.45 1204.59
threshold=38.236772334666675 2.9127877360000007 21.117562939666673 -4.0999703914999968 9.9654447824166699 55.135410139833333 27.358913689773839 -0.59573790716666852 11.471173077611112 24.736158919250006 1.0000000180025095e-35 85.850000000000009 -3.1575543129166674 33.361311049437511 16.145346420421081 -2.2032066552062157 16.617182608667324 14.018501324680503 19.330662828944448 25.492707444746038 17.070025242094022 4.5000000000000009 9.5000000000000018 22.500000000000004 17.500000000000004 8.5000000000000018 29.540989603500005 -12.013320246999996 4.5000000000000009 27.925000000000008
decision_type=2 2 2 2 2 2 2 2 2 2 2 2 2 2 2 2 2 2 2 2 2 2 2 2 2 2 2 2 2 2
left_child=1 2 8 17 9 7 15 25 -1 13 19 -12 24 21 18 -4 -9 -2 -6 -10 22 -3 -7 -17 -8 -5 -15 -19 -18 -20
right_child=3 4 6 5 14 20 12 16 10 -11 11 -13 -14 26 -16 23 28 27 29 -21 -22 -23 -24 -25 -26 -27 -28 -29 -30 -31
leaf_value=-0.2065400373853549 -0.014015654917487777 0.024820197549787749 -0.10032644765176978 0.17418630572260227 0.095948350763907231 0.32956797640409152 -0.034170621641692364 0.21023159731435859 -0.22803242997336534 0.14398523005602731 -0.094562502719216929 0.035259730248358052 0.03327212834370645 0.29518867398301762 0.38267422351986169 -0.029948221019768951 0.39467181111491001 0.0079307875242860364 0.25706257700001089 -0.12676919321153338 0.42011478758165255 -0.06608898528205305 0.2117450913811518 -0.13511358826678263 -0.1661217775710877 0.083749235150295198 0.032153161880762678 0.13530508920508014 0.2608794793715844 0.11548890361715047
leaf_weight=653 608 870 1004 465 237 711 769 1918 491 533 8941 371 3159 84 128 5588 172 192 454 604 233 477 242 221 149 555 46 352 312 122
leaf_count=653 608 870 1004 465 237 711 769 1918 491 533 8941 371 3159 84 128 5588 172 192 454 604 233 477 242 221 149 555 46 352 312 122
internal_value=-1.60677e-10 -0.044338 -0.0637661 0.191677 0.100172 0.230779 -0.0223931 0.198708 -0.104503 0.0463125 -0.0981007 -0.0893902 0.013264 0.0110657 0.215216 -0.0437309 0.230018 0.0352679 0.188851 -0.172176 0.323315 -0.00737259 0.299649 -0.0339492 -0.0555875 0.124978 0.202115 0.0903495 0.308426 0.227076
internal_weight=30661 24901 21950 5760 2951 4608 10890 3422 11060 2010 10407 9312 4077 1477 941 6813 2402 1152 813 1095 1186 1347 953 5809 918 1020 130 544 484 576
internal_count=30661 24901 21950 5760 2951 4608 10890 3422 11060 2010 10407 9312 4077 1477 941 6813 2402 1152 813 1095 1186 1347 953 5809 918 1020 130 544 484 576
is_linear=0
shrinkage=0.04


Tree=36
num_leaves=31
num_cat=0
split_feature=22 30 0 22 26 30 22 25 6 1 1 35 0 29 22 7 1 22 30 38 35 30 30 12 22 26 2 16 28 12
split_gain=150572 32983.7 30530.5 16167.1 10222.4 8920.65 5958.27 4226.3 6518.9 3950.6 3815.55 3660.75 3655.71 3075.39 2916 2695.51 2292.09 2281.76 2236.99 2128.99 2096.78 2079.14 2009.31 1793.52 1748.09 1651.24 1559.82 1546.91 1393.54 1237.56
threshold=31.586063924333391 2.8031257199166686 9.5000000000000018 19.147581477694455 29.022686845122021 9.9654447824166699 49.190807557305583 32.004211610131954 0.12940952255126045 4.5000000000000009 4.5000000000000009 64.450000000000017 18.500000000000004 15.46870135125674 13.208028399777801 0.91597561503675351 4.5000000000000009 16.130602187916697 -2.2473202874999987 27.441666666666674 32.350000000000009 -1.788422856416666 -7.4043781490833327 24.736158919250006 44.638239431416679 32.94594157528919 192.50000000000003 19.48763745916667 0.36229933502797829 41.102814550666672
decision_type=2 2 2 2 2 2 2 2 2 2 2 2 2 2 2 2 2 2 2 2 2 2 2 2 2 2 2 2 2 2
left_child=1 3 4 7 20 11 22 14 -9 -10 13 17 18 -6 -1 -16 25 -3 -5 27 -2 26 -4 -20 -22 -13 -8 -7 -24 -30
right_child=2 5 6 12 10 19 21 8 9 -11 -12 16 -14 -15 15 -17 -18 -19 23 -21 24 -23 28 -25 -26 -27 -28 -29 29 -31
leaf_value=-0.17309243774846925 0.069970655576395452 -0.080894416279026785 -0.03440822866492798 -0.069933980994330486 0.2581209745926889 0.15730511333583699 -0.018540627341466224 -0.13793566045158115 0.16769658120015735 -0.09909641501746437 0.13280282845244792 0.14336487196230099 -0.071765822230263496 0.35871610581462643 -0.092592313311631966 -0.15216759170438868 0.010380246071288219 0.031360666347431752 -0.033678972673677192 0.060580772340575358 0.13585130139464466 0.21750835926529774 0.17219466022823166 0.0084684247253039979 0.22141928694932828 0.38081786666597639 0.13873782862762354 0.28161830793989717 0.021751006093644588 0.098206251813098791
leaf_weight=1494 402 420 592 1434 1485 302 139 429 285 129 274 287 3949 723 4061 1734 195 934 3599 161 894 401 138 2931 667 56 368 341 1389 448
leaf_count=1494 402 420 592 1434 1485 302 139 429 285 129 274 287 3949 723 4061 1734 195 934 3599 161 894 401 138 2931 667 56 368 341 1389 448
internal_value=-4.10825e-11 -0.0523115 0.150204 -0.0699785 0.219643 0.0790439 0.0613816 -0.113458 -0.0286647 0.0845654 0.27359 0.0316125 -0.0402987 0.29106 -0.123265 -0.110419 0.11988 -0.00345996 -0.0246955 0.190661 0.151435 0.149448 0.0302305 -0.0147611 0.172414 0.182133 0.0956181 0.223232 0.0496058 0.0403966
internal_weight=30661 22741 7920 20045 4445 2696 3475 8132 843 414 2482 1892 11913 2208 7289 5795 538 1354 7964 804 1963 908 2567 6530 1561 343 507 643 1975 1837
internal_count=30661 22741 7920 20045 4445 2696 3475 8132 843 414 2482 1892 11913 2208 7289 5795 538 1354 7964 804 1963 908 2567 6530 1561 343 507 643 1975 1837
is_linear=0
shrinkage=0.04


Tree=37
num_leaves=31
num_cat=0
split_feature=12 0 30 22 28 30 22 26 1 6 18 30 24 30 28 12 0 22 6 7 35 35 22 30 1 26 28 2 23 22
split_gain=138895 29937.2 27928.1 14795 9717.55 8984.17 6049.3 4095.9 3919.15 7112.01 3641.95 3423.7 3255.79 2754.31 2380.7 2313.65 2280.2 2562.8 2154.32 2316.54 1962.63 1916.54 1960.33 1916.14 1625.88 1536.31 1524.48 1437.53 1385.01 1224.99
threshold=31.207628482666671 9.5000000000000018 2.8031257199166686 18.628034331861141 14.005779182384368 13.89867375425 49.190807557305583 29.283126876855658 4.5000000000000009 0.12940952255126045 23.949580688916669 0.35813444791666887 16.257864059875001 -5.4686147665833333 18.45661917884058 47.494132682500009 1.0000000180025095e-35 11.711783301472229 0.12940952255126045 0.91597561503675351 64.450000000000017 37.250000000000007 42.607233013277821 -1.788422856416666 4.5000000000000009 34.884133405053902 15.712953735861703 192.50000000000003 42.091031148513885 60.489861350083395
decision_type=2 2 2 2 2 2 2 2 2 2 2 2 2 2 2 2 2 2 2 2 2 2 2 2 2 2 2 2 2 2
left_child=2 4 3 7 11 12 13 16 9 -9 18 21 -4 28 -6 -13 -1 -18 19 -5 -14 -2 -23 27 -22 -20 -7 -8 -3 -25
right_child=1 6 5 10 14 26 23 8 -10 -11 -12 15 20 -15 -16 -17 17 -19 25 -21 24 22 -24 29 -26 -27 -28 -29 -30 -31
leaf_value=-0.20094065627105395 0.031865572418470031 -0.10761908432540163 -0.073911574332527333 -0.054084488514242218 0.26300781195766598 0.16958872025656505 -0.01779900309904445 -0.13221006647808345 -0.11256613231448137 0.1475546774960616 -0.013240321312154009 0.16974491480516876 0.02381029070899026 0.05134187530453687 0.4018838328467475 0.27811012897204174 -0.18132992200719339 -0.10628253674237026 -0.00154039862247126 -0.11601399966199775 0.16435854814587106 0.078015348655079253 0.19795761853770205 0.17039133877868387 0.019581479155208154 0.28710544057430759 0.31590316736580509 0.13318831532970882 0.0010196765926606529 0.33603747875459733
leaf_weight=587 347 287 385 5972 1616 455 139 254 683 340 4723 1087 1077 1825 225 444 863 4656 611 1153 373 403 475 308 186 31 152 368 543 93
leaf_count=587 347 287 385 5972 1616 455 139 254 683 340 4723 1087 1077 1825 225 444 863 4656 611 1153 373 403 475 308 186 31 152 368 543 93
internal_value=-1.12652e-10 0.141373 -0.051269 -0.0674744 0.208824 0.0712769 0.0543467 -0.112364 -0.0472165 0.0279246 -0.0409393 0.161292 0.030745 0.0238666 0.279981 0.201172 -0.125989 -0.118018 -0.0577826 -0.0641062 0.0553738 0.111451 0.142904 0.143471 0.116186 0.0123973 0.206228 0.0917934 -0.0365458 0.208808
internal_weight=30661 8160 22501 19873 4597 2628 3563 7383 1277 594 12490 2756 2021 2655 1841 1531 6106 5519 7767 7125 1636 1225 878 908 559 642 607 507 830 401
internal_count=30661 8160 22501 19873 4597 2628 3563 7383 1277 594 12490 2756 2021 2655 1841 1531 6106 5519 7767 7125 1636 1225 878 908 559 642 607 507 830 401
is_linear=0
shrinkage=0.04


Tree=38
num_leaves=31
num_cat=0
split_feature=12 30 12 30 22 12 23 30 30 30 30 1 0 30 30 42 12 0 12 29 29 22 30 29 30 27 0 1 0 12
split_gain=128331 35773.8 19826 17225.8 6408.75 6325.9 5833.08 4653.55 3826.46 3805.22 3392.05 3189.76 3141.06 2121.35 2046.07 1957.75 1766.64 1729.2 1627.29 1607.55 1587.28 1506.01 1487.05 1446.24 1125.09 1113.21 1057.62 1011.9 1009.85 1007.41
threshold=39.200967977416674 4.9999727698333354 24.271478035583335 -4.2168444700833341 16.739675493861139 55.135410139833333 19.463005871194444 -0.38000416683333599 -0.32875007274999385 1.5747244464999961 0.13979292774999766 4.5000000000000009 4.5000000000000009 12.319245682500002 -6.6287634407499985 629.25287398839464 28.699276953416668 4.5000000000000009 7.737544311833334 16.145346420421081 14.018501324680503 64.74810401452784 0.90179811183333325 11.456949451839769 -12.013320246999996 17.894122973520428 8.5000000000000018 4.5000000000000009 22.500000000000004 49.374502718333339
decision_type=2 2 2 2 2 2 2 2 2 2 2 2 2 2 2 2 2 2 2 2 2 2 2 2 2 2 2 2 2 2
left_child=1 2 4 20 10 9 17 14 28 15 18 -12 -10 26 -4 29 -9 23 -1 -15 -2 22 -7 -3 -22 -11 -8 -25 -6 -5
right_child=3 6 7 5 8 21 13 16 12 25 11 -13 -14 19 -16 -17 -18 -19 -20 -21 24 -23 -24 27 -26 -27 -28 -29 -30 -31
leaf_value=-0.27100778838566369 -0.015209937327260852 0.0088042263472395618 -0.11691684310477474 0.14603499442363563 -0.074739783331428084 0.23960496471319953 0.1558544988760158 0.012203056523828882 0.055033787688408942 0.22365762659695929 -0.0014466584352905759 -0.1087852984343788 -0.044215390290478628 0.21174227592092687 -0.015650887424623439 0.091061639153703133 0.073834002091803103 -0.11328475949383274 -0.13165971282118416 0.38709312036925675 0.0042589418430273472 0.42518076374613001 0.33861880891691376 0.16742382700528416 0.126444876416163 0.3309519181923663 -0.0017243277273373677 -0.0040748376766560788 -0.1305524281227724 0.21102024972077238
leaf_weight=140 561 326 347 870 5473 709 460 1586 583 874 684 1257 4086 465 3990 633 1402 97 3174 102 190 116 369 245 330 188 80 71 573 680
leaf_count=140 561 326 347 870 5473 709 460 1586 583 874 684 1257 4086 465 3990 633 1402 97 3174 102 190 116 369 245 330 188 80 71 573 680
internal_value=-2.7935e-11 -0.0383452 -0.051777 0.174644 -0.0767688 0.209514 0.131154 0.00271019 -0.0590235 0.180549 -0.112952 -0.0709596 -0.0318225 0.189249 -0.0237531 0.150337 0.0411209 0.0441287 -0.137546 0.243287 0.0314553 0.288234 0.273497 0.0679123 0.0818 0.242651 0.132509 0.128891 -0.0800293 0.174545
internal_weight=30661 25141 23295 5520 15970 4439 1846 7325 10715 3245 5255 1941 4669 1107 4337 2183 2988 739 3314 567 1081 1194 1078 642 520 1062 540 316 6046 1550
internal_count=30661 25141 23295 5520 15970 4439 1846 7325 10715 3245 5255 1941 4669 1107 4337 2183 2988 739 3314 567 1081 1194 1078 642 520 1062 540 316 6046 1550
is_linear=0
shrinkage=0.04


Tree=39
num_leaves=31
num_cat=0
split_feature=12 0 22 6 0 26 22 25 6 19 1 1 29 1 7 22 29 29 0 2 27 16 1 29 7 34 25 27 25 12
split_gain=118487 25604.8 15886.4 15722.6 10704 8581.61 5193.75 5132.43 6667.99 3967.42 3631.23 3501.86 3570.91 3436.04 2840.02 3654.4 2543.99 2423.51 2300.76 2219.34 1979.34 1748.18 1557.83 1738.87 1482.69 1373.26 1369.58 1362.24 1268.43 1216.82
threshold=31.207628482666671 9.5000000000000018 18.058304917333349 0.12940952255126045 4.5000000000000009 28.035789475293157 45.105719314222263 29.517579493291674 0.12940952255126045 20.901040137333336 4.5000000000000009 4.5000000000000009 10.854671787634141 4.5000000000000009 0.91597561503675351 10.596596074777795 16.01859640408794 16.17867714282227 4.5000000000000009 192.50000000000003 0.56273811250074346 49.374502718333339 1.0000000180025095e-35 14.314871101985775 -0.9159756150367534 32.500000000000007 30.019934527549854 7.4101440622371202 33.817878332854171 24.736158919250006
decision_type=2 2 2 2 2 2 2 2 2 2 2 2 2 2 2 2 2 2 2 2 2 2 2 2 2 2 2 2 2 2
left_child=2 5 7 9 11 26 20 14 -9 -4 16 12 -5 17 15 -1 -7 -10 -17 24 -3 -22 23 -16 -8 -11 -2 -21 -26 -6
right_child=1 6 3 4 29 10 19 8 13 25 -12 -13 -14 -15 22 18 -18 -19 -20 27 21 -23 -24 -25 28 -27 -28 -29 -30 -31
leaf_value=-0.18259675989345628 0.10549605303031985 0.15044665257387524 -0.075741219770741858 0.0627327652680085 -0.036999078218856181 0.23009304937410047 -0.025370492332560172 -0.13067844336566173 0.096537239453954718 -0.037609303324611452 0.1098286198281176 -0.013413914950041657 0.2053349722748391 -0.063878157615068959 -0.11886677537082641 -0.032436152942117789 0.32370213501956641 0.39470218969851123 -0.098074803327255863 0.17549777608791178 -0.027074755600921298 0.046534198227410943 -0.17452300513052776 0.1302957354892384 0.050081288830473511 0.0054581674561496084 0.18468754537902932 0.033089284277044412 0.2536052295323965 0.020887399142583578
leaf_weight=637 1362 158 4620 425 1111 1826 238 475 397 4903 316 228 829 220 242 1182 623 49 3083 699 1235 887 1265 55 145 1562 470 127 74 1218
leaf_count=637 1362 158 4620 425 1111 1826 238 475 397 4903 316 228 829 220 242 1182 623 49 3083 699 1235 887 1265 55 145 1562 470 127 74 1218
internal_value=-7.8713e-11 0.130574 -0.0473528 -0.0233376 0.046749 0.192954 0.0500911 -0.0943917 -0.0161786 -0.0474332 0.23744 0.130787 0.157005 0.0654842 -0.108198 -0.093231 0.253906 0.129295 -0.0798837 0.114471 0.0138636 0.00369393 -0.155167 -0.0727256 0.0437427 -0.0272038 0.125813 0.153602 0.118852 -0.00672612
internal_weight=30661 8160 22501 14896 3811 4597 3563 7605 1141 11085 2765 1482 1254 666 6464 4902 2449 446 4265 1283 2280 2122 1562 297 457 6465 1832 826 219 2329
internal_count=30661 8160 22501 14896 3811 4597 3563 7605 1141 11085 2765 1482 1254 666 6464 4902 2449 446 4265 1283 2280 2122 1562 297 457 6465 1832 826 219 2329
is_linear=0
shrinkage=0.04


Tree=40
num_leaves=31
num_cat=0
split_feature=12 30 12 30 27 12 23 30 30 30 25 12 12 37 7 7 16 12 30 15 12 30 29 12 12 1 26 30 27 1
split_gain=109348 30934.9 16407 15045.5 7523.98 5472.87 3731.77 3840.75 3524.07 3354.4 3097.12 2441.58 2293.04 1984.4 1980.04 1801.62 1745.41 1740.66 1665.93 1442.29 1396.07 1435.94 1383.96 1177.59 1166.57 1151.51 999.815 985.358 913.615 903.792
threshold=39.200967977416674 3.2639159501666684 22.427579109750003 -4.2168444700833341 7.6423376226082462 55.135410139833333 11.471173077611112 -0.10284455166666716 -0.61216533191666389 3.14338850075 32.676512655760426 28.360758081750003 17.654167329833339 212.23726500000001 -0.78656609248549325 0.37940952255126048 49.374502718333339 13.346342045166667 -3.8756598344166648 17.164261885750005 62.611773307833339 1.135044482916663 14.018501324680503 46.250810433000005 49.374502718333339 4.5000000000000009 25.492707444746038 -13.674665991583332 10.446491288613847 4.5000000000000009
decision_type=2 2 2 2 2 2 2 2 2 2 2 2 2 2 2 2 2 2 2 2 2 2 2 2 2 2 2 2 2 2
left_child=1 2 6 22 10 9 -1 12 16 14 17 -10 -8 -9 26 -6 18 -3 -4 -17 21 -7 -2 -11 -16 -19 -5 -24 -21 -12
right_child=3 4 8 5 15 20 7 13 11 23 29 -13 -14 -15 24 19 -18 25 -20 28 -22 -23 27 -25 -26 -27 -28 -29 -30 -31
leaf_value=-0.17247651071283454 -0.016184025618734103 -0.053557533591514377 -0.099231668884842472 -0.028348294945046454 0.068134829086524934 0.20531253011529746 -0.11712579481922289 -0.04954472829695427 -0.0059693910360649385 0.20153596356703804 0.20444941398298855 0.057985124100480193 -0.073634465583073835 0.10791669002593014 0.13970002501365225 0.15163994997407629 0.015496688690695712 0.071980945904347546 -0.032096520263346619 0.19078103918035555 0.34086284203705242 0.31273810645472572 -0.0089451559766249508 0.31239927107835341 0.20187480006204253 -0.020401734091431624 0.1082532999996996 0.11077736407847695 0.31194541342247467 0.033373603380643407
leaf_weight=659 561 411 714 101 201 588 3261 4286 2617 348 206 1504 4787 132 1085 443 989 711 3444 184 305 301 158 274 870 310 567 362 217 65
leaf_count=659 561 411 714 101 201 588 3261 4286 2617 348 206 1504 4787 132 1085 443 989 711 3444 184 305 301 158 274 870 310 567 362 217 65
internal_value=-8.26841e-11 -0.0353957 -0.0509391 0.161211 0.0912646 0.193799 -0.0797106 -0.0748066 -0.010194 0.166858 0.0394173 0.0173714 -0.0912569 -0.0448401 0.147054 0.175758 -0.0322645 0.015951 -0.0436248 0.201389 0.267019 0.241685 0.0273902 0.250373 0.167369 0.0439314 0.0875995 0.0744001 0.256349 0.163416
internal_weight=30661 25141 22393 5520 2748 4439 13125 12466 9268 3245 1703 4121 8048 4418 2623 1045 5147 1432 4158 844 1194 889 1081 622 1955 1021 668 520 401 271
internal_count=30661 25141 22393 5520 2748 4439 13125 12466 9268 3245 1703 4121 8048 4418 2623 1045 5147 1432 4158 844 1194 889 1081 622 1955 1021 668 520 401 271
is_linear=0
shrinkage=0.04


Tree=41
num_leaves=31
num_cat=0
split_feature=12 0 30 22 26 30 22 12 25 6 1 23 0 30 22 7 30 2 0 29 30 30 30 12 29 30 27 28 33 22
split_gain=101010 21877.1 20726.5 11133.1 7397.57 6957.83 4389.22 3148.96 3148.52 4833.24 3294.76 2866.21 2548.5 2469.19 2172.52 2111.94 2094.64 1971.91 1961.16 1799.15 1792.78 1684.6 1561.24 1557.87 1481.03 1420.28 1153.54 1125.47 1815.82 1100.6
threshold=31.207628482666671 9.5000000000000018 2.4935184164999975 19.147581477694455 28.035789475293157 13.89867375425 45.105719314222263 52.664129687500001 32.676512655760426 0.12940952255126045 4.5000000000000009 17.474840620250003 18.500000000000004 -5.4686147665833333 13.208028399777801 0.91597561503675351 8.2511296545000068 192.50000000000003 3.5000000000000004 12.598506235574702 -12.013320246999996 -1.4362153078333326 -2.2473202874999987 42.632460237333341 16.081625897909582 -1.184472232749999 0.19331082208901171 12.562356045154443 0.44830189007764393 44.196341520222262
decision_type=2 2 2 2 2 2 2 2 2 2 2 2 2 2 2 2 2 2 2 2 2 2 2 2 2 2 2 2 2 2
left_child=2 4 3 8 21 11 13 16 14 -10 -11 27 22 -3 -1 -16 23 25 19 -13 -19 -2 -5 -6 -7 -8 -15 -4 -29 -23
right_child=1 6 5 12 7 24 17 -9 9 10 -12 18 -14 26 15 -17 -18 20 -20 -21 -22 29 -24 -25 -26 -27 -28 28 -30 -31
leaf_value=-0.14605882002685749 0.034799795571811946 -0.052773205961530824 -0.051853889158473825 -0.059792201104758184 0.09433746934110343 0.14928364781281495 -0.016355797953798736 0.26996047685281144 -0.11568799254056016 0.17480971755832436 -0.096571260042050314 0.060037198321311019 -0.059689552162142279 0.1490268998827253 -0.075491244145503025 -0.12762427691970252 0.279531459280768 0.0052560099650376521 0.021816941502621177 0.20807400757045252 0.16758745690396154 0.10758929457114783 -0.011920767322450256 0.18987167174141084 0.31840069717831082 0.1290303572237147 0.028921201863453986 -0.13645038142353297 0.15306121672676729 0.17852033681139404
leaf_weight=1467 335 654 740 1314 387 508 284 1154 363 240 102 326 3921 140 4025 1799 296 129 819 220 697 939 6395 928 99 173 1486 50 113 558
leaf_count=1467 335 654 740 1314 387 508 284 1154 363 240 102 326 3921 140 4025 1799 296 129 819 220 697 939 6395 928 99 173 1486 50 113 558
internal_value=-4.25406e-11 0.120561 -0.0437214 -0.0584149 0.178221 0.0565829 0.0461663 0.219524 -0.0947483 -0.0140293 0.0938715 0.0243907 -0.0334345 0.0128627 -0.102553 -0.0915948 0.183396 0.10535 0.0609645 0.119686 0.142235 0.115884 -0.0200805 0.161756 0.176866 0.038681 0.0392624 -0.0308953 0.064254 0.134029
internal_weight=30661 8160 22501 19626 4597 2875 3563 2765 7996 705 342 2268 11630 2280 7291 5824 1611 1283 1365 546 826 1832 7709 1315 607 457 1626 903 163 1497
internal_count=30661 8160 22501 19626 4597 2875 3563 2765 7996 705 342 2268 11630 2280 7291 5824 1611 1283 1365 546 826 1832 7709 1315 607 457 1626 903 163 1497
is_linear=0
shrinkage=0.04


Tree=42
num_leaves=31
num_cat=0
split_feature=22 30 0 22 29 25 22 1 26 12 1 0 0 0 22 30 26 30 1 28 22 0 0 16 30 17 30 12 0 28
split_gain=93219.8 20778.9 18840.1 10317.5 6985.51 5658.32 3864.61 3147.44 3093.82 3014.8 2918.21 3362.64 2544.11 2035.67 2097.18 1983.34 1934.53 1917.63 1855.15 2165.45 1696.78 1478.92 1475.91 1461.31 1387.92 1315.65 1311.37 1297.64 1108.26 1075.06
threshold=31.586063924333391 2.8031257199166686 9.5000000000000018 19.147581477694455 11.986761121056318 29.094692714552085 56.743364881861162 1.0000000180025095e-35 29.283126876855658 53.086786783750007 4.5000000000000009 2.5000000000000004 17.500000000000004 1.0000000180025095e-35 11.711783301472229 8.2511296545000068 27.743557900595242 -0.59573790716666852 4.5000000000000009 15.712953735861703 18.058304917333349 1.0000000180025095e-35 5.5000000000000009 49.374502718333339 -5.0128002280833313 10.883099809083339 -3.8756598344166648 42.035888118500004 22.500000000000004 12.562356045154443
decision_type=2 2 2 2 2 2 2 2 2 2 2 2 2 2 2 2 2 2 2 2 2 2 2 2 2 2 2 2 2 2
left_child=1 3 4 8 24 7 17 16 13 15 11 -10 21 -1 -15 27 -3 23 19 -7 29 -5 -23 25 -2 -4 -14 -6 -28 -9
right_child=2 5 6 12 9 18 -8 20 10 -11 -12 -13 26 14 -16 -17 -18 -19 -20 -21 -22 22 -24 -25 -26 -27 28 -29 -30 -31
leaf_value=-0.16910088032623102 -0.060890979577855373 0.058054591091459287 -0.1891635481170986 -0.093734401048969421 0.086071576171982203 0.1260181862037702 0.1804092156135344 -0.071277366845336351 0.072542597901161396 0.25807719350539066 -0.091469948017493016 -0.12997102122988019 -0.15954074357118872 -0.15195411342432505 -0.084594520755781707 0.27159921372945045 0.24670014110986482 0.087075001792169704 0.028289103113198082 0.2743073048057002 0.034535788230057408 0.06618413411880561 -0.016238940557348522 0.043481197727495917 0.10871504035038515 -0.0080325419358054147 -0.042096011886965198 0.176278236247224 -0.099993113374761022 0.10025576091271181
leaf_weight=643 82 255 69 371 318 510 322 581 524 1143 758 175 180 863 5169 293 132 831 179 228 746 368 6271 1338 1318 915 4116 1291 607 65
leaf_count=643 82 255 69 371 318 510 322 581 524 1143 758 175 180 863 5169 293 132 831 179 228 746 368 6271 1338 1318 915 4116 1291 607 65
internal_value=-5.60455e-11 -0.0411603 0.118185 -0.0551828 0.172733 0.0630978 0.0484106 0.0214933 -0.0899169 0.206735 -0.0371083 0.0218418 -0.0314727 -0.101444 -0.0942317 0.17588 0.122399 0.0349303 0.143811 0.171831 -0.00656022 -0.0160134 -0.0116702 0.0162686 0.098781 -0.0207338 -0.0535754 0.15845 -0.0495369 -0.0540178
internal_weight=30661 22741 7920 20045 4445 2696 3475 1779 8132 3045 1457 699 11913 6675 6032 1902 387 3153 917 738 1392 7010 6639 2322 1400 984 4903 1609 4723 646
internal_count=30661 22741 7920 20045 4445 2696 3475 1779 8132 3045 1457 699 11913 6675 6032 1902 387 3153 917 738 1392 7010 6639 2322 1400 984 4903 1609 4723 646
is_linear=0
shrinkage=0.04


Tree=43
num_leaves=31
num_cat=0
split_feature=12 30 22 30 30 0 12 30 22 30 12 0 17 28 27 18 30 12 30 12 0 37 6 23 12 38 12 12 15 12
split_gain=86437.6 24402.6 12928.4 12240.2 6557.64 3589.42 3338.42 3056.79 2773.44 2728.94 2673.62 2465.74 2186.46 2054.36 2006.17 1875.57 1841.95 1790.92 1780.62 1682.31 1647.17 1232.9 1222.54 1162.46 1080.09 1073.62 1067.81 1054.73 1019.58 930.781
threshold=39.200967977416674 2.9127877360000007 20.322412673805584 -1.2061106446666672 9.9654447824166699 17.500000000000004 55.653911214166676 -5.8017321689999983 10.596596074777795 0.099303721583333462 24.736158919250006 2.5000000000000004 13.525336108416669 12.845333037325672 10.641922898504982 26.935910676916674 3.2639159501666684 28.360758081750003 -3.4572433434999925 59.666266569166673 1.0000000180025095e-35 65.469746000000029 0.37940952255126054 46.150013517527782 44.286017366833342 27.925000000000008 50.186352160982246 13.346342045166667 19.570099617083336 65.558564078166683
decision_type=2 2 2 2 2 2 2 2 2 2 2 2 2 2 2 2 2 2 2 2 2 2 2 2 2 2 2 2 2 2
left_child=1 2 8 7 10 12 16 23 -1 20 13 -11 -4 27 22 -15 26 -14 -7 21 -10 -9 -6 -2 -18 -24 -5 -3 -16 -8
right_child=3 4 5 6 14 18 29 19 9 11 -12 -13 17 15 28 -17 24 -19 -20 -21 -22 -23 25 -25 -26 -27 -28 -29 -30 -31
leaf_value=-0.1590360226182779 -0.063481583130464772 -0.079087396900448068 -0.072925717042318289 0.12603907560590158 -0.057738522393138786 -0.15322413516774469 0.24806611589151004 -0.18316689021312274 -0.13271617143856429 0.041093469589336483 0.10879098090050288 -0.058403883843200693 -0.013111462472591292 0.20461544944439083 0.19138863040402726 -0.0013675752839596152 0.16572321702486914 0.026882290020315558 -0.042071262915368016 0.21914179244098514 -0.078833395772226714 0.095958008566185568 0.16646945187898532 0.039017550942545262 0.27375712576032685 0.035175745446061668 0.18547806801035202 0.0061325237514389622 0.33910600009265246 0.40174699945726255
leaf_weight=662 241 316 655 1218 57 245 732 26 1080 499 566 1979 4360 144 229 139 253 3041 3922 188 5691 967 438 667 357 129 802 878 111 69
leaf_count=662 241 316 655 1218 57 245 732 26 1080 499 566 1979 4360 144 229 139 253 3041 3922 188 5691 967 438 667 357 129 802 878 111 69
internal_value=-1.06855e-10 -0.03147 -0.0459952 0.143331 0.0754479 -0.0184674 0.189809 0.0669954 -0.0799447 -0.0742837 0.0348717 -0.0383679 -0.00287777 0.00654521 0.161441 0.103444 0.168034 0.00332159 -0.0486065 0.109422 -0.0874279 0.0886496 0.118846 0.0118124 0.22895 0.136598 0.149638 -0.0164215 0.239614 0.261305
internal_weight=30661 25141 22134 5520 3007 12223 3431 2089 9911 9249 2043 2478 8056 1477 964 283 2630 7401 4167 1181 6771 993 624 908 610 567 2020 1194 340 801
internal_count=30661 25141 22134 5520 3007 12223 3431 2089 9911 9249 2043 2478 8056 1477 964 283 2630 7401 4167 1181 6771 993 624 908 610 567 2020 1194 340 801
is_linear=0
shrinkage=0.04


Tree=44
num_leaves=31
num_cat=0
split_feature=12 30 12 30 30 12 12 23 30 35 40 30 0 12 0 30 27 35 7 12 12 34 30 6 13 37 23 15 0 12
split_gain=79660.9 22516.6 11903.3 11280.6 6682.38 3401.15 3090.79 2853.25 2817.13 2656.31 3023.72 2406.87 2119.17 2076.84 2235.85 1905.33 1873.45 1658.26 1583.17 1550.42 1346.17 1264.26 1226.07 1206.25 1185.08 1136.24 1071.32 976.751 943.078 867.003
threshold=39.200967977416674 2.4935184164999975 20.024785327000004 -1.2061106446666672 8.9734752198333414 26.54609790866667 51.427190901166675 17.64357462786111 -5.8017321689999983 85.850000000000009 6.3500000000000005 -3.764597326583337 1.5000000000000002 10.883099809083339 1.0000000180025095e-35 -1.0963739095000038 10.641922898504982 77.250000000000014 0.37940952255126048 59.666266569166673 61.43620750358334 24.350000000000005 3.14338850075 0.37940952255126054 9.3273076578333356 65.469746000000029 46.150013517527782 19.570099617083336 17.500000000000004 24.736158919250006
decision_type=2 2 2 2 2 2 2 2 2 2 2 2 2 2 2 2 2 2 2 2 2 2 2 2 2 2 2 2 2 2
left_child=1 2 9 8 7 15 18 -3 26 13 -11 28 -12 -1 -15 -4 23 29 -5 25 22 -19 -8 -6 -25 -10 -2 -18 -7 -9
right_child=3 4 5 6 16 11 20 17 19 10 12 -13 -14 14 -16 -17 27 21 -20 -21 -22 -23 -24 24 -26 -27 -28 -29 -30 -31
leaf_value=-0.1505244070231023 -0.060942318563917616 -0.02889673284784711 -0.062640197625608088 0.13057394147231807 -0.056156590407093365 -0.035973587938553535 0.18999024580584775 0.014834426244245521 -0.17584020765928124 -0.10103087804712278 0.056691764438152312 0.019257631459654975 0.36923535710289362 -0.13926041938642195 -0.071425757605304951 -0.021365338003315033 0.17823315566612613 0.29886150525963823 0.22014662085837622 0.21037612128765026 0.30318227130505776 0.10150719580522162 0.30318973104159042 -0.041200063622246187 0.14596533109566995 0.092119687641792652 0.037456848897466456 0.31808619603132593 -0.14829293067496399 0.085860993897639057
leaf_weight=702 241 872 2801 1542 63 683 1024 725 26 194 200 4015 42 872 7168 4955 252 69 397 188 288 210 180 60 553 967 667 117 145 443
leaf_count=702 241 872 2801 1542 63 683 1024 725 26 194 200 4015 42 872 7168 4955 252 69 397 188 288 210 180 60 553 967 667 117 145 443
internal_value=-6.51833e-11 -0.0302112 -0.0450893 0.137598 0.0661032 -0.0198487 0.182216 0.0282585 0.0643156 -0.0797382 0.0166198 0.00645198 0.110935 -0.0845439 -0.0787829 -0.0362713 0.150086 0.0627017 0.148913 0.105045 0.225496 0.150315 0.206914 0.110516 0.127646 0.0851036 0.0113399 0.222577 -0.055643 0.0417734
internal_weight=30661 25141 21777 5520 3364 12599 3431 2319 2089 9178 436 4843 242 8742 8040 7756 1045 1447 1939 1181 1492 279 1204 676 613 993 908 369 828 1168
internal_count=30661 25141 21777 5520 3364 12599 3431 2319 2089 9178 436 4843 242 8742 8040 7756 1045 1447 1939 1181 1492 279 1204 676 613 993 908 369 828 1168
is_linear=0
shrinkage=0.04


Tree=45
num_leaves=31
num_cat=0
split_feature=22 0 30 22 29 30 22 26 1 6 23 28 0 30 30 1 33 0 21 12 23 17 2 26 30 29 22 28 33 22
split_gain=73504.8 17133.3 15305.3 7654.92 6055.17 4903.02 3202.07 2675.35 2826.72 5155.55 2668.84 2568.53 2128.66 2109.58 1756.49 1673.23 1546.4 1673.68 1360.6 1348.98 1202.82 1396.09 1372.01 1183.28 1100.17 1027.19 920.417 905.599 1529.41 854.407
threshold=30.343336763500023 9.5000000000000018 2.4935184164999975 18.628034331861141 11.986761121056318 17.402088350500005 56.743364881861162 29.283126876855658 4.5000000000000009 0.12940952255126045 17.474840620250003 16.926660302232587 5.5000000000000009 -1.0963739095000038 -0.62560081383332988 4.5000000000000009 0.27895881419319685 1.0000000180025095e-35 21.690053666500003 24.736158919250006 43.748356875250003 11.898896533583335 192.50000000000003 29.022686845122021 -5.0128002280833313 7.5394567384984503 44.638239431416679 12.562356045154443 0.44830189007764393 25.541840307859783
decision_type=2 2 2 2 2 2 2 2 2 2 2 2 2 2 2 2 2 2 2 2 2 2 2 2 2 2 2 2 2 2
left_child=2 4 3 7 24 10 14 16 9 -9 27 15 25 18 20 23 -1 -18 -5 -15 21 -3 -22 -6 -2 -12 -26 -4 -29 -7
right_child=1 6 5 13 11 29 -8 8 -10 -11 12 -13 -14 19 -16 -17 17 -19 -20 -21 22 -23 -24 -25 26 -27 -28 28 -30 -31
leaf_value=-0.20434593502001547 -0.054101003685167862 -0.16976602450661038 -0.045642444183573307 -0.077080092662403565 0.14018627723670057 0.14013240563420076 0.1583423086760207 -0.10143037343823066 -0.086798721361585063 0.13846223458874188 0.030232227105613147 0.26026589371642384 -0.016569559876192012 -0.029321525255202281 0.07279064258820532 0.074878715352101166 -0.15535845572074392 -0.083799240221141325 -0.032300259414954777 0.0082802706049729408 -0.015038139724973382 -0.0075551116117244478 0.066422674406749871 0.20010830173606864 0.075047806071908973 0.11529112195125431 0.14601322792746405 -0.1312602391541004 0.13080010540543063 0.27006163552266743
leaf_weight=199 84 92 762 2097 838 315 322 254 663 329 327 571 424 5576 960 284 581 5234 2251 2102 542 1099 849 1422 1052 744 405 50 124 109
leaf_count=199 84 92 762 2097 838 315 322 254 663 329 327 571 424 5576 960 284 581 5234 2251 2102 542 1099 849 1422 1052 744 405 50 124 109
internal_value=-3.28797e-11 0.0998397 -0.038419 -0.0512147 0.151514 0.0480183 0.037574 -0.0836488 -0.0303024 0.0339464 0.0261266 0.183598 0.059289 -0.0316345 0.026595 0.16639 -0.0947013 -0.090949 -0.0538972 -0.0190273 0.0094193 -0.0200853 0.0346817 0.177889 0.0866588 0.0893208 0.094774 -0.0268412 0.0554954 0.173534
internal_weight=30661 8520 22141 19286 4656 2855 3864 7260 1246 583 2431 3115 1495 12026 3542 2544 6014 5815 4348 7678 2582 1191 1391 2260 1541 1071 1457 936 174 424
internal_count=30661 8520 22141 19286 4656 2855 3864 7260 1246 583 2431 3115 1495 12026 3542 2544 6014 5815 4348 7678 2582 1191 1391 2260 1541 1071 1457 936 174 424
is_linear=0
shrinkage=0.04


Tree=46
num_leaves=31
num_cat=0
split_feature=12 30 12 30 23 22 30 30 12 25 6 30 0 0 35 30 28 22 0 26 30 12 26 12 23 5 29 33 40 0
split_gain=67920.3 19225.4 10840.8 9780.76 4271.54 3719.23 2789.2 2789.03 2762.86 2364.34 2901.73 2319.1 1974.18 1635.03 1568.89 1402.86 1381.66 1320.9 1307.65 1179.76 1156.06 1136.99 1109.94 938.869 931.594 917.187 930.273 812.934 810.004 809.741
threshold=39.200967977416674 4.0034515787500009 24.398481469749999 -0.88951219024999684 19.033672824430553 17.205564941361139 -5.8017321689999983 -1.4940345858333328 51.427190901166675 28.753220633163199 0.12940952255126045 -0.5653480060833348 3.5000000000000004 1.0000000180025095e-35 41.350000000000001 8.2511296545000068 13.773691423936002 61.707592420805582 4.5000000000000009 33.499734351743903 -6.6287634407499985 28.699276953416668 36.061972560673119 20.535179907333333 46.150013517527782 1.0000000180025095e-35 13.220157592444302 0.44830189007764393 16.250000000000004 22.500000000000004
decision_type=2 2 2 2 2 2 2 2 2 2 2 2 2 2 2 2 2 2 2 2 2 2 2 2 2 2 2 2 2 2
left_child=1 2 5 6 16 9 24 20 15 13 -11 29 19 -1 -8 -5 25 28 -13 -6 -4 -9 -10 -14 -2 26 -3 -18 -16 -7
right_child=3 4 7 8 12 11 14 21 22 10 -12 18 23 -15 17 -17 27 -19 -20 -21 -22 -23 -24 -25 -26 -27 -28 -29 -30 -31
leaf_value=-0.17353980253558413 -0.057763687519287052 0.0010921125571535092 -0.09794657873808045 0.12978939182087604 0.14326547128583994 -0.057883882763607668 0.011611393529199376 0.0035663894192958273 0.20236269029102841 -0.10427981916990581 0.043457413903243529 0.043131819539846544 -0.060377279158433279 -0.08715119595212166 0.1203642431834723 0.25703452109698427 -0.10501286119899966 0.25662101359043304 -0.030242503759925734 0.26361774899833129 -0.019749950827975642 0.044629166247021408 0.31603015075960467 0.091028161750234274 0.033994477739029832 -0.080970549279632015 0.16786809065441291 0.15642025458316008 0.016576787697539914 -0.11701656877035621
leaf_weight=380 241 495 346 1692 620 4352 263 2426 1214 382 480 423 75 4521 895 151 22 103 4781 165 2406 1943 155 519 667 199 60 141 139 405
leaf_count=380 241 495 346 1692 620 4352 263 2426 1214 382 480 423 75 4521 895 151 22 103 4781 165 2406 1943 155 519 667 199 60 141 139 405
internal_value=-5.32447e-11 -0.0278962 -0.0389853 0.127054 0.0824396 -0.0575285 0.0642414 0.00196021 0.172188 -0.0831045 -0.0220131 -0.0427314 0.12693 -0.0938494 0.0996542 0.140215 0.0155338 0.120019 -0.0242784 0.168562 -0.0295814 0.021828 0.215232 0.0719113 0.00964016 -0.00729504 0.0191219 0.121135 0.106412 -0.0629183
internal_weight=30661 25141 22845 5520 2296 15724 2308 7121 3212 5763 862 9961 1379 4901 1400 1843 917 1137 5204 785 2752 4369 1369 594 908 754 555 163 1034 4757
internal_count=30661 25141 22845 5520 2296 15724 2308 7121 3212 5763 862 9961 1379 4901 1400 1843 917 1137 5204 785 2752 4369 1369 594 908 754 555 163 1034 4757
is_linear=0
shrinkage=0.04


Tree=47
num_leaves=31
num_cat=0
split_feature=22 0 30 22 12 30 30 22 25 6 1 1 20 28 30 4 6 4 30 12 30 28 30 12 33 6 0 6 27 15
split_gain=62688.6 14746.9 13087.6 6582.49 5087.29 4191.15 3287.58 2731.9 2452.06 2928.28 2435.54 2109.09 1867.66 1852.09 1555 1513.45 1505.25 1390.91 1383.39 1334.98 1309.35 1289.75 1279.74 1406.5 1233.63 1190.26 1128.13 1084.93 1073.78 1040.54
threshold=30.343336763500023 9.5000000000000018 2.4935184164999975 18.628034331861141 49.374502718333339 17.402088350500005 5.538512133916667 44.638239431416679 34.384040437940975 0.12940952255126045 4.5000000000000009 4.5000000000000009 22.895937434666671 12.377788988860447 0.024051090583333771 6.5000000000000009 0.12940952255126045 23.500000000000004 -7.4043781490833327 13.677909053500002 -12.013320246999996 17.345983200032901 4.0034515787500009 59.666266569166673 1.0000000180025095e-35 -0.5 2.5000000000000004 0.37940952255126054 0.19331082208901171 17.077736035333334
decision_type=2 2 2 2 2 2 2 2 2 2 2 2 2 2 2 2 2 2 2 2 2 2 2 2 2 2 2 2 2 2
left_child=2 4 3 8 6 10 -2 18 14 -10 13 -11 16 19 24 -6 25 -9 -3 -4 -19 -18 23 -17 -1 -5 -16 -15 -20 -8
right_child=1 7 5 12 15 -7 29 17 9 11 -12 -13 -14 27 26 22 21 20 28 -21 -22 -23 -24 -25 -26 -27 -28 -29 -30 -31
leaf_value=-0.23004595810007825 0.080572140012220073 -0.052910838241701105 -0.050207904201809622 -0.037882247750512701 0.088264455344075343 0.16049671720994532 0.13939037783462324 0.010881410217022195 -0.10291233446948775 0.19576116431982091 -0.034315591025796358 -0.10507124331532693 -0.011289367708977751 0.014888360537588597 0.0012227553066696815 0.16821875135888573 0.0054519269420139375 -0.0069531285440704469 0.12588893661312028 0.04918262157117579 0.12346938534546753 0.33189112496376039 0.31348492445172488 0.25269821586725594 -0.092650348550113004 -0.076767099469285921 -0.069609324554498503 0.15924965338328709 0.015775986833554207 0.24614876331243299
leaf_weight=107 2085 458 281 4361 214 424 324 340 164 156 775 49 5264 112 453 1190 610 144 153 938 851 20 148 429 4583 1771 1748 325 1918 266
leaf_count=107 2085 458 281 4361 214 424 324 340 164 156 775 49 5264 112 453 1190 610 144 153 938 851 20 148 429 4583 1771 1748 325 1918 266
internal_value=-7.77615e-11 0.0922019 -0.0354799 -0.0473123 0.140142 0.0444499 0.104161 0.0344351 -0.0773887 0.0230695 0.0242098 0.123855 -0.0291554 0.0515993 -0.0827681 0.188729 -0.0430635 0.0807272 0.00999849 0.0262714 0.104594 0.0158151 0.200896 0.190604 -0.095785 -0.0491127 -0.055031 0.122251 0.0239108 0.187522
internal_weight=30661 8520 22141 19286 4656 2855 2675 3864 7260 369 2431 205 12026 1656 6891 1981 6762 1335 2529 1219 995 630 1767 1619 4690 6132 2201 437 2071 590
internal_count=30661 8520 22141 19286 4656 2855 2675 3864 7260 369 2431 205 12026 1656 6891 1981 6762 1335 2529 1219 995 630 1767 1619 4690 6132 2201 437 2071 590
is_linear=0
shrinkage=0.04


Tree=48
num_leaves=31
num_cat=0
split_feature=22 22 13 7 21 6 7 21 22 26 7 17 22 1 6 32 32 22 6 22 7 18 7 35 2 27 34 15 34 26
split_gain=58039.6 12131.1 9138.68 7742.71 4173 4234.29 6583.5 2984.49 2285.64 2149.97 1978.03 1977.97 1905.04 1840.68 3403.43 1615.36 1494.71 1382.01 1310.11 1251.11 1166.76 939.673 887.962 853.034 848.111 952.286 825.19 809.757 782.142 633.318
threshold=37.678356521111134 24.057021980972269 20.902493986166672 -0.78656609248549325 16.823801603000003 0.12940952255126045 0.60355339059327384 54.565469254500009 14.502214349416683 30.936086023936699 0.91597561503675351 13.525336108416669 56.743364881861162 4.5000000000000009 0.12940952255126045 2.2959985625833323 0.27218537999999987 11.711783301472229 0.60355339059327384 47.826492589111126 0.60355339059327384 18.156215894000002 0.91597561503675351 33.050000000000004 192.50000000000003 9.0994967718062458 25.300000000000004 49.374502718333339 35.350000000000009 32.818971596459484
decision_type=2 2 2 2 2 2 2 2 2 2 2 2 2 2 2 2 2 2 2 2 2 2 2 2 2 2 2 2 2 2
left_child=1 4 20 12 9 10 17 19 -8 15 21 -4 24 14 -11 22 -9 -7 28 23 -3 -6 -1 -5 -2 27 -12 -26 -13 -22
right_child=3 2 11 7 5 6 8 16 -10 13 26 18 -14 -15 -16 -17 -18 -19 -20 -21 29 -23 -24 -25 25 -27 -28 -29 -30 -31
leaf_value=-0.079445311661387782 0.0053416035096390656 0.094175635402647229 -0.09012158618104564 0.010299923169790516 -0.069635603891371231 -0.15941840166059035 -0.036652001850770721 0.16839314789256782 0.099392209208401486 -0.062387797957030582 -0.072359105444392335 -0.0098963641777875429 0.14185931547958497 -0.083934428637966199 0.17452690688983816 -0.042134893703122643 0.2645191954058162 -0.030986040207695822 0.036326500497118108 0.15604780832822776 0.15366432784563042 -0.031144881021893639 -0.11853156725180573 0.11092088220025507 0.025252575489524684 -0.015292945703966361 -0.143177258937045 0.11247720557166149 0.041224416005148916 0.2588971926530616
leaf_weight=2357 791 385 372 151 1262 145 241 699 1097 204 878 4877 322 282 185 1221 411 1776 1600 1174 251 5181 1536 1257 261 204 376 490 531 144
leaf_count=2357 791 385 372 151 1262 145 241 699 1097 204 878 4877 322 282 185 1221 411 1776 1600 1174 251 5181 1536 1257 261 204 376 490 531 144
internal_value=-1.28451e-12 -0.0264687 0.013521 0.114426 -0.0459607 -0.0314489 0.00676687 0.149135 0.074888 -0.0734439 -0.0476299 -0.000240817 0.0524608 -0.00612391 0.0502837 -0.0822768 0.203986 -0.0406803 0.00453025 0.125555 0.143729 -0.0386841 -0.094867 0.10013 0.0359738 0.0613455 -0.0935933 0.0821635 -0.00487692 0.192028
internal_weight=30661 24901 8160 5760 16741 10956 3259 3692 1338 5785 7697 7380 2068 671 389 5114 1110 1921 7008 2582 780 6443 3893 1408 1746 955 1254 751 5408 395
internal_count=30661 24901 8160 5760 16741 10956 3259 3692 1338 5785 7697 7380 2068 671 389 5114 1110 1921 7008 2582 780 6443 3893 1408 1746 955 1254 751 5408 395
is_linear=0
shrinkage=0.04


Tree=49
num_leaves=31
num_cat=0
split_feature=22 0 30 22 29 1 29 6 22 32 1 25 6 30 25 28 30 2 43 30 2 30 35 6 22 7 32 25 21 28
split_gain=53536.3 13620.4 10451.8 5249.85 4871.73 4365.33 4448.28 2596.8 2544.6 2127.33 2061.61 1908.29 3044.97 1602.13 1578.23 1465.04 1410 1381.22 1377.84 1334.09 1302.72 1277.1 1238.39 1198.12 1164.87 1032.01 957.302 956.563 955.946 950.172
threshold=29.4773265301945 9.5000000000000018 1.8047110355000042 18.133423670500004 12.915807657668136 4.5000000000000009 10.903503558366403 0.37940952255126054 44.638239431416679 -19.573595013333328 4.5000000000000009 29.517579493291674 0.12940952255126045 -1.1155386635000004 38.073233795947921 18.850046651193939 -5.4686147665833333 34.500000000000007 614.9586928308056 0.28642520258333454 192.50000000000003 -12.013320246999996 85.850000000000009 0.60355339059327384 13.208028399777801 -0.9159756150367534 0.090500736666664153 33.817878332854171 21.031809619000004 0.36229933502797829
decision_type=2 2 2 2 2 2 2 2 2 2 2 2 2 2 2 2 2 2 2 2 2 2 2 2 2 2 2 2 2 2
left_child=2 4 3 11 19 6 17 -8 16 -9 15 18 -13 28 -14 26 -3 -4 24 -2 25 -22 -15 -19 -1 -10 -6 -27 -5 -18
right_child=1 8 5 13 10 -7 7 9 20 -11 -12 12 14 22 -16 -17 29 23 -20 -21 21 -23 -24 -25 -26 27 -28 -29 -30 -31
leaf_value=-0.12527212667918511 0.053841943080143333 -0.044513961191226657 0.17375127045639061 -0.070699645398295582 0.14391031544403421 -0.034130644834695072 0.0020668049828439462 -0.053166404056093221 -0.033688415269488875 0.1680617100603172 0.058065510081000124 -0.092076678000297785 0.025948153502537701 -0.020429435383691158 0.26246102356443218 0.30016388008395833 0.12186695906211589 -0.066059441350122122 -0.023843455431172726 0.11418154329896885 -0.0092661247938982585 0.12517779093564849 0.23707708676656086 0.023916187447579968 -0.080052933767595397 0.026325433110164491 0.19844158166437872 0.20187656305126245 -0.032760631728909792 0.015919765241824077
leaf_weight=1213 1074 641 74 1948 1049 1141 244 76 253 819 249 482 393 7558 51 150 145 348 538 1291 134 723 30 741 3667 151 1012 74 2338 2054
leaf_count=1213 1074 641 74 1948 1049 1141 244 76 253 819 249 482 393 7558 51 150 145 348 538 1291 134 723 30 741 3667 151 1012 74 2338 2054
internal_value=-5.87356e-11 0.0819991 -0.0340701 -0.0461492 0.127773 0.0298443 0.0615539 0.11774 0.0290992 0.149276 0.167182 -0.0755257 -0.0224599 -0.030454 0.0531152 0.179471 0.00768889 0.00652692 -0.0845952 0.08678 0.0746462 0.104156 -0.0194114 -0.00483636 -0.0912929 0.0217382 0.170686 0.0840622 -0.050004 0.0229058
internal_weight=30661 9000 21661 18218 4825 3443 2302 1139 4175 895 2460 6344 926 11874 444 2211 2840 1163 5418 2365 1335 857 7588 1089 4880 478 2061 225 4286 2199
internal_count=30661 9000 21661 18218 4825 3443 2302 1139 4175 895 2460 6344 926 11874 444 2211 2840 1163 5418 2365 1335 857 7588 1089 4880 478 2061 225 4286 2199
is_linear=0
shrinkage=0.04


Tree=50
num_leaves=31
num_cat=0
split_feature=22 30 30 22 27 0 12 28 26 1 6 22 33 17 13 22 30 33 30 0 0 37 30 26 37 6 34 12 26 1
split_gain=49614 14838.3 7621.47 7178.62 4263.63 2434.91 2407.82 1987.84 1944.33 2116.57 4507.56 1738.61 1701.43 1634.34 1582.91 1510.53 1480.7 1346.05 1509.14 1271.61 1096.96 1007.19 989.106 908.728 886.931 846.436 701.594 681.079 647.453 639.704
threshold=37.678356521111134 2.4935184164999975 -0.88951219024999684 19.147581477694455 7.6423376226082462 17.500000000000004 51.427190901166675 13.773691423936002 29.283126876855658 4.5000000000000009 0.12940952255126045 56.743364881861162 0.52324410028636659 13.525336108416669 23.737897810750002 16.635920366861136 -3.4572433434999925 0.27895881419319685 -0.73735129400000143 3.5000000000000004 1.0000000180025095e-35 65.469746000000029 -7.4043781490833327 36.061972560673119 200.69197800000003 0.37940952255126054 20.550000000000004 41.102814550666672 32.818971596459484 1.0000000180025095e-35
decision_type=2 2 2 2 2 2 2 2 2 2 2 2 2 2 2 2 2 2 2 2 2 2 2 2 2 2 2 2 2 2
left_child=1 3 11 8 7 13 14 15 17 10 -10 21 -9 -5 -4 29 -7 -1 -19 28 -15 -2 -23 -8 -18 -17 -14 -16 -6 -3
right_child=2 4 6 5 19 16 23 12 9 -11 -12 -13 26 20 27 25 24 18 -20 -21 -22 22 -24 -25 -26 -27 -28 -29 -30 -31
leaf_value=-0.17840222822361856 -0.11843560980632901 0.051157458318242179 0.28347541995432185 -0.062011180981412978 0.13026161733652569 -0.13536045948389491 0.1742225757344546 -0.035078131766695726 -0.079062994245717777 -0.071551707444368326 0.12577719876769583 0.13202703845432295 0.24937802507375417 -0.067259897736304586 0.063804305403385886 -0.029804273579296072 -0.03154538456521544 -0.10002957165790682 -0.058865542355925948 0.072770131067157198 0.0029619474746174039 0.0033341568997612707 0.062800471046350406 0.27707239297320768 -0.10216022718749868 0.049327563749900265 0.11115501211061107 0.12185629413051392 0.22382091557687045 -0.06052637891570288
leaf_weight=199 64 96 87 757 432 253 1214 95 335 736 353 369 95 374 416 282 4457 2151 4222 583 7367 675 1328 155 304 928 154 1452 163 565
leaf_count=199 64 96 87 757 432 253 1214 95 335 736 353 369 95 374 416 282 4457 2151 4222 583 7367 675 1328 155 304 928 154 1452 163 565
internal_value=-7.74242e-11 -0.0244721 0.105795 -0.0367362 0.0532691 -0.0189593 0.145184 0.0205694 -0.0667765 -0.0244023 0.0260367 0.0520475 0.108943 -0.00591633 0.116696 0.00432116 -0.0410652 -0.075958 -0.0727591 0.114755 -0.000430763 0.0377696 0.0427606 0.185867 -0.0360543 0.0308853 0.163891 0.108928 0.155892 -0.044306
internal_weight=30661 24901 5760 21508 3393 13512 3324 2215 7996 1424 688 2436 344 8498 1955 1871 5014 6572 6373 1178 7741 2067 2003 1369 4761 1210 249 1868 595 661
internal_count=30661 24901 5760 21508 3393 13512 3324 2215 7996 1424 688 2436 344 8498 1955 1871 5014 6572 6373 1178 7741 2067 2003 1369 4761 1210 249 1868 595 661
is_linear=0
shrinkage=0.04


Tree=51
num_leaves=31
num_cat=0
split_feature=12 30 30 12 1 29 6 25 6 12 20 30 32 29 35 33 30 30 30 12 12 12 12 12 6 12 26 38 25 25
split_gain=45694.4 13155.3 7091.71 6747.23 4822.33 4513.95 2534.69 1981.85 2869.68 1967.79 1946.24 1941.51 1780.41 1693.18 1566.57 1506.26 1437.79 1367.31 1362.95 1267.62 1120.68 1062.56 1041.6 963.641 752.919 670.972 597.758 1038.24 595.959 566.334
threshold=39.200967977416674 1.8759388430000012 -0.88951219024999684 19.940431730083336 4.5000000000000009 10.903503558366403 0.37940952255126054 37.417015610618058 0.12940952255126045 56.996833138166672 23.740729606250003 -8.7748265215833303 -19.573595013333328 16.896298041264462 41.350000000000001 0.27895881419319685 -1.7165642495833306 3.2639159501666684 -0.73735129400000143 12.961645096916669 20.238855697000002 58.638192382500002 26.293272302583336 44.286017366833342 0.25881904510252091 47.082611474750003 27.278700421627278 15.450000000000001 42.009754001309027 34.805843879704867
decision_type=2 2 2 2 2 2 2 2 2 2 2 2 2 2 2 2 2 2 2 2 2 2 2 2 2 2 2 2 2 2
left_child=1 3 11 7 5 19 -7 15 -9 17 16 26 -8 -10 -13 -1 28 25 -17 -3 -6 29 -18 -19 -21 -4 -2 -28 -5 -16
right_child=2 4 9 10 20 6 12 8 13 -11 -12 14 -14 -15 21 18 22 23 -20 24 -22 -23 -24 -25 -26 -27 27 -29 -30 -31
leaf_value=-0.16834676575606763 -0.083108135916727749 -0.072337269586212227 0.080689987254503562 -0.063104207886263863 -0.052020864963880746 0.011853074424553649 -0.038699447001204076 -0.10818544255197049 0.10689643383026123 0.20783529248100976 0.00051684338003125181 0.0015012557898209525 0.15525407427186763 0.47114788326723828 0.054004238443863678 -0.084724989355300886 -0.028658726187485089 0.11753158141858876 -0.050732232750402791 -0.053041928697833057 0.031331730839011709 0.1651467826582966 0.019028311762897158 0.2178198439599156 0.046312779486328365 0.12902713860069662 0.2936460531949997 -0.00059674116467141498 0.146298332918774 0.11614481179416179
leaf_weight=221 137 212 731 1881 800 293 81 80 69 602 5722 378 1163 29 674 2892 3817 253 5432 139 381 267 907 389 1000 1237 20 472 22 360
leaf_count=221 137 212 731 1881 800 293 81 80 69 602 5722 378 1163 29 674 2892 3817 253 5432 139 381 267 907 389 1000 1237 20 472 22 360
internal_value=-3.41113e-11 -0.0228811 0.104213 -0.0355959 0.0429648 0.0708114 0.117696 -0.0625269 0.0695748 0.142645 -0.0165726 0.0507271 0.142625 0.214685 0.073182 -0.0652787 -0.0313282 0.127609 -0.0625423 0.0174718 -0.0251307 0.0940086 -0.0195029 0.178298 0.0341878 0.111073 -0.00921233 0.0113643 -0.0606834 0.0756393
internal_weight=30661 25141 5520 21072 4069 2888 1537 8723 178 3212 12349 2308 1244 98 1679 8545 6627 2610 8324 1351 1181 1301 4724 642 1139 1968 629 492 1903 1034
internal_count=30661 25141 5520 21072 4069 2888 1537 8723 178 3212 12349 2308 1244 98 1679 8545 6627 2610 8324 1351 1181 1301 4724 642 1139 1968 629 492 1903 1034
is_linear=0
shrinkage=0.04


Tree=52
num_leaves=31
num_cat=0
split_feature=22 0 30 22 26 1 29 0 25 1 0 25 6 13 30 0 22 35 2 30 29 17 26 6 12 27 16 24 21 0
split_gain=42470.7 10964.3 8199.36 4145.4 4006.21 3788.59 3619.39 2661.12 2094.97 1752.12 1697.42 1526.82 2485.28 1361.81 1292.05 1273.6 1272.13 1267.24 1258.36 1180.51 1135.96 1135.58 1131.65 1013.99 965.014 913.536 1031.98 876.572 786.569 740.801
threshold=29.4773265301945 9.5000000000000018 1.4644236081666719 18.133423670500004 29.022686845122021 4.5000000000000009 10.854671787634141 3.5000000000000004 32.21824049539584 4.5000000000000009 10.500000000000002 29.517579493291674 0.12940952255126045 16.576447322833335 -1.1155386635000004 1.0000000180025095e-35 12.236663024583338 85.850000000000009 34.500000000000007 0.35813444791666887 15.46870135125674 13.807449219083336 33.499734351743903 0.60355339059327384 15.472375081500003 0.95385430685469175 45.778945930500008 19.698253907979169 21.38265721016667 2.5000000000000004
decision_type=2 2 2 2 2 2 2 2 2 2 2 2 2 2 2 2 2 2 2 2 2 2 2 2 2 2 2 2 2 2
left_child=2 4 3 11 19 6 18 22 21 20 -10 15 27 -14 28 -1 -17 -16 29 -2 -6 -3 -8 -20 -7 -12 -27 -13 -5 -4
right_child=1 8 5 14 9 24 7 -9 10 -11 25 12 13 -15 17 16 -18 -19 23 -21 -22 -23 -24 -25 -26 26 -28 -29 -30 -31
leaf_value=-0.13784622429531923 0.044058390010443045 -0.07776533680540082 0.36093629110427133 -0.062766849311511635 0.14063364354007235 -0.07266754201352868 0.1165690662544365 0.0061442919043483025 0.13389984926137213 0.058739234884766844 0.12785640283775182 0.14827256832122804 0.15950854824604904 0.003114303354771471 -0.018517299856108779 -0.11164270332263898 -0.059970575358025642 0.27886035566744599 -0.058257895075644966 0.10219497761407238 0.20103551371149256 0.0076312498183784298 0.24168018010609291 0.01969063579801094 -0.0039685930635812135 -0.071042604553268149 0.037869678613680756 -0.094975442925317288 -0.028486443899797105 0.084293100727816775
leaf_weight=493 1049 296 21 2094 1533 547 774 355 338 309 162 25 128 293 7301 953 3810 23 406 1196 738 1574 136 780 814 152 1653 457 2192 59
leaf_count=493 1049 296 21 2094 1533 547 774 355 338 309 162 25 128 293 7301 953 3810 23 406 1196 738 1574 136 780 814 152 1653 457 2192 59
internal_value=-2.09154e-11 0.0730347 -0.0303454 -0.0418631 0.114103 0.0222388 0.0511786 0.099031 0.0255722 0.148103 0.0510937 -0.0683892 -0.0203404 0.0506641 -0.0277913 -0.0766441 -0.0703093 -0.0175834 0.0033641 0.07503 0.160262 -0.00588607 0.135267 -0.00699326 -0.0315794 0.0368647 0.0286981 -0.0823588 -0.0452347 0.156912
internal_weight=30661 9000 21661 17769 4825 3892 2531 1265 4175 2580 2305 6159 903 421 11610 5256 4763 7324 1266 2245 2271 1870 910 1186 1361 1967 1805 482 4286 80
internal_count=30661 9000 21661 17769 4825 3892 2531 1265 4175 2580 2305 6159 903 421 11610 5256 4763 7324 1266 2245 2271 1870 910 1186 1361 1967 1805 482 4286 80
is_linear=0
shrinkage=0.04


Tree=53
num_leaves=31
num_cat=0
split_feature=12 30 30 12 12 1 29 6 30 12 32 25 6 30 12 7 30 12 2 30 29 2 0 30 0 15 6 12 16 34
split_gain=39056.1 9184.52 7995.27 4293.7 4133.18 3694.12 3374.5 2647.62 2229.8 2175.85 1945.59 1639.88 1991.71 1521.4 1499.1 1391.81 1267.65 1239.83 1178.33 1252.43 1125.63 1107.32 1090.1 1080.08 995.069 1022.51 987.782 906.377 859.637 825.775
threshold=30.942997924500002 -1.1381883096666685 1.4644236081666719 44.796684602583341 19.11705696633334 4.5000000000000009 10.854671787634141 0.37940952255126054 9.9654447824166699 45.265453613500007 -19.573595013333328 37.417015610618058 0.12940952255126045 3.2639159501666684 61.43620750358334 0.91597561503675351 -3.253399251499999 7.737544311833334 192.50000000000003 -12.013320246999996 16.896298041264462 34.500000000000007 1.0000000180025095e-35 -10.909029862333329 8.5000000000000018 53.532147770083348 0.60355339059327384 17.654167329833339 49.374502718333339 34.70000000000001
decision_type=2 2 2 2 2 2 2 2 2 2 2 2 2 2 2 2 2 2 2 2 2 2 2 2 2 2 2 2 2 2
left_child=2 9 4 8 11 6 21 -8 -3 23 -9 17 -13 14 -5 16 -6 -1 24 -20 -14 -4 -19 -2 25 -11 -23 -7 -25 -18
right_child=1 3 5 13 15 27 7 10 -10 18 -12 12 20 -15 -16 -17 29 22 19 -21 -22 26 -24 28 -26 -27 -28 -29 -30 -31
leaf_value=-0.16805795342224081 -0.084798521555513151 0.056446587178122315 0.14451601723945418 0.11797280833245349 -0.072604687143700358 -0.059285717077568093 0.0048342043375960396 -0.042434750303943107 0.18252253317916062 0.053271895997922841 0.14906983936042659 -0.12304371716929417 0.10241978822215911 0.21268428133004808 0.21906160738374758 -0.063492908359234546 -0.017495027434151728 -0.10844265400089066 -0.017203600579342306 0.10936493986644251 0.42505069124201933 -0.054070493507844437 -0.056623131806021541 -0.018506582275698086 -0.022030809616500679 0.33216501614321836 0.021481286195576987 0.0060882507783445311 0.043774345328389731 0.033010042424088927
leaf_weight=181 250 2122 86 1890 642 754 371 94 251 246 875 51 62 433 268 1224 8643 725 151 729 24 417 6240 941 407 23 824 617 569 551
leaf_count=181 250 2122 86 1890 642 754 371 94 251 246 875 51 62 433 268 1224 8643 725 151 729 24 417 6240 941 407 23 824 617 569 551
internal_value=-5.34546e-11 0.0742226 -0.0274591 0.108655 -0.0386763 0.0234961 0.050927 0.095702 0.0697821 0.0226781 0.130493 -0.0620749 0.0750074 0.144257 0.130527 -0.0232684 -0.0182628 -0.064703 0.0571385 0.0876469 0.192456 0.00571331 -0.0620171 -0.00778791 0.0174233 0.0771178 -0.00390557 -0.029865 0.00496219 -0.0144682
internal_weight=30661 8280 22381 4964 18343 4038 2667 1340 2373 3316 969 7283 137 2591 2158 11060 9836 7146 1556 880 86 1327 6965 1760 676 269 1241 1371 1510 9194
internal_count=30661 8280 22381 4964 18343 4038 2667 1340 2373 3316 969 7283 137 2591 2158 11060 9836 7146 1556 880 86 1327 6965 1760 676 269 1241 1371 1510 9194
is_linear=0
shrinkage=0.04


Tree=54
num_leaves=31
num_cat=0
split_feature=22 30 30 22 1 26 6 12 0 26 20 2 30 22 6 30 43 28 6 22 30 12 37 12 30 12 37 0 22 35
split_gain=36226.9 10778.2 5634.79 5012.7 3824.32 3383.62 1883.56 1835.89 1761.2 1539.37 1457.61 1354.06 1347.95 1345.11 1325.32 1279.86 1268.01 1174.92 1055.63 1008.36 907.341 906.735 893.903 877.198 871.926 774.881 743.784 678.567 672.722 623.326
threshold=37.678356521111134 1.8759388430000012 -0.88951219024999684 19.288563727472241 4.5000000000000009 25.492707444746038 0.37940952255126054 51.427190901166675 17.500000000000004 30.936086023936699 10.064494355500001 34.500000000000007 8.2511296545000068 59.597974571416735 0.60355339059327384 -3.8756598344166648 614.9586928308056 17.033330733543881 1.0000000180025095e-35 13.208028399777801 -3.1575543129166674 15.002249324666668 65.469746000000029 28.538973250000002 -15.67356818033333 65.558564078166683 200.69197800000003 5.5000000000000009 44.196341520222262 39.750000000000007
decision_type=2 2 2 2 2 2 2 2 2 2 2 2 2 2 2 2 2 2 2 2 2 2 2 2 2 2 2 2 2 2
left_child=1 3 13 9 5 11 -7 12 20 16 -11 29 -4 22 -13 -10 19 -8 -12 -1 -5 -6 -2 -22 -24 27 -17 -9 -26 -3
right_child=2 4 7 8 21 6 17 25 15 10 18 14 -14 -15 -16 26 -18 -19 -20 -21 23 -23 24 -25 28 -27 -28 -29 -30 -31
leaf_value=-0.10199649602074894 -0.1126944899559021 0.088477621737147572 0.090530012014523556 -0.03837418177232875 -0.071463309232668401 0.011431488223532413 0.11135198600291929 0.21019670167363674 -0.13249813049396067 0.31367822096429088 -0.067151760508414857 -0.060721034452633965 0.22384153962966341 0.13646265946914274 0.030558759686486584 -0.02761253221030709 -0.012211475593833265 0.23017101723235101 0.022426362186062091 -0.061666885800925851 -0.0093861472569624835 0.0027363168025559136 -0.043265459039743909 0.021994570206050317 0.014057017148839253 0.29681291697517276 -0.092717139239112539 0.13860372881354907 0.063675605229594701 0.2849533522490299
leaf_weight=1231 64 119 1825 1161 399 282 1074 266 211 22 369 355 130 229 899 4379 685 152 490 5108 4835 776 188 2021 660 63 300 1040 1295 33
leaf_count=1231 64 119 1825 1161 399 282 1074 266 211 22 369 355 130 229 899 4379 685 152 490 5108 4835 776 188 2021 660 63 300 1040 1295 33
internal_value=-6.10861e-11 -0.0209115 0.0904023 -0.0325763 0.0384593 0.0630235 0.104643 0.124271 -0.0172132 -0.0576605 -0.00781971 0.0183845 0.0993947 0.0441877 0.00471799 -0.0361324 -0.0639119 0.126083 -0.0160536 -0.0694987 -0.00567337 -0.02246 0.0346131 -0.000135793 0.0390124 0.159795 -0.0317868 0.153185 0.0469246 0.131134
internal_weight=30661 24901 5760 20812 4089 2914 1508 3324 12907 7905 881 1406 1955 2436 1254 4890 7024 1226 859 6339 8017 1175 2207 6856 2143 1369 4679 1306 1955 152
internal_count=30661 24901 5760 20812 4089 2914 1508 3324 12907 7905 881 1406 1955 2436 1254 4890 7024 1226 859 6339 8017 1175 2207 6856 2143 1369 4679 1306 1955 152
is_linear=0
shrinkage=0.04


Tree=55
num_leaves=31
num_cat=0
split_feature=22 0 30 1 22 29 0 29 25 4 1 26 0 12 12 30 22 0 35 35 17 7 0 38 30 32 34 37 30 6
split_gain=33476.8 8816.11 6550.18 3550.75 3346.15 3294.3 3159.86 4016.05 1757.96 1614.38 1503.9 1512.4 1344.38 1217.86 1181.1 1055.39 1027.07 1034.25 1145.25 1006.7 1005.18 973.191 920.695 811.104 780.966 732.349 622.237 619.328 601.467 659.347
threshold=29.4773265301945 9.5000000000000018 0.76577982616666074 4.5000000000000009 17.902062057666694 11.986761121056318 3.5000000000000004 6.831008697714446 32.21824049539584 5.5000000000000009 4.5000000000000009 34.884133405053902 10.500000000000002 19.11705696633334 17.654167329833339 -2.0222106533333313 10.193383117055573 1.0000000180025095e-35 75.250000000000014 85.850000000000009 13.807449219083336 0.1294095225512602 22.500000000000004 32.625000000000007 0.76577982616666074 0.15514093466666881 21.600000000000005 110.36185150000001 -12.013320246999996 -0.91597561503675329
decision_type=2 2 2 2 2 2 2 2 2 2 2 2 2 2 2 2 2 2 2 2 2 2 2 2 2 2 2 2 2 2
left_child=2 5 4 6 16 24 7 -4 20 -9 11 25 -10 -8 -5 -6 -1 18 -18 21 23 -17 -19 -3 27 -7 -13 -2 -14 -30
right_child=1 8 3 14 15 10 13 9 12 -11 -12 26 28 -15 -16 19 17 22 -20 -21 -22 -23 -24 -25 -26 -27 -28 -29 29 -31
leaf_value=-0.1253454805907048 -0.0030721381352573564 -0.031092456843560705 -0.045567824114620507 -0.057335890227724423 -0.051973322326733219 0.10175666953334728 -0.063929921929877273 0.22808035669132795 0.1193548633010518 0.093470823650389334 0.0435502775682148 0.2971562792616661 -0.021521984329715159 0.018053851092628796 0.0035640353726571249 -0.0090318494693203671 -0.14769179956001396 -0.046672557951803147 -0.032545516006113807 0.19975956736188949 0.0061828793992857621 -0.035563581835177924 -0.10481262004016179 -0.17595996851270851 0.087289306218078094 0.14507866954919718 0.17906589259044267 0.062185669925160898 -0.020659061407806868 0.051944525596885782
leaf_weight=421 436 208 331 1103 2152 1229 378 164 338 1090 322 99 278 1244 947 4677 408 3815 209 33 1574 4197 492 88 715 1269 256 499 232 1457
leaf_count=421 436 208 331 1103 2152 1229 378 164 338 1090 322 99 278 1244 947 4677 408 3815 209 33 1574 4197 492 88 715 1269 256 499 232 1457
internal_value=-2.86639e-11 0.0648421 -0.0269414 0.0119141 -0.0393935 0.101668 0.0381974 0.078363 0.0222825 0.111075 0.125495 0.134743 0.0456612 -0.00105211 -0.0292031 -0.026834 -0.0653797 -0.0602526 -0.108688 -0.0207601 -0.00653468 -0.0215802 -0.0533141 -0.0741612 0.05582 0.123765 0.211998 0.0317553 0.032998 0.0419717
internal_weight=30661 9000 21661 5257 16404 4825 3207 1585 4175 1254 3175 2853 2305 1622 2050 11059 5345 4924 617 8907 1870 8874 4307 296 1650 2498 355 935 1967 1689
internal_count=30661 9000 21661 5257 16404 4825 3207 1585 4175 1254 3175 2853 2305 1622 2050 11059 5345 4924 617 8907 1870 8874 4307 296 1650 2498 355 935 1967 1689
is_linear=0
shrinkage=0.04


Tree=56
num_leaves=31
num_cat=0
split_feature=22 30 12 30 1 29 0 25 6 29 26 30 12 30 35 22 30 21 12 30 2 12 12 38 2 16 25 22 37 30
split_gain=31013.3 9749.22 4452.31 4356.5 3911.72 3155.25 2362.6 1470.04 2215.23 1465.82 1376.08 1375.26 1328.98 1357.41 1302.4 1242.03 1378.44 1202.02 1191.54 1129.12 1027.28 1013.48 995.323 832.183 1036.49 650.816 602.803 600.716 564.066 498.794
threshold=39.914741330388928 1.4644236081666719 19.940431730083336 -0.88951219024999684 4.5000000000000009 10.903503558366403 4.5000000000000009 37.417015610618058 0.12940952255126045 16.896298041264462 33.499734351743903 -0.94621924691666581 59.666266569166673 3.2639159501666684 41.350000000000001 11.031904999583345 -0.5653480060833348 22.607345857666669 24.736158919250006 -12.013320246999996 34.500000000000007 25.813349063500002 20.238855697000002 30.933333333333341 192.50000000000003 49.374502718333339 27.57368800331945 61.707592420805582 65.469746000000029 -4.5088973955833334
decision_type=2 2 2 2 2 2 2 2 2 2 2 2 2 2 2 2 2 2 2 2 2 2 2 2 2 2 2 2 2 2
left_child=1 2 7 14 5 18 10 15 -9 -10 -7 17 13 28 26 -1 -17 29 20 -16 -3 -13 -6 27 -25 -19 -2 -21 -5 -4
right_child=3 4 11 12 22 6 -8 8 9 -11 -12 21 -14 -15 19 16 -18 25 -20 23 -22 -23 -24 24 -26 -27 -28 -29 -30 -31
leaf_value=-0.10700828319248895 -0.089734717412955231 0.13501549368290461 -0.091045900583072173 -0.044458101371924082 -0.045070366814503306 0.10088682759239209 0.0097269749955685176 -0.092773669958114632 0.091334236184162879 0.43595860783542906 0.21305189495370155 -0.013943727737106875 0.18847341610118748 0.16755547983678121 -0.025297892460348616 -0.069339222504897893 -0.035040806605795748 -0.022718832581632434 0.06465200220305356 0.085371205362691938 -0.020558746061909342 0.01924197309153336 0.024906092099325358 -0.045647582730485338 0.09622613341459689 0.018429425125072778 0.014701008122933448 0.18585795335049898 0.098720253487083201 -0.04156989364552291
leaf_weight=671 108 73 382 45 975 1196 426 80 67 28 205 3983 400 526 193 3366 4232 2460 514 933 974 2336 488 171 159 820 488 106 2031 2225
leaf_count=671 108 73 382 45 975 1196 426 80 67 28 205 3983 400 526 193 3366 4232 2460 514 933 974 2336 488 171 159 820 488 106 2031 2225
internal_value=-5.41412e-11 -0.0180962 -0.0300835 0.0894323 0.0329321 0.0565357 0.0922167 -0.0524143 0.0623105 0.192908 0.117299 -0.0146352 0.120594 0.110159 0.0460828 -0.0548423 -0.0502354 -0.0285457 0.0147745 0.0652779 -0.00971164 -0.00167568 -0.0217289 0.0780471 0.0227098 -0.0124318 -0.00422359 0.095623 0.0956167 -0.0488195
internal_weight=30661 25501 20650 5160 4851 3388 1827 8444 175 95 1401 12206 3002 2602 2158 8269 7598 5887 1561 1562 1047 6319 1463 1369 330 3280 596 1039 2076 2607
internal_count=30661 25501 20650 5160 4851 3388 1827 8444 175 95 1401 12206 3002 2602 2158 8269 7598 5887 1561 1562 1047 6319 1463 1369 330 3280 596 1039 2076 2607
is_linear=0
shrinkage=0.04


Tree=57
num_leaves=31
num_cat=0
split_feature=12 30 30 12 1 26 6 22 30 7 38 37 29 35 30 28 12 12 17 29 1 22 4 17 43 30 27 12 18 37
split_gain=28624.8 8549.2 4441.63 4401.04 3536.71 2826.23 1826.65 1742.92 1552.56 1379.84 1862.55 1341.67 1322.06 1286.41 1327.75 1196.18 892.665 775.412 766.362 761.527 2562.37 660.474 615.806 573.439 571.08 488.315 480.665 477.673 462.787 445.549
threshold=41.102814550666672 1.4644236081666719 -0.88951219024999684 24.398481469749999 4.5000000000000009 24.458935365457432 0.37940952255126054 13.208028399777801 -5.4686147665833333 0.91597561503675351 30.541666666666668 212.23726500000001 15.053036512325685 41.350000000000001 -8.7748265215833303 17.827612512126546 20.238855697000002 12.74171675191667 22.721862939000008 14.314871101985775 4.5000000000000009 61.707592420805582 6.5000000000000009 13.807449219083336 716.13456551114166 0.024051090583333771 3.5840709673423592 28.360758081750003 28.368546659166668 65.469746000000029
decision_type=2 2 2 2 2 2 2 2 2 2 2 2 2 2 2 2 2 2 2 2 2 2 2 2 2 2 2 2 2 2
left_child=1 3 13 7 5 17 -7 19 -5 11 -11 -9 -8 29 -15 18 -6 22 -4 25 -21 26 -3 -10 -19 -1 -16 -25 -20 -2
right_child=2 4 15 8 16 6 12 9 23 10 -12 -13 -14 14 21 -17 -18 24 28 20 -22 -23 -24 27 -26 -27 -28 -29 -30 -31
leaf_value=-0.11819672411045425 -0.11351164265682823 0.10674788478761911 0.088530284912565343 -0.06544891576450651 -0.043267552382307936 0.01078647913646188 0.083853434007322911 -0.0298718525914957 -0.049924023149591122 -0.050271093365935 -0.16440100723697293 0.17194632782688682 0.17313973234504906 -0.0081511369610238749 0.042773142096909876 0.19036238511271417 0.023002033423876665 0.030760741571102219 0.19523079677864355 0.18836762773201746 -0.10529717083973221 0.17591783859314172 -0.081501711410610883 -0.0049088589770727928 -0.077292481162968815 -0.064398678870968812 0.096307048616237345 0.017925277579257541 0.12285385197285494 0.0041707836952334073
leaf_weight=696 57 32 1316 560 975 444 1276 9442 299 2953 248 53 335 334 481 334 488 987 162 68 158 109 212 2843 85 441 607 3026 1109 531
leaf_count=696 57 32 1316 560 975 444 1276 9442 299 2953 248 53 335 334 481 334 488 987 162 68 158 109 212 2843 85 441 607 3026 1109 531
internal_value=-3.86768e-11 -0.0171417 0.0871406 -0.0282842 0.0307728 0.0533125 0.0826219 -0.0410165 -0.00167846 -0.0364019 -0.0591134 -0.0287453 0.10242 0.043053 0.0623676 0.119123 -0.0211626 0.0075445 0.109926 -0.0840005 -0.0169379 0.0820445 -0.0568132 0.00411134 0.0221931 -0.0973305 0.0726399 0.0068642 0.132079 -0.00723721
internal_weight=30661 25621 5040 20787 4834 3371 2055 14059 6728 12696 3201 9495 1611 2119 1531 2921 1463 1316 2587 1363 226 1197 244 6168 1072 1137 1088 5869 1271 588
internal_count=30661 25621 5040 20787 4834 3371 2055 14059 6728 12696 3201 9495 1611 2119 1531 2921 1463 1316 2587 1363 226 1197 244 6168 1072 1137 1088 5869 1271 588
is_linear=0
shrinkage=0.04


Tree=58
num_leaves=31
num_cat=0
split_feature=22 6 30 1 22 26 29 7 25 1 2 27 12 6 28 30 25 20 2 6 7 17 22 30 34 38 31 2 34 27
split_gain=26416 6897.19 5194.08 2797.47 2748.74 2738.09 2328.77 2709.69 1463.14 1238.56 1126.05 1123.27 991.783 937.757 935.086 923.175 902.059 2022.59 1298.31 1059.08 1015.45 890.866 807.982 803.346 792.999 727.025 707.479 661.455 825.274 681.252
threshold=29.4773265301945 0.60355339059327384 0.76577982616666074 4.5000000000000009 17.902062057666694 29.022686845122021 10.903503558366403 0.60355339059327384 32.21824049539584 4.5000000000000009 32.500000000000007 1.6617972501541469 15.296598014083335 -0.91597561503675329 19.090423901674722 -2.0222106533333313 29.517579493291674 10.492458841750002 222.50000000000003 0.12940952255126045 0.98296291314453421 13.807449219083336 8.5376631517500261 0.33128769499999683 35.350000000000009 32.625000000000007 31.402150052750006 34.500000000000007 10.600000000000001 3.3134810256662028
decision_type=2 2 2 2 2 2 2 2 2 2 2 2 2 2 2 2 2 2 2 2 2 2 2 2 2 2 2 2 2 2
left_child=2 8 4 6 16 23 27 -8 21 14 -9 -10 -5 -13 26 -6 20 18 -18 -19 22 25 -1 -3 -17 -2 -7 28 -4 -29
right_child=1 5 3 12 15 9 7 10 11 -11 -12 13 -14 -15 -16 24 17 19 -20 -21 -22 -23 -24 -25 -26 -27 -28 29 -30 -31
leaf_value=-0.14163222050798532 -0.028754430240235079 0.032062896724548172 0.29832729473114017 -0.062612056597853807 -0.047149264975924282 0.11384843448784893 -0.0029169637817443197 0.23280455175303641 0.094090372486687709 0.042642747356147932 0.093795570643095683 -0.057708543050003815 -0.00478420842157004 0.036597194907543255 0.23816275038639037 -0.019942739836257085 -0.083521716132760049 -0.079090104045458645 0.29891637719407377 0.020973559749631915 -0.12148805789054085 0.0060439531264169866 -0.055194412159957296 0.080317195628636096 0.053766502367332575 -0.16590811418623411 0.18136387155316641 -0.033011028287648396 0.036169966836291624 0.019994487380250718
leaf_weight=181 208 1023 25 746 2152 1843 540 104 509 301 901 188 1304 1644 119 8667 20 421 49 283 463 1591 3928 1199 240 88 287 748 83 806
leaf_count=181 208 1023 25 746 2152 1843 540 104 509 301 901 188 1304 1644 119 8667 20 421 49 283 463 1591 3928 1199 240 88 287 748 83 806
internal_value=-4.8681e-11 0.0575995 -0.0239322 0.0106682 -0.0350206 0.0905598 0.0339975 0.0693504 0.0203982 0.118844 0.108181 0.0415244 -0.0258279 0.0269195 0.129042 -0.0236373 -0.0585731 -0.0186092 0.188065 -0.0388656 -0.0653298 -0.00581076 -0.059002 0.0581011 -0.0179566 -0.0695298 0.122946 0.00113333 0.0968545 -0.00551911
internal_weight=30661 9000 21661 5257 16404 4772 3207 1545 4228 2550 1005 2341 2050 1832 2249 11059 5345 773 69 704 4572 1887 4109 2222 8907 296 2130 1662 108 1554
internal_count=30661 9000 21661 5257 16404 4772 3207 1545 4228 2550 1005 2341 2050 1832 2249 11059 5345 773 69 704 4572 1887 4109 2222 8907 296 2130 1662 108 1554
is_linear=0
shrinkage=0.04


Tree=59
num_leaves=31
num_cat=0
split_feature=22 30 12 30 27 12 0 25 6 29 30 25 35 33 30 16 30 30 28 12 12 31 30 38 2 7 22 25 29 34
split_gain=24497.3 7660.98 3703.63 3493.93 2847.06 1470.58 1499.92 1420.24 2081.67 1354.8 1333.41 1153.52 1065.89 1065.52 1059.84 1023.75 974.975 953.825 942.33 893.638 866.84 755.518 719.346 699.592 933.308 581.312 553.885 548.758 481.6 695.848
threshold=39.914741330388928 1.8759388430000012 19.940431730083336 -0.88951219024999684 8.7919485485635693 13.346342045166667 3.5000000000000004 37.417015610618058 0.12940952255126045 16.896298041264462 -0.94621924691666581 37.417015610618058 41.350000000000001 0.27895881419319685 -0.5653480060833348 49.374502718333339 13.89867375425 -12.013320246999996 15.78834911173921 21.69801237783334 25.813349063500002 39.089395999500006 -4.0999703914999968 30.933333333333341 192.50000000000003 -0.9159756150367534 26.259236572138942 27.57368800331945 7.467424054342831 10.600000000000001
decision_type=2 2 2 2 2 2 2 2 2 2 2 2 2 2 2 2 2 2 2 2 2 2 2 2 2 2 2 2 2 2
left_child=1 2 7 12 5 28 18 13 -9 -10 15 21 27 -1 -15 22 -6 -14 -7 -8 -12 25 -4 -19 -25 -5 -18 -2 -3 -30
right_child=3 4 10 11 16 6 19 8 9 -11 20 -13 17 14 -16 -17 26 23 -20 -21 -22 -23 -24 24 -26 -27 -28 -29 29 -31
leaf_value=-0.13488985895031719 -0.086435300547767574 -0.088595072955445012 -0.065646826650941556 -0.019784164970571345 0.059965672740377486 0.049753234067042781 -0.02928452540002506 -0.085443792954087258 0.093128354791281884 0.41895582133326037 -0.010888894800205762 0.15535853525684004 -0.025221152469187668 -0.062950367891222228 -0.033952421797496191 0.013044714552571991 0.081523231088733647 0.085878719378323712 0.15971251439705894 0.03313896815723149 0.018888767302289781 0.17431149630722675 -0.025887597474876581 -0.045839873243842214 0.088787314681886886 0.092103164216587444 0.17713780949811569 0.013208832700839876 0.10849044516802796 -0.035773651133363067
leaf_weight=221 108 216 886 77 750 792 724 80 69 29 4159 633 193 3430 4894 916 166 1039 148 744 2507 176 4085 171 159 2116 233 488 62 390
leaf_count=221 108 216 886 77 750 792 724 80 69 29 4159 633 193 3430 4894 916 166 1039 148 744 2507 176 4085 171 159 2116 233 488 62 390
internal_value=-6.8489e-11 -0.0160832 -0.0258531 0.079484 0.0331157 0.0130473 0.0276144 -0.0458734 0.0659555 0.189547 -0.0119412 0.107391 0.0406625 -0.0482029 -0.0459014 -0.0258137 0.0868409 0.0580274 0.067066 0.00235245 0.000310115 0.094574 -0.032974 0.0697637 0.019026 0.0881746 0.137358 -0.00484749 -0.0394639 -0.0159852
internal_weight=30661 25501 21276 5160 4225 3076 2408 8723 178 98 12553 3002 2158 8545 8324 5887 1149 1562 940 1468 6666 2369 4971 1369 330 2193 399 596 668 452
internal_count=30661 25501 21276 5160 4225 3076 2408 8723 178 98 12553 3002 2158 8545 8324 5887 1149 1562 940 1468 6666 2369 4971 1369 330 2193 399 596 668 452
is_linear=0
shrinkage=0.04


Tree=60
num_leaves=31
num_cat=0
split_feature=22 0 30 26 0 29 1 22 27 25 22 1 27 0 25 6 19 28 17 30 30 35 22 30 34 33 38 1 0 26
split_gain=22598.2 6453.28 4204.77 2470.84 2457.58 2849.11 2708.13 2318.42 2033.75 1334.81 1229.95 1074.38 1035.55 899.213 856.695 1492.91 1047.74 839.369 836.726 777.412 774.302 787.708 739.836 717.324 670.855 630.54 603.53 526.448 510.518 531.857
threshold=28.935884065777817 9.5000000000000018 0.6358419498333322 29.022686845122021 3.5000000000000004 6.831008697714446 4.5000000000000009 17.902062057666694 1.8931309988360439 32.21824049539584 18.628034331861141 4.5000000000000009 1.6617972501541469 17.500000000000004 32.676512655760426 0.12940952255126045 12.731313911833336 19.090423901674722 13.807449219083336 -3.6594998777500023 -1.6176762738333303 85.850000000000009 8.5376631517500261 0.35813444791666887 35.350000000000009 1.0832434410861185 32.625000000000007 5.5000000000000009 22.500000000000004 29.817955098087573
decision_type=2 2 2 2 2 2 2 2 2 2 2 2 2 2 2 2 2 2 2 2 2 2 2 2 2 2 2 2 2 2
left_child=2 3 7 23 5 -4 8 14 -7 18 -6 17 -11 -14 19 -16 -17 25 26 27 28 24 -21 -2 -22 -5 -3 -1 29 -9
right_child=1 9 4 11 10 6 -8 20 -10 12 -12 -13 13 -15 15 16 -18 -19 -20 22 21 -23 -24 -25 -26 -27 -28 -29 -30 -31
leaf_value=-0.086791385382096145 0.029396199065180484 -0.032003634756926552 -0.050763783657806365 0.10027170909744407 -0.046510373525239318 0.28669156732355677 -0.033618451100594478 -0.051932387808975307 0.08062901917854555 0.088858468498458562 0.0039240364146042568 0.041995384614437636 0.030727285632910335 -0.079409895576829981 -0.068375741310788496 0.28688666715341454 0.040174781469435532 0.22283024005028382 0.0034722300653756374 -0.13346061311580323 -0.01850756909318544 0.20386200840656574 -0.051070927346573029 0.073884446289501207 0.059209144505170681 0.14812576090266735 -0.1546457792343674 -0.19088317697698418 -0.12909076487123966 -0.016265914410161321
leaf_weight=362 1087 218 414 1566 1161 82 337 1607 1171 485 2319 328 1795 127 221 34 145 119 1688 182 7545 26 4168 1243 182 613 91 99 100 1146
leaf_count=362 1087 218 414 1566 1161 82 337 1607 1171 485 2319 328 1795 127 221 34 145 119 1688 182 7545 26 4168 1243 182 613 91 99 100 1146
internal_value=-4.06059e-11 0.0518043 -0.0227636 0.0831134 0.00741812 0.0427044 0.0670414 -0.0332281 0.0941144 0.0165709 -0.0129019 0.109717 0.0366293 0.0234498 -0.055076 0.00117113 0.0870363 0.119384 -0.00760563 -0.0597525 -0.0224937 -0.0159375 -0.054518 0.0531296 -0.016677 0.113734 -0.0681215 -0.109145 -0.0403103 -0.0370854
internal_weight=30661 9360 21301 4956 5484 2004 1590 15817 1253 4404 3480 2626 2407 1922 5211 400 179 2298 1997 4811 10606 7753 4350 2330 7727 2179 309 461 2853 2753
internal_count=30661 9360 21301 4956 5484 2004 1590 15817 1253 4404 3480 2626 2407 1922 5211 400 179 2298 1997 4811 10606 7753 4350 2330 7727 2179 309 461 2853 2753
is_linear=0
shrinkage=0.04


Tree=61
num_leaves=31
num_cat=0
split_feature=22 30 1 22 30 0 29 27 20 25 26 20 2 22 22 43 6 29 30 1 7 30 27 23 40 17 22 0 22 7
split_gain=20978.9 6579.99 3244.59 3042.45 3041.62 2559.81 2912.72 1680.04 1203.12 1028.43 982.996 1110.01 973.061 963.988 943.491 893.856 791.786 2643.43 790.407 739.726 733.206 689.167 683.811 663.048 648.687 586.26 580.802 570.497 542.232 490.908
threshold=39.914741330388928 0.76577982616666074 4.5000000000000009 18.373966771166724 -0.88951219024999684 4.5000000000000009 7.118497580413913 1.9116698552919502 22.895937434666671 37.417015610618058 30.809024813820937 10.064494355500001 192.50000000000003 18.373966771166724 23.969016474138925 614.9586928308056 0.12940952255126045 16.724345973574838 -12.013320246999996 1.5000000000000002 -0.5 -0.94621924691666581 17.894122973520428 48.528134932666667 5.7300000000000013 10.883099809083339 13.378582316750025 12.500000000000002 19.443802354797182 -0.9159756150367534
decision_type=2 2 2 2 2 2 2 2 2 2 2 2 2 2 2 2 2 2 2 2 2 2 2 2 2 2 2 2 2 2
left_child=1 3 5 10 12 6 28 -8 16 22 15 -12 20 -4 -7 26 21 -18 -14 -13 -2 -5 29 24 -22 27 -1 -10 -3 -6
right_child=4 2 13 8 9 14 7 -9 25 -11 11 19 18 -15 -16 -17 17 -19 -20 -21 23 -23 -24 -25 -26 -27 -28 -29 -30 -31
leaf_value=-0.086256418764978429 -0.022805473188072578 -0.038253732241732757 -0.046167110802311014 -0.045366096565235547 -0.020284700656866099 -0.034721980892727961 0.26476591850729547 0.082771892886805989 -0.23086497818722446 0.14488516790427469 0.27094686578149385 0.073335776913762099 -0.021410713544024566 0.0069709257741300944 0.025738811854907877 -0.0018782119788894698 -0.0011947823937157257 0.45386694658370247 0.072846582046565675 -0.036929363430393013 -0.040976913631188147 -0.018988114623357782 0.14053709407855652 0.16611246667229215 0.078151312928374225 -0.0011993039901332613 -0.053391494313138416 -0.032920658076937136 0.053484417320959432 0.082680474341382287
leaf_weight=1116 555 399 1087 3075 77 633 85 1795 34 633 23 125 164 1098 1188 448 745 21 1078 440 132 3270 334 65 164 5950 3756 74 139 1958
leaf_count=1116 555 399 1087 3075 77 633 85 1795 34 633 23 125 164 1098 1188 448 745 21 1078 440 132 3270 334 65 164 5950 3756 74 139 1958
internal_value=-5.31371e-11 -0.0148835 0.0201309 -0.0266742 0.0735549 0.0405403 0.0675152 0.0910003 -0.0159748 0.099593 -0.0505234 -0.00144587 0.0373334 -0.0194643 0.00472196 -0.0559478 -0.0271341 0.0112808 0.0604004 -0.0125344 0.00605692 -0.0317718 0.0874909 0.0504298 0.0250266 -0.00287577 -0.0609197 -0.0952365 -0.0145519 0.0787845
internal_weight=30661 25501 6424 19077 5160 4239 2418 1880 13169 3002 5908 588 2158 2185 1821 5320 7111 766 1242 565 916 6345 2369 361 296 6058 4872 108 538 2035
internal_count=30661 25501 6424 19077 5160 4239 2418 1880 13169 3002 5908 588 2158 2185 1821 5320 7111 766 1242 565 916 6345 2369 361 296 6058 4872 108 538 2035
is_linear=0
shrinkage=0.04


Tree=62
num_leaves=31
num_cat=0
split_feature=12 30 30 1 22 26 6 33 20 12 25 30 2 26 20 43 6 29 43 15 1 17 30 2 0 31 37 17 0 34
split_gain=19442.8 5779.11 3123.9 2918.52 2917.78 2261.47 2097.15 1526.43 1217.09 983.649 979.662 928.841 1013.2 905.929 1022.99 823.778 716.34 2332.36 692.97 988.279 681.731 652.016 650.795 641.302 580.863 577.473 578.007 447.767 567.601 459.578
threshold=41.102814550666672 0.76577982616666074 -0.88951219024999684 4.5000000000000009 18.373966771166724 24.458935365457432 0.37940952255126054 0.48890058127861918 23.152149220459044 17.654167329833339 37.417015610618058 -15.67356818033333 192.50000000000003 30.809024813820937 10.064494355500001 614.9586928308056 0.12940952255126045 16.724345973574838 296.63264951887862 53.532147770083348 1.5000000000000002 16.843222705416668 -1.7165642495833306 36.500000000000007 1.0000000180025095e-35 39.089395999500006 65.469746000000029 10.883099809083339 12.500000000000002 34.70000000000001
decision_type=2 2 2 2 2 2 2 2 2 2 2 2 2 2 2 2 2 2 2 2 2 2 2 2 2 2 2 2 2 2
left_child=1 4 11 5 13 21 -7 -8 16 -5 25 -2 18 15 -15 24 22 -18 19 -13 -16 -3 -6 -23 -1 26 -4 28 -10 -29
right_child=2 3 10 9 8 6 7 -9 27 -11 -12 12 -14 14 20 -17 17 -19 -20 -21 -22 23 -24 -25 -26 -27 -28 29 -30 -31
leaf_value=-0.094956468022420831 -0.045428492582152383 -0.045245009382058624 -0.071483511374546935 -0.045393340414367177 -0.050394435762826817 0.0068186191329886936 -0.12890908026227765 0.093205724936133147 -0.23082303921381633 0.008260656822703924 0.14410506777044546 0.034856054480371594 0.068696638706508162 0.2601089897103932 0.070402345674037928 -0.0018030833900099556 -0.001135604890557826 0.41663223098624835 -0.022275047645791721 0.31176945614543827 -0.03545218815246004 0.098338388239895866 -0.022166181706708938 0.0065733279999595686 -0.053252802028183471 0.15627488462685865 0.083928377066021867 -0.0038326594589383877 -0.022415320242660634 0.031383787464649322
leaf_weight=611 208 355 39 1103 1797 754 51 1688 30 1084 602 329 1096 23 125 448 761 22 464 22 440 135 4790 1251 4261 177 2103 5153 69 670
leaf_count=611 208 355 39 1103 1797 754 51 1688 30 1084 602 329 1096 23 125 448 761 22 464 22 440 135 4790 1251 4261 177 2103 5153 69 670
internal_value=-3.09289e-11 -0.0141274 0.0718172 0.0187231 -0.0251135 0.0381046 0.0625344 0.0866917 -0.0147176 -0.0187994 0.0986393 0.0348435 0.0435806 -0.0485025 -0.00138803 -0.0537098 -0.0255676 0.0106024 0.00980484 0.0522125 -0.012033 0.00312288 -0.0298671 0.0155115 -0.0584829 0.0868366 0.0810987 -0.00121478 -0.0855692 0.000219379
internal_weight=30661 25621 5040 6421 19200 4234 2493 1739 13292 2187 2921 2119 1911 5908 588 5320 7370 783 815 351 565 1741 6587 1386 4872 2319 2142 5922 99 5823
internal_count=30661 25621 5040 6421 19200 4234 2493 1739 13292 2187 2921 2119 1911 5908 588 5320 7370 783 815 351 565 1741 6587 1386 4872 2319 2142 5922 99 5823
is_linear=0
shrinkage=0.04


Tree=63
num_leaves=31
num_cat=0
split_feature=12 30 30 12 30 12 24 12 30 0 11 35 30 30 35 0 1 30 0 25 30 30 12 16 14 12 17 12 25 12
split_gain=18017.8 4686.78 3553.63 2192.79 2000.71 1840.65 1507.67 1505.07 1439.96 1416.37 2029.1 1079.52 1038.94 1030.27 1005.81 988.591 1274.81 847.911 709.268 707.932 1418.21 697.771 685.329 638.841 594.601 546.948 529.806 495.006 492.986 466.196
threshold=29.729326090083337 -0.62560081383332988 0.6358419498333322 46.250810433000005 19.225511951416671 14.91632326691667 16.257864059875001 45.265453613500007 9.9654447824166699 22.500000000000004 -0.24999999999999994 41.350000000000001 -3.6594998777500023 3.6787357829166685 83.550000000000011 5.5000000000000009 4.5000000000000009 -10.909029862333329 1.0000000180025095e-35 31.670186202093749 -1.9001734203333311 -12.013320246999996 61.43620750358334 49.374502718333339 60.444142236333342 19.11705696633334 10.883099809083339 7.737544311833334 27.57368800331945 17.900789237500003
decision_type=2 2 2 2 2 2 2 2 2 2 2 2 2 2 2 2 2 2 2 2 2 2 2 2 2 2 2 2 2 2
left_child=2 7 5 8 6 18 -4 17 -3 12 29 28 -7 22 -14 16 -8 -2 -1 27 -21 -13 -5 26 -23 -17 -19 -20 -9 -11
right_child=1 3 4 13 -6 9 15 11 -10 10 -12 21 14 -15 -16 25 -18 23 19 20 -22 24 -24 -25 -26 -27 -28 -29 -30 -31
leaf_value=-0.1294380198911643 -0.072696984026933448 0.040432354259363083 -0.039558305630473724 0.08499416749805272 0.10252917118170368 -0.059824934807824734 0.05123836234535685 -0.099083380736410626 0.13553722364554455 -0.20737641016642255 -0.022750909623556904 -0.018355489814849271 -0.018605171142816509 0.17485872847405642 0.075138011048247494 -0.050893733710327266 -0.015740931890904905 -0.14736975788407855 -0.12950377178419928 0.3093724868774414 -0.04590253818721976 0.059600911369992668 0.15903396266907063 0.034198154310195225 0.13558166930223911 0.0025342124878014009 -0.0077169533823053917 -0.054967766119623854 0.0099941809576495674 -0.11133934383017376
leaf_weight=239 259 2329 1117 1581 335 988 1535 80 286 108 630 155 11861 296 186 377 646 45 157 25 64 1035 229 728 196 1641 1274 1550 387 322
leaf_count=239 259 2329 1117 1581 335 988 1535 80 286 108 630 155 11861 296 186 377 646 45 157 25 64 1035 229 728 196 1641 1274 1550 387 322
internal_value=-3.87352e-11 0.0480231 -0.0195788 0.0752983 0.00771803 -0.0291419 0.00174329 0.0170622 0.0508339 -0.0240077 -0.0684726 0.0439055 -0.0203918 0.105676 -0.0171578 0.0127302 0.0313995 -0.00450794 -0.0647033 -0.0560889 0.0538938 0.0616276 0.0943616 0.00411979 0.0716986 -0.00744712 -0.0124815 -0.0618232 -0.00869148 -0.13546
internal_weight=30661 8880 21781 4721 5651 16130 5316 4159 2615 14095 1060 1853 13035 2106 12047 4199 2181 2306 2035 1796 89 1386 1810 2047 1231 2018 1319 1707 467 430
internal_count=30661 8880 21781 4721 5651 16130 5316 4159 2615 14095 1060 1853 13035 2106 12047 4199 2181 2306 2035 1796 89 1386 1810 2047 1231 2018 1319 1707 467 430
is_linear=0
shrinkage=0.04


Tree=64
num_leaves=31
num_cat=0
split_feature=22 0 30 28 0 29 1 18 2 1 6 29 35 16 0 30 22 22 34 22 16 28 0 34 30 22 35 30 29 30
split_gain=16732.5 5666.14 2696.06 2119.71 1722.86 2190.22 1956.27 1655.98 1614.59 1090.45 2167.89 3153.5 1050.23 1043.41 963.346 936.613 795.422 773.794 684.338 675.812 650.348 608.359 604.199 1204.77 595.072 587.899 530.825 523.141 509.919 502.664
threshold=27.418592277055623 9.5000000000000018 0.6358419498333322 14.868567759871667 3.5000000000000004 6.831008697714446 4.5000000000000009 16.194164029916671 32.500000000000007 4.5000000000000009 0.12940952255126045 14.018501324680503 37.250000000000007 50.186352160982246 3.5000000000000004 -2.5735644850000017 49.190807557305583 18.541646305444491 35.350000000000009 63.038278933416699 16.920962841583336 3.1756326405481339 22.500000000000004 25.300000000000004 15.4369643515 12.518205734138901 54.45000000000001 -2.5099222488333335 11.915807807893822 -12.013320246999996
decision_type=2 2 2 2 2 2 2 2 2 2 2 2 2 2 2 2 2 2 2 2 2 2 2 2 2 2 2 2 2 2
left_child=2 3 7 12 5 -4 8 9 -7 10 -1 -12 27 15 -11 26 24 -6 22 29 -5 -17 25 -24 -14 -9 -3 -2 -28 -15
right_child=1 13 4 20 17 6 -8 18 -10 14 11 -13 16 19 -16 21 -18 -19 -20 -21 -22 -23 23 -25 -26 -27 28 -29 -30 -31
leaf_value=-0.066008709930388612 -0.056634721979498863 -0.014770480580363485 -0.048082034306753667 0.07130071089032726 -0.040696071416488948 0.20364859988089323 -0.030520859004873221 -0.075170915062801963 0.062073693956973222 -0.11829636911962442 -0.020104939360037554 0.18860326572180655 0.05056065684196364 -0.021891593729447614 -0.049586230441106161 0.084025553827141886 0.10411074112721545 0.00020567919030962009 0.045961252852140561 0.14729458302163925 0.1288692330499866 0.0053755614828505183 -0.016878388917763235 -0.11459859788505729 0.16030106398390562 -0.019416503133000071 -0.15631562272598454 0.028907655315274783 -0.046020109718628958 0.034842965526837646
leaf_weight=1475 137 722 414 454 1141 147 330 312 1046 628 695 139 2205 287 680 174 668 2106 230 78 1018 1645 499 339 82 10040 91 693 255 1931
leaf_count=1475 137 722 414 454 1141 147 330 312 1046 628 695 139 2205 287 680 174 668 2106 230 78 1018 1645 499 339 82 10040 91 693 255 1931
internal_value=-3.57341e-11 0.0411243 -0.0212322 0.0703843 0.00364323 0.033499 0.0556753 -0.0298081 0.0795184 -0.0533947 -0.0368644 0.0146798 0.0545445 0.0114465 -0.0825755 -0.00455867 0.0657113 -0.0141672 -0.0223376 0.0315714 0.111114 0.012899 -0.0237414 -0.0564096 0.0544954 -0.0210969 -0.0342923 0.014788 -0.0750285 0.0275017
internal_weight=30661 10440 20221 5257 5184 1937 1523 15037 1193 3617 2309 834 3785 5183 1308 2887 2955 3247 11420 2296 1472 1819 11190 838 2287 10352 1068 830 346 2218
internal_count=30661 10440 20221 5257 5184 1937 1523 15037 1193 3617 2309 834 3785 5183 1308 2887 2955 3247 11420 2296 1472 1819 11190 838 2287 10352 1068 830 346 2218
is_linear=0
shrinkage=0.04


Tree=65
num_leaves=31
num_cat=0
split_feature=12 30 30 12 1 26 0 2 34 12 19 26 33 30 12 0 26 12 30 2 30 30 22 7 15 40 34 0 1 29
split_gain=15468.9 4565.47 2499.15 2375.33 2305.66 1891.98 2086.55 1021 1254.54 1014.26 928.916 900.219 1435.63 829.615 888.355 828.566 821.752 821.516 804.152 785.819 939.423 641.101 617.064 600.022 839.989 635.472 561.002 516.244 452.651 430.372
threshold=41.102814550666672 0.76577982616666074 -0.88951219024999684 19.039098172833338 4.5000000000000009 27.436222398751095 3.5000000000000004 40.500000000000007 10.600000000000001 19.11705696633334 22.343832812666673 30.308754114865579 1.1937831664895979 6.5892215266666643 56.996833138166672 18.500000000000004 33.499734351743903 15.296598014083335 -3.0662363448333347 192.50000000000003 -12.013320246999996 -3.6594998777500023 8.5376631517500261 -0.5 53.532147770083348 4.6300000000000008 35.350000000000009 17.500000000000004 5.5000000000000009 18.179630741119766
decision_type=2 2 2 2 2 2 2 2 2 2 2 2 2 2 2 2 2 2 2 2 2 2 2 2 2 2 2 2 2 2
left_child=1 3 19 11 5 7 16 8 -3 -9 18 21 15 14 -4 -13 -7 -6 27 23 -21 28 -23 -2 25 -25 -20 -5 -1 -22
right_child=2 4 13 10 17 6 -8 9 -10 -11 -12 12 -14 -15 -16 -17 -18 -19 26 20 29 22 -24 24 -26 -27 -28 -29 -30 -31
leaf_value=-0.074358558242222372 -0.022793774665608231 0.24746577548129217 0.070439049538711301 -0.042433518098005676 -0.050826730883460874 0.088704364637188671 0.017329118249910874 -0.028728113143417361 0.043636146133490421 0.025564271486963618 -0.0018637861472051195 0.013508496686491131 0.32376141559510002 0.17002883017465878 0.1255573369629171 -0.07820554260871615 0.18069879329795466 0.00088524050197882692 -0.018956631613414997 -0.030646937216455873 0.060110422833063011 -0.11604261219206619 -0.041090922051148067 -0.038345994549816936 0.27736909348031746 0.07358695815927184 0.1020963522550019 -0.11580268314770105 -0.17811747866940786 0.16091848284006119
leaf_weight=355 559 56 2137 694 746 662 698 946 352 1317 6602 583 21 185 599 216 203 1441 5090 185 944 182 5115 138 23 197 62 197 83 73
leaf_count=355 559 56 2137 694 746 662 698 946 352 1317 6602 583 21 185 599 216 203 1441 5090 185 944 182 5115 138 23 197 62 197 83 73
internal_value=-9.20392e-12 -0.0126013 0.0640589 -0.0223659 0.0165968 0.0338236 0.0687779 0.0133693 0.0716128 0.00286847 -0.0122361 -0.0419068 -0.00270482 0.0880494 0.0825062 -0.0112853 0.110294 -0.0167541 -0.023568 0.0309883 0.0522642 -0.0475119 -0.0436662 0.00309995 0.0435318 0.0274773 -0.0174999 -0.0586554 -0.0940206 0.0673464
internal_weight=30661 25621 5040 19200 6421 4234 1563 2671 408 2263 12645 6555 820 2921 2736 799 865 2187 6043 2119 1202 5735 5297 917 358 335 5152 891 438 1017
internal_count=30661 25621 5040 19200 6421 4234 1563 2671 408 2263 12645 6555 820 2921 2736 799 865 2187 6043 2119 1202 5735 5297 917 358 335 5152 891 438 1017
is_linear=0
shrinkage=0.04


Tree=66
num_leaves=31
num_cat=0
split_feature=22 6 30 25 18 24 31 28 6 18 1 6 29 1 33 25 18 12 7 7 17 37 25 30 28 33 20 31 15 1
split_gain=14400.4 4711.07 2325.44 1819.44 1421.69 1343.87 1267.01 945.163 1569.08 1837.2 943.068 1873.3 3101.22 884.383 852.329 750.567 742.915 713.804 705.934 578.753 576.384 524.919 524.03 526.278 510.488 497.167 465.498 463.548 445.543 440.69
threshold=27.418592277055623 0.60355339059327384 0.099303721583333462 34.902888381930559 16.758390567833334 14.822466058861115 31.402150052750006 12.845333037325672 0.37940952255126054 23.949580688916669 4.5000000000000009 0.12940952255126045 16.418284054907044 1.0000000180025095e-35 0.83393459083841048 36.425639494746072 34.968778153250007 17.077736035333334 0.91597561503675351 0.78656609248549303 22.721862939000008 211.43316250000001 26.99057081245255 -2.9930514240833292 19.383501568024553 0.38517093345905734 21.038263957166674 15.154017017250004 55.653911214166676 4.5000000000000009
decision_type=2 2 2 2 2 2 2 2 2 2 2 2 2 2 2 2 2 2 2 2 2 2 2 2 2 2 2 2 2 2
left_child=2 14 4 6 10 -4 22 13 -9 -10 11 -1 -13 19 -2 -16 27 -15 -12 -7 -8 25 23 -3 -5 -6 -27 -17 -24 -23
right_child=1 3 5 24 21 7 20 8 9 -11 18 12 -14 17 15 16 -18 -19 -20 -21 -22 29 28 -25 -26 26 -28 -29 -30 -31
leaf_value=-0.058904027499486568 -0.042528732168229867 -0.073698462516238752 -0.042677680303440491 0.098530013920853032 -0.079025219805255717 0.014965393600289667 0.080513264434962775 -0.012417771814887129 0.17470397606276084 0.035733594809504957 -0.050012423399848939 -0.0038000947988962403 0.34541185470514518 -0.033653391767236855 0.0069193089443330023 0.0046372339076061883 0.077280877756896196 0.0022529619545352802 -0.10837975703676941 0.097265535754400612 0.16973156516299104 0.24766414120083763 0.051616916249824153 0.027972440088268057 0.19662859399895091 -0.029703409862637416 -0.011444912494112206 0.11173092631002268 0.21516735353403621 0.0070600041130493433
leaf_weight=1752 429 88 1066 1261 237 423 389 627 207 575 710 757 43 1322 3570 635 558 2685 622 202 165 21 2059 1096 91 4351 4592 72 27 29
leaf_count=1752 429 88 1066 1261 237 423 389 627 207 575 710 757 43 1322 3570 635 558 2685 622 202 165 21 2059 1096 91 4351 4592 72 27 29
internal_value=-9.44316e-12 0.0381509 -0.0196971 0.0652485 -0.029683 -0.00127091 0.0511471 0.00603576 0.0347229 0.0725199 -0.0499858 -0.035746 0.01497 -0.00269054 0.0115063 0.0163007 0.0427763 -0.00959336 -0.077268 0.0415648 0.107086 -0.0211395 0.0416701 0.0204158 0.105133 -0.0218435 -0.0203281 0.0155435 0.0537338 0.108114
internal_weight=30661 10440 20221 5176 13114 7107 3824 6041 1409 782 3884 2552 800 4632 5264 4835 1265 4007 1332 625 554 9230 3270 1184 1352 9180 8943 707 2086 50
internal_count=30661 10440 20221 5176 13114 7107 3824 6041 1409 782 3884 2552 800 4632 5264 4835 1265 4007 1332 625 554 9230 3270 1184 1352 9180 8943 707 2086 50
is_linear=0
shrinkage=0.04


Tree=67
num_leaves=31
num_cat=0
split_feature=22 0 30 28 0 5 2 26 12 27 12 0 11 31 16 27 26 30 6 27 17 25 2 26 17 7 5 22 0 25
split_gain=13271.4 4497.57 2143.12 1693.06 1502.92 1946.69 2322.98 2004.84 1320.74 1231.41 1041.59 987.854 1739.19 946.272 894.546 910.5 757.57 892.38 810.727 697.412 693.618 691.265 655.966 618.536 540.683 532.137 517.942 486.102 468.346 669.873
threshold=27.418592277055623 9.5000000000000018 0.099303721583333462 14.06191534097449 3.5000000000000004 1.0000000180025095e-35 32.500000000000007 28.882540306270339 14.91632326691667 1.9543679135459417 19.11705696633334 22.500000000000004 -0.24999999999999994 31.402150052750006 49.374502718333339 0.56273811250074346 29.996966740273319 -3.3607457415833335 1.0000000180025095e-35 9.0994967718062458 10.883099809083339 40.949519703520444 192.50000000000003 32.136927820532257 21.779011881416672 -0.9159756150367534 1.0000000180025095e-35 18.79629787316669 1.0000000180025095e-35 31.670186202093749
decision_type=2 2 2 2 2 2 2 2 2 2 2 2 2 2 2 2 2 2 2 2 2 2 2 2 2 2 2 2 2 2
left_child=2 3 8 13 5 6 9 -8 28 -4 -6 16 27 24 15 -3 17 -10 -18 22 -17 26 25 -15 -2 -16 -5 -13 -1 -30
right_child=1 14 4 21 10 -7 7 -9 11 -11 -12 12 -14 23 19 20 18 -19 -20 -21 -22 -23 -24 -25 -26 -27 -28 -29 29 -31
leaf_value=-0.11485034347832974 0.020218761577659797 0.071797210342279996 0.35038947316835511 0.092569551871065844 -0.034162468462605747 -0.039341993395176682 -0.0056994374494041709 0.090100196689444106 -0.070298396251854744 0.11533594130922895 0.0028215063717598734 -0.19407586901874865 -0.017932115131909791 0.076874188946870467 -0.030249585707188904 -0.1068027820951548 -0.012627652057682496 -0.022503504658547079 0.042389336455189879 0.0024573179680179393 -0.0078429628384765245 0.18230644572670607 0.063905661928516572 0.19752268019686925 0.054313111697874457 0.058091875470949475 0.010483914337303014 -0.097584059576054566 -0.060126823202266984 0.062000859168015031
leaf_weight=232 1419 223 53 1634 2166 537 875 582 688 109 2785 118 587 288 268 119 2459 6830 519 1027 2376 129 986 89 1565 184 133 286 1319 76
leaf_count=232 1419 223 53 1634 2166 537 875 582 688 109 2785 118 587 288 268 119 2459 6830 519 1027 2376 129 986 89 1565 184 133 286 1319 76
internal_value=-1.08522e-11 0.0366248 -0.0189092 0.0626936 -0.00122008 0.0266544 0.0485445 0.0325678 -0.0284957 0.192236 -0.0133585 -0.0237183 -0.0618932 0.0456441 0.0101839 -0.00564151 -0.0201139 -0.0268774 -0.0030394 0.0276335 -0.0125629 0.092917 0.045614 0.105356 0.0381 0.00571243 0.0863911 -0.125767 -0.0622253 -0.0534733
internal_weight=30661 10440 20221 5257 7107 2156 1619 1457 13114 162 4951 11487 991 3361 5183 2718 10496 7518 2978 2465 2495 1896 1438 377 2984 452 1767 404 1627 1395
internal_count=30661 10440 20221 5257 7107 2156 1619 1457 13114 162 4951 11487 991 3361 5183 2718 10496 7518 2978 2465 2495 1896 1438 377 2984 452 1767 404 1627 1395
is_linear=0
shrinkage=0.04


Tree=68
num_leaves=31
num_cat=0
split_feature=22 6 30 28 18 22 28 6 18 1 6 29 35 1 31 33 12 29 22 30 12 16 26 17 6 38 37 33 43 30
split_gain=12233.4 4135.14 1981.01 1598 1197.95 1196.31 1055.94 1466.17 1828.79 858.674 1701.02 2884.84 841.914 805.707 778.544 759.94 753.268 680.685 666.676 665.671 565.183 564.158 524.577 674.466 555.506 478.7 477.222 440.961 435.668 426.453
threshold=27.155233176194447 0.60355339059327384 0.099303721583333462 14.868567759871667 16.758390567833334 10.596596074777795 12.845333037325672 0.37940952255126054 23.949580688916669 4.5000000000000009 0.12940952255126045 14.314871101985775 37.250000000000007 1.0000000180025095e-35 31.402150052750006 0.88014521095473941 17.164261885750005 12.859707369143901 63.038278933416699 -1.184472232749999 45.265453613500007 16.920962841583336 25.538326478308797 16.577360250000002 -0.91597561503675329 27.925000000000008 211.43316250000001 0.41048410878837244 135.6850786940056 -2.2473202874999987
decision_type=2 2 2 2 2 2 2 2 2 2 2 2 2 2 2 2 2 2 2 2 2 2 2 2 2 2 2 2 2 2
left_child=2 15 4 12 9 25 13 -8 -9 10 -1 -12 29 17 20 -2 -15 -7 22 -11 -14 -5 23 -17 -24 -4 27 -6 -29 -3
right_child=1 3 5 21 26 6 7 8 -10 19 11 -13 14 16 -16 18 -18 -19 -20 -21 -22 -23 24 -25 -26 -27 -28 28 -30 -31
leaf_value=-0.054806579108222259 -0.030100762550273916 -0.050895459420066715 -0.087788598266229215 0.058375773810057867 -0.06917848203098402 0.012283394650848822 -0.012890982975952384 0.17501768708229065 0.034130318150056634 -0.10721945358148033 -0.018059203247329944 0.18728254337062819 0.03408332606925276 -0.031004992262462765 0.11260352903590551 -0.047558060824112965 0.0018890679328776234 0.10602514387260785 0.13169898256946069 -0.049428986640234457 0.072655641472921667 0.11210857979691152 -0.016085833837269643 0.016124528020419679 0.027732840721623343 0.049973792498526369 0.10343862388134004 -0.026785376106455816 -0.0087859293468494012 0.024065926542270792
leaf_weight=1750 659 147 329 453 288 498 607 198 577 529 666 131 1595 1883 347 457 2727 165 78 803 982 1009 545 637 3073 46 50 4895 3839 698
leaf_count=1750 659 147 329 453 288 498 607 198 577 529 666 131 1595 1883 347 457 2727 165 78 803 982 1009 545 637 3073 46 50 4895 3839 698
internal_value=-1.65223e-11 0.0345592 -0.0184721 0.0599622 -0.0277516 -0.00137716 0.00253978 0.0336627 0.0701248 -0.0463561 -0.0327463 0.0156921 0.0461928 -0.00561723 0.0563557 0.0101724 -0.0115468 0.0356128 0.0157132 -0.0723803 0.0487818 0.0954595 0.0137932 -0.0104778 0.0211322 -0.0708897 -0.0197966 -0.0204796 -0.0188738 0.0110253
internal_weight=30661 10680 19981 5231 12951 7030 6655 1382 775 3879 2547 797 3769 5273 2924 5449 4610 663 4790 1332 2577 1462 4712 1094 3618 375 9072 9022 8734 845
internal_count=30661 10680 19981 5231 12951 7030 6655 1382 775 3879 2547 797 3769 5273 2924 5449 4610 663 4790 1332 2577 1462 4712 1094 3618 375 9072 9022 8734 845
is_linear=0
shrinkage=0.04


Tree=69
num_leaves=31
num_cat=0
split_feature=12 30 12 30 35 21 30 7 10 12 38 1 35 30 15 30 25 34 30 12 7 25 32 37 31 2 27 27 6 6
split_gain=11311.8 3476.62 2602.16 1973.32 1289.57 1299.48 1223.41 1173.15 1454.21 1382.5 1154.79 792.053 786.679 721.859 661.805 657.365 643.908 772.877 631.731 624.242 552.254 471.024 444.686 391.687 366.145 357.135 349.054 447.337 346.904 306.295
threshold=41.102814550666672 9.9654447824166699 24.398481469749999 -0.52140857741667002 85.850000000000009 15.280320524000002 -5.4686147665833333 0.91597561503675351 -0.6830127018922193 12.212221988750004 27.441666666666674 4.5000000000000009 41.350000000000001 -12.013320246999996 17.164261885750005 6.5892215266666643 34.805843879704867 34.250000000000007 0.86624360324999838 59.666266569166673 -0.98296291314453399 27.57368800331945 2.2000376784166655 65.469746000000029 31.402150052750006 98.500000000000014 2.5553579227109897 13.811640501908185 0.37940952255126054 0.60355339059327384
decision_type=2 2 2 2 2 2 2 2 2 2 2 2 2 2 2 2 2 2 2 2 2 2 2 2 2 2 2 2 2 2
left_child=1 2 4 12 7 22 25 9 -9 -1 14 -7 21 -14 28 19 17 -15 -8 23 -18 -2 -6 -5 -16 -4 -23 -28 -3 -12
right_child=3 10 6 15 5 11 18 8 -10 -11 29 -13 13 16 24 -17 20 -19 -20 -21 -22 26 -24 -25 -26 -27 27 -29 -30 -31
leaf_value=-0.060048187941503829 -0.078699292667614398 -0.11359682787548411 0.02012545190387122 -0.065961348546875853 -0.06276323997252381 0.13385690127938707 0.0032215480460463801 -0.0030750024003368581 -0.062289274954988559 -0.015087863708228167 -0.067525877336151577 0.0072252830194811969 -0.026280595439522519 0.043982143846559844 0.10410104151285357 0.15109369334175779 0.18155621592935764 -0.063528145667579444 0.031542089129855892 0.12270269388585252 0.067372557703143779 -0.065279007531788155 0.058123648588473985 0.06710373354763062 0.25317965643746509 -0.066083742686762259 0.03674289423219055 -0.10929463496079317 0.050577349093343528 0.039726828005887678
leaf_weight=1209 129 22 92 36 194 212 5775 915 2415 11532 117 126 218 709 450 185 76 126 1612 347 626 87 65 2103 28 468 361 37 322 67
leaf_count=1209 129 22 92 36 194 212 5775 915 2415 11532 117 126 218 709 450 185 76 126 1612 347 626 87 65 2103 28 468 361 37 322 67
internal_value=-7.58148e-12 -0.0107758 -0.0137546 0.0547791 -0.0227348 0.0349917 0.00508049 -0.0248792 -0.0460187 -0.0193542 0.0621098 0.086651 0.0282026 0.0418365 0.082386 0.0783507 0.0514979 0.027759 0.00940169 0.0729374 0.0797343 -0.0107674 -0.0324248 0.0648642 0.112834 -0.0519208 0.00730105 0.0231665 0.0400778 -0.0284719
internal_weight=30661 25621 24615 5040 16668 597 7947 16071 3330 12741 1006 338 2369 1755 822 2671 1537 835 7387 2486 702 614 259 2139 478 560 485 398 344 184
internal_count=30661 25621 24615 5040 16668 597 7947 16071 3330 12741 1006 338 2369 1755 822 2671 1537 835 7387 2486 702 614 259 2139 478 560 485 398 344 184
is_linear=0
shrinkage=0.04


Tree=70
num_leaves=31
num_cat=0
split_feature=22 0 30 22 0 1 2 26 27 24 18 30 1 6 10 0 15 30 30 22 35 26 0 34 27 23 22 0 2 32
split_gain=10442.4 3739.42 1756.11 1258.52 1243.18 1620.77 2129.63 1467.08 1229.42 1106.99 1059.73 984.929 783.257 1375.68 1992.52 761.231 749.615 626.672 537.387 533.158 512.158 498.162 474.653 472.398 471.895 553.217 438.664 425.325 424.938 607.43
threshold=27.155233176194447 8.5000000000000018 0.099303721583333462 55.941250520888914 4.5000000000000009 4.5000000000000009 32.500000000000007 28.882540306270339 1.9543679135459417 24.754654690263891 16.194164029916671 2.4935184164999975 4.5000000000000009 0.12940952255126045 -0.6830127018922193 3.5000000000000004 54.54882465883334 -9.8324575689166682 15.4369643515 18.628034331861141 37.250000000000007 34.710355229825318 2.5000000000000004 35.350000000000009 0.19331082208901171 42.091031148513885 36.770086083916716 10.500000000000002 166.50000000000003 4.5268050574999998
decision_type=2 2 2 2 2 2 2 2 2 2 2 2 2 2 2 2 2 2 2 2 2 2 2 2 2 2 2 2 2 2
left_child=2 9 10 17 5 6 8 -8 -4 18 12 16 13 -1 -15 -14 20 26 -2 -6 -11 -13 -7 -12 -19 -26 -3 -5 -29 -30
right_child=1 3 4 27 19 22 7 -9 -10 11 23 21 15 14 -16 -17 -18 24 -20 -21 -22 -23 -24 -25 25 -27 -28 28 29 -31
leaf_value=-0.054264922552982896 0.025057777506141115 -0.092536819112968849 0.33489056690683905 0.098750642378174935 -0.033523682994369856 -0.071339711791299512 0.00071744427705536197 0.078008459708731659 0.10297555590711407 0.0055753392879077587 -0.020329804920199427 0.096502194466764654 -0.10468272092493729 0.15194709244370461 -0.017956245162108486 -0.039452972644988864 0.14084626540012615 0.068852773700424474 0.12817383933899015 -0.0040114042593067381 0.061693817128137624 0.17685762544799793 -0.0060516482990925083 0.044906312577447018 -0.0022278827527342573 0.025297071730666677 -0.012810197199893951 -0.14153019533915953 -0.017633317348361016 0.13665283687736676
leaf_weight=1418 1354 145 53 332 1511 264 1157 595 118 307 9465 657 573 135 607 572 169 217 86 2784 1707 152 548 181 2977 1923 463 22 100 69
leaf_count=1418 1354 145 53 332 1511 264 1157 595 118 307 9465 657 573 135 607 572 169 217 86 2784 1707 152 548 181 2977 1923 463 22 100 69
internal_value=-3.26335e-11 0.0319293 -0.0170664 0.0119948 -0.000971065 0.020108 0.0401172 0.0269664 0.174856 0.0600319 -0.0258033 0.0739005 -0.0453508 -0.0311733 0.0129561 -0.0720963 0.0599295 0.00656873 0.0312161 -0.014394 0.0531395 0.1116 -0.0272783 -0.0191057 0.0111305 0.00857426 -0.0318239 0.0713906 0.0238327 0.0453593
internal_weight=30661 10680 19981 6248 7030 2735 1923 1752 171 4432 12951 2992 3305 2160 742 1145 2183 5725 1440 4295 2014 809 812 9646 5117 4900 608 523 191 169
internal_count=30661 10680 19981 6248 7030 2735 1923 1752 171 4432 12951 2992 3305 2160 742 1145 2183 5725 1440 4295 2014 809 812 9646 5117 4900 608 523 191 169
is_linear=0
shrinkage=0.04


Tree=71
num_leaves=31
num_cat=0
split_feature=12 30 12 30 22 30 30 38 37 0 37 30 22 6 30 30 12 24 37 2 26 40 16 16 6 7 24 38 37 33
split_gain=9653.65 3066.67 2386.62 1674.52 1200.75 1365.97 1156.56 1077.4 927.406 778.564 699.405 671.29 601.866 590.626 554.94 535.157 507.806 502.932 405.552 346.059 335.366 333.164 310.296 296.469 280.03 275.476 260.496 228.065 223.657 207.61
threshold=42.632460237333341 9.9654447824166699 24.736158919250006 0.28642520258333454 10.193383117055573 -0.5653480060833348 -5.4686147665833333 27.441666666666674 65.469746000000029 22.500000000000004 212.23726500000001 -15.67356818033333 63.038278933416699 0.37940952255126054 5.240721159083332 -0.1716392987499997 61.43620750358334 25.623095209076393 73.844906000000023 126.50000000000001 20.677202558034725 8.6400000000000006 47.971638427750001 45.778945930500008 0.60355339059327384 0.60355339059327384 28.914749645852407 21.083333333333339 70.640530500000025 0.84807714432214043
decision_type=2 2 2 2 2 2 2 2 2 2 2 2 2 2 2 2 2 2 2 2 2 2 2 2 2 2 2 2 2 2
left_child=1 2 4 8 21 9 19 13 -2 -6 -7 -10 18 -3 16 22 28 20 -13 29 -15 -1 -8 -21 -9 -17 -16 -14 -5 -4
right_child=3 7 6 14 5 10 15 24 11 -11 -12 12 27 17 26 25 -18 -19 -20 23 -22 -23 -24 -25 -26 -27 -28 -29 -30 -31
leaf_value=-0.084140797032697778 -0.11070409280061722 -0.082977498463221958 -0.090047924944332655 -0.066531112909317014 -0.028411583501690822 -0.010477877266344025 -0.0060826994874451992 -0.066425261154261409 -0.035731664616271468 -0.078241751333066351 0.069338855421243434 0.12433036800608578 0.24085075649348173 -0.044989852608257053 0.11029856286296955 0.018459346606232437 0.14305338492126843 0.16390831988875396 0.034322835446053419 -0.088523624496865447 0.078810683027276063 0.050603599185424467 0.018557313107414805 -0.024508802503702642 0.036126011805747871 0.056485279144287727 0.19914296350196789 0.1006615999297184 0.068129056649165687 0.031206015918053623
leaf_weight=555 70 35 28 20 6312 9400 2973 117 190 545 179 83 22 37 173 2873 152 111 2289 287 651 31 1128 194 67 341 76 119 1486 117
leaf_count=555 70 35 28 20 6312 9400 2973 117 190 545 179 83 22 37 173 2873 152 111 2289 287 651 31 1128 194 67 341 76 119 1486 117
internal_value=-9.15881e-12 -0.00952594 -0.0123011 0.0528832 -0.0207488 -0.0187428 0.00580692 0.058526 0.0330413 -0.0323721 -0.00898637 0.0367639 0.0422451 0.0778546 0.0817356 0.0102726 0.0733735 0.0848998 0.0374723 -0.0463758 0.0721528 -0.0770127 0.000694656 -0.0627048 -0.0290832 0.0224938 0.137416 0.122535 0.0663407 0.00779146
internal_weight=30661 25981 24963 4680 17022 16436 7941 1018 2773 6857 9579 2703 2513 834 1907 7315 1658 799 2372 626 688 586 4101 481 184 3214 249 141 1506 145
internal_count=30661 25981 24963 4680 17022 16436 7941 1018 2773 6857 9579 2703 2513 834 1907 7315 1658 799 2372 626 688 586 4101 481 184 3214 249 141 1506 145
is_linear=0
shrinkage=0.04


Tree=72
num_leaves=31
num_cat=0
split_feature=12 30 30 22 30 12 12 0 12 0 11 30 30 35 30 2 0 33 35 22 0 35 22 17 18 29 12 30 12 25
split_gain=8906.24 2622.18 1843.88 1228.33 1199.4 1111.84 1036.75 1307.66 924.349 917.674 1607.46 903.111 681.241 787.635 641.038 610.933 551.666 548.295 784.968 547.432 543.002 440.09 433.998 433.639 423.861 1021.17 415.184 397.245 394.417 392.654
threshold=29.729326090083337 0.33128769499999683 0.6358419498333322 47.826492589111126 21.454257568250004 14.91632326691667 13.346342045166667 5.5000000000000009 47.082611474750003 22.500000000000004 -0.24999999999999994 13.89867375425 -3.6594998777500023 83.550000000000011 -10.909029862333329 34.500000000000007 4.5000000000000009 1.1846633857478335 64.450000000000017 63.038278933416699 1.0000000180025095e-35 61.500000000000007 18.866985231083351 15.753881545250001 13.806545886083335 13.188422628923787 19.11705696633334 -3.764597326583337 18.420652689833336 29.82924107106945
decision_type=2 2 2 2 2 2 2 2 2 2 2 2 2 2 2 2 2 2 2 2 2 2 2 2 2 2 2 2 2 2
left_child=2 3 5 14 6 17 24 15 11 12 22 -3 -7 -14 -2 -8 -10 20 -19 21 -1 23 -11 -5 25 -4 -9 -22 -6 -16
right_child=1 8 4 19 28 9 7 26 16 10 -12 -13 13 -15 29 -17 -18 18 -20 -21 27 -23 -24 -25 -26 -27 -28 -29 -30 -31
leaf_value=-0.10988277135587676 -0.042987079597794672 0.036226877399550862 -0.024656717135183196 0.078917438835963943 0.055631272937474163 -0.045684161799011788 0.10611001526234336 -0.035642872144424034 0.16579744620248676 -0.1748492734837532 -0.011759413691089739 0.1462995910132304 -0.012414968358357002 0.070540454950263745 -0.0055360488706692104 0.027320527169277062 0.078706318321496035 -0.044277279704907226 0.24792551289002102 0.11761569729467639 -0.11759188899887843 0.063140771266464377 -0.086351289751099763 0.010265530992961592 -0.051643404308149322 0.18808538299231303 0.0010533962008555451 -0.039391705736823594 0.16442043792988575 0.022176199373038871
leaf_weight=229 416 1747 257 176 146 988 172 697 128 125 630 128 11861 186 1488 1863 1281 38 24 147 111 652 305 900 702 42 1688 1633 84 1817
leaf_count=229 416 1747 257 176 146 988 172 697 128 125 630 128 11861 186 1488 1863 1281 38 24 147 111 652 305 900 702 42 1688 1633 84 1817
internal_value=-2.33121e-11 0.0337634 -0.0137652 0.0171122 0.00589749 -0.0206538 0.00210169 0.0104263 0.0621375 -0.0166634 -0.0524545 0.0437412 -0.0137529 -0.0111342 0.00380916 0.0339799 0.0866181 -0.0482923 0.0688335 0.0435124 -0.0519729 0.0372085 -0.112077 0.0214948 -0.0346562 0.00522679 -0.00967084 -0.0443689 0.095363 0.0096994
internal_weight=30661 8880 21781 5596 5651 16130 5421 4420 3284 14095 1060 1875 13035 12047 3721 2035 1409 2035 62 1875 1973 1728 430 1076 1001 299 2385 1744 230 3305
internal_count=30661 8880 21781 5596 5651 16130 5421 4420 3284 14095 1060 1875 13035 12047 3721 2035 1409 2035 62 1875 1973 1728 430 1076 1001 299 2385 1744 230 3305
is_linear=0
shrinkage=0.04


Tree=73
num_leaves=31
num_cat=0
split_feature=12 30 17 42 1 17 29 32 2 37 30 7 37 17 13 27 31 7 17 12 37 30 25 28 22 30 26 40 36 13
split_gain=8261.34 2586.35 1595.41 1507.1 1419.89 1204.98 937.799 916.514 893.428 782.679 738.872 817.371 980.611 673.479 650.838 638.263 601.485 586.407 670.155 539.315 509.681 500.009 456.825 431.28 404.625 376.052 374.804 450.96 372.651 330.68
threshold=41.102814550666672 0.76577982616666074 22.721862939000008 207.05523608201673 4.5000000000000009 16.843222705416668 15.053036512325685 -15.618370052166668 40.500000000000007 65.469746000000029 -3.6594998777500023 0.98296291314453421 183.92789450000004 16.920962841583336 11.241972367649302 5.7972563379386308 18.848350203166667 -0.9159756150367534 19.04019544691667 15.296598014083335 205.81107349999999 -12.013320246999996 37.899631397972229 18.45661917884058 64.74810401452784 -9.8324575689166682 27.743557900595242 16.250000000000004 17.350000000000005 16.997658443250003
decision_type=2 2 2 2 2 2 2 2 2 2 2 2 2 2 2 2 2 2 2 2 2 2 2 2 2 2 2 2 2 2
left_child=1 3 9 10 5 -3 8 -8 -7 15 20 14 -13 26 -12 -2 23 18 21 29 -1 -11 -20 25 -19 -4 27 -5 -15 -6
right_child=2 4 16 13 19 6 7 -9 -10 17 11 12 -14 28 -16 -17 -18 24 22 -21 -22 -23 -24 -25 -26 -27 -28 -29 -30 -31
leaf_value=-0.073592068465827387 -0.14793626803742801 -0.033320048758151997 -0.093701114988327033 -0.021942139906390885 -0.033873645973949824 0.08026464769687279 -0.09825187467611754 0.10439877018488802 0.018364693078131576 -0.013916490373820286 -0.076151926070930881 -0.081069700501687908 0.024374900255667964 0.0028507605884123257 -0.017313945912476411 0.078498036499534338 0.13286791217414773 0.043271301674850833 -0.070201127008469033 0.00088742250050201572 -0.0059321128907208536 0.054015112604977475 0.042070514267453785 0.12904513773710832 0.18451284896243703 0.062755330945115276 0.0085969315111998901 -0.11093484077249702 0.043436130140648052 -0.14037218474149704
leaf_weight=790 69 481 25 2223 696 429 39 423 2862 274 311 696 177 4454 9171 28 255 1956 226 1441 230 472 78 161 33 1463 659 95 394 50
leaf_count=790 69 481 25 2223 696 429 39 423 2862 274 311 696 177 4454 9171 28 255 1956 226 1441 230 472 78 161 33 1463 659 95 394 50
internal_value=-2.46255e-11 -0.00920893 0.0468139 -0.0165584 0.0127674 0.0262861 0.0339254 0.0872919 0.0264337 0.0292781 -0.0258533 -0.0226538 -0.0596909 -0.00304661 -0.0192438 -0.0825738 0.0756965 0.0328482 0.00866482 -0.0134046 -0.0583354 0.0290644 -0.0413946 0.0668555 0.0456147 0.0601267 -0.0180218 -0.0255894 0.00614916 -0.0410116
internal_weight=30661 25621 5040 19200 6421 4234 3753 462 3291 3136 11375 10355 873 7825 9482 97 1904 3039 1050 2187 1020 746 304 1649 1989 1488 2977 2318 4848 746
internal_count=30661 25621 5040 19200 6421 4234 3753 462 3291 3136 11375 10355 873 7825 9482 97 1904 3039 1050 2187 1020 746 304 1649 1989 1488 2977 2318 4848 746
is_linear=0
shrinkage=0.04


Tree=74
num_leaves=31
num_cat=0
split_feature=22 30 22 30 12 22 37 12 30 28 6 18 17 7 17 13 30 6 25 7 38 22 30 38 33 11 30 25 12 27
split_gain=7682.83 2747.29 1598.46 1320.29 907.681 863.349 832.45 821.528 1043.93 769.436 1188.41 1672.74 686.43 649.296 845.533 760.643 508.728 547.94 1909.13 1032.87 406.605 405.087 398.802 397.305 437.709 370.998 357.371 349.973 548.542 326.018
threshold=27.155233176194447 1.135044482916663 43.674596232138917 0.079225337249999597 14.91632326691667 10.596596074777795 65.469746000000029 47.494132682500009 15.4369643515 12.845333037325672 0.37940952255126054 23.949580688916669 13.807449219083336 -0.9159756150367534 16.998447269666674 65.558564078166683 -3.1575543129166674 1.0000000180025095e-35 37.899631397972229 0.91597561503675351 27.925000000000008 18.058304917333349 5.240721159083332 14.441666666666668 1.1846633857478335 -0.68301270189221952 -4.8274720295833333 33.057894506565979 17.496751115250003 2.2406118880408123
decision_type=2 2 2 2 2 2 2 2 2 2 2 2 2 2 2 2 2 2 2 2 2 2 2 2 2 2 2 2 2 2
left_child=3 2 12 4 23 20 29 8 -3 21 -11 -12 25 14 -8 -15 27 19 -19 -18 -5 -7 -9 -1 -25 -2 -14 -6 -29 -4
right_child=1 7 6 5 16 9 13 22 -10 10 11 -13 26 15 -16 -17 17 18 -20 -21 -22 -23 -24 24 -26 -27 -28 28 -30 -31
leaf_value=-0.076502022760370256 -0.11495013762679365 0.036432360267856893 -0.20059462103247644 -0.074909131001391099 -0.055667624029143811 -0.01735495575819837 0.05825945084562173 0.081411010756008539 0.13998334267792123 -0.012194406696482753 0.16229019197550687 0.027547630519465748 -0.022674666208332379 0.049122517886902237 -0.021039803561388518 0.20123330098611336 -0.012741491396898667 -0.00181580928112393 0.24039224983365448 -0.048768157234713484 0.050747876500195639 0.0049519449158662325 0.16050489279730568 -0.039984449409100162 0.11034401155076921 -0.025792107224649145 0.0095856300129314627 0.1970088016986847 -0.020039783944307336 -0.020896919182368686
leaf_weight=591 108 1749 30 334 886 2248 370 845 171 624 198 577 643 2028 514 54 7007 1456 54 1556 47 3097 116 982 32 242 3775 20 272 35
leaf_count=591 108 1749 30 334 886 2248 370 845 171 624 198 577 643 2028 514 54 7007 1456 54 1556 47 3097 116 982 32 242 3775 20 272 35
internal_value=-2.8116e-11 0.0273874 0.0150569 -0.0146388 -0.0222934 -0.000827107 0.0377695 0.0607665 0.0456549 0.00248241 0.0288914 0.0619722 0.000618632 0.0408728 0.0121511 0.0530678 -0.0182791 -0.0153703 0.00684594 -0.019288 -0.0594081 -0.00442989 0.0909582 -0.0504339 -0.0352404 -0.0533037 0.00489044 -0.0431512 -0.00517344 -0.103834
internal_weight=30661 10680 7799 19981 12856 7125 3031 2881 1920 6744 1399 775 4768 2966 884 2082 11251 10073 1510 8563 381 5345 961 1605 1014 350 4418 1178 292 65
internal_count=30661 10680 7799 19981 12856 7125 3031 2881 1920 6744 1399 775 4768 2966 884 2082 11251 10073 1510 8563 381 5345 961 1605 1014 350 4418 1178 292 65
is_linear=0
shrinkage=0.04


Tree=75
num_leaves=31
num_cat=0
split_feature=12 0 0 26 1 6 29 0 0 37 24 12 25 0 6 38 27 40 0 24 4 35 13 27 27 0 24 17 12 7
split_gain=7117.89 1983.29 1196.78 2006.78 1893.46 3104.25 2349.8 1702.35 1466.06 1057.16 836.828 797.962 717.34 675.584 557.843 509.079 505.06 488.342 468.449 462.979 455.923 452.974 708.698 451.798 432.64 606.455 430.875 394.593 368.303 360.798
threshold=28.699276953416668 8.5000000000000018 18.500000000000004 24.611242635054243 4.5000000000000009 0.12940952255126045 15.740668918249161 1.5000000000000002 2.5000000000000004 200.69197800000003 24.843473504506949 12.463435888916669 32.21824049539584 10.500000000000002 0.91597561503675362 18.725000000000005 15.185273172327777 15.800000000000002 5.5000000000000009 48.855947724784727 6.5000000000000009 32.350000000000009 54.54882465883334 4.466099883451597 0.95385430685469175 17.500000000000004 16.877236705784725 11.241972367649302 50.563740136750006 -0.98296291314453399
decision_type=2 2 2 2 2 2 2 2 2 2 2 2 2 2 2 2 2 2 2 2 2 2 2 2 2 2 2 2 2 2
left_child=2 10 3 7 5 15 -7 26 -6 23 -2 20 17 19 16 -5 -12 -3 -13 -14 -9 22 -16 -4 -15 -26 -1 -19 -23 -10
right_child=1 12 9 4 8 6 -8 11 29 -11 14 18 13 24 21 -17 -18 27 -20 -21 -22 28 -24 -25 25 -27 -28 -29 -30 -31
leaf_value=-0.11474190931256911 0.022296894774640953 0.0037748504807576136 -0.020034176914329821 -0.053590390231046413 -0.066797651392860077 0.044655308728094138 0.16939695479250952 0.025344573916533056 0.053586995839168233 -0.085954884345079585 0.069867857296750935 0.01651645386574398 0.053400336867704179 0.07758008407462727 0.02274397387728095 0.0026948654208010592 0.13737062240235026 -0.13888288258796647 -0.014712198346380941 0.19544730094762947 -0.058936354433701911 0.0289693675248331 -0.22508760859568913 -0.065562139048126231 0.01744860688887458 -0.058556198214170754 -0.055094313171187723 -0.02709155981155003 0.067756283919036223 -0.0059289496070238368
leaf_weight=292 1277 2211 5363 288 700 1528 287 117 173 461 991 950 626 165 80 2397 216 63 4024 39 840 669 24 373 1733 186 576 255 945 2812
leaf_count=292 1277 2211 5363 288 700 1528 287 117 173 461 991 950 626 165 80 2397 216 63 4024 39 840 669 24 373 1733 186 576 255 945 2812
internal_value=-1.46732e-11 0.0288079 -0.0128936 -0.00677894 0.00656271 0.0239724 0.0643803 -0.0228403 -0.0146974 -0.0276784 0.0493127 -0.0151834 0.0124833 0.0266274 0.0611073 -0.00334244 0.0819479 -0.00289117 -0.00874774 0.0617309 -0.0486324 0.0464654 -0.0344479 -0.0229948 0.015426 0.0100818 -0.0751601 -0.0492389 0.0516792 -0.00247962
internal_weight=30661 9480 21181 14984 8185 4500 1815 6799 3685 6197 4202 5931 5278 2749 2925 2685 1207 2529 4974 665 957 1718 104 5736 2084 1919 868 318 1614 2985
internal_count=30661 9480 21181 14984 8185 4500 1815 6799 3685 6197 4202 5931 5278 2749 2925 2685 1207 2529 4974 665 957 1718 104 5736 2084 1919 868 318 1614 2985
is_linear=0
shrinkage=0.04


Tree=76
num_leaves=31
num_cat=0
split_feature=12 30 30 22 30 22 0 11 12 0 1 12 30 30 30 37 30 7 17 13 35 7 6 27 12 25 12 11 30 30
split_gain=6559.85 2150.37 1342.83 1100.88 1232.82 999.775 761.954 750.777 726.007 648.188 903.47 666.802 611.338 605.172 562.147 477.76 454.185 442.455 1124.95 543.902 385.155 372.294 350.868 472.478 337.82 328.9 319.047 223.088 264.009 168.26
threshold=28.699276953416668 0.57184409124999924 21.454257568250004 10.193383117055573 -0.5653480060833348 47.826492589111126 22.500000000000004 -0.24999999999999994 46.250810433000005 5.5000000000000009 5.5000000000000009 17.496751115250003 15.4369643515 -3.6594998777500023 -10.909029862333329 65.469746000000029 4.0034515787500009 -0.9159756150367534 15.753881545250001 65.558564078166683 61.500000000000007 0.60355339059327384 -0.98296291314453399 2.1678996853231083 18.420652689833336 29.82924107106945 62.611773307833339 -0.68301270189221952 1.135044482916663 5.8014905714166689
decision_type=2 2 2 2 2 2 2 2 2 2 2 2 2 2 2 2 2 2 2 2 2 2 2 2 2 2 2 2 2 2
left_child=2 5 3 27 6 14 13 -8 12 10 -6 -11 21 -5 20 -7 26 18 -17 -19 -2 -3 23 -16 -4 -24 -10 28 -1 -23
right_child=1 8 24 4 9 15 7 -9 16 11 -12 -13 -14 -15 22 17 -18 19 -20 -21 -22 29 25 -25 -26 -27 -28 -29 -30 -31
leaf_value=-0.048038333183716218 -0.026022500176926724 0.024589375724884243 0.046976455119374684 -0.047837043520072509 0.020229263279251418 -0.11566666141152382 -0.11139662657985061 -0.018408330911553878 0.059051128254653466 -0.027447896826620247 -0.037683221025641749 -0.0022994175095083533 0.14161903603825457 -0.015875334113031526 0.050129930099591297 0.11339353301695415 0.12389034249977425 0.047735393752306295 -0.018885978521565837 0.18344779696999766 -0.14137612429429899 0.14124747223168049 -0.0019481462291435531 -0.10492456647910571 0.14765812591427849 0.02171731930455496 0.13795340451631652 -0.077515856940040054 0.11572970564876284 0.060553201238842717
leaf_weight=63 367 1442 146 1096 2844 32 301 258 1042 2347 508 5998 86 7012 47 133 260 1323 454 49 53 53 1794 95 84 1973 89 503 21 188
leaf_count=63 367 1442 146 1096 2844 32 301 258 1042 2347 508 5998 86 7012 47 133 260 1323 454 49 53 53 1794 95 84 1973 89 503 21 188
internal_value=1.94919e-12 0.0276556 -0.0123778 -0.0134331 -0.0118764 0.0141847 -0.0233099 -0.068479 0.0545974 -0.00340456 0.0114526 -0.00937233 0.0375959 -0.0201958 0.00339533 0.0376437 0.076219 0.040148 0.0110854 0.0525823 -0.040579 0.0322805 0.00812013 -0.0536037 0.0837472 0.0104469 0.0652601 -0.0674388 -0.00709632 0.0782992
internal_weight=30661 9480 21181 20951 20364 6320 8667 559 3160 11697 3352 8345 1769 8108 4329 1991 1391 1959 587 1372 420 1683 3909 142 230 3767 1131 587 84 241
internal_count=30661 9480 21181 20951 20364 6320 8667 559 3160 11697 3352 8345 1769 8108 4329 1991 1391 1959 587 1372 420 1683 3909 142 230 3767 1131 587 84 241
is_linear=0
shrinkage=0.04


Tree=77
num_leaves=31
num_cat=0
split_feature=22 0 16 26 0 5 6 29 0 0 37 22 12 29 31 38 27 27 33 21 7 25 22 26 30 12 23 30 30 21
split_gain=6053.79 2380.7 1064.54 1023.33 1569.54 1748.58 2235.27 2480.2 1774.69 1169.19 938.942 829.286 649.539 520.704 498.448 496.168 428.726 402.492 392.289 379.581 379.39 373.754 353.845 343.179 300.479 301.622 296.955 323.456 295.305 289.167
threshold=26.625988609444516 8.5000000000000018 15.930548489833336 21.350213114616075 18.500000000000004 1.0000000180025095e-35 0.12940952255126045 15.740668918249161 2.5000000000000004 1.5000000000000002 200.69197800000003 56.743364881861162 8.9031817996666689 14.759846676291508 -3.9178444413333309 18.725000000000005 5.0406797800700565 0.19331082208901171 0.87084898082676454 15.082617220000003 -0.98296291314453399 23.960198711954863 18.866985231083351 23.583056541033141 -6.1604992920833359 44.286017366833342 50.427162737305558 0.063142322166664946 8.2511296545000068 16.652124600916668
decision_type=2 2 2 2 2 2 2 2 2 2 2 2 2 2 2 2 2 2 2 2 2 2 2 2 2 2 2 2 2 2
left_child=3 2 24 9 5 6 15 -8 21 -1 16 14 -11 26 19 -5 29 -16 -15 -3 -10 -7 -12 -19 -2 -26 27 -4 -20 -6
right_child=1 11 13 4 10 8 7 -9 20 12 22 -13 -14 18 17 -17 -18 23 28 -21 -22 -23 -24 -25 25 -27 -28 -29 -30 -31
leaf_value=-0.090620810747934336 -0.086511890888214107 -0.17019180977234133 0.022114486341571968 -0.042133383962773642 -0.043137400905356275 -0.10310330862149644 0.031565363670368385 0.16481632734656335 0.046686791639168598 -0.085975705330530477 -0.13231609274132722 0.059879466300402882 -0.01929322424561793 0.0097442147166778657 0.060902610165917359 0.000961860192011829 -0.067021156905384946 -0.018535501143809731 0.081485998539567714 -0.018030317732285663 -0.0080392812978516554 -0.048649234498343463 -0.057082009509729498 0.011136045176166429 0.0037617686143775865 0.039429096682935726 0.11343059851488936 0.056595427083152981 0.1393832193459234 -0.013333103929072606
leaf_weight=454 42 27 638 524 611 313 2108 250 215 248 147 462 4060 96 230 2320 303 731 582 921 3538 567 313 4248 744 774 109 1370 186 3530
leaf_count=454 42 27 638 524 611 313 2108 250 215 248 147 462 4060 96 230 2320 303 731 582 921 3538 567 313 4248 744 774 109 1370 186 3530
internal_value=6.53275e-12 0.0234951 0.0458 -0.0134457 -0.00823737 0.00097984 0.0168969 0.0456929 -0.016892 -0.0295662 -0.0267225 0.00819267 -0.023132 0.0598102 0.00431427 -0.00697833 -0.0210914 0.00916953 0.0859787 -0.022364 -0.00490416 -0.0680176 -0.0811242 0.00677977 0.0190278 0.0219479 0.0491302 0.0456398 0.095508 -0.0177307
internal_weight=30661 11160 4541 19501 14739 9835 5202 2358 4633 4762 4904 6619 4308 2981 6157 2844 4444 5209 864 948 3753 880 460 4979 1560 1518 2117 2008 768 4141
internal_count=30661 11160 4541 19501 14739 9835 5202 2358 4633 4762 4904 6619 4308 2981 6157 2844 4444 5209 864 948 3753 880 460 4979 1560 1518 2117 2008 768 4141
is_linear=0
shrinkage=0.04


Tree=78
num_leaves=31
num_cat=0
split_feature=12 30 12 17 35 21 30 38 33 30 2 20 31 7 35 29 24 27 6 17 0 27 30 17 32 17 17 28 37 29
split_gain=5634.24 1783.66 1481.61 1115.09 924.095 1045.93 867.959 853.7 790.893 778.91 729.259 724.055 518.833 496.7 693.561 486.071 481.767 453.582 444.263 435.966 430.684 428.419 428.06 381.479 325.825 313.729 295.761 287.887 285.8 258.902
threshold=42.632460237333341 9.9654447824166699 24.398481469749999 22.975336222583341 85.850000000000009 15.280320524000002 -3.1575543129166674 26.058333333333334 0.38517093345905734 -0.73735129400000143 192.50000000000003 19.853156038250003 18.848350203166667 -0.9159756150367534 24.750000000000004 12.263157061810016 25.623095209076393 5.7972563379386308 0.60355339059327384 19.341965205500003 17.500000000000004 12.598683670505325 -12.013320246999996 16.673444925916673 -3.2833068350000043 11.898896533583335 17.078550716500001 19.090423901674722 78.059530000000024 13.393048260078617
decision_type=2 2 2 2 2 2 2 2 2 2 2 2 2 2 2 2 2 2 2 2 2 2 2 2 2 2 2 2 2 2
left_child=1 2 4 10 8 15 20 16 -1 -10 13 -7 27 19 17 -6 26 -15 -9 -2 25 -16 -12 28 -24 -4 -3 -5 -8 -21
right_child=3 7 6 12 5 11 23 18 9 -11 22 -13 -14 14 21 -17 -18 -19 -20 29 -22 -23 24 -25 -26 -27 -28 -29 -30 -31
leaf_value=-0.065400741651591127 -0.0080056487589632644 -0.069265209593410995 -0.070399928146174975 0.053490522951594482 0.05958428630732919 0.12294302508648899 -0.04282142349007028 -0.063223083761027629 -0.02860148193185312 -0.0098299982630831433 -0.01875617436610344 0.0010448184902550745 0.12403580107810823 -0.13360572828186881 0.053049288480799268 -0.062214137850309249 0.15893185374348665 0.067188677688439682 0.030294515400534811 -0.06684581731852049 -0.073238315663042189 -0.0058706066748213841 0.014353972393497385 0.014157904917243573 0.058579267366281801 -0.0065849343596060626 0.063914085612648788 0.12857173194145335 0.0025298990233925205 -0.20682812304589257
leaf_weight=546 245 28 140 1344 73 216 333 136 5450 10075 164 122 220 72 508 186 86 24 202 78 238 323 339 5884 1247 1031 566 87 669 29
leaf_count=546 245 28 140 1344 73 216 333 136 5450 10075 164 122 220 72 508 186 86 24 202 78 238 323 339 5884 1247 1031 566 87 669 29
internal_value=-2.51997e-11 -0.00727746 -0.00939394 0.0404008 -0.0162685 0.032598 0.00441981 0.044622 -0.0180838 -0.0164197 0.0259857 0.0789443 0.0668473 0.00302766 0.0183881 -0.0278849 0.0704472 -0.0834071 -0.00733387 -0.0374244 -0.0241844 0.0301478 0.0427648 0.0102727 0.0491263 -0.0142144 0.0576363 0.0580552 -0.0125419 -0.104785
internal_weight=30661 25981 24963 4680 16668 597 8295 1018 16071 15525 3029 338 1651 1279 927 259 680 96 338 352 1409 831 1750 6886 1586 1171 594 1431 1002 107
internal_count=30661 25981 24963 4680 16668 597 8295 1018 16071 15525 3029 338 1651 1279 927 259 680 96 338 352 1409 831 1750 6886 1586 1171 594 1431 1002 107
is_linear=0
shrinkage=0.04


Tree=79
num_leaves=31
num_cat=0
split_feature=22 30 17 12 0 42 24 20 10 12 8 26 31 33 30 25 0 10 9 42 33 26 27 14 17 32 21 26 28 34
split_gain=5195.13 1641.53 1171.33 1025.82 1512.58 957.293 763.235 904.353 1662.8 680.326 656.604 610.841 562.679 541.044 530.383 503.652 455.521 424.442 419.958 417.488 402.654 480.949 580.325 383.902 368.613 357.317 357.066 327.83 325.153 319.758
threshold=37.678356521111134 0.76577982616666074 21.473198783250005 13.346342045166667 3.5000000000000004 207.05523608201673 17.556846283020835 11.578169857000001 -0.6830127018922193 21.621331535166672 -1.0000000180025095e-35 33.499734351743903 22.205856779000005 0.50685613346921965 -1.4107220545833348 35.611093912739584 1.0000000180025095e-35 -0.24999999999999994 0.81174490092936691 732.78049202940292 1.0082939152788546 20.846800361855717 2.0421877367332999 18.803288183833338 16.673444925916673 -2.4738997722499998 34.234644751083337 29.213482185656254 7.8727370307457676 35.350000000000009
decision_type=2 2 2 2 2 2 2 2 2 2 2 2 2 2 2 2 2 2 2 2 2 2 2 2 2 2 2 2 2 2
left_child=1 5 17 20 10 6 16 8 -8 -6 23 -12 15 -7 -9 19 -1 25 -18 -4 -3 -22 -23 -5 28 -2 -27 -21 -15 -26
right_child=2 3 12 4 9 13 7 14 -10 -11 11 -13 -14 24 -16 -17 18 -19 -20 27 21 22 -24 -25 29 26 -28 -29 -30 -31
leaf_value=-0.099125662883656609 0.00016846632719578512 -0.045548527397892696 0.031876942189560407 0.040399455642788719 -0.017550805493523575 -0.045989038663302562 0.20488050033259822 -0.03318820544751952 -0.01332214969117739 0.017318608702937235 0.05507983092650226 0.14057055467253279 0.10046692095351992 -0.0034589093268816164 -0.012170641042265734 0.063667027348219454 -0.042389385641975579 -0.0016166408858781151 0.038745719061122029 0.030599009096622467 -0.051555559435142922 0.22747949206829071 0.021599288764646497 -0.031330570810034798 0.0036810238657894634 0.0071004147408652339 0.052880781679733202 -0.18480877436124363 -0.036092831659005009 0.04278749183967203
leaf_weight=214 498 660 1086 303 1524 434 83 2757 171 2170 902 157 351 1775 6336 1256 1606 1184 109 20 130 25 177 197 4133 381 958 26 674 364
leaf_count=214 498 660 1086 303 1524 434 83 2757 171 2170 902 157 351 1775 6336 1256 1606 1184 109 20 130 25 177 197 4133 381 958 26 674 364
internal_value=-1.28629e-11 -0.00791895 0.0342343 0.00983191 0.0168769 -0.013861 -0.0211913 -0.0164637 0.0579803 0.00293285 0.0499169 0.0677541 0.0531782 -0.00266085 -0.0185432 0.0462274 -0.044099 0.0170589 -0.0372327 0.0268775 -0.027474 0.00845735 0.0470795 0.0121378 4.63844e-05 0.0290958 0.0398544 -0.0911532 -0.0124402 0.00684641
internal_weight=30661 24901 5760 6245 5253 18656 11276 9347 254 3694 1559 1059 2739 7380 9093 2388 1929 3021 1715 1132 992 332 202 500 6946 1837 1339 46 2449 4497
internal_count=30661 24901 5760 6245 5253 18656 11276 9347 254 3694 1559 1059 2739 7380 9093 2388 1929 3021 1715 1132 992 332 202 500 6946 1837 1339 46 2449 4497
is_linear=0
shrinkage=0.04


Tree=80
num_leaves=31
num_cat=0
split_feature=12 30 30 22 22 30 0 11 35 0 0 12 12 30 30 22 14 7 17 0 12 0 6 27 40 37 7 23 38 12
split_gain=4817.67 1717.62 1010.92 903.847 899.7 970.899 661.557 662.689 548.283 516.266 770.05 548.743 499.128 482.01 451.378 439.828 323.895 318.445 490.595 293.682 292.311 291.137 290.174 441.18 251.227 248.351 239.187 208.078 186.513 185.203
threshold=28.699276953416668 1.2652249554999966 21.454257568250004 49.190807557305583 10.193383117055573 -0.5653480060833348 22.500000000000004 -0.24999999999999994 76.250000000000014 5.5000000000000009 1.0000000180025095e-35 17.496751115250003 47.494132682500009 -7.4043781490833327 13.89867375425 63.038278933416699 44.796684602583341 -0.60355339059327384 15.753881545250001 4.5000000000000009 18.420652689833336 7.5000000000000009 -0.98296291314453399 2.1678996853231083 8.6400000000000006 65.469746000000029 0.60355339059327384 26.212475943777779 21.083333333333339 59.666266569166673
decision_type=2 2 2 2 2 2 2 2 2 2 2 2 2 2 2 2 2 2 2 2 2 2 2 2 2 2 2 2 2 2
left_child=2 3 4 13 24 6 8 -8 -6 10 -7 -11 14 16 26 17 -2 18 -5 -14 -4 -19 23 -15 -1 -24 -3 -16 -17 -21
right_child=1 12 20 15 5 9 7 -9 -10 11 -12 -13 19 22 27 28 -18 21 -20 29 -22 -23 25 -25 -26 -27 -28 -29 -30 -31
leaf_value=-0.066524547071350235 -0.062381667754186791 0.02490241139497611 0.038591468728670524 0.07740000613479435 -0.020585540699039114 -0.054908232798404767 -0.10267201265524392 -0.015308961823849774 0.016189794378678849 -0.02432115461942087 0.016267329306058058 -0.0015073435203152255 0.13486442040495511 0.046829144190996888 0.052234383046627045 0.19799603164196014 -0.0067343654673051277 0.031854917993390464 0.0012710129581019747 0.05886516264939809 0.13224641330894971 0.08099909486905324 -0.031924036036446765 -0.10620900380758591 0.050477576294252952 0.013886760461637558 0.070688379739790599 0.15159454298483863 0.078788061945122626 0.11181977614287346
leaf_weight=556 247 1179 146 163 7397 264 301 258 711 2347 3088 5998 119 48 60 24 519 615 801 655 84 281 199 81 31 3902 216 77 168 126
leaf_count=556 247 1179 146 163 7397 264 301 258 711 2347 3088 5998 119 48 60 24 519 615 801 655 84 281 199 81 31 3902 216 77 168 126
internal_value=-2.02689e-11 0.0237003 -0.0106076 0.0136988 -0.0115232 -0.0101159 -0.0202624 -0.0623506 -0.0173607 -0.00259768 0.0106616 -0.00792364 0.0526852 0.00451856 0.038796 0.0360498 -0.0246781 0.0300999 0.0141434 0.0763276 0.0727959 0.0472673 0.0098057 -0.0492646 -0.0603456 0.0116638 0.0319919 0.108079 0.0936891 0.0674084
internal_weight=30661 9480 21181 7048 20951 20364 8667 559 8108 11697 3352 8345 2432 4996 1532 2052 766 1860 964 900 230 896 4230 129 587 4101 1395 137 192 781
internal_count=30661 9480 21181 7048 20951 20364 8667 559 8108 11697 3352 8345 2432 4996 1532 2052 766 1860 964 900 230 896 4230 129 587 4101 1395 137 192 781
is_linear=0
shrinkage=0.04


Tree=81
num_leaves=31
num_cat=0
split_feature=22 30 22 6 30 32 35 1 30 13 37 29 22 6 7 17 17 1 22 17 37 6 40 4 37 22 30 14 43 38
split_gain=4455.89 1633.41 1019.53 890.458 791.668 721.863 794.74 1014.85 687.241 655.235 603.087 582.359 527.84 499.318 385.565 720.378 374.933 369.934 358.54 338.654 310.83 298.851 273.663 260.251 242.478 216.116 205.142 201.612 194.685 188.06
threshold=43.123731581138919 4.564715816000005 24.249080829750056 0.37940952255126054 2.4935184164999975 -21.500883821666665 85.850000000000009 5.5000000000000009 -5.4686147665833333 26.54609790866667 65.469746000000029 13.220157592444302 63.038278933416699 0.60355339059327384 -0.9159756150367534 16.998447269666674 16.348841984 3.5000000000000004 18.703871618500028 17.078550716500001 67.656555000000012 -0.91597561503675329 5.6400000000000015 22.500000000000004 74.835481000000016 19.217820380361154 -15.67356818033333 16.841788871833334 614.9586928308056 21.083333333333339
decision_type=2 2 2 2 2 2 2 2 2 2 2 2 2 2 2 2 2 2 2 2 2 2 2 2 2 2 2 2 2 2
left_child=1 2 5 27 10 25 9 -8 23 -7 -2 13 14 22 15 -12 20 18 -13 -15 -10 -18 -5 28 -16 -1 -25 -3 -4 -14
right_child=4 3 8 11 -6 6 7 -9 16 -11 12 17 29 19 24 -17 21 -19 -20 -21 -22 -23 -24 26 -26 -27 -28 -29 -30 -31
leaf_value=-0.082510583437979221 -0.079275999000439287 -0.081988746446947897 -0.074281951011495387 0.0027028750578562415 0.08029063883605414 -0.014540408309996936 0.067393255032906219 -0.061370269055869286 -0.070473631326552044 -0.091965449886806938 0.046593973474981183 0.17702617404677651 0.1883285785954574 -0.062804993578853704 0.11123663273410522 -0.025536618911934022 -0.0071749315318855936 0.021717078311104827 0.069284731323578111 0.035153055626557163 -0.0074523179103040474 0.013995521846923762 -0.087905598046878974 -0.12254445427342466 0.035207344411195142 -0.018266650552869634 -0.041915900229067625 -0.0087866894924678862 0.016146571915782063 0.078931293674404657
leaf_weight=324 78 124 47 120 600 14641 388 131 143 177 401 55 29 60 69 495 1353 254 487 959 1007 5045 96 57 2459 113 442 117 201 189
leaf_count=324 78 124 47 120 600 14641 388 131 143 177 401 55 29 60 69 495 1353 254 487 959 1007 5045 96 57 2459 113 442 117 201 189
internal_value=-6.17265e-12 -0.00617532 -0.00923564 0.0262449 0.0376537 -0.0152056 -0.0137612 0.0348922 0.00211692 -0.0154652 0.0307768 0.0348711 0.0331338 0.0176752 0.0292914 0.00674504 0.00573894 0.0615506 0.0802179 0.0293852 -0.0152889 0.00951856 -0.0375676 -0.0344815 0.0372825 -0.0658983 -0.051126 -0.0464508 -0.000991092 0.0934841
internal_weight=30661 26341 24069 2272 4320 15774 15337 519 8295 14818 3720 2031 3642 1235 3424 896 7548 796 542 1019 1150 6398 216 747 2528 437 499 241 248 218
internal_count=30661 26341 24069 2272 4320 15774 15337 519 8295 14818 3720 2031 3642 1235 3424 896 7548 796 542 1019 1150 6398 216 747 2528 437 499 241 248 218
is_linear=0
shrinkage=0.04


Tree=82
num_leaves=31
num_cat=0
split_feature=12 30 26 0 8 6 29 0 0 37 22 37 30 12 12 38 19 30 22 7 8 22 27 37 30 17 37 33 7 30
split_gain=4140.79 1592.79 902.822 1302.06 1432.66 2120.24 2275.63 1607.15 1012.89 815.346 794.93 588.756 549.834 520.546 493.451 460.21 415.499 408.941 391.12 353.402 325.184 324.353 296.771 285.995 274.879 249.512 247.927 247.861 231.514 217.115
threshold=27.358913689773839 1.135044482916663 21.350213114616075 18.500000000000004 -0.60785761079279388 0.12940952255126045 15.583605055094658 2.5000000000000004 1.5000000000000002 200.69197800000003 43.674596232138917 65.469746000000029 -5.8017321689999983 8.9031817996666689 47.494132682500009 18.725000000000005 17.895624483166671 13.89867375425 63.038278933416699 -0.98296291314453399 -0.8783796973249266 18.866985231083351 2.5553579227109897 73.844906000000023 5.240721159083332 15.09917234266667 156.58735600000003 0.53921552822368501 0.60355339059327384 -1.6842413159166687
decision_type=2 2 2 2 2 2 2 2 2 2 2 2 2 2 2 2 2 2 2 2 2 2 2 2 2 2 2 2 2 2
left_child=2 10 8 4 7 15 -7 20 -1 16 12 22 27 26 17 -6 29 28 23 -9 -4 -11 -12 -13 -16 -14 -10 -2 -3 -5
right_child=1 14 3 9 5 6 -8 19 13 21 11 18 25 -15 24 -17 -18 -19 -20 -21 -22 -23 -24 -25 -26 -27 -28 -29 -30 -31
leaf_value=-0.08251911910537979 -0.17106863325834276 0.022000097922177081 -0.038347081551116637 -0.088602259911298747 -0.038452895330380515 0.029225444235315857 0.14623858753296703 0.046105845597748822 -0.088199530637736889 -0.12239831574717347 -0.17873052582144738 0.094585548970610542 -0.02320915970877914 -0.016368311744538407 0.06190731964781316 0.0012958704500944046 -0.010649087830581752 0.097352503332495691 0.085917277407622145 -0.0058935083955868493 -0.086868412783411411 -0.0503677494201464 -0.0077700313474192767 0.023604131323803419 0.12757244306391685 0.009868490415674917 0.055457043080102832 -0.02814215459824284 0.064890357781106897 -0.032574998012174179
leaf_weight=454 20 1372 440 125 565 2173 303 222 227 147 32 94 406 4128 845 2661 3429 150 186 3604 444 313 33 2686 116 3602 21 662 236 965
leaf_count=454 20 1372 440 125 565 2173 303 222 227 147 32 94 406 4128 845 2661 3429 150 186 3604 444 313 33 2686 116 3602 21 662 236 965
internal_value=-2.23838e-11 0.0204578 -0.0105623 -0.00582749 0.00221788 0.0157032 0.0435449 -0.0141076 -0.0256498 -0.0226518 0.0111862 0.0271516 0.00086821 -0.0197498 0.046786 -0.00566571 -0.0174875 0.0341872 0.0297614 -0.0028763 -0.0627175 -0.0733862 -0.0919352 0.0260042 0.0698336 0.00651781 -0.0760351 -0.0323335 0.0282949 -0.0390001
internal_weight=30661 10440 20221 15391 10412 5702 2476 4710 4830 4979 7721 3031 4690 4376 2719 3226 4519 1758 2966 3826 884 460 65 2780 961 4008 248 682 1608 1090
internal_count=30661 10440 20221 15391 10412 5702 2476 4710 4830 4979 7721 3031 4690 4376 2719 3226 4519 1758 2966 3826 884 460 65 2780 961 4008 248 682 1608 1090
is_linear=0
shrinkage=0.04


Tree=83
num_leaves=31
num_cat=0
split_feature=12 22 30 30 33 6 28 1 7 38 40 37 1 30 22 30 27 17 37 19 37 17 35 12 6 14 7 24 30 12
split_gain=3818.92 1286.53 1062.25 873.674 726.163 895.727 2343.79 1676.76 971.771 701.777 679.498 636.914 631.079 563.966 488.999 420.964 355.798 338.33 307.361 290.759 280.687 256.899 231.508 223.158 216.225 214.973 210.177 197.829 186.616 174.006
threshold=42.632460237333341 24.425325147666733 12.319245682500002 2.4935184164999975 0.41048410878837244 1.0000000180025095e-35 17.951998192779929 4.5000000000000009 0.91597561503675351 30.541666666666668 18.100000000000001 65.469746000000029 4.5000000000000009 -2.5735644850000017 63.038278933416699 -15.67356818033333 5.7972563379386308 16.348841984 73.844906000000023 21.696595125250003 67.656555000000012 8.9031817996666689 41.95000000000001 10.883099809083339 -0.91597561503675329 13.677909053500002 -0.70710678118654757 25.623095209076393 8.2511296545000068 55.653911214166676
decision_type=2 2 2 2 2 2 2 2 2 2 2 2 2 2 2 2 2 2 2 2 2 2 2 2 2 2 2 2 2 2
left_child=1 4 13 11 23 8 7 -7 10 -10 -6 16 -8 19 15 -13 26 20 -17 22 -15 -21 -3 25 -19 -1 -2 -4 29 -5
right_child=3 2 27 28 5 6 12 -9 9 -11 -12 14 -14 17 -16 18 -18 24 -20 21 -22 -23 -24 -25 -26 -27 -28 -29 -30 -31
leaf_value=-0.066251706487578221 -0.20574535655564277 -0.014626183958475789 0.055312080448059416 0.054623693519480848 -0.011542526310362962 0.018737030442416227 0.24326501099765302 -0.02389615016179664 -0.032471875567970321 -0.1029228674064553 0.2219002523422241 -0.033353183046771741 0.028139188665896656 -0.076248462442131265 0.086449062499738896 0.1009058930112256 0.067731931835412984 -0.0034407835226723331 0.026003649313934493 -0.1393477209625037 -0.0061984636873492725 -0.0044640605773913732 -0.071160484073551133 -0.032474353287565573 0.016076603390944813 -0.17438183886535238 -0.063553053660270489 0.12188275358329216 0.12606994302547042 0.10525099281851442
leaf_weight=271 29 225 279 497 8012 3071 80 2842 2212 252 20 189 30 105 218 90 20 1127 3365 23 713 1275 239 398 4678 33 39 96 94 139
leaf_count=271 29 225 279 497 8012 3071 80 2842 2212 252 20 189 30 105 218 90 20 1127 3365 23 713 1275 239 398 4678 33 39 96 94 139
internal_value=-1.1436e-11 -0.00599145 0.00648869 0.0332615 -0.0123399 -0.0106466 0.00164933 -0.00175401 -0.0177025 -0.0396771 -0.0109612 0.0258317 0.184594 0.003543 0.0282563 0.024775 -0.0805744 0.0088937 0.0279548 -0.0165692 -0.0151902 -0.00685414 -0.0437462 -0.0521846 0.0122874 -0.0779895 -0.124194 0.0723542 0.0734636 0.0656885
internal_weight=30661 25981 8760 4680 17221 16519 6023 5913 10496 2464 8032 3950 110 8385 3862 3644 88 6623 3455 1762 818 1298 464 702 5805 304 68 375 730 636
internal_count=30661 25981 8760 4680 17221 16519 6023 5913 10496 2464 8032 3950 110 8385 3862 3644 88 6623 3455 1762 818 1298 464 702 5805 304 68 375 730 636
is_linear=0
shrinkage=0.04


Tree=84
num_leaves=31
num_cat=0
split_feature=12 30 26 0 1 6 29 0 0 37 22 12 17 37 12 38 20 30 7 17 13 35 34 22 1 0 37 6 27 30
split_gain=3538.37 1379.27 840.702 1203.04 1268.32 1848.2 1895.88 1369.53 1168.26 711.848 685.769 495.593 433.861 448.955 431.348 387.965 373.332 358.995 323.444 1043.47 512.789 410.107 341.657 298.233 287.681 285.51 267.905 255.38 438.138 240.501
threshold=27.358913689773839 1.135044482916663 22.500140006167154 18.500000000000004 4.5000000000000009 0.12940952255126045 15.740668918249161 2.5000000000000004 1.5000000000000002 200.69197800000003 49.190807557305583 9.3273076578333356 13.346342045166667 169.32649700000005 47.494132682500009 18.725000000000005 17.150034769500003 15.4369643515 -0.9159756150367534 15.753881545250001 65.558564078166683 56.95000000000001 29.100000000000005 18.866985231083351 5.5000000000000009 10.500000000000002 65.469746000000029 -0.91597561503675329 2.6876365835441596 5.240721159083332
decision_type=2 2 2 2 2 2 2 2 2 2 2 2 2 2 2 2 2 2 2 2 2 2 2 2 2 2 2 2 2 2
left_child=2 10 8 4 5 15 -7 24 -1 16 12 -10 13 -2 17 -4 -5 -3 19 22 26 -21 -12 -11 -6 -9 -20 28 -14 -16
right_child=1 14 3 9 7 6 -8 25 11 23 18 -13 27 -15 29 -17 -18 -19 20 21 -22 -23 -24 -25 -26 -27 -28 -29 -30 -31
leaf_value=-0.077905127389074069 -0.017249988557355437 0.027335692292813643 -0.036182728160247958 -0.041608360054172747 -0.034516724626640065 0.030257379273802912 0.14067468978915559 -0.013406711397763529 -0.065688907431486337 -0.11543597646209658 0.20474111129597919 -0.01369472671131018 0.019601832152727771 -0.13058905695857745 0.057545659683743963 0.0026304726265145022 -0.010590544337908805 0.10768327016145625 -0.080954449522879821 -0.060780510242638357 0.16205476886821241 0.020852663226863917 0.057718905050759065 -0.046366553405811563 -0.080921788317164497 0.0089515401097263001 0.037925462184702559 0.0091678338737027458 -0.048464773816651936 0.11896743542273881
leaf_weight=554 278 1664 495 754 429 1959 285 1706 312 147 41 4898 272 70 845 2459 3516 94 31 234 53 170 66 313 426 1968 1405 4760 341 116
leaf_count=554 278 1664 495 754 429 1959 285 1706 312 147 41 4898 272 70 845 2459 3516 94 31 234 53 170 66 313 426 1968 1405 4760 341 116
internal_value=-8.526e-12 0.0189112 -0.00976377 -0.00461383 0.00343259 0.016915 0.044281 -0.0120414 -0.0226806 -0.0211609 0.0102834 -0.0168084 0.00323499 -0.0400481 0.0434112 -0.00387343 -0.0160677 0.0316319 0.0304454 0.00298659 0.0398688 -0.0264299 0.114055 -0.0684387 -0.0576378 -0.00143038 0.0353591 0.00603836 -0.0182623 0.0649597
internal_weight=30661 10440 20221 14457 9727 5198 2244 4529 5764 4730 7721 5210 5721 348 2719 2954 4270 1758 2000 511 1489 404 107 460 855 3674 1436 5373 613 961
internal_count=30661 10440 20221 14457 9727 5198 2244 4529 5764 4730 7721 5210 5721 348 2719 2954 4270 1758 2000 511 1489 404 107 460 855 3674 1436 5373 613 961
is_linear=0
shrinkage=0.04


Tree=85
num_leaves=31
num_cat=0
split_feature=22 26 0 1 35 38 0 0 0 17 37 27 31 12 0 25 10 7 25 32 26 21 18 24 18 37 38 21 37 27
split_gain=3261.65 1010.64 1491.99 1605.35 1371.11 1629.47 1307.08 938.809 885.925 854.569 775.132 534.435 463.209 443.201 423.88 400.466 352.131 345.456 324.058 305.628 302.597 284.816 282.869 267.021 264.687 224.821 218.465 378.364 253.059 552.236
threshold=37.678356521111134 21.350213114616075 16.500000000000004 4.5000000000000009 64.450000000000017 25.025000000000002 2.5000000000000004 1.0000000180025095e-35 1.5000000000000002 21.473198783250005 200.69197800000003 4.2954622490593382 22.205856779000005 8.9031817996666689 11.500000000000002 35.611093912739584 -0.24999999999999994 -0.9159756150367534 23.960198711954863 -2.4738997722499998 29.213482185656254 34.234644751083337 18.503819209833335 48.855947724784727 18.156215894000002 156.58735600000003 31.575000000000006 41.290704700145838 65.469746000000029 5.6800794974328399
decision_type=2 2 2 2 2 2 2 2 2 2 2 2 2 2 2 2 2 2 2 2 2 2 2 2 2 2 2 2 2 2
left_child=1 8 3 4 7 -6 18 -3 -1 16 11 24 15 25 -8 17 19 20 -5 -2 -11 -21 -12 -14 -4 -10 28 -28 29 -18
right_child=9 2 10 6 5 -7 14 -9 13 12 22 -13 23 -15 -16 -17 26 -19 -20 21 -22 -23 -24 -25 -26 -27 27 -29 -30 -31
leaf_value=-0.075067764737790352 -0.00333422726035178 -0.051965671732086868 -0.02612528938017385 -0.088072285165075967 0.094231852346468831 0.019461394989680591 -0.011991138847903213 0.012123894622153636 -0.080421705249253878 0.029352085769176483 -0.10803373976374965 -0.042763194442340911 0.076551083044543222 -0.01394241254052484 0.015245624324286298 0.052550992251545851 -0.12515507969347869 0.024293604186885264 -0.03763064723879686 0.0041160380260241549 -0.17759992865415719 0.045003235749307334 -0.043183921475398651 0.21219710159301758 -0.0046923390677500237 0.056376891817365382 -0.00063370523285375888 -0.1071859673588049 0.01162136785704119 0.049960178923606872
leaf_weight=456 498 394 1139 313 722 1317 2410 5091 227 20 166 845 326 4600 1473 1256 68 1086 584 381 26 958 306 25 4837 21 146 84 836 50
leaf_count=456 498 394 1139 313 722 1317 2410 5091 227 20 166 845 326 4600 1473 1256 68 1086 584 381 26 958 306 25 4837 21 146 84 836 50
internal_value=-2.32649e-11 -0.00627463 -0.0020823 0.00641495 0.0179312 0.0459373 -0.0117123 0.0075202 -0.0217643 0.0271258 -0.016418 -0.0129876 0.0433067 -0.0167506 -0.00165899 0.0370001 0.0124554 0.0197458 -0.0552318 0.0234191 -0.0876208 0.0333692 -0.0659913 0.0862125 -0.00877737 -0.068838 -0.00455508 -0.0395484 0.00388147 -0.0509537
internal_weight=30661 24901 19597 12304 7524 2039 4780 5485 5304 5760 7293 6821 2739 4848 3883 2388 3021 1132 897 1837 46 1339 472 351 5976 248 1184 230 954 118
internal_count=30661 24901 19597 12304 7524 2039 4780 5485 5304 5760 7293 6821 2739 4848 3883 2388 3021 1132 897 1837 46 1339 472 351 5976 248 1184 230 954 118
is_linear=0
shrinkage=0.04


Tree=86
num_leaves=31
num_cat=0
split_feature=12 30 12 0 21 25 30 2 34 37 15 32 12 29 25 27 1 30 20 30 27 12 37 34 34 16 30 27 37 40
split_gain=3025.98 1108.23 732.358 1189.95 698.306 937.291 692.103 469.901 730.472 436.454 432.113 430.623 418.408 399.708 397.41 760.155 373.504 355.798 356.599 338.131 399.171 398.669 390.363 385.577 286.347 282.596 297.338 219.011 203.132 191.342
threshold=45.265453613500007 1.0000000180025095e-35 13.807449219083336 4.5000000000000009 18.693907361000004 41.614262989906258 2.4935184164999975 34.500000000000007 10.600000000000001 65.469746000000029 19.33931160491667 -14.41053780916666 19.11705696633334 15.083972505794202 23.960198711954863 1.8041349674723437 1.0000000180025095e-35 -5.2141865522500002 10.492458841750002 -4.0999703914999968 13.811640501908185 65.558564078166683 110.36185150000001 17.150000000000002 35.350000000000009 49.374502718333339 -1.6176762738333303 2.5553579227109897 203.90114400000002 16.250000000000004
decision_type=2 2 2 2 2 2 2 2 2 2 2 2 2 2 2 2 2 2 2 2 2 2 2 2 2 2 2 2 2 2
left_child=1 4 10 7 5 17 9 8 -4 27 14 28 -5 -9 16 -16 -3 -1 -19 20 23 29 -22 -11 -14 26 -13 -2 -6 -21
right_child=6 2 3 12 11 -7 -8 13 -10 19 -12 25 24 -15 15 -17 -18 18 -20 21 22 -23 -24 -25 -26 -27 -28 -29 -30 -31
leaf_value=-0.067894209085625934 -0.1400518510148332 0.036917769059316437 0.22261704391970927 -0.018317941752819516 -0.033291957098817895 0.24441294138630232 0.071906104733504908 0.018703975672604688 0.050945369402806348 0.1431348916187006 -0.096340485469861473 -0.016719664115491403 0.0033741265958241629 0.060380913690712891 0.25080902554772116 0.007855690410045477 -0.034261265274789662 0.020427238192821211 -0.023562539913020829 0.033047276899943571 -0.1779704825248983 0.11577465092702566 0.042434894457459453 0.004964708692274211 0.042788431217534395 0.01348000012384329 -0.00057357444179090961 -0.00047138464450836181 -0.1402344355583191 -0.027981622212073384
leaf_weight=273 37 134 49 1487 539 21 596 1912 208 34 110 2736 4421 456 22 325 985 312 5363 2493 36 92 20 652 316 1402 5480 35 30 85
leaf_count=273 37 134 49 1487 539 21 596 1912 208 34 110 2736 4421 456 22 325 985 312 5363 2493 36 92 20 652 316 1402 5480 35 30 85
internal_value=1.23511e-11 -0.00492317 0.00524442 0.00971861 -0.011484 -0.022348 0.0320742 0.032305 0.0836765 0.0252602 -0.0198775 -0.00511835 0.000192702 0.0267296 -0.0141402 0.0232591 -0.0257376 -0.0232898 -0.0211441 0.0273168 0.00343037 0.0339549 -0.0992543 0.0118128 0.00600341 -0.00311803 -0.00595036 -0.0722002 -0.0389304 0.0310351
internal_weight=30661 26581 10425 8849 16156 5969 4080 2625 257 3484 1576 10187 6224 2368 1466 347 1119 5948 5675 3412 742 2670 56 686 4737 9618 8216 72 569 2578
internal_count=30661 26581 10425 8849 16156 5969 4080 2625 257 3484 1576 10187 6224 2368 1466 347 1119 5948 5675 3412 742 2670 56 686 4737 9618 8216 72 569 2578
is_linear=0
shrinkage=0.04


Tree=87
num_leaves=31
num_cat=0
split_feature=12 30 30 0 37 1 21 0 12 37 22 21 30 35 34 30 17 16 12 35 20 2 30 19 22 22 17 38 4 42
split_gain=2826.64 1142.99 757.824 695.499 1168.07 1603.39 1666.72 1091.12 662.358 559.237 538.71 526.937 456.897 432.081 611.473 617.886 471.65 419.1 351.156 316.245 318.903 808.076 282.641 269.612 246.542 234.269 218.75 281.031 217.482 211.064
threshold=27.358913689773839 1.135044482916663 -3.6594998777500023 18.500000000000004 153.21697050000003 4.5000000000000009 23.067273250416669 1.0000000180025095e-35 12.463435888916669 200.69197800000003 43.674596232138917 15.91243677175 -9.8324575689166682 53.20000000000001 31.550000000000001 -2.0675050619999982 12.961645096916669 17.496939087416671 55.653911214166676 63.600000000000009 11.578169857000001 208.50000000000003 15.4369643515 17.895624483166671 18.628034331861141 14.377424000194468 16.348841984 10.875000000000002 29.500000000000004 303.52761804100845
decision_type=2 2 2 2 2 2 2 2 2 2 2 2 2 2 2 2 2 2 2 2 2 2 2 2 2 2 2 2 2 2
left_child=2 10 17 4 7 6 -6 25 -9 23 12 -7 28 14 16 -16 -12 -1 22 -19 21 -21 -3 -5 -11 -4 27 -14 -2 -28
right_child=1 18 3 9 5 11 -8 8 -10 24 13 -13 26 -15 15 -17 -18 19 -20 20 -22 -23 -24 -25 -26 -27 29 -29 -30 -31
leaf_value=-0.10278690079719789 -0.018668005658047541 0.03118861185907516 -0.10792476922037109 -0.026975269785723441 0.078905551994613368 -0.04414503171781866 0.006406542045821465 -0.036084752501739877 -0.0016209129997794168 -0.10507072732704026 0.14226588826287878 0.0034219159830438275 -0.16248370319604874 0.034392482063808912 -0.034008769377683983 -0.246294484756611 0.0084793796819127992 -0.052669421816206791 0.078704788631777156 -0.040930846372376317 -0.022782037662048088 0.21846539623809583 0.10159014325706583 -0.0083884170687957942 -0.041212227327731277 -0.047320704473879753 -0.0041571384680491449 -0.010683913229177347 -0.082425161665853328 0.016141771863384727
leaf_weight=155 231 2306 126 1895 974 534 1059 1009 7711 140 44 1233 20 1834 117 27 1009 491 318 46 304 33 95 3661 313 537 1309 802 136 2192
leaf_count=155 231 2306 126 1895 974 534 1059 1009 7711 140 44 1233 20 1834 117 27 1009 491 318 46 304 33 95 3661 313 537 1309 802 136 2192
internal_value=-7.46271e-12 0.0169026 -0.00872673 -0.00693368 -0.00179275 0.0169169 0.0411405 -0.00936994 -0.00560876 -0.0182123 0.00904844 -0.0109532 0.000554534 0.0221914 0.00349742 -0.0738123 0.0140697 -0.042169 0.0392056 -0.0314186 -0.00417546 0.0674245 0.0339742 -0.0147279 -0.0609477 -0.0588382 0.0041922 -0.0143773 -0.0422946 0.00855215
internal_weight=30661 10440 20221 19192 13183 3800 2033 9383 8720 6009 7721 1767 4690 3031 1197 144 1053 1029 2719 874 383 79 2401 5556 453 663 4323 822 367 3501
internal_count=30661 10440 20221 19192 13183 3800 2033 9383 8720 6009 7721 1767 4690 3031 1197 144 1053 1029 2719 874 383 79 2401 5556 453 663 4323 822 367 3501
is_linear=0
shrinkage=0.04


Tree=88
num_leaves=31
num_cat=0
split_feature=12 30 32 30 21 0 29 33 12 0 35 34 21 7 7 30 14 30 11 23 12 30 12 12 14 7 22 18 22 24
split_gain=2605.04 1074.05 732.095 752.679 561.281 828.816 712.615 539.094 487.516 451.758 566.629 1269.26 641.942 402.562 392.433 376.631 384.79 357.564 332.084 306.863 300.736 280.104 280.054 273.237 241.314 232.276 215.531 235.618 213.55 198.642
threshold=27.358913689773839 -0.62560081383332988 -21.500883821666665 -0.76888200674999918 16.405004321500005 4.5000000000000009 7.5394567384984503 1.1523213111609325 46.250810433000005 22.500000000000004 64.450000000000017 20.850000000000005 18.939750858666674 -0.9159756150367534 0.37940952255126048 -15.67356818033333 52.664129687500001 15.4369643515 -0.24999999999999994 15.80281098738889 65.558564078166683 -7.4043781490833327 17.426361950833336 19.194468526000005 21.466109000833335 0.60355339059327384 44.196341520222262 43.289339453166676 18.79629787316669 35.230713427125004
decision_type=2 2 2 2 2 2 2 2 2 2 2 2 2 2 2 2 2 2 2 2 2 2 2 2 2 2 2 2 2 2
left_child=2 15 23 9 7 6 -6 13 17 10 12 -12 -4 -5 20 29 21 25 28 -9 -10 -17 -7 -1 -23 -3 -18 -28 -11 -2
right_child=1 8 3 4 5 22 -8 19 14 18 11 -13 -14 -15 -16 16 26 -19 -20 -21 -22 24 -24 -25 -26 -27 27 -29 -30 -31
leaf_value=-0.076748199788881172 -0.1505007602618291 0.012956372157934255 -0.038899603317152039 0.038332058909896979 -0.01258571226294576 -0.019269470376282676 0.040842224889656852 0.081038923325831999 0.035931545876905266 -0.14809559872616893 0.10192421319597054 -0.0078201723077429598 -0.0093995162473195001 -0.025104805487260618 0.1029780096285295 -0.029087610695722427 -0.0047895535032641927 0.095921857282123033 -0.014042672286505659 0.0018021301775058703 0.13344057200046686 -0.076862608818179481 0.00087168431870452887 -0.013535041792525187 0.0048215868910508677 0.046497384249045447 0.059437865305297474 0.017476743274914951 -0.064867541773521983 -0.033413972170657925
leaf_weight=337 26 2889 2092 170 550 1339 1459 128 1890 69 191 1439 2708 2736 164 498 289 94 158 201 52 59 6309 162 3012 373 368 512 173 214
leaf_count=337 26 2889 2092 170 550 1339 1459 128 1890 69 191 1439 2708 2736 164 498 289 94 158 201 52 59 6309 162 3012 373 368 512 173 214
internal_value=2.33744e-11 0.0162265 -0.00837766 -0.00716701 -0.00147927 0.00335138 0.0262154 -0.0158996 0.0284747 -0.0179029 -0.0153371 0.00503945 -0.0222566 -0.0213938 0.0435603 0.00278737 0.00526364 0.0190081 -0.0591486 0.0326298 0.0385425 -0.00126027 -0.0026546 -0.0562261 0.00325227 0.0167917 0.0251814 0.0350241 -0.0885979 -0.0460984
internal_weight=30661 10440 20221 19722 12892 9657 2009 3235 5462 6830 6430 1630 4800 2906 2106 4978 4738 3356 400 329 1942 3569 7648 499 3071 3262 1169 880 242 240
internal_count=30661 10440 20221 19722 12892 9657 2009 3235 5462 6830 6430 1630 4800 2906 2106 4978 4738 3356 400 329 1942 3569 7648 499 3071 3262 1169 880 242 240
is_linear=0
shrinkage=0.04


Tree=89
num_leaves=31
num_cat=0
split_feature=12 26 0 1 0 6 29 0 17 19 0 30 2 31 0 12 18 30 27 12 25 34 37 27 17 27 2 32 37 29
split_gain=2409.13 869.908 1253.92 1352.48 1123.31 1112.86 1646.81 741.466 698.045 696.66 692.545 538.093 454.613 396.247 390.976 375.768 353.005 330.035 328.758 316.324 283.895 279.5 283.496 382.085 270.842 247.81 233.924 223.701 204.128 195.218
threshold=41.102814550666672 21.350213114616075 16.500000000000004 4.5000000000000009 2.5000000000000004 0.12940952255126045 15.740668918249161 1.5000000000000002 22.975336222583341 18.327393338833335 14.500000000000002 -1.8256670086666664 192.50000000000003 16.270333617750001 11.500000000000002 8.9031817996666689 30.712727549248036 -12.013320246999996 0.19331082208901171 34.968778153250007 23.960198711954863 34.250000000000007 65.469746000000029 5.7972563379386308 19.04019544691667 12.598683670505325 260.50000000000006 3.345426179416672 147.65786550000004 18.822410640642001
decision_type=2 2 2 2 2 2 2 2 2 2 2 2 2 2 2 2 2 2 2 2 2 2 2 2 2 2 2 2 2 2
left_child=1 7 3 5 20 10 -7 -1 12 11 -3 -4 21 16 -6 -9 -10 -14 -11 -20 -5 22 23 -2 -23 -24 -19 -15 -13 -18
right_child=8 2 9 4 14 6 -8 15 13 18 -12 28 17 27 -16 -17 29 26 19 -21 -22 24 25 -25 -26 -27 -28 -29 -30 -31
leaf_value=-0.068109073215899499 -0.11268836593005195 -0.012449305687899752 -0.095199678623088271 -0.081464963429176016 -0.010896872189544982 0.022863979624077206 0.11177248233748753 -0.062750128460747581 -0.12911113464832308 0.05797318598552912 0.02239551525866228 -0.012502767584153193 -0.024884995289862495 0.058345486263730637 0.015059638586346664 -0.012214703197189614 0.036688697975415061 0.046237077363761633 -0.0081363104280943611 -0.09310822601889221 -0.034294639957887861 -0.011564087786112622 0.02463354136833279 0.065543145769172251 -0.10090171877137688 -0.016889385463648109 0.016324550992244655 0.13570928475095165 -0.043006017756741309 0.10086497626453639
leaf_weight=456 67 2391 223 313 2486 3842 365 248 20 119 1476 677 177 134 1482 4642 1458 913 5514 71 587 157 702 27 83 342 772 108 729 80
leaf_count=456 67 2391 223 313 2486 3842 365 248 20 119 1476 677 177 134 1482 4642 1458 913 5514 71 587 157 702 27 83 342 772 108 729 80
internal_value=8.54334e-12 -0.00497295 -0.00118824 0.00629958 -0.0103535 0.0163401 0.0305777 -0.0193267 0.0252802 -0.0144035 0.000850657 -0.0374741 0.0141846 0.0452522 -0.00120243 -0.0147776 0.0378556 0.0270743 -0.00781478 -0.00921653 -0.0506994 -0.00323243 0.00504053 -0.0614942 -0.04246 0.0110312 0.0325323 0.0928715 -0.0283185 0.0400269
internal_weight=30661 25621 20275 12942 4868 8074 4207 5346 5040 7333 3867 1629 3240 1800 3968 4890 1558 1862 5704 5585 900 1378 1138 94 240 1044 1685 242 1406 1538
internal_count=30661 25621 20275 12942 4868 8074 4207 5346 5040 7333 3867 1629 3240 1800 3968 4890 1558 1862 5704 5585 900 1378 1138 94 240 1044 1685 242 1406 1538
is_linear=0
shrinkage=0.04


Tree=90
num_leaves=31
num_cat=0
split_feature=22 30 22 0 2 34 26 35 20 1 0 17 1 2 34 7 15 27 35 17 26 31 30 0 1 35 22 31 28 26
split_gain=2224.93 896.497 859.645 694.735 687.073 1306.67 655.733 888.86 705.071 522.669 515.147 481.602 397.898 392.799 382.711 364.411 515.702 493.864 488.585 381.458 345.209 319.174 305.539 295.11 280.85 276.413 269.52 233.376 226.661 224.959
threshold=43.674596232138917 -0.5653480060833348 10.596596074777795 4.5000000000000009 314.50000000000006 10.600000000000001 29.126496313985122 40.650000000000006 11.221184212083335 3.5000000000000004 22.500000000000004 22.975336222583341 1.0000000180025095e-35 192.50000000000003 35.350000000000009 -0.9159756150367534 54.54882465883334 7.7673242669072611 24.750000000000004 19.341965205500003 32.237204782806536 16.270333617750001 -5.2141865522500002 2.5000000000000004 4.5000000000000009 60.250000000000007 24.425325147666733 20.394728139666672 17.723320367910592 35.128770147042665
decision_type=2 2 2 2 2 2 2 2 2 2 2 2 2 2 2 2 2 2 2 2 2 2 2 2 2 2 2 2 2 2
left_child=1 6 12 4 5 -4 7 27 9 -8 -10 13 -3 15 26 19 18 -18 -17 -2 -21 -13 -9 -6 -24 -16 -5 -1 -23 -15
right_child=11 2 3 14 23 -7 8 22 10 -11 -12 21 -14 29 25 16 17 -19 -20 20 -22 28 24 -25 -26 -27 -28 -29 -30 -31
leaf_value=-0.0077073308460219939 -0.004663278286454871 0.12349862522022291 0.15312596774509837 -0.0074730787089096837 -0.057101848563015263 0.020739813067435709 0.25854858299781536 -0.073203499996648921 0.0010876432929130247 0.0061965408921241761 -0.05518796530692912 0.037940110500168961 -0.049658583556905951 0.035980516884123327 0.021906270205530678 -0.10232538795738078 0.052579796179135635 0.27628688597679135 0.010858522361983159 -0.060579282311456546 -0.23165403212904931 0.07775536364277727 -0.023987315803371989 0.0014570314842143228 -0.052995452243346827 0.11227536058233631 0.0063322627155019328 -0.14139964949517023 0.21932359266281129 -0.005757184095926
leaf_weight=4031 170 22 124 6760 227 3140 29 338 4079 24 278 1249 609 1380 428 67 75 20 684 77 25 190 1774 350 764 62 3401 21 20 243
leaf_count=4031 170 22 124 6760 227 3140 29 338 4079 24 278 1249 609 1380 428 67 75 20 684 77 25 190 1774 350 764 62 3401 21 20 243
internal_value=-2.83327e-11 -0.00429286 0.00208215 0.00407214 0.0186562 0.0257692 -0.012796 -0.0204709 -0.000739032 0.144276 -0.00250304 0.027046 -0.0436214 0.0171638 -0.00118722 -0.00108056 0.0118684 0.099676 0.00076089 -0.0413556 -0.102509 0.0456115 -0.0374773 -0.0215809 -0.0327195 0.0333407 -0.00285228 -0.00840021 0.0912381 0.0297314
internal_weight=30661 26461 15123 14492 3841 3264 11338 6928 4410 53 4357 4200 631 2741 10651 1118 846 95 751 272 102 1459 2876 577 2538 490 10161 4052 210 1623
internal_count=30661 26461 15123 14492 3841 3264 11338 6928 4410 53 4357 4200 631 2741 10651 1118 846 95 751 272 102 1459 2876 577 2538 490 10161 4052 210 1623
is_linear=0
shrinkage=0.04


Tree=91
num_leaves=31
num_cat=0
split_feature=12 30 32 13 26 0 1 0 30 12 0 42 12 24 7 23 4 30 19 15 26 38 7 18 27 22 7 35 22 13
split_gain=2100.27 976.747 717.553 647.849 606.808 1201.7 1761.11 857.865 399.724 393.119 392.234 354.815 338.125 318.49 258.639 306.029 249.489 226.826 207.903 290.487 234.081 198.61 196.454 278.959 188.736 181.84 171.095 166.048 160.429 159.538
threshold=25.813349063500002 0.76577982616666074 -21.500883821666665 29.311549910833339 24.528180070104344 16.500000000000004 4.5000000000000009 1.5000000000000002 -4.2168444700833341 62.611773307833339 22.500000000000004 207.05523608201673 55.653911214166676 16.124117269562504 0.37940952255126048 26.656679073737262 2.5000000000000004 -2.1553564949999982 50.968449463000006 56.996833138166672 27.278700421627278 21.083333333333339 0.60355339059327384 32.591276863583339 2.3178020616219772 47.826492589111126 0.60355339059327384 72.40000000000002 24.249080829750056 14.226316544500001
decision_type=2 2 2 2 2 2 2 2 2 2 2 2 2 2 2 2 2 2 2 2 2 2 2 2 2 2 2 2 2 2
left_child=2 8 22 4 7 6 -6 13 11 16 -7 27 14 -4 -3 -16 24 -9 20 -20 -13 -11 -1 29 -10 -18 -17 -2 -5 -24
right_child=1 12 3 28 5 10 -8 17 9 21 -12 18 -14 -15 15 26 25 -19 19 -21 -22 -23 23 -25 -26 -27 -28 -29 -30 -31
leaf_value=-0.043330928369842731 -0.069906560188627301 0.018924453371339613 -0.095221420944307411 -0.12571427680678288 0.036310310456907025 -0.00931442436120564 -0.0089629346163059721 -0.043578057867459594 -0.11016319251486234 0.16429025650024415 -0.039996200498220558 -0.022820808297175001 0.066384628582178792 -0.038382040440955112 0.023171874827134453 0.056293313165456715 0.0063835478767511594 -0.0083133594883591511 -0.13950993071709361 0.011107637275010348 0.010711840185229091 0.048571676008631381 -0.006882801765674039 -0.20838319632411004 -0.015361137375058164 0.022956417867950586 0.119118711047474 0.030913263181845348 -0.051609964057472021 -0.12615179198629717
leaf_weight=377 203 2122 209 59 2669 3789 2835 305 42 27 809 503 386 643 509 342 4841 6759 42 40 986 196 38 30 168 1356 87 30 225 34
leaf_count=377 203 2122 209 59 2669 3789 2835 305 42 27 809 503 386 643 509 342 4841 6759 42 40 986 196 38 30 168 1356 87 30 225 34
internal_value=1.47248e-11 0.013163 -0.00832632 -0.00706145 -0.00611662 0.000381411 0.012991 -0.0144091 0.00583167 0.0103741 -0.0147128 -0.0108624 0.0311063 -0.052325 0.0266561 0.0441473 0.00855691 -0.00983597 -0.00403062 -0.0660379 -0.000615844 0.0625824 -0.0566555 -0.105904 -0.0343215 0.0100099 0.0690341 -0.0569255 -0.0670049 -0.0632043
internal_weight=30661 11880 18781 18302 18018 10102 5504 7916 8434 6630 4598 1804 3446 852 3060 938 6407 7064 1571 82 1489 223 479 102 210 6197 429 233 284 72
internal_count=30661 11880 18781 18302 18018 10102 5504 7916 8434 6630 4598 1804 3446 852 3060 938 6407 7064 1571 82 1489 223 479 102 210 6197 429 233 284 72
is_linear=0
shrinkage=0.04


Tree=92
num_leaves=31
num_cat=0
split_feature=12 30 32 30 21 0 29 33 1 6 29 21 22 7 30 4 20 34 12 25 40 30 12 6 16 30 25 7 38 23
split_gain=1939.62 830.293 626.846 632.048 532.056 702.594 646.289 487.327 413.133 1169.58 2534.68 572.215 405.075 383.293 356.401 333.76 323.576 294.606 281.411 276.754 550.796 254.781 233.308 215.225 209.379 186.164 171.823 165.466 160.968 160.47
threshold=27.358913689773839 1.135044482916663 -21.500883821666665 -1.1381883096666685 16.405004321500005 4.5000000000000009 7.5394567384984503 1.1937831664895979 4.5000000000000009 0.12940952255126045 16.418284054907044 15.184436124583334 61.707592420805582 -0.9159756150367534 -15.67356818033333 46.500000000000007 11.221184212083335 35.350000000000009 47.494132682500009 30.019934527549854 16.250000000000004 13.89867375425 19.194468526000005 -0.91597561503675329 46.250810433000005 5.240721159083332 28.045183310059031 0.60355339059327384 21.083333333333339 26.212475943777779
decision_type=2 2 2 2 2 2 2 2 2 2 2 2 2 2 2 2 2 2 2 2 2 2 2 2 2 2 2 2 2 2
left_child=2 12 22 8 7 6 -6 13 9 16 -11 -10 14 -5 24 -9 -4 -7 21 20 -16 27 26 -21 -2 -20 -1 -3 -14 -23
right_child=1 18 3 4 5 17 -8 15 11 10 -12 -13 28 -15 19 -17 -18 -19 25 23 -22 29 -24 -25 -26 -27 -28 -29 -30 -31
leaf_value=-0.058267794263140681 -0.12381379903781982 0.013523570609800979 0.051455479812237526 0.036489303339474109 -0.012622676676476579 -0.0039198981924941792 0.037159936186888731 0.059852570334871145 -0.070957232509520449 0.015835343972827688 0.32655900629361467 -0.01858947637553314 0.14208935101826986 -0.022756678508130155 0.0015067996408895158 -0.046323242969200262 -0.024390438499117754 0.03234590054922961 0.043892466800133062 -0.010639205739741912 -0.08063028095806711 0.030291970136264959 -0.012055893336641199 0.016963141390996042 -0.025309187209368061 0.09793213316849593 -0.13733408522147397 0.049783286609197577 0.044032414356097574 0.11310315355503311
leaf_weight=285 42 1372 93 185 577 8592 1507 212 497 631 45 1017 30 3143 2808 61 2788 374 845 514 137 72 162 3746 194 116 52 236 250 78
leaf_count=285 42 1372 93 185 577 8592 1507 212 497 631 45 1017 30 3143 2808 61 2788 374 845 514 137 72 162 3746 194 116 52 236 250 78
internal_value=-8.75191e-12 0.0140016 -0.00722893 -0.00610869 -0.00189587 0.0024556 0.0233766 -0.0152487 -0.0182803 -0.0108316 0.0365196 -0.0357802 0.00730744 -0.0194633 0.00553017 0.0361283 -0.0219421 -0.00240714 0.0330105 0.00711452 -0.00231418 0.0234962 -0.0515045 0.0136327 -0.0428397 0.0504155 -0.0704679 0.0188453 0.0545385 0.0733538
internal_weight=30661 10440 20221 19722 14651 11050 2084 3601 5071 3557 676 1514 7721 3328 7441 273 2881 8966 2719 7205 2945 1758 499 4260 236 961 337 1608 280 150
internal_count=30661 10440 20221 19722 14651 11050 2084 3601 5071 3557 676 1514 7721 3328 7441 273 2881 8966 2719 7205 2945 1758 499 4260 236 961 337 1608 280 150
is_linear=0
shrinkage=0.04


Tree=93
num_leaves=31
num_cat=0
split_feature=12 30 32 30 21 0 28 25 33 33 1 12 21 4 21 12 35 30 12 32 30 4 37 16 17 35 34 30 38 31
split_gain=1798.87 832.941 609.924 578.091 465.127 694.654 619.994 462.086 441.885 421.082 368.7 696.462 463.729 317.886 311.802 299.002 289.57 287.83 237.733 240.933 230.406 185.301 223.924 177.823 175.326 174.061 222.235 164.601 164.286 161.031
threshold=25.813349063500002 0.76577982616666074 -21.500883821666665 -1.1381883096666685 16.405004321500005 4.5000000000000009 11.636190872807331 42.009754001309027 1.1937831664895979 0.87447071389112629 4.5000000000000009 12.212221988750004 16.48472214766667 5.5000000000000009 13.937619364500003 55.653911214166676 40.650000000000006 6.1530865599166722 62.611773307833339 1.3531016354166658 19.225511951416671 2.5000000000000004 64.592536000000038 14.600374084500002 14.226316544500001 64.450000000000017 20.550000000000004 -2.5099222488333335 21.083333333333339 14.035588828750004
decision_type=2 2 2 2 2 2 2 2 2 2 2 2 2 2 2 2 2 2 2 2 2 2 2 2 2 2 2 2 2 2
left_child=2 9 25 7 8 6 -6 10 16 14 11 -4 -12 -10 -2 20 -5 -7 21 -20 23 22 -11 -3 -16 -1 -27 -23 -21 -25
right_child=1 15 3 4 5 17 -8 -9 13 18 12 -13 -14 -15 24 -17 -18 -19 19 28 -22 27 -24 29 -26 26 -28 -29 -30 -31
leaf_value=-0.037391332954447451 -0.16009292344252271 -0.0044852611467676483 0.12641108804627471 -0.0041753258616747052 0.0037076219490031789 -0.0026028253454212546 0.048492377706259665 0.16825609715211962 0.1489759701189092 -0.12439774927217513 -0.061867543856302901 -0.014712157120264467 -0.015708035329594212 0.017975458920453533 -0.071346364129334691 0.061926440560485727 -0.028445368263607978 -0.083491711897749302 0.0010202286032992497 0.17863234823400323 0.1296894722815716 -0.00017583799450855968 -0.011668347563547423 0.022145516966922778 -0.0098344753552577924 -0.20434510998103927 -0.067516782793703434 0.013116833965127112 0.060934313983804937 0.047331280765183503
leaf_weight=347 24 326 57 1296 1155 8123 865 21 34 32 642 3045 761 231 80 386 2001 71 114 22 33 2214 237 2203 1012 23 109 4561 138 498
leaf_count=347 24 326 57 1296 1155 8123 865 21 34 32 642 3045 761 231 80 386 2001 71 114 22 33 2214 237 2203 1012 23 109 4561 138 498
internal_value=5.63195e-12 0.012182 -0.00770576 -0.0065396 -0.00246482 0.00187562 0.0228853 -0.0189422 -0.014911 0.00541181 -0.0198148 -0.012119 -0.0368302 0.0347831 -0.0174753 0.0287518 -0.0189052 -0.00330372 0.0089021 0.0454568 0.024567 0.00748019 -0.0250785 0.023421 -0.0143408 -0.0522632 -0.0913581 0.00877293 0.0771178 0.0267892
internal_weight=30661 11880 18781 18302 13776 10214 2020 4526 3562 8434 4505 3102 1403 265 1116 3446 3297 8194 7318 274 3060 7044 269 3027 1092 479 132 6775 160 2701
internal_count=30661 11880 18781 18302 13776 10214 2020 4526 3562 8434 4505 3102 1403 265 1116 3446 3297 8194 7318 274 3060 7044 269 3027 1092 479 132 6775 160 2701
is_linear=0
shrinkage=0.04


Tree=94
num_leaves=31
num_cat=0
split_feature=12 26 6 5 29 23 7 34 7 19 7 7 37 27 35 10 20 12 32 6 37 15 18 35 12 34 27 18 31 28
split_gain=1686.8 741.513 616.058 1719.63 1460.14 1378.49 801.194 739.38 659.604 508.864 505.786 440.553 390.85 358.72 353.151 356.739 342.663 336.26 318.387 307.004 303.236 382.265 295.087 294.5 240.072 238.469 236.063 231.396 214.266 208.755
threshold=45.265453613500007 22.500140006167154 1.0000000180025095e-35 1.0000000180025095e-35 15.740668918249161 14.87327550413889 -0.37940952255126015 34.250000000000007 0.78656609248549303 18.233881791250003 0.91597561503675351 0.37940952255126048 169.03748800000005 0.19331082208901171 41.350000000000001 0.68301270189221941 11.221184212083335 7.737544311833334 3.4218326868333331 0.25881904510252091 65.469746000000029 49.779445540166677 48.953036100166678 39.45000000000001 57.809910758166673 35.150000000000013 8.6564069538930557 16.919694905916668 1.7275604164166671 15.564667423077131
decision_type=2 2 2 2 2 2 2 2 2 2 2 2 2 2 2 2 2 2 2 2 2 2 2 2 2 2 2 2 2 2
left_child=1 10 6 4 7 -6 12 -4 19 16 17 14 26 -11 15 20 -8 -1 25 -5 29 -22 27 -12 -20 -16 -3 -17 -10 -2
right_child=11 2 3 8 5 -7 9 -9 28 13 23 -13 -14 -15 18 22 -18 -19 24 -21 21 -23 -24 -25 -26 -27 -28 -29 -30 -31
leaf_value=-0.068461945329166052 -0.10574799366847232 0.01181981536431248 0.020356196594250271 0.034152446614799804 0.39709371960681417 0.078378576118038182 0.040525860956339081 -0.07276808518150174 -0.058818001053771198 0.055651323034221101 0.004954734010663429 0.083585929523700142 0.037872742599801827 -0.0082811699258760578 0.02009123064307718 -0.14714114645253057 -0.032863545934858879 -0.0094655021448703733 0.031365351427438688 -0.0095922027680453124 -0.0061265058744637696 0.064608825316068291 -0.1737412206189973 -0.055833750231265585 0.071662655351076687 -0.062177115714755551 -0.010416288397972442 -0.0081572933508002252 0.03298367980190299 0.040428294105963269
leaf_weight=159 54 2069 4195 286 23 388 107 141 539 144 157 189 636 5650 2012 23 2092 5556 717 2505 305 204 28 679 353 58 1211 115 44 22
leaf_count=159 54 2069 4195 286 23 388 107 141 539 144 157 189 636 5650 2012 23 2092 5556 717 2505 305 204 28 679 353 58 1211 115 44 22
internal_value=-3.35941e-11 -0.00367573 0.00014501 0.00864001 0.024158 0.0962142 -0.00564791 0.0173279 -0.0131928 -0.0129099 -0.0153578 0.0239472 0.0091747 -0.00669224 0.0210503 -0.00359047 -0.0292925 -0.0111069 0.0269437 -0.00510959 0.0110951 0.0222232 -0.0553439 -0.0444177 0.0446597 0.0177861 0.00361008 -0.0313213 -0.0518896 -0.0634338
internal_weight=30661 26581 20030 8121 4747 411 11909 4336 3374 7993 6551 4080 3916 5794 3891 751 2199 5715 3140 2791 585 509 166 836 1070 2070 3280 138 583 76
internal_count=30661 26581 20030 8121 4747 411 11909 4336 3374 7993 6551 4080 3916 5794 3891 751 2199 5715 3140 2791 585 509 166 836 1070 2070 3280 138 583 76
is_linear=0
shrinkage=0.04


Tree=95
num_leaves=31
num_cat=0
split_feature=12 26 0 5 0 6 28 0 19 0 30 30 0 27 35 10 29 27 27 12 25 32 12 19 19 12 36 24 37 30
split_gain=1554.55 684.227 903.435 1001.15 846.322 752.3 1371.02 566.032 563.193 547.483 467.512 466.685 363.948 317.313 310.101 347.716 346.97 379.198 343.005 289.141 235.276 228.426 220.974 220.563 330.941 215.045 210.442 202.561 182.648 178.137
threshold=45.265453613500007 21.350213114616075 16.500000000000004 1.0000000180025095e-35 2.5000000000000004 0.12940952255126045 18.850046651193939 14.500000000000002 18.327393338833335 1.5000000000000002 2.4935184164999975 -1.6479318853333351 11.500000000000002 0.19331082208901171 41.350000000000001 0.68301270189221941 14.414316118551801 2.0260329334946356 1.0549027501533645 8.9031817996666689 23.792471972917845 3.4218326868333331 34.968778153250007 47.999657291166677 25.36122166316667 57.809910758166673 17.150000000000006 49.616510703916681 156.58735600000003 -1.6479318853333351
decision_type=2 2 2 2 2 2 2 2 2 2 2 2 2 2 2 2 2 2 2 2 2 2 2 2 2 2 2 2 2 2
left_child=1 9 3 5 20 7 -7 -3 11 -1 14 -4 -6 -10 15 16 17 -2 -18 28 -5 26 -15 24 -17 -23 -16 -27 -11 -21
right_child=10 2 8 4 12 6 -8 -9 13 19 -12 -13 -14 22 21 23 18 -19 -20 29 -22 25 -24 -25 -26 27 -28 -29 -30 -31
leaf_value=-0.058175497148359574 -0.11265276387052715 -0.010032661320887024 -0.081607484929119761 -0.072077345403718254 -0.0099109264296939614 0.022355504450174691 0.22506322683145602 0.020884459319970152 0.055351792489899729 -0.064904569762590708 0.055726543916233079 -0.02305813285281472 0.014861017700635288 -0.0062172330372888629 0.017709570022470148 -0.12005673778300383 0.21058588147163393 0.0032922727867078622 0.034699490258268489 -0.031670840190833105 -0.028975064810209176 0.0258548338622832 -0.074017846335012183 -0.16535419814861738 0.011334356469352071 0.051598108830847082 -0.059690030326841975 0.13564226072015506 0.058397726331438332 -0.0073282267857793038
leaf_weight=456 53 2596 259 307 2592 4692 54 1492 133 227 596 1370 1497 5514 1816 49 20 304 157 544 596 609 78 26 82 254 58 56 21 4153
leaf_count=456 53 2596 259 307 2592 4692 54 1492 133 227 596 1370 1497 5514 1816 49 20 304 157 544 596 609 78 26 82 254 58 56 21 4153
internal_value=-2.97162e-12 -0.0035287 -0.000287923 0.0057371 -0.00858154 0.0138284 0.0246619 0.00125118 -0.0116154 -0.0162374 0.0229893 -0.0323671 -0.000841814 -0.00571064 0.017389 -0.00660315 0.00878238 -0.0139209 0.0545737 -0.0123701 -0.0436289 0.0233248 -0.00716295 -0.0589336 -0.0378119 0.0396599 0.0153141 0.0667803 -0.0544636 -0.0101476
internal_weight=30661 26581 21180 13826 4992 8834 4746 4088 7354 5401 4080 1629 4089 5725 3484 691 534 357 177 4945 903 2793 5592 157 131 919 1874 310 248 4697
internal_count=30661 26581 21180 13826 4992 8834 4746 4088 7354 5401 4080 1629 4089 5725 3484 691 534 357 177 4945 903 2793 5592 157 131 919 1874 310 248 4697
is_linear=0
shrinkage=0.04


Tree=96
num_leaves=31
num_cat=0
split_feature=12 26 0 1 0 17 21 27 30 37 0 0 37 25 28 22 26 24 12 10 27 7 22 12 20 20 30 38 37 27
split_gain=1432.68 644.763 766.494 766.45 960.282 875.042 716.99 545.455 430.859 407.079 404.889 375.815 286.627 261.128 258.888 234.824 312.831 240.962 227.64 219.47 188.829 162.404 156.822 155.939 143.969 176.086 124.341 116.781 123.428 109.165
threshold=45.265453613500007 18.178351626971729 17.500000000000004 4.5000000000000009 2.5000000000000004 16.673444925916673 12.437464985750003 4.2954622490593382 2.4935184164999975 200.69197800000003 10.500000000000002 1.5000000000000002 65.469746000000029 23.960198711954863 1.957387370694412 63.038278933416699 35.014705978871532 51.265457127222234 10.883099809083339 -0.93301270189221908 2.5553579227109897 -0.98296291314453399 18.866985231083351 59.666266569166673 37.764688647833346 20.087554597750003 8.2511296545000068 21.083333333333339 149.13102550000005 21.038372051080064
decision_type=2 2 2 2 2 2 2 2 2 2 2 2 2 2 2 2 2 2 2 2 2 2 2 2 2 2 2 2 2 2
left_child=1 11 3 5 13 19 -7 9 12 14 -6 -1 20 -5 -4 16 17 -14 -13 -3 -2 -20 -11 -18 25 -9 29 -17 -29 -10
right_child=8 2 7 4 10 6 -8 24 26 22 -12 18 15 -15 -16 27 23 -19 21 -21 -22 -23 -24 -25 -26 -27 -28 28 -30 -31
leaf_value=-0.07864879759649436 -0.12528973401801005 0.043906830473149076 0.052967243052047232 -0.068296105021200898 -0.012213331753977024 0.06734513607989881 0.011817100668055787 -0.059686981302100824 0.04133568060425926 -0.093174926252741555 0.010697512065700399 -0.052610269129675417 0.01736192863259545 -0.027058425903345316 -0.0076269454459568335 0.13326606664164314 -0.060617019572929171 0.089064783028193886 -0.070074540865726953 -0.018787055359181681 0.0043164883000510077 -0.010988456298411579 -0.034203723646677099 0.0031108095684624095 -0.15290279212594032 -0.01600075346139538 0.10278576504956517 -0.04200112522325733 0.058791295427725862 0.10857443525677635
leaf_weight=186 37 94 115 418 2598 388 9054 409 482 95 2351 280 2871 596 5940 29 119 77 78 1802 35 1626 300 127 20 231 72 22 167 42
leaf_count=186 37 94 115 418 2598 388 9054 409 482 95 2351 280 2871 596 5940 29 119 77 78 1802 35 1626 300 127 20 231 72 22 167 42
internal_value=-2.07611e-11 -0.00338755 -0.00153012 0.00301369 -0.0085955 0.00911933 0.0140989 -0.0125867 0.0220697 -0.00904272 -0.00132964 -0.0242823 0.0166934 -0.0440578 -0.00647611 0.0183601 0.0156186 0.0192348 -0.0191854 -0.0156788 -0.0622867 -0.0136931 -0.0483867 -0.0277169 -0.0472215 -0.043919 0.0534975 0.0585268 0.0470588 0.046725
internal_weight=30661 26581 24411 17301 5963 11338 9442 7110 4080 6450 4949 2170 3484 1014 6055 3412 3194 2948 1984 1896 72 1704 395 246 660 640 596 218 189 524
internal_count=30661 26581 24411 17301 5963 11338 9442 7110 4080 6450 4949 2170 3484 1014 6055 3412 3194 2948 1984 1896 72 1704 395 246 660 640 596 218 189 524
is_linear=0
shrinkage=0.04


Tree=97
num_leaves=31
num_cat=0
split_feature=22 26 0 30 1 22 16 22 35 2 34 0 17 6 43 21 2 7 14 20 20 29 30 32 17 40 31 33 11 14
split_gain=1319.17 663.088 771.44 696.143 532.593 1039.31 1112.67 480.445 480.163 435.246 1908.99 369.712 343.579 339.147 321.677 319.418 301.935 334.671 469.882 431.645 299.788 1011.74 298.49 271.072 236.724 224.59 220 213.628 212.749 199.902
threshold=43.674596232138917 29.213482185656254 17.500000000000004 -1.163031819583338 3.5000000000000004 15.481663082083349 24.622470736083333 17.595683106833345 39.750000000000007 36.500000000000007 10.600000000000001 22.500000000000004 23.157067732583339 1.0000000180025095e-35 614.9586928308056 15.377302193166669 192.50000000000003 -0.9159756150367534 59.666266569166673 50.581183024333335 10.492458841750002 14.018501324680503 -3.253399251499999 -3.2833068350000043 19.273269767166667 17.800000000000004 16.270333617750001 2.6282538350268481 0.25000000000000017 30.939698478500002
decision_type=2 2 2 2 2 2 2 2 2 2 2 2 2 2 2 2 2 2 2 2 2 2 2 2 2 2 2 2 2 2
left_child=1 3 4 8 5 6 -3 9 27 10 -5 -4 16 -7 -11 29 17 19 22 24 21 -10 -19 -18 -2 -9 -14 -1 -13 -6
right_child=12 2 11 7 15 13 -8 25 20 14 -12 28 26 -15 -16 -17 23 18 -20 -21 -22 -23 -24 -25 -26 -27 -28 -29 -30 -31
leaf_value=-0.0088943497688735527 0.0027285597126306218 0.23030367324481141 -0.0048622982779297844 0.21780648952459586 -0.025647288771640315 0.009344403258837241 -0.088225058887315841 0.0022853256247213037 -0.033207750154251696 -0.022467977687983521 -0.0069641873913415531 -0.054001657814589557 0.030682448456195936 0.037361627113562078 0.011940267648089737 0.0068980326398670137 -0.0073399228638953576 -0.053504542463248782 0.17038604170084001 -0.21131311783736403 -0.042336670127579988 0.16744880797303452 0.013653684448669184 0.032116025766572812 -0.07742885429912838 0.11379696950830262 0.076518343404365266 -0.14013457959890366 0.017959752327356585 -0.15279211773758841
leaf_weight=2555 161 74 2486 68 342 1580 23 8223 224 3519 545 418 1190 1229 496 2775 354 124 28 22 1707 49 725 1308 93 29 195 20 78 21
leaf_count=2555 161 74 2486 68 342 1580 23 8223 224 3519 545 418 1190 1229 496 2775 354 124 28 22 1707 49 725 1308 93 29 195 20 78 21
internal_value=8.63224e-12 -0.00330552 0.00549495 -0.00786147 0.013709 0.0260478 0.154776 -0.00310829 -0.0213019 -0.0134242 0.0179696 -0.0111534 0.0208256 0.0216026 -0.0182173 0.00228236 0.0128008 -0.00292741 0.00916211 -0.0413423 -0.0361122 0.00280753 0.00384494 0.0237121 -0.0266204 0.00267721 0.0371359 -0.00991369 -0.0426851 -0.0330028
internal_weight=30661 26461 9026 17435 6044 2906 97 12880 4555 4628 613 2982 4200 2809 4015 3138 2815 1153 877 276 1980 273 849 1662 254 8252 1385 2575 496 363
internal_count=30661 26461 9026 17435 6044 2906 97 12880 4555 4628 613 2982 4200 2809 4015 3138 2815 1153 877 276 1980 273 849 1662 254 8252 1385 2575 496 363
is_linear=0
shrinkage=0.04


Tree=98
num_leaves=31
num_cat=0
split_feature=12 30 13 40 33 6 28 7 0 14 31 12 37 25 30 30 22 17 2 2 36 16 17 1 31 22 36 35 17 28
split_gain=1236.22 624.969 573.731 527.211 490.226 515.661 1456.26 529.574 462.88 393.969 360.703 235.084 229.764 223.131 206.974 194.029 189.881 220.479 212.262 204.67 199.566 173.289 169.979 168.17 148.507 138.343 134.129 125.843 109.89 107.023
threshold=25.813349063500002 0.76577982616666074 29.311549910833339 17.350000000000005 0.41048410878837244 1.0000000180025095e-35 17.951998192779929 0.91597561503675351 14.500000000000002 28.880904508250001 -3.9178444413333309 61.43620750358334 65.469746000000029 28.753220633163199 -12.013320246999996 19.225511951416671 47.826492589111126 13.346342045166667 237.50000000000003 6.5000000000000009 16.700000000000003 14.600374084500002 15.002941532500001 4.5000000000000009 14.035588828750004 24.249080829750056 15.250000000000002 49.750000000000007 18.805511300000006 15.438193080891692
decision_type=2 2 2 2 2 2 2 2 2 2 2 2 2 2 2 2 2 2 2 2 2 2 2 2 2 2 2 2 2 2
left_child=2 10 3 4 23 7 -7 -6 -5 -10 12 15 28 -11 27 21 17 18 -12 -18 -19 -3 -21 29 -23 -4 -16 -14 -2 -1
right_child=1 11 25 8 5 6 -8 -9 9 13 16 -13 14 -15 26 -17 19 20 -20 22 -22 24 -24 -25 -26 -27 -28 -29 -30 -31
leaf_value=-0.058059157393677695 -0.17460815151035786 -0.0052529510026878166 -0.11717753115346877 -0.036976470757453216 -0.0053452068123118982 0.0014518633336147706 0.13422839518608873 -0.026294618246634708 0.043300170737008259 0.30326306641101836 -0.056254503981011811 0.078985226874957321 -0.020922837415710091 0.12472481750572721 1.2707033021721298e-05 0.11895945518305809 -0.10217538595199585 0.0030781701038013658 0.010441436990526796 0.066357111432089305 0.027413782429318374 0.020303428465985433 0.017262129925668203 -0.025826907128923469 0.043272691735225889 -0.04842605390573651 -0.033004273488813518 -0.10088306670708042 -0.043597819436164136 -0.14607056374549865
leaf_weight=191 20 347 59 42 8753 6293 135 2477 48 21 183 122 64 24 1002 33 22 4274 131 121 617 2389 1672 486 555 227 245 62 21 25
leaf_count=191 20 347 59 42 8753 6293 135 2477 48 21 183 122 64 24 1002 33 22 4274 131 121 617 2389 1672 486 555 227 245 62 21 25
internal_value=-2.45212e-11 0.0100987 -0.00638799 -0.0055186 -0.00609771 -0.00479448 0.00424042 -0.00996602 0.0732394 0.123014 0.00423434 0.0244516 -0.0141972 0.208043 -0.0114109 0.0224501 0.00794691 0.00406218 -0.0284291 0.0190874 0.00614811 0.0214824 0.0205753 -0.0388788 0.0246336 -0.0626091 -0.00647419 -0.0602683 -0.107505 -0.0682457
internal_weight=30661 11880 18781 18495 18360 17658 6428 11230 135 93 8434 3446 1414 45 1373 3324 7020 5205 314 1815 4891 3291 1793 702 2944 286 1247 126 41 216
internal_count=30661 11880 18781 18495 18360 17658 6428 11230 135 93 8434 3446 1414 45 1373 3324 7020 5205 314 1815 4891 3291 1793 702 2944 286 1247 126 41 216
is_linear=0
shrinkage=0.04


Tree=99
num_leaves=31
num_cat=0
split_feature=12 26 6 1 21 29 36 33 7 18 30 30 12 4 7 37 28 32 21 16 26 22 6 30 38 31 37 17 28 7
split_gain=1142.51 575.937 453.274 1299.42 1446.61 2882.82 630.702 579.13 535.361 482.772 420.679 386.195 331.913 294.887 288.529 273.052 268.16 266.11 276.983 275.076 273.429 264.342 257.916 255.439 203.706 194.566 187.127 174.6 168.632 157.217
threshold=45.265453613500007 22.500140006167154 1.0000000180025095e-35 4.5000000000000009 23.435998689666672 16.896298041264462 17.350000000000005 0.55784343443692286 0.78656609248549303 18.57754196791667 -2.1107858720833277 4.0034515787500009 10.883099809083339 4.5000000000000009 0.98296291314453421 65.469746000000029 1.957387370694412 -1.3088686205833342 62.611773307833339 51.823169205750006 26.109138728465776 50.096457096527807 0.25881904510252091 -6.1604992920833359 10.191666666666668 1.7275604164166671 173.70557600000004 15.847630843000001 15.564667423077131 0.98296291314453421
decision_type=2 2 2 2 2 2 2 2 2 2 2 2 2 2 2 2 2 2 2 2 2 2 2 2 2 2 2 2 2 2
left_child=1 10 6 4 5 -4 9 -6 22 23 24 15 13 -12 -14 28 -11 19 27 20 -17 -21 -5 -3 -1 -10 -8 -19 -2 -26
right_child=11 2 3 8 7 -7 26 -9 25 16 12 -13 14 -15 -16 17 -18 18 -20 21 -22 -23 -24 -25 29 -27 -28 -29 -30 -31
leaf_value=-0.087794953550422383 -0.096544481502087026 -0.092502275336533782 0.045922861034628303 0.031918861720502588 -0.059799736542383408 0.36204727289577326 0.018478635583237642 0.011835104366848252 -0.052814472005020041 0.046046499256672486 0.11129530766606331 0.063951727534062627 -0.0045284327243729538 -0.045224033588771889 -0.051641270290794114 -0.091002881966531279 -0.003579786573021155 0.052275310626659008 0.083285528552387994 0.024916218649333632 0.015904854721587709 -0.068970706198062448 -0.0081762926121557895 -0.019922620861921533 -0.025979602250824432 0.034665234881368551 0.063901058831582966 0.018222582905197064 0.039422616481781012 -0.095460065940493027
leaf_weight=124 54 80 1201 286 191 48 701 3307 539 178 20 293 5006 520 217 40 8197 271 124 71 889 148 2505 2570 607 44 183 2170 20 57
leaf_count=124 54 80 1201 286 191 48 701 3307 539 178 20 293 5006 520 217 40 8197 271 124 71 889 148 2505 2570 607 44 183 2170 20 57
internal_value=-3.29603e-11 -0.00302512 0.000342131 0.00762887 0.0211183 0.0580718 -0.00462685 0.00792365 -0.0113499 -0.00723343 -0.0133206 0.0197085 -0.00957246 -0.039427 -0.00648583 0.0162854 -0.00252504 0.0178017 0.0249657 0.00179502 0.0113017 -0.0385325 -0.00406765 -0.0221137 -0.0407328 -0.0462122 0.0278817 0.0220031 -0.0597966 -0.031944
internal_weight=30661 26581 20030 8121 4747 1249 11909 3498 3374 11025 6551 4080 5763 540 5223 3787 8375 3713 2565 1148 929 219 2791 2650 788 583 884 2441 74 664
internal_count=30661 26581 20030 8121 4747 1249 11909 3498 3374 11025 6551 4080 5763 540 5223 3787 8375 3713 2565 1148 929 219 2791 2650 788 583 884 2441 74 664
is_linear=0
shrinkage=0.04


Tree=100
num_leaves=31
num_cat=0
split_feature=12 30 32 13 40 6 1 20 0 31 14 17 26 38 25 18 0 33 21 40 30 17 20 7 18 29 13 25 22 32
split_gain=1057.89 564.684 538.494 547.088 456.777 445.567 1367.01 466.739 423.464 363.235 361.347 284.504 255.425 330.672 237.692 257.118 209.433 199.135 196.733 192.86 179.565 165.26 174.794 159.585 250.493 139.73 136.773 136.066 128.944 128.774
threshold=25.813349063500002 -1.6479318853333351 -21.500883821666665 29.311549910833339 17.350000000000005 1.0000000180025095e-35 4.5000000000000009 18.718280534000002 14.500000000000002 14.035588828750004 28.880904508250001 25.582265201166667 27.743557900595242 31.575000000000006 35.611093912739584 33.515303996166672 12.500000000000002 0.856573957469977 20.152956534583335 9.2200000000000006 12.319245682500002 15.207415600833334 42.082249658666676 0.60355339059327384 32.591276863583339 14.380914072180884 14.226316544500001 42.009754001309027 33.993530525638924 8.8358060914166714
decision_type=2 2 2 2 2 2 2 2 2 2 2 2 2 2 2 2 2 2 2 2 2 2 2 2 2 2 2 2 2 2
left_child=2 12 23 4 5 7 -7 -4 -6 14 -10 20 13 17 21 -16 -15 -2 -14 -19 25 22 -3 -1 26 -11 -25 -17 -22 -20
right_child=1 9 3 -5 8 6 -8 -9 10 11 -12 -13 18 16 15 27 -18 19 29 -21 28 -23 -24 24 -26 -27 -28 -29 -30 -31
leaf_value=-0.035767060168957046 -0.053043091680905596 -0.011956895399366761 -0.01937883285653997 -0.059898583117354347 -0.036062746510087028 0.022017314048109967 -0.014304268161789235 -0.0027303257220555894 0.040622064173221589 0.014504035513445675 0.19839663273427222 0.079294606231792714 -0.045739917258421581 -0.12091357721601213 -0.0018420529795149642 0.029459859874824953 -0.032249769792473376 -0.012942915883885873 0.0047685177844994323 0.024350968206219802 0.032855494007468226 0.0088409635259963839 -0.11332619469973348 0.00044724249526074061 -0.18927361408869428 0.04757603478831874 -0.10998476903447334 0.083828153107792916 0.17172803059868191 0.040115103380691804
leaf_weight=377 146 223 4471 284 42 3292 3340 6780 48 736 45 198 117 70 465 1321 109 877 2243 297 20 4465 31 38 30 283 34 78 23 178
leaf_count=377 146 223 4471 284 42 3292 3340 6780 48 736 45 198 117 70 465 1321 109 877 2243 297 20 4465 31 38 30 283 34 78 23 178
internal_value=-5.4463e-13 0.00934197 -0.0059093 -0.00481356 -0.00394531 -0.00449867 0.00372508 -0.00934622 0.0693561 0.0155986 0.116965 0.0352747 -0.00281334 -0.0159054 0.0118326 0.0239262 -0.0669228 -0.00898711 0.00491911 -0.00350826 0.0270676 0.00705561 -0.0243287 -0.0477764 -0.0921637 0.0236889 -0.0517012 0.0324911 0.107136 0.00736732
internal_weight=30661 11880 18781 18302 18018 17883 6632 11251 135 7843 93 1260 4037 1499 6583 1864 179 1320 2538 1174 1062 4719 254 479 102 1019 72 1399 43 2421
internal_count=30661 11880 18781 18302 18018 17883 6632 11251 135 7843 93 1260 4037 1499 6583 1864 179 1320 2538 1174 1062 4719 254 479 102 1019 72 1399 43 2421
is_linear=0
shrinkage=0.04


Tree=101
num_leaves=31
num_cat=0
split_feature=12 26 0 8 35 27 0 27 21 8 7 37 0 35 27 8 27 23 21 13 32 28 2 12 25 12 24 34 24 33
split_gain=978.491 528.296 581.103 600.169 605.929 1291.14 585.455 467.816 377.04 471.723 320.841 314.117 313.629 249.445 306.649 315.658 271.68 498.038 285.996 247.41 245.851 205.871 197.939 186.044 182.023 181.933 181.496 177.62 165.764 160.399
threshold=45.265453613500007 18.178351626971729 17.500000000000004 -1.0000000180025095e-35 64.450000000000017 2.8556706280497264 1.0000000180025095e-35 3.0411241224198746 15.184436124583334 -0.60785761079279388 0.37940952255126048 200.69197800000003 1.5000000000000002 41.350000000000001 2.5553579227109897 0.87837969732492682 11.679314648672216 40.583232636180561 33.56159568716668 30.447175813583339 3.4218326868333331 1.957387370694412 290.50000000000006 10.883099809083339 41.364915786322925 57.809910758166673 49.616510703916681 35.150000000000013 43.267242323472232 1.1937831664895979
decision_type=2 2 2 2 2 2 2 2 2 2 2 2 2 2 2 2 2 2 2 2 2 2 2 2 2 2 2 2 2 2
left_child=1 12 3 8 6 -6 -5 11 9 -3 13 21 -1 14 15 22 18 -18 -16 -9 27 -4 -2 -14 -10 -22 -27 -15 -29 -12
right_child=10 2 7 4 5 -7 -8 19 24 -11 29 -13 23 20 16 -17 17 -19 -20 -21 25 -23 -24 -25 -26 26 -28 28 -30 -31
leaf_value=-0.071378468646798088 -0.12413312368668043 -0.029740906714949999 0.048831040926601572 -0.043051022761965846 0.087295365128824007 0.011274338198268695 0.0072958537251688535 -0.025393455121666193 -0.0012937299080579548 0.03431125484406948 0.045828387195347917 -0.042876093730100255 -0.047274189209033333 0.014662207213463493 -0.02732773131015254 0.048103058271937907 0.013743223811499774 -0.11233719032921202 0.051578040208540038 -0.073147781590051072 0.02471441788645656 -0.0052378322401503844 -0.013766183050779195 -0.012091874308871027 0.065978693775259528 0.046945807215105113 0.12382016889624677 -0.0034755835309624671 -0.14284141573038966 0.12739789229852183
leaf_weight=186 78 1484 115 391 472 1473 6735 852 6471 210 135 356 280 2012 102 36 160 73 263 218 717 5569 39 1704 65 294 59 36 22 54
leaf_count=186 78 1484 115 391 472 1473 6735 852 6471 210 135 356 280 2012 102 36 160 73 263 218 717 5569 39 1704 65 294 59 36 22 54
internal_value=-3.04252e-11 -0.00279956 -0.00111824 0.0028381 0.00993442 0.0297226 0.00453335 -0.0107453 -0.00498338 -0.0218006 0.018239 -0.00642679 -0.0217132 0.0157668 -0.00494229 -0.0554742 0.00798645 -0.0257584 0.0295277 -0.0351228 0.0207199 -0.0041439 -0.0873441 -0.0170571 -0.000624711 0.0362876 0.0597945 0.0126728 -0.0563385 0.069134
internal_weight=30661 26581 24411 17301 9071 1945 7126 7110 8230 1694 4080 6040 2170 3891 751 153 598 233 365 1070 3140 5684 117 1984 6536 1070 353 2070 58 189
internal_count=30661 26581 24411 17301 9071 1945 7126 7110 8230 1694 4080 6040 2170 3891 751 153 598 233 365 1070 3140 5684 117 1984 6536 1070 353 2070 58 189
is_linear=0
shrinkage=0.04


Tree=102
num_leaves=31
num_cat=0
split_feature=22 7 32 13 40 6 1 7 31 6 29 22 38 16 17 2 21 14 17 7 31 28 31 26 17 23 29 17 28 12
split_gain=905.579 553.427 505.032 474.562 518.877 371.855 1091.91 392.159 365.259 346.721 347.559 287.624 286.585 289.434 271.795 302.798 227.932 219.141 201.325 284.055 196.059 151.944 140.904 116.893 113.516 123.434 112.676 143.646 102.017 94.29
threshold=24.959646831694503 0.25881904510252057 -21.500883821666665 27.358264135166667 17.350000000000005 1.0000000180025095e-35 4.5000000000000009 0.91597561503675351 -6.8404337318333353 -0.5 10.698487701459198 49.190807557305583 25.333333333333339 20.172980558416668 13.346342045166667 237.50000000000003 13.790694986833335 19.194468526000005 13.173270829500003 -0.9159756150367534 17.460885315250003 15.564667423077131 1.6859916671666666 34.083204416375501 18.964207832500001 13.786187140180557 16.846371493625032 14.226316544500001 15.712953735861703 47.082611474750003
decision_type=2 2 2 2 2 2 2 2 2 2 2 2 2 2 2 2 2 2 2 2 2 2 2 2 2 2 2 2 2 2
left_child=2 8 21 4 5 7 -7 -4 16 10 -6 14 13 22 15 -10 -2 -16 -13 -20 28 23 -3 24 -1 -26 27 -18 -15 -14
right_child=1 12 3 -5 9 6 -8 -9 11 -11 -12 18 29 20 17 -17 26 -19 19 -21 -22 -23 -24 -25 25 -27 -28 -29 -30 -31
leaf_value=-0.051170441464215288 -0.15258191887941214 0.0066154801242085419 -0.004912201758085254 -0.069703465112474522 0.27184940054303125 0.020142760751375725 -0.01292610614821659 -0.023083205968786366 -0.055963201148915689 -0.052769851857796313 0.075457603947826385 0.11663040272214197 0.0031953145914355129 0.031051709876028878 -0.081618513883428376 0.013272253673099831 -0.076627188267616136 0.0050624503487144484 -0.011058015614100126 0.023977273231248587 0.11293663615530188 -0.13233485379526694 0.038273246966501966 -0.11978447026440076 0.071744502347249259 -0.024180367001430777 -0.061357753552772384 -0.0081323615406325035 0.06700695326521007 0.042637626945295118
leaf_weight=262 20 467 8217 178 21 3096 3301 2472 256 20 46 33 819 264 47 167 52 6556 460 1898 88 31 434 28 26 123 81 846 242 110
leaf_count=262 20 467 8217 178 21 3096 3301 2472 256 20 46 33 819 264 47 167 52 6556 460 1898 88 31 434 28 26 123 81 846 242 110
internal_value=-6.31226e-12 0.00809867 -0.00583508 -0.00472682 -0.00405333 -0.00454948 0.00307846 -0.00911453 0.00409255 0.0933849 0.137013 0.00653225 0.0253131 0.036155 0.0024542 -0.0286291 -0.0189051 0.00444546 0.0185157 0.0171426 0.0578312 -0.0467486 0.0218646 -0.0407049 -0.0353175 -0.0074418 -0.0161742 -0.0120987 0.0482477 0.00786556
internal_weight=30661 12840 17821 17351 17173 17086 6397 10689 10416 87 67 9417 2424 1495 7026 423 999 6603 2391 2358 594 470 901 439 411 149 979 898 506 929
internal_count=30661 12840 17821 17351 17173 17086 6397 10689 10416 87 67 9417 2424 1495 7026 423 999 6603 2391 2358 594 470 901 439 411 149 979 898 506 929
is_linear=0
shrinkage=0.04


Tree=103
num_leaves=31
num_cat=0
split_feature=22 30 12 0 0 28 37 37 1 34 16 17 0 25 4 7 15 27 30 17 31 17 32 13 28 4 23 12 21 0
split_gain=837.061 541.146 424.922 546.149 939.023 693.648 471.931 441.337 418.044 404.122 334.801 263.648 246.385 255.193 221.055 255.373 399.124 442.519 371.964 307.892 217.788 215.956 210.399 190.702 244.539 181.192 337.264 175.804 174.43 169.653
threshold=43.674596232138917 -3.6594998777500023 10.883099809083339 5.5000000000000009 1.0000000180025095e-35 18.085017819953297 200.69197800000003 183.92789450000004 1.0000000180025095e-35 28.500000000000004 16.998447269666674 22.975336222583341 17.500000000000004 23.960198711954863 27.500000000000004 -0.9159756150367534 54.54882465883334 7.7673242669072611 -5.8017321689999983 19.787087402250002 39.089395999500006 13.346342045166667 -3.2833068350000043 15.296598014083335 9.6468239701135001 45.500000000000007 13.786187140180557 17.820832214833334 41.290704700145838 13.500000000000002
decision_type=2 2 2 2 2 2 2 2 2 2 2 2 2 2 2 2 2 2 2 2 2 2 2 2 2 2 2 2 2 2
left_child=1 10 8 4 7 -6 9 -4 25 -5 -1 14 13 -12 15 19 18 -18 -17 28 29 -15 -16 24 -10 26 -3 -8 -2 -13
right_child=11 2 3 6 5 -7 27 -9 23 -11 12 20 -14 21 22 16 17 -19 -20 -21 -22 -23 -24 -25 -26 -27 -28 -29 -30 -31
leaf_value=-0.075521456567241865 0.015541898842202501 0.1853665117174387 -0.041384895081108646 -0.0062483248768472237 0.015235261057765829 0.097072404509431928 -0.079358719627044216 0.027830084151374227 -0.042162021025012528 0.0069966338381125771 -0.042143604618497192 0.02526708681039851 -0.055250397871821247 -0.046133537582095187 -0.0089082575171517252 -0.092709479980608994 0.038689276422437739 0.2510582294464111 0.0054691839409678426 -0.10380863928868447 0.10628032753436729 0.0012776477487656125 0.026012183150257814 -0.12181433767885776 0.0025577583562244066 -0.043424641683697703 -0.0013167868455251058 -0.026796252866034154 -0.069099000742925062 0.12840571614412161
leaf_weight=170 128 32 696 11662 4534 172 136 187 678 5389 360 1375 239 175 351 68 73 20 671 81 58 1264 1293 37 275 20 30 405 56 26
leaf_count=170 128 32 696 11662 4534 172 136 187 678 5389 360 1375 239 175 351 68 73 20 671 81 58 1264 1293 37 275 20 30 405 56 26
internal_value=-1.2989e-12 -0.0026331 -0.000907136 0.000231444 0.0111243 0.0182263 -0.00322922 -0.0267267 -0.0255279 -0.00206223 -0.0215913 0.0165891 -0.0170927 -0.0120234 0.00927739 -0.00462864 0.00626329 0.08436 -0.00356485 -0.0388252 0.0303256 -0.00448813 0.0185565 -0.0327168 -0.0292576 0.061265 0.0950359 -0.0400097 -0.0102184 0.0271812
internal_weight=30661 26461 24253 23181 5589 4706 17592 883 1072 17051 2208 4200 2038 1799 2741 1097 832 93 739 265 1459 1439 1644 990 953 82 62 541 184 1401
internal_count=30661 26461 24253 23181 5589 4706 17592 883 1072 17051 2208 4200 2038 1799 2741 1097 832 93 739 265 1459 1439 1644 990 953 82 62 541 184 1401
is_linear=0
shrinkage=0.04


Tree=104
num_leaves=31
num_cat=0
split_feature=26 6 1 21 29 22 30 34 32 7 12 29 20 2 30 12 2 20 18 33 6 17 35 12 35 7 14 34 7 30
split_gain=821.69 752.351 1038.64 1291.75 2413.95 1236.65 559.949 505.729 472.627 464.799 403.825 388.581 349.566 549.517 336.526 373.512 329.188 690.365 319.241 317.66 267.885 357.435 257.905 250.4 214.374 207.287 325.098 213.296 196.923 265.339
threshold=25.307352910211566 1.0000000180025095e-35 4.5000000000000009 23.153564771000003 16.896298041264462 15.481663082083349 -2.3983328199166665 35.350000000000009 -1.3088686205833342 0.78656609248549303 18.964073294750005 18.179630741119766 11.221184212083335 196.50000000000003 -5.4686147665833333 39.200967977416674 34.500000000000007 12.196427913250002 16.267003637250003 0.50685613346921965 0.25881904510252091 20.027461615833335 27.600000000000005 15.472375081500003 39.45000000000001 -0.78656609248549325 48.506589290416677 35.350000000000009 -0.9159756150367534 1.8759388430000012
decision_type=2 2 2 2 2 2 2 2 2 2 2 2 2 2 2 2 2 2 2 2 2 2 2 2 2 2 2 2 2 2
left_child=6 7 3 4 5 -3 22 12 19 20 16 -10 13 -2 -14 -16 17 -8 -6 -5 -4 -22 -1 -15 -19 26 -12 -27 29 -18
right_child=1 2 9 8 18 -7 10 -9 11 -11 25 -13 14 23 15 -17 28 24 -20 -21 21 -23 -24 -25 -26 27 -28 -29 -30 -31
leaf_value=-0.010254038257275571 -0.067294984923468693 0.15344818271599808 0.041501603208143605 -0.063068937610014017 0.25454360595771247 0.028698581866562285 0.17678608920329655 0.027307136849495674 0.021362174412173966 -0.045447542272032938 -0.0084330876082666425 0.087653630363528398 -0.04292899770205575 0.078674880923896004 -0.00594797994537244 0.054685352244470499 0.040834989544807694 -0.007872877464116532 0.46378431618213656 0.004274749754083389 -0.029569010625816766 0.0067165143602151128 -0.045123935821700038 0.25763319035822696 0.056392108687758444 0.0058785026380526045 -0.13377755525028881 0.13366482496261597 -0.019610026310829046 -0.032116175365868867
leaf_weight=554 27 154 220 118 28 729 39 816 3210 439 1261 148 386 29 7834 166 204 490 20 2230 642 1343 876 22 100 4362 34 21 4028 131
leaf_count=554 27 154 220 118 28 729 39 816 3210 439 1261 148 386 29 7834 166 204 490 20 2230 642 1343 876 22 100 4362 34 21 4028 131
internal_value=2.54327e-11 0.00528704 0.0133398 0.0217856 0.0654728 0.0504556 -0.00811015 -0.00276661 0.0146575 -0.00786087 -0.00496003 0.0242839 -0.00566597 0.0786223 -0.00644995 -0.00468984 -0.0132592 0.0137936 0.341727 0.000890357 -0.00037763 -0.00501916 -0.0316149 0.155873 0.00301949 0.00233646 -0.011724 0.00649076 -0.0171593 0.0123078
internal_weight=30661 18561 9281 6637 931 883 12100 9280 5706 2644 10670 3358 8464 78 8386 8000 4992 629 48 2348 2205 1985 1430 51 590 5678 1295 4383 4363 335
internal_count=30661 18561 9281 6637 931 883 12100 9280 5706 2644 10670 3358 8464 78 8386 8000 4992 629 48 2348 2205 1985 1430 51 590 5678 1295 4383 4363 335
is_linear=0
shrinkage=0.04


Tree=105
num_leaves=31
num_cat=0
split_feature=26 6 1 21 22 26 27 7 34 30 32 7 12 20 2 35 33 33 35 14 7 31 37 6 7 8 1 37 35 34
split_gain=757.269 693.366 957.21 1190.48 1271.06 1526.1 962.553 518.27 466.08 441.549 435.573 428.359 341.696 322.16 506.435 331.421 296.485 292.755 285.558 303.934 265.818 256.531 253.238 246.883 299.116 242.829 230.756 211.199 377.782 169.62
threshold=25.307352910211566 1.0000000180025095e-35 4.5000000000000009 23.153564771000003 15.481663082083349 34.553094464547321 3.8301720166386928 0.98296291314453421 35.350000000000009 -2.3983328199166665 -1.3088686205833342 0.78656609248549303 12.463435888916669 11.221184212083335 196.50000000000003 49.750000000000007 2.0416351022123562 0.50685613346921965 77.250000000000014 15.387575671000002 0.91597561503675351 10.311778540250002 175.34183500000003 0.25881904510252091 -0.5 0.6078576107927941 5.5000000000000009 179.00156150000007 64.450000000000017 10.600000000000001
decision_type=2 2 2 2 2 2 2 2 2 2 2 2 2 2 2 2 2 2 2 2 2 2 2 2 2 2 2 2 2 2
left_child=7 8 3 4 6 -6 -3 9 13 22 17 23 18 14 -2 16 -15 -5 19 -11 -17 -12 26 -4 -25 -16 29 28 -14 -1
right_child=1 2 11 10 5 -7 -8 -9 -10 12 21 -13 27 15 25 20 -18 -19 -20 -21 -22 -23 -24 24 -26 -27 -28 -29 -30 -31
leaf_value=-0.06431112242877976 -0.064603186271808763 0.21348744644568515 0.039841538520021869 -0.060546180721435507 0.022529945419252177 0.21137430900021603 -0.025559471687849833 -0.047412332411314331 0.026214851299620361 -0.019176949052347559 0.017343047544738064 -0.043629640466480567 -0.00028104983023912226 0.0024307091860813232 0.076612258295218144 -0.0074835771431822793 0.13551388563933198 0.0041037596339368234 0.067072442073661545 -0.07672324121335132 -0.028932740020292308 0.043788365648966036 -0.11254761163835171 -0.026794101518639413 0.0061528672776490967 0.25395970588638667 -0.085511156419640064 -0.031517046579450328 0.091092981564467906 -0.014343326849753162
leaf_weight=121 27 130 220 118 691 76 34 506 816 862 2600 439 8752 3349 30 3787 27 2230 52 177 1223 758 54 661 1324 21 91 343 73 1069
leaf_count=121 27 130 220 118 691 76 34 506 816 862 2600 439 8752 3349 30 3787 27 2230 52 177 1223 758 54 661 1324 21 91 343 73 1069
internal_value=8.98792e-12 0.00507556 0.0128062 0.0209142 0.0628539 0.041242 0.163929 -0.00778574 -0.00265595 -0.00605631 0.0140712 -0.00754644 -0.00324038 -0.00543933 0.0754774 -0.00619195 0.00349506 0.000854742 -0.0244022 -0.0289803 -0.0127196 0.0233125 -0.0276957 -0.000362524 -0.00481839 0.149638 -0.0241188 -0.00072211 0.000474792 -0.0194241
internal_weight=30661 18561 9281 6637 931 767 164 12100 9280 11594 5706 2644 10259 8464 78 8386 3376 2348 1091 1039 5010 3358 1335 2205 1985 51 1281 9168 8825 1190
internal_count=30661 18561 9281 6637 931 767 164 12100 9280 11594 5706 2644 10259 8464 78 8386 3376 2348 1091 1039 5010 3358 1335 2205 1985 51 1281 9168 8825 1190
is_linear=0
shrinkage=0.04


Tree=106
num_leaves=31
num_cat=0
split_feature=26 0 30 5 21 24 29 21 6 21 33 33 0 33 35 35 7 17 23 15 38 38 11 20 21 13 6 0 5 30
split_gain=718.082 860.5 580.931 433.964 1342.15 768.152 448.872 530.139 473.754 402.26 360.574 357.151 270.854 268.094 296.259 894.014 486.793 270.601 369.026 253.901 253.226 232.682 217.124 214.556 202.75 201.582 182.328 157.285 154.998 144.34
threshold=28.035789475293157 16.500000000000004 -2.3983328199166665 1.0000000180025095e-35 10.489384900166668 22.760182932284724 18.179630741119766 17.553469881333339 0.37940952255126054 15.462408349166667 0.44830189007764393 0.856573957469977 22.500000000000004 1.2131586858552417 40.650000000000006 39.750000000000007 0.78656609248549303 20.978036068250006 15.80281098738889 36.127870093083338 12.033333333333337 30.383333333333336 0.25000000000000017 18.411760921000003 35.795493741750001 24.851543538333335 1.0000000180025095e-35 2.5000000000000004 1.0000000180025095e-35 -1.6479318853333351
decision_type=2 2 2 2 2 2 2 2 2 2 2 2 2 2 2 2 2 2 2 2 2 2 2 2 2 2 2 2 2 2
left_child=2 3 11 4 5 -2 8 -8 -6 19 28 -1 23 14 15 -12 -16 29 -19 27 -13 26 -14 25 -25 -3 -22 -5 -4 -15
right_child=1 12 10 9 6 -7 7 -9 -10 -11 13 20 22 17 16 -17 -18 18 -20 -21 21 -23 -24 24 -26 -27 -28 -29 -30 -31
leaf_value=-0.060194710464641935 0.36887790520985925 -0.016648532129911475 -0.063391154398138708 -0.049271168675319839 0.0032555700037571818 0.064261726949077391 0.25635184901101249 0.049041459643531862 0.025201907571095378 0.0065911900358713495 0.00018717716769796761 -0.059952454954086243 -0.0467766805892261 -0.048381457825862742 -0.0019594223001136658 0.13631699952559592 -0.028075227750603525 0.19067617504493051 0.027608397643392287 -0.17499671500921249 -0.022626146357826785 -0.052566288598065308 0.017089123460508528 0.00030034050753132108 -0.077214968827637759 -0.087126487516209314 0.0051544019173727267 0.0019406381080735405 -0.018333696593343215 0.0053420551187561265
leaf_weight=368 27 256 195 242 2962 26 21 328 3358 2324 7428 199 451 86 3330 78 1738 23 642 20 672 203 105 2937 55 87 864 159 327 1150
leaf_count=368 27 256 195 242 2962 26 21 328 3358 2324 7428 199 451 86 3330 78 1738 23 642 20 672 203 105 2937 55 87 864 159 327 1150
internal_value=2.26541e-11 0.00696697 -0.00537853 0.0134756 0.0189483 0.219444 0.0173549 0.0615157 0.0149163 7.39271e-05 -0.00250452 -0.0240696 -0.00886885 -0.00132669 -0.00344334 0.0016018 -0.0109155 0.0126737 0.0332483 -0.0359026 -0.0172099 -0.0123188 -0.0347157 -0.00455975 -0.00112457 -0.0345249 -0.00699959 -0.0289652 -0.0351655 0.00160401
internal_weight=30661 13358 17303 9467 6722 53 6669 349 6320 2745 14997 2306 3891 14475 12574 7506 5068 1901 665 421 1938 1739 556 3335 2992 343 1536 401 522 1236
internal_count=30661 13358 17303 9467 6722 53 6669 349 6320 2745 14997 2306 3891 14475 12574 7506 5068 1901 665 421 1938 1739 556 3335 2992 343 1536 401 522 1236
is_linear=0
shrinkage=0.04


Tree=107
num_leaves=31
num_cat=0
split_feature=12 32 0 16 30 31 21 35 38 1 0 7 38 12 0 22 16 30 30 27 18 27 7 30 6 15 32 29 3 30
split_gain=665.1 441.134 403.742 458.933 402.968 364.538 360.118 327.531 824.926 1502.47 320.232 274.309 447.783 392.932 822.438 306.449 293.709 286.629 264.856 239.569 211.866 200.26 185.733 178.287 174.947 165.25 161.737 153.193 150.712 148.243
threshold=24.980122713000004 -21.500883821666665 8.5000000000000018 15.930548489833336 -1.1381883096666685 -3.9178444413333309 15.082617220000003 64.450000000000017 23.083333333333339 4.5000000000000009 22.500000000000004 0.91597561503675351 27.183333333333341 12.463435888916669 3.5000000000000004 13.208028399777801 18.071703499000005 3.5314629763333341 -3.3607457415833335 0.19331082208901171 59.666266569166673 0.44782536006460455 -0.98296291314453399 -6.1604992920833359 0.91597561503675362 20.976559928583338 0.33427820649999879 18.179630741119766 3.5000000000000004 2.8031257199166686
decision_type=2 2 2 2 2 2 2 2 2 2 2 2 2 2 2 2 2 2 2 2 2 2 2 2 2 2 2 2 2 2
left_child=1 -1 3 23 7 6 -4 18 9 -9 -10 13 17 16 -15 -14 -6 -13 28 -7 25 -5 -20 -2 -25 -21 -23 -28 -3 -8
right_child=2 4 5 21 11 19 29 8 10 -11 -12 12 15 14 -16 -17 -18 -19 22 20 -22 26 -24 24 -26 -27 27 -29 -30 -31
leaf_value=-0.043285625122565154 -0.078323368870693702 -0.021099669630777963 -0.15395581237731443 -0.018015804188555959 -0.01124563328340827 0.04225260912857616 -0.018410605074747368 0.16749066001382368 -0.0027926668901741502 -0.071564376092318333 -0.066210072208961399 0.0012623875834451815 0.042578452030817671 0.032386381467182569 -0.00024508546969943096 -0.058363589104686392 -0.065411873357321224 -0.089692036964256192 0.053936521240146994 -0.067299080956727264 0.051608078363465495 0.017336644266774053 -0.017973089528597445 0.025143033974066691 -0.0057198532509614534 0.0029721425635071967 0.033882797750672745 0.10241140671350339 -0.062236692774011781 0.064112316717704135
leaf_weight=468 46 235 31 162 1050 265 1071 116 1000 66 146 1254 54 1438 8789 442 189 58 59 54 143 1330 2215 384 1252 6332 1560 54 362 36
leaf_count=468 46 235 31 162 1050 265 1071 116 1000 66 146 1254 54 1438 8789 442 189 58 59 54 143 1330 2215 384 1252 6332 1560 54 362 36
internal_value=1.015e-11 -0.00496056 0.00699665 0.016169 -0.00393405 0.00145991 -0.0194924 -0.0147344 0.00169151 0.0808004 -0.010872 -0.000517536 -0.0149981 0.00176581 0.00434317 -0.0473739 -0.0195083 -0.00275846 -0.0223324 0.00496944 0.00345618 0.0252822 -0.0161074 -0.000659457 0.00152425 0.00237793 0.0276648 0.0361756 -0.0460437 -0.0157269
internal_weight=30661 17941 12720 4788 17473 7932 1138 4199 1328 182 1146 13274 1808 11466 10227 496 1239 1312 2871 6794 6529 3106 2274 1682 1636 6386 2944 1614 597 1107
internal_count=30661 17941 12720 4788 17473 7932 1138 4199 1328 182 1146 13274 1808 11466 10227 496 1239 1312 2871 6794 6529 3106 2274 1682 1636 6386 2944 1614 597 1107
is_linear=0
shrinkage=0.04


Tree=108
num_leaves=31
num_cat=0
split_feature=26 33 22 2 25 17 36 25 30 32 38 12 22 35 35 27 30 7 22 12 12 15 7 33 37 37 21 25 30 10
split_gain=643.037 600.938 551.392 914.067 454.398 557.241 394.779 402.057 345.094 312.681 339.77 285.136 277.152 254.357 533.962 833.063 361.23 400.879 353.506 239.8 226.943 196.117 170.857 154.627 133.922 149.107 108.18 104.028 95.1708 87.0285
threshold=22.500140006167154 1.2131586858552417 13.915278569833356 194.50000000000003 35.611093912739584 41.557317371937508 2.8500000000000019 42.009754001309027 -2.1107858720833277 -6.5538835589999991 27.350000000000005 14.348040600333333 17.511319852777806 40.650000000000006 39.750000000000007 1.7861981967043372 -5.8017321689999983 0.78656609248549303 55.318189615722268 7.737544311833334 17.654167329833339 16.841788871833334 0.98296291314453421 0.57586636968216143 57.171691500000016 79.303488000000016 23.333886674000002 16.377469160486111 1.2142745931666623 0.93301270189221952
decision_type=2 2 2 2 2 2 2 2 2 2 2 2 2 2 2 2 2 2 2 2 2 2 2 2 2 2 2 2 2 2
left_child=8 4 3 -3 13 6 7 -6 21 27 12 -8 -11 14 18 -16 23 -18 -2 28 -12 -1 24 -15 -21 -26 -7 -4 -10 -23
right_child=1 2 9 -5 5 26 11 -9 19 10 20 -13 -14 16 15 -17 17 -19 -20 22 -22 29 -24 -25 25 -27 -28 -29 -30 -31
leaf_value=-0.070910305288865383 0.0035388086725885491 -0.013718839558688077 -0.1074070388674736 0.35991595029830931 0.047926294023505643 -0.014209762565668329 -0.10266181767948213 0.18290511028888898 -0.041319754099845882 0.10623249474004276 -0.076210449889021106 0.019600894854106113 0.030631100176584745 -0.13773252840042113 0.27801559024843675 0.012223443979466404 0.00059919920247082582 -0.016827631906204527 -0.15357709607352382 0.031403325184617401 0.0089711325637447988 -0.032923384823122827 -0.040960736763470458 -0.035348906971854097 -0.015937333106524669 -0.0013753789729961557 0.0054964437960052862 -0.013179187685886653 -0.12421619516152602 0.0018154998202072948
leaf_weight=190 6037 22 20 20 373 899 31 39 150 82 53 1971 1441 25 29 54 7435 2950 23 159 897 479 217 422 1625 3657 884 299 26 152
leaf_count=190 6037 22 20 20 373 899 31 39 150 82 53 1971 1441 25 29 54 7435 2950 23 159 897 479 217 422 1625 3657 884 299 26 152
internal_value=-1.02437e-11 0.00304999 0.020348 0.164202 0.000734553 0.0125196 0.0250458 0.0607034 -0.011002 0.018184 0.0229917 0.0177077 0.0347016 -0.00217926 0.00432265 0.105091 -0.0058666 -0.00435113 0.00294249 -0.007585 0.0042189 -0.035283 -0.0061547 -0.0410751 -0.00476655 -0.00585534 -0.00443955 -0.0190869 -0.0535658 -0.0245552
internal_weight=30661 24006 2834 42 21172 4197 2414 412 6655 2792 2473 2002 1523 16975 6143 83 10832 10385 6060 5834 950 821 5658 447 5441 5282 1783 319 176 631
internal_count=30661 24006 2834 42 21172 4197 2414 412 6655 2792 2473 2002 1523 16975 6143 83 10832 10385 6060 5834 950 821 5658 447 5441 5282 1783 319 176 631
is_linear=0
shrinkage=0.04


Tree=109
num_leaves=31
num_cat=0
split_feature=26 6 1 21 21 29 30 12 2 34 27 40 34 7 33 32 12 20 20 7 30 38 38 7 1 33 6 21 32 12
split_gain=617.122 505.975 578.632 1282.02 714.762 1272.23 487.497 425.922 509.734 1041.72 780.624 391.101 363.12 325.922 317.476 315.824 250.345 611.389 248.188 216.921 278.176 212.757 213.039 207.143 201.144 201.082 191.272 214.59 182.858 180.53
threshold=28.035789475293157 1.0000000180025095e-35 4.5000000000000009 10.87612217641667 24.753552856416672 16.896298041264462 -2.3983328199166665 19.194468526000005 36.500000000000007 10.600000000000001 2.1678996853231083 17.150000000000006 28.850000000000005 0.91597561503675351 0.856573957469977 1.394428261583337 14.91632326691667 11.88713500566667 12.728903979583333 -0.9159756150367534 2.6915600868333356 12.033333333333337 30.383333333333336 -0.78656609248549325 5.5000000000000009 0.94443207451210143 0.25881904510252091 15.280320524000002 7.2952799316666672 13.173270829500003
decision_type=2 2 2 2 2 2 2 2 2 2 2 2 2 2 2 2 2 2 2 2 2 2 2 2 2 2 2 2 2 2
left_child=6 12 3 -3 5 -5 14 8 9 10 -8 23 16 26 -1 -6 -2 -18 -11 20 -10 -16 24 -9 -23 -13 -4 -28 -27 -21
right_child=1 2 13 4 15 -7 7 11 19 18 -12 25 -14 -15 21 -17 17 -19 -20 29 -22 22 -24 -25 -26 28 27 -29 -30 -31
leaf_value=-0.056167817799698407 -0.076869834504607659 0.25317632343423996 0.042198378073028578 0.044883883567551845 0.0047989747730005326 0.27570045415948075 0.23578837078914308 -0.0095028055404050831 0.033577598648461396 0.10268040603712984 0.012925683498382568 -0.016933252485025498 0.0075693726769285666 -0.058840496117249133 -0.054819368937956033 0.027428669107310979 0.16474097684025765 -0.011012392880803936 -0.0017611231464965671 -0.029789319028812208 -0.038024713115491826 -0.0024993417673719819 -0.049668723534187074 0.0060384450443833225 -0.064784362004561863 0.17368262748987903 -0.040904520016233875 0.0022645628319321134 0.026731521815061568 -0.012564017139408617
leaf_weight=368 90 38 162 561 2446 41 57 1736 301 38 45 21 3496 160 199 1654 32 3059 867 1297 122 1448 203 6548 88 42 212 1407 20 3903
leaf_count=368 90 38 162 561 2446 41 57 1736 301 38 45 21 3496 160 199 1654 32 3059 867 1297 122 1448 203 6548 88 42 212 1407 20 3903
internal_value=-1.17043e-11 0.00645866 0.0142412 0.0217742 0.0199041 0.0606039 -0.00498612 -0.00235335 -0.00992605 0.0162826 0.137467 0.00364725 -0.00132858 -0.00415449 -0.0221083 0.0139281 -0.0111077 -0.00919288 0.00262427 -0.0146196 0.0129263 -0.0156408 -0.0111575 0.00278161 -0.00606775 0.0900446 0.000758349 -0.00338821 0.126279 -0.0168604
internal_weight=30661 13358 6681 4740 4702 602 17303 14997 6630 1007 102 8367 6677 1941 2306 4100 3181 3091 905 5623 423 1938 1739 8284 1536 83 1781 1619 62 5200
internal_count=30661 13358 6681 4740 4702 602 17303 14997 6630 1007 102 8367 6677 1941 2306 4100 3181 3091 905 5623 423 1938 1739 8284 1536 83 1781 1619 62 5200
is_linear=0
shrinkage=0.04


Tree=110
num_leaves=31
num_cat=0
split_feature=26 0 35 35 1 22 32 29 6 6 40 16 22 10 24 20 22 1 31 28 18 21 19 37 18 28 16 19 26 21
split_gain=568.74 688.781 345.119 1069.08 748.101 519.612 344.708 548.032 324.765 364.258 796.013 324.519 311.804 304.83 273.2 230.106 229.566 480.685 227.906 218.517 216.931 202.923 463.84 261.177 377.449 308.613 200.522 267.332 216.338 199.719
threshold=28.035789475293157 16.500000000000004 40.650000000000006 39.750000000000007 4.5000000000000009 43.123731581138919 1.3531016354166658 18.179630741119766 0.60355339059327384 -0.5 17.350000000000005 15.651550480166668 16.968822143666696 -0.6830127018922193 45.780583828763902 18.565323465833334 17.511319852777806 3.5000000000000004 6.8498443293478397 3.6299428591188985 17.338612666583337 14.894015210000001 10.50174412841667 179.00156150000007 14.224177527166669 18.335238552152791 40.098809374750012 43.321350993000003 22.053897890997849 35.795493741750001
decision_type=2 2 2 2 2 2 2 2 2 2 2 2 2 2 2 2 2 2 2 2 2 2 2 2 2 2 2 2 2 2
left_child=2 6 3 14 12 8 21 16 9 10 -4 -10 -5 -11 26 -3 17 -8 -18 -13 -9 22 -2 24 -23 -25 28 -28 -1 -17
right_child=1 15 5 4 -6 -7 7 20 11 13 -12 19 -14 -15 -16 29 18 -19 -20 -21 -22 23 -24 25 -26 -27 27 -29 -30 -31
leaf_value=-0.0070437520422852087 0.12826166625680593 -0.032928757011058941 -0.011529685098382711 0.26285356413234362 -0.04484080141988294 0.024232922052087123 0.15795736394169038 0.18737267478786668 -0.019369181738497273 -0.0035205693351351877 0.13797373962856957 -0.023924028322346937 0.097229217098605256 -0.036662870942781617 0.078068686114705133 -0.0029026427659035311 0.010682952812086303 0.013430279239725609 0.038119075389239136 0.018062501871471952 0.069007548336597044 0.09622791661909133 -0.039264400148640077 0.015564069530744341 -0.00032134815328371065 0.081545092848953143 -0.01544374153521162 -0.13310881236568092 0.0056157980250829565 -0.078416722775028466
leaf_weight=3848 29 513 1666 44 29 605 57 29 1030 558 59 242 31 2174 69 3321 2666 104 592 1099 170 66 300 1811 3522 121 894 32 4923 57
leaf_count=3848 29 513 1666 44 29 605 57 29 1030 558 59 242 31 2174 69 3321 2666 104 592 1099 170 66 300 1811 3522 121 894 32 4923 57
internal_value=1.25225e-13 0.00620031 -0.00478667 0.000115709 0.127685 -0.0112964 0.0120234 0.0217282 -0.0144445 -0.0208072 -0.00641623 -0.00248384 0.194396 -0.0298937 -0.0012428 -0.00796759 0.0179724 0.0645983 0.0156683 0.0104855 0.0862567 0.00602035 -0.0244977 0.00783926 0.00145464 0.0196964 -0.00180715 -0.0195099 6.18192e-05 -0.00417686
internal_weight=30661 13358 17303 9870 104 7433 9467 3618 6828 4457 1725 2371 75 2732 9766 3891 3419 161 3258 1341 199 5849 329 5520 3588 1932 9697 926 8771 3378
internal_count=30661 13358 17303 9870 104 7433 9467 3618 6828 4457 1725 2371 75 2732 9766 3891 3419 161 3258 1341 199 5849 329 5520 3588 1932 9697 926 8771 3378
is_linear=0
shrinkage=0.04


Tree=111
num_leaves=31
num_cat=0
split_feature=12 13 32 30 25 23 30 30 1 7 12 31 37 31 30 25 35 34 17 16 16 27 6 28 0 15 15 34 24 32
split_gain=509.09 439.865 411.372 332.37 325.278 384.241 308.46 287.354 254.895 249.676 198.749 176.92 176.08 161.037 161.015 160.794 146.555 209.264 130.716 127.05 125.273 123.177 109.324 107.211 93.0566 87.924 82.1088 81.6851 81.6271 74.0948
threshold=24.980122713000004 29.311549910833339 -21.500883821666665 1.4644236081666719 42.009754001309027 24.490277615000004 -1.4107220545833348 -15.67356818033333 4.5000000000000009 0.91597561503675351 65.558564078166683 -3.9178444413333309 65.469746000000029 4.4192899856666665 15.4369643515 40.949519703520444 64.450000000000017 20.550000000000004 7.737544311833334 20.903366226750006 45.265453613500007 17.894122973520428 0.91597561503675362 13.097072541553628 10.500000000000002 8.9031817996666689 65.558564078166683 35.150000000000013 13.984625814493056 -2.371834602833331
decision_type=2 2 2 2 2 2 2 2 2 2 2 2 2 2 2 2 2 2 2 2 2 2 2 2 2 2 2 2 2 2
left_child=1 2 16 7 6 -6 8 20 -4 -8 11 12 -9 15 21 25 28 -18 -13 -19 -2 22 -15 -22 26 -5 -12 -3 -1 -25
right_child=3 27 4 13 5 -7 9 10 -10 -11 24 18 -14 14 -16 -17 17 19 -20 -21 23 -23 -24 29 -26 -27 -28 -29 -30 -31
leaf_value=-0.051389653281957819 -0.10712655635256516 -0.077082925714111253 -0.0062386537124992751 -0.047565923996624494 0.23543391534686087 0.0002092501401901245 0.0018381967372367977 -0.087141563528113905 -0.030025098691146217 -0.013583186956568996 0.049893444646149872 -0.080688510877745492 -0.0068401935819314939 0.032586370047867345 0.10252064509391785 0.071850092119496806 -0.18636276841163635 -0.024463074990623706 0.0058871967426034344 -0.11985465992242098 0.0533329757400181 0.064535722407745202 -0.0020610808616258066 -0.072905887978849934 -0.0073166250228881837 0.010994912574517509 0.13608447245189123 -0.022912956796704777 -0.011059662724004649 -0.019209937352201216
leaf_weight=132 38 152 2226 42 20 25 11969 45 1066 1954 48 28 1501 466 50 69 23 74 8077 32 23 128 212 64 25 1761 28 63 205 115
leaf_count=132 38 152 2226 42 20 25 11969 45 1066 1954 48 28 1501 466 50 69 23 74 8077 32 23 128 212 64 25 1761 28 63 205 115
internal_value=9.89001e-12 -0.00433995 -0.00365017 0.00612131 -0.00264891 0.104754 -0.00292966 0.00274281 -0.0139411 -0.000326091 0.00380696 0.00322279 -0.00917756 0.0184959 0.0328679 0.0119241 -0.0407352 -0.0769919 0.00558811 -0.0532605 -0.040497 0.028547 0.0217527 -0.0279627 0.0596271 0.00963077 0.081648 -0.0612099 -0.0268566 -0.0384085
internal_weight=30661 17941 17726 12720 17260 45 17215 9992 3292 13923 9752 9651 1546 2728 856 1872 466 129 8105 106 240 806 678 202 101 1803 76 215 337 179
internal_count=30661 17941 17726 12720 17260 45 17215 9992 3292 13923 9752 9651 1546 2728 856 1872 466 129 8105 106 240 806 678 202 101 1803 76 215 337 179
is_linear=0
shrinkage=0.04


Tree=112
num_leaves=31
num_cat=0
split_feature=31 25 6 18 29 29 30 12 23 17 17 7 34 0 28 24 16 0 0 32 35 30 18 34 16 24 18 14 38 16
split_gain=472.485 469.428 525.716 555.067 1068.84 560.21 366.443 368.792 332.09 297.27 288.04 269.415 645.061 447.2 259.859 247.452 246.465 285.169 239.669 230.44 223.59 211.313 204.728 178.37 175.849 165.78 162.485 154.706 145.138 160.326
threshold=15.154017017250004 35.611093912739584 1.0000000180025095e-35 26.183087035916671 16.896298041264462 13.708412383107197 -2.3983328199166665 13.677909053500002 17.977679611541671 21.473198783250005 15.753881545250001 0.91597561503675351 25.300000000000004 3.5000000000000004 11.98804727067319 23.458127910826395 16.920962841583336 17.500000000000004 10.500000000000002 -19.573595013333328 64.450000000000017 -7.4043781490833327 18.503819209833335 25.300000000000004 22.17481329766667 25.517776490833334 38.665767252083342 59.666266569166673 30.933333333333341 54.012135563416678
decision_type=2 2 2 2 2 2 2 2 2 2 2 2 2 2 2 2 2 2 2 2 2 2 2 2 2 2 2 2 2 2
left_child=1 6 14 4 5 -4 16 8 19 28 -5 13 -13 -9 -3 -6 21 20 -12 -8 -18 -1 -19 24 -11 -25 -16 -28 -2 -30
right_child=9 2 3 10 15 -7 7 11 -10 23 18 12 -14 -15 26 -17 17 22 -20 -21 -22 -23 -24 25 -26 -27 27 -29 29 -31
leaf_value=-0.14393634758889676 0.010941808389396205 0.054576013331286248 0.18063669389639145 0.095611233643881272 0.16354322081804276 0.012356246927132209 -0.0534038940359923 0.02626408561625998 -0.1200124153677298 0.041819079388107097 0.02069983697071644 -0.00013744658286367095 -0.054194612976480594 0.00026475542358068467 -0.0077818415571398103 0.35794674439863727 -0.012020958362551784 -0.087970771631773775 -0.020695059511938025 -0.010135558870833658 0.019432731135627802 -0.036563567784681193 -0.024020419200768278 -0.041113503755707485 0.1050200497479666 0.033382032551882143 0.068698947070757063 -0.050758221715011383 -0.09156878697159497 0.041817412433170137
leaf_weight=32 1061 122 39 73 20 168 220 1135 49 214 1501 1369 476 15708 2117 22 2424 119 263 1879 425 351 245 57 105 296 82 22 46 21
leaf_count=32 1061 122 39 73 20 168 220 1135 49 214 1501 1369 476 15708 2117 22 2424 119 263 1879 425 351 245 57 105 296 82 22 46 21
internal_value=-3.45074e-11 -0.00124006 0.0107416 0.0253469 0.0813911 0.0440613 -0.00341207 -0.00137697 -0.0170736 0.0198829 0.0177503 0.000427211 -0.0140839 0.00201677 -0.00226174 0.265374 -0.0152039 -0.0115884 0.0145281 -0.0146706 -0.00732885 -0.0455347 -0.0449273 0.0409435 0.0626219 0.021353 -0.00538385 0.0434292 0.00733622 -0.0497612
internal_weight=30661 28861 4429 2086 249 207 24432 20836 2148 1800 1837 18688 1845 16843 2343 42 3596 3213 1764 2099 2849 383 364 672 319 353 2221 104 1128 67
internal_count=30661 28861 4429 2086 249 207 24432 20836 2148 1800 1837 18688 1845 16843 2343 42 3596 3213 1764 2099 2849 383 364 672 319 353 2221 104 1128 67
is_linear=0
shrinkage=0.04


Tree=113
num_leaves=31
num_cat=0
split_feature=26 17 1 21 27 16 32 29 21 18 31 35 35 6 6 19 27 31 22 42 16 40 28 40 40 35 37 42 2 42
split_gain=498.771 423.329 534.672 545.983 724.439 653.975 419.512 593.136 339.65 331.107 307.552 295.169 487.638 362.008 308.341 292.262 260.748 260.709 254.777 243.541 257.413 241.933 237.372 163.574 366.567 283.75 161.829 279.477 373.484 287.016
threshold=25.307352910211566 39.644781087000005 4.5000000000000009 13.654271248666669 2.9882258503605867 18.071703499000005 -1.3466319736666674 18.179630741119766 15.91243677175 10.88261694741667 16.270333617750001 40.650000000000006 39.750000000000007 0.60355339059327384 -0.5 18.643834782083335 2.1678996853231083 -14.975119652445395 12.518205734138901 786.37033051562742 36.499237467666674 17.350000000000005 9.1852665460189886 5.910000000000001 6.3500000000000005 64.450000000000017 87.901968500000024 786.37033051562742 279.50000000000006 732.78049202940292
decision_type=2 2 2 2 2 2 2 2 2 2 2 2 2 2 2 2 2 2 2 2 2 2 2 2 2 2 2 2 2 2
left_child=11 2 3 4 5 -2 17 -8 19 -3 15 12 26 14 21 -11 -14 -5 -15 20 -4 -13 -6 25 -25 -16 -1 29 -29 -28
right_child=1 9 8 6 22 -7 7 -9 -10 10 -12 13 16 18 23 -17 -18 -19 -20 -21 -22 -23 -24 24 -26 -27 27 28 -30 -31
leaf_value=-0.0069065770804548308 0.28514627796080377 0.12014548558177371 -0.025285681968036457 -0.044757330889535672 0.10567008895874024 0.081008351113624782 0.016331481431889238 0.089989819368193155 0.0022155598534034501 -0.027935701794902536 0.098266779739748358 -0.0078980268434517917 0.18692051443186675 -0.032537296757397124 -0.032216973500509165 -0.0030090086197886085 0.023982254405816396 0.0034220677006101007 0.0063340281997822856 0.08055181196507287 -0.17040448546409606 0.12085337019215027 -0.035749084209150905 -0.19599112578800745 -0.045502917648009636 0.034363783765416427 0.0068555505929062503 0.093112212072719219 -0.078163800168037409 -0.036604987799921988
leaf_weight=4743 36 33 883 191 25 83 5204 181 3995 940 44 864 33 329 1324 3775 30 3038 1499 34 20 24 79 28 345 111 2364 110 25 271
leaf_count=4743 36 33 883 191 25 83 5204 181 3995 940 44 864 33 329 1324 3775 30 3038 1499 34 20 24 79 28 345 111 2364 110 25 271
internal_value=1.18211e-11 0.00411917 0.0076829 0.0135715 0.0753656 0.142764 0.0119718 0.0188073 -0.00286809 -0.00612062 -0.00699618 -0.00631867 -0.00149092 -0.0144033 -0.0237205 -0.00797849 0.109331 0.000572187 -0.00066196 -0.0245428 -0.0284998 -0.00441826 -0.00175409 -0.0332009 -0.0567996 -0.0270668 -0.00242022 0.00526167 0.0613944 0.0023858
internal_weight=30661 18561 13769 8837 223 119 8614 5385 4932 4792 4759 12100 7576 4524 2696 4715 63 3229 1828 937 903 888 104 1808 373 1435 7513 2770 135 2635
internal_count=30661 18561 13769 8837 223 119 8614 5385 4932 4792 4759 12100 7576 4524 2696 4715 63 3229 1828 937 903 888 104 1808 373 1435 7513 2770 135 2635
is_linear=0
shrinkage=0.04


Tree=114
num_leaves=31
num_cat=0
split_feature=26 0 1 21 34 12 0 29 21 7 27 6 0 2 27 0 37 27 15 31 12 15 14 25 24 43 31 0 23 27
split_gain=465.892 553.334 505.036 596.76 653.265 1336.25 439.043 376.858 509.995 369.07 340.705 338.751 320.901 320.518 296.063 281.397 226.557 178.659 166.243 155.579 152.333 146.205 144.977 209.145 316.089 171.039 146.485 142.392 132.029 129.765
threshold=22.500140006167154 16.500000000000004 4.5000000000000009 13.790694986833335 21.250000000000004 12.212221988750004 10.500000000000002 17.985065946062701 17.719936450583337 -0.78656609248549325 4.2954622490593382 0.60355339059327384 1.5000000000000002 170.50000000000003 3.8301720166386928 8.5000000000000018 200.69197800000003 0.19331082208901171 33.858630151250004 1.7275604164166671 7.737544311833334 19.039098172833338 16.415942362500004 25.436534352930558 17.223513124645837 614.9586928308056 -11.14218768683333 11.500000000000002 14.87327550413889 4.881576192737902
decision_type=2 2 2 2 2 2 2 2 2 2 2 2 2 2 2 2 2 2 2 2 2 2 2 2 2 2 2 2 2 2
left_child=12 2 3 4 5 -2 11 9 -9 -5 16 19 28 -6 -8 -13 17 -3 -19 -4 -14 -12 23 25 -25 -22 29 -16 -1 -24
right_child=1 10 6 7 13 -7 14 8 -10 -11 21 15 20 -15 27 -17 -18 18 -20 -21 22 -23 26 24 -26 -27 -28 -29 -30 -31
leaf_value=-0.0630680624146676 0.32275617562435771 0.043738176663861657 -0.034217232087880897 -0.0031862066940197666 -0.046210375324924398 0.060978483145111166 0.019975190673939561 0.23924934387207031 0.036712477922696489 0.012594937301614054 -0.094630437745497786 0.0028420850775865 -0.044736408649421321 0.050864470738728171 -0.10475410818060238 -0.039640490760853922 -0.032715258747292093 -0.0014932446140354385 -0.050093026791294307 0.023582394050899895 -0.0048038557972933703 -0.025592380424106848 -0.030747052343880258 0.20290739384293555 0.023154032847119702 0.029070107912651348 -0.0090318682517708249 -0.013515560545492918 -0.023052755953462491 -0.15502554899454116
leaf_weight=214 37 137 1086 3409 101 199 1407 21 377 7788 52 1748 164 118 30 291 395 5429 115 80 1546 874 41 20 72 282 3952 312 344 20
leaf_count=214 37 137 1086 3409 101 199 1407 21 377 7788 52 1748 164 118 30 291 395 5429 115 80 1546 874 41 20 72 282 3952 312 344 20
internal_value=2.19869e-11 0.00259611 0.00649311 0.0109132 0.0558494 0.10202 -0.0042582 0.00914984 0.0473991 0.00779026 -0.00686753 -0.0130548 -0.00936474 0.00609479 0.0118614 -0.0032209 -0.00342296 -0.00138627 -0.00250136 -0.0302516 -0.0067075 -0.0294692 -0.0056563 0.00338346 0.0622309 0.000421778 -0.00998133 -0.0215189 -0.0383991 -0.0714941
internal_weight=30661 24006 17004 12050 455 236 4954 11595 398 11197 7002 3205 6655 219 1749 2039 6076 5681 5544 1166 6097 926 5933 1920 92 1828 4013 342 558 61
internal_count=30661 24006 17004 12050 455 236 4954 11595 398 11197 7002 3205 6655 219 1749 2039 6076 5681 5544 1166 6097 926 5933 1920 92 1828 4013 342 558 61
is_linear=0
shrinkage=0.04


Tree=115
num_leaves=31
num_cat=0
split_feature=26 30 12 2 34 20 6 19 21 10 1 21 1 16 12 37 34 33 6 28 18 7 16 27 32 32 29 33 29 30
split_gain=449.532 382.841 380.352 369.612 881.785 691.896 362.735 676.26 767.458 749.355 1031.29 574.965 717.966 649.371 541.171 871.319 332.75 325.963 301.674 295.411 273.953 258.967 246.531 219.459 217.077 214.367 205.154 199.544 237.185 192.883
threshold=28.035789475293157 -1.6176762738333303 18.964073294750005 36.500000000000007 10.600000000000001 18.411760921000003 0.37940952255126054 25.926007722666672 21.536821280583336 0.68301270189221941 5.5000000000000009 10.489384900166668 4.5000000000000009 20.535875061000002 14.91632326691667 208.88048550000002 35.350000000000009 0.856573957469977 1.0000000180025095e-35 7.689691080692767 11.603083740166669 0.78656609248549303 15.930548489833336 3.3873383548237928 6.7799722091666679 -3.4515349606666663 13.350726727216045 0.66547954548554189 13.350726727216045 1.9509806564166701
decision_type=2 2 2 2 2 2 2 2 2 2 2 2 2 2 2 2 2 2 2 2 2 2 2 2 2 2 2 2 2 2
left_child=1 17 3 4 5 -3 11 8 9 10 -8 12 13 -2 15 18 -4 -1 -13 24 -21 22 -9 -24 -16 -10 -17 -23 -29 -5
right_child=6 2 16 29 -6 -7 7 21 25 -11 -12 14 -14 -15 19 26 -18 -19 -20 20 -22 27 23 -25 -26 -27 -28 28 -30 -31
leaf_value=-0.044736252673149998 0.33939916582061691 0.18974043814695044 0.0037699967786036233 -0.0087643407403143817 0.001252414157303671 -0.06184800381245821 0.17423080472925886 -0.010512577353585375 -0.0068197963389802756 -0.079509508385012556 -0.073413995039882135 -0.072705100822722774 -0.043525889289955939 0.047620272519795795 0.01057443536117391 -0.14191816644235092 0.086285416896961925 -0.010882201980023971 0.030391157911012049 0.12400941283614547 -0.0036850082776811437 -0.10676885198573677 0.00156659393703286 0.023758043523264522 0.056872067260633971 0.037844908167045374 -0.30427310496568682 -0.083931827060878275 0.016646562607611638 -0.027377529509119057
leaf_weight=539 26 73 7654 4062 810 23 169 814 246 30 32 87 31 23 1710 33 79 2922 95 27 6121 49 1235 1687 179 571 20 55 118 1141
leaf_count=539 26 73 7654 4062 810 23 169 814 246 30 32 87 31 23 1710 33 79 2922 95 27 6121 49 1235 1687 179 571 20 55 118 1141
internal_value=-2.16116e-11 -0.00425556 -0.00128041 -0.00874047 0.0148378 0.129464 0.00551236 0.0140264 0.0425976 0.106972 0.134805 0.000409255 0.107129 0.202442 -0.000622853 -0.0604551 0.00461297 -0.0161545 -0.0188911 0.00112663 -0.00312422 0.00646127 0.00895539 0.0143787 0.0149616 0.0243963 -0.203184 -0.0355118 -0.0153292 -0.0128461
internal_weight=30661 17303 13842 6109 906 96 13358 5006 1048 231 201 8352 80 49 8272 235 7733 3461 182 8037 6148 3958 3736 2922 1889 817 53 222 173 5203
internal_count=30661 17303 13842 6109 906 96 13358 5006 1048 231 201 8352 80 49 8272 235 7733 3461 182 8037 6148 3958 3736 2922 1889 817 53 222 173 5203
is_linear=0
shrinkage=0.04


Tree=116
num_leaves=31
num_cat=0
split_feature=26 0 30 12 33 22 25 23 17 22 4 20 1 15 40 20 21 30 30 29 6 35 29 34 12 17 20 20 28 22
split_gain=415.498 580.92 366.688 320.873 271.83 410.522 277.998 403.254 568.541 287.857 267.76 718.16 258.909 252.375 233.931 228.321 223.38 220.751 211.26 205.825 337.597 201.349 198.261 209.189 197.19 217.41 208.145 183.526 585.343 191.952
threshold=26.229244750388393 16.500000000000004 -1.2061106446666672 17.426361950833336 1.1937831664895979 14.078020116722247 37.899631397972229 20.934581318624996 39.644781087000005 19.288563727472241 5.5000000000000009 12.448792118250003 4.5000000000000009 19.33931160491667 17.350000000000005 17.98479752575 35.795493741750001 -1.9001734203333311 1.5159893557499979 14.812162501158317 1.0000000180025095e-35 39.20000000000001 8.448308360231179 10.800000000000002 10.883099809083339 26.942912353333337 13.515602400750003 23.330865307500002 3.2062877106827252 18.79629787316669
decision_type=2 2 2 2 2 2 2 2 2 2 2 2 2 2 2 2 2 2 2 2 2 2 2 2 2 2 2 2 2 2
left_child=2 4 12 10 6 -6 24 8 -8 -9 11 -4 19 -12 -5 17 -17 -3 -15 22 -21 -14 -1 -24 25 -2 -26 28 -7 -29
right_child=1 15 3 14 5 27 7 9 -10 -11 13 -13 21 18 -16 16 -18 -19 -20 20 -22 -23 23 -25 26 -27 -28 29 -30 -31
leaf_value=-0.0029938584705689205 -0.012570213825731981 -0.077746760292289163 0.17905841597542169 0.0033676177146889676 0.19923220628783816 0.23777307783563931 0.16506739315059449 -0.12735275008461691 -0.0032124901999687327 0.018572873394828628 -0.010692813304148393 0.0027602494239318564 -0.013044297319601668 -0.023294749061369205 0.1028940373188571 -0.0025085880765211366 -0.074080478951964582 -0.01825756604995258 -0.086203247464515936 -0.014092090930789709 0.15838306907812755 -0.056979815218103254 0.037608620807528498 -0.029349711457427489 0.034702976563045489 -0.10743825426211162 0.0034324249831705835 -0.099702965591264819 0.033236177435967032 0.016796195619926787
leaf_weight=1484 183 120 40 6710 21 24 72 22 58 1282 3066 488 289 242 38 4033 71 593 132 46 30 395 80 1117 356 49 7861 23 333 1403
leaf_count=1484 183 120 40 6710 21 24 72 22 58 1282 3066 488 289 242 38 4033 71 593 132 46 30 395 80 1117 356 49 7861 23 333 1403
internal_value=-3.27711e-12 0.00431263 -0.0050276 -0.00137965 0.00913056 0.0234091 0.00652423 0.0228084 0.0899887 0.0161109 -0.010406 0.0161162 -0.0163881 -0.0144768 0.00392808 -0.00737662 -0.0037468 -0.0282698 -0.0454977 -0.0109229 0.0539902 -0.0384164 -0.0127631 -0.0248746 0.00376041 -0.032607 0.00478722 0.0213382 0.0469866 0.0149172
internal_weight=30661 16504 14157 10716 11687 1804 9883 1434 130 1304 3968 528 3441 3440 6748 4817 4104 713 374 2757 76 684 2681 1197 8449 232 8217 1783 357 1426
internal_count=30661 16504 14157 10716 11687 1804 9883 1434 130 1304 3968 528 3441 3440 6748 4817 4104 713 374 2757 76 684 2681 1197 8449 232 8217 1783 357 1426
is_linear=0
shrinkage=0.04


Tree=117
num_leaves=31
num_cat=0
split_feature=32 33 21 25 0 29 27 1 4 0 0 22 25 7 20 27 1 29 20 27 22 18 30 0 21 8 27 13 17 32
split_gain=399.353 397.49 378.988 408.147 364.865 371.061 565.407 548.493 293.631 269.824 289.147 225.238 221.493 208.439 199.908 182.608 162.026 155.457 327.946 152.202 135.538 121.384 116.042 211.952 132.602 114.218 109.203 108.459 110.825 103.662
threshold=-14.41053780916666 1.1937831664895979 16.823801603000003 41.364915786322925 4.5000000000000009 8.6908880042774843 2.8556706280497264 1.0000000180025095e-35 18.500000000000004 8.5000000000000018 7.5000000000000009 44.196341520222262 35.611093912739584 -0.9159756150367534 10.492458841750002 0.19331082208901171 5.5000000000000009 14.550062042263269 22.895937434666671 1.8393042485971749 18.866985231083351 18.329706933333338 -2.9216806067500012 17.500000000000004 48.141560563083338 -0.8783796973249266 4.7873414803611327 33.515303996166672 28.182934221166668 2.9464857623333356
decision_type=2 2 2 2 2 2 2 2 2 2 2 2 2 2 2 2 2 2 2 2 2 2 2 2 2 2 2 2 2 2
left_child=20 2 3 13 5 29 7 -7 -8 10 12 22 -4 19 -15 -11 -17 21 -19 -2 25 -13 23 -6 -24 -1 -12 -22 -29 -3
right_child=1 4 9 -5 11 6 8 -9 -10 15 26 17 -14 14 -16 16 -18 18 -20 -21 27 -23 24 -25 -26 -27 -28 28 -30 -31
leaf_value=0.0076883248457821412 0.046686810014879003 -0.028980159943457692 0.00084189934960895302 0.15467809416508924 -0.0097917188714927769 0.21772610148548016 0.081935516793970709 0.0586190490097135 0.013879933023606152 0.034365901259073607 0.020667832835550234 -0.016106627400212445 0.021111101858458558 0.014304045246715108 -0.014690771206432926 -0.0034860353051287809 0.0092367815675083505 0.16110743114442536 0.029492866296250485 -0.0092024808956517115 0.001056353492697651 0.020890329400800604 0.0041632678719802892 -0.097673842753722998 -0.064814686695842644 -0.043167149144099075 0.051557985662228689 -0.024615912154564375 -0.12452198991179467 0.026654186408434595
leaf_weight=82 170 148 3846 24 256 56 135 91 408 227 548 213 1112 412 4970 12094 1846 33 369 144 448 425 1456 53 46 511 275 159 20 84
leaf_count=82 170 148 3846 24 256 56 135 91 408 227 548 213 1112 412 4970 12094 1846 33 369 144 448 425 1456 53 46 511 275 159 20 84
internal_value=3.16531e-11 0.000929286 -0.000852658 -0.00992937 0.013052 0.0349254 0.0496396 0.119231 0.0307998 0.00175005 0.00903268 0.00597823 0.00538796 -0.0106229 -0.0124712 -0.00122171 -0.00180122 0.0208145 0.040297 0.0210561 -0.0224255 0.00853868 -0.00254177 -0.0248654 0.00205076 -0.0361349 0.0309896 -0.00945953 -0.0357786 -0.00883669
internal_weight=30661 29441 25668 5720 3773 922 690 147 543 19948 5781 2851 4958 5696 5382 14167 13940 1040 402 314 1220 638 1811 309 1502 593 823 627 179 232
internal_count=30661 29441 25668 5720 3773 922 690 147 543 19948 5781 2851 4958 5696 5382 14167 13940 1040 402 314 1220 638 1811 309 1502 593 823 627 179 232
is_linear=0
shrinkage=0.04


Tree=118
num_leaves=31
num_cat=0
split_feature=26 33 25 25 17 34 25 30 32 38 7 17 35 35 27 30 7 20 38 10 31 7 33 37 37 24 18 26 21 6
split_gain=375.323 372.615 432.215 268.869 323.562 312.39 298.708 237.265 220.584 265.334 238.193 202.69 199.121 351.573 647.25 290.841 267.303 178.575 158.562 141.502 139.207 112.641 113.57 102.14 127.532 100.624 94.4722 124.828 87.5096 79.1966
threshold=22.500140006167154 1.2131586858552417 13.846628322093752 35.611093912739584 41.557317371937508 20.850000000000005 42.009754001309027 -2.1107858720833277 -5.1302650635833311 27.350000000000005 0.37940952255126048 13.807449219083336 40.650000000000006 39.750000000000007 1.7861981967043372 -5.8017321689999983 0.78656609248549303 15.382718391666668 33.591666666666676 0.93301270189221952 5.6488653237500026 0.98296291314453421 0.44830189007764393 57.171691500000016 79.303488000000016 14.503871636013891 31.489267529166671 33.499734351743903 23.333886674000002 0.25881904510252091
decision_type=2 2 2 2 2 2 2 2 2 2 2 2 2 2 2 2 2 2 2 2 2 2 2 2 2 2 2 2 2 2
left_child=7 3 -3 12 5 6 -5 19 26 10 -10 -7 13 20 -15 18 -17 -11 -14 25 -2 22 -9 29 -25 -1 27 -4 -6 -24
right_child=1 2 8 4 28 11 -8 21 9 17 -12 -13 15 14 -16 16 -18 -19 -20 -21 -22 -23 23 24 -26 -27 -28 -29 -30 -31
leaf_value=-0.09889097232085009 0.0033863145507107757 0.17828977146078476 -0.0096233294552990362 0.039823326132648523 -0.012138099115770786 0.10800356551579066 0.15616775613564712 -0.034781490716868667 0.018006312631447415 -0.060494868689174974 0.051948523194160282 0.010891849744658259 -0.049213670803858418 0.2382092093445104 0.0039270116333608275 0.0004051521464557717 -0.013825129753623504 0.0072872884517350594 0.0083685189447536765 0.0058837996759722316 -0.07242968704455939 -0.033517223482611713 0.0016509415025220198 -0.013730206746463637 -0.00021850960819969236 -0.03267215559487803 0.068014273101633244 -0.085067333410947743 0.0055857332636037524 0.05804497148593267
leaf_weight=39 6021 26 350 373 899 35 39 191 959 67 505 1967 349 29 54 7435 2950 866 98 155 39 222 85 1611 3650 627 22 39 884 75
leaf_count=39 6021 26 350 373 899 35 39 191 959 67 505 1967 349 29 54 7435 2950 866 98 155 39 222 85 1611 3650 627 22 39 884 75
internal_value=-8.71122e-12 0.00233015 0.0159512 0.000506884 0.00957224 0.0191172 0.0508365 -0.00840534 0.0144481 0.0190904 0.0297145 0.0125896 -0.00173449 0.00401829 0.0857846 -0.00499698 -0.00363715 0.00241976 -0.0365894 -0.0285386 0.00289839 -0.00557204 -0.00446659 -0.00339849 -0.004356 -0.0365498 -0.0126265 -0.0171871 -0.00335074 0.0280856
internal_weight=30661 24006 2834 21172 4197 2414 412 6655 2808 2397 1464 2002 16975 6143 83 10832 10385 933 447 821 6060 5834 5612 5421 5261 666 411 389 1783 160
internal_count=30661 24006 2834 21172 4197 2414 412 6655 2808 2397 1464 2002 16975 6143 83 10832 10385 933 447 821 6060 5834 5612 5421 5261 666 411 389 1783 160
is_linear=0
shrinkage=0.04


Tree=119
num_leaves=31
num_cat=0
split_feature=26 0 30 12 33 33 29 34 2 14 12 1 15 13 20 30 24 0 11 18 15 33 2 28 30 20 25 12 23 0
split_gain=356.25 431.774 325.04 295.396 251.082 240.76 234.476 229.864 316.022 215.853 487.186 343.289 191.056 216.186 256.581 188.792 172.553 171.435 175.692 165.153 164.962 289.045 201.636 147.953 132.436 126.001 172.106 125.652 187.343 374.135
threshold=28.035789475293157 16.500000000000004 -0.80155026524999673 13.525336108416669 0.856573957469977 0.53921552822368501 18.179630741119766 20.850000000000005 281.50000000000006 20.323170320666669 15.846313060484045 1.5000000000000002 17.259179093750003 13.963141341166668 14.339659442250001 5.8014905714166689 47.217917088798622 22.500000000000004 0.25000000000000017 18.963056282750006 33.858630151250004 1.4247962033166484 233.50000000000003 17.223744721003602 -5.4686147665833333 33.187299136916671 31.558002229664897 10.883099809083339 16.113031871305555 3.5000000000000004
decision_type=2 2 2 2 2 2 2 2 2 2 2 2 2 2 2 2 2 2 2 2 2 2 2 2 2 2 2 2 2 2
left_child=2 5 4 12 24 27 9 8 -8 11 -11 -7 13 -4 -15 -14 -5 20 -19 23 -3 22 -22 -6 -1 -21 -27 -2 29 -29
right_child=1 17 3 16 19 6 7 -9 -10 10 -12 -13 15 14 -16 -17 -18 18 -20 25 21 -23 -24 -25 -26 26 -28 28 -30 -31
leaf_value=-0.068388055617133015 -0.057590057203608956 0.00049483354056116644 -0.014866388794970167 0.0024699381543478076 -0.016918557798136044 0.048311601220930263 0.11500081505011586 0.021613380855947825 -0.052009779235178771 -0.064404387791561921 0.007861321202461774 0.011281420790587906 -0.035876509293732123 0.083169050327524904 -0.0262136223533396 -0.15340961630145708 0.11215943673382635 -0.037722733990349158 0.019727301281122937 -0.0040206290777741729 0.006880541825830414 -0.1504788140819541 -0.051275946499003251 0.071058495640754699 -0.024689923121184135 0.0093704412537085457 0.09110283279353204 0.18538876434618776 -0.0189141065677128 0.005593959670832269
leaf_weight=130 89 2915 1242 9833 2283 543 103 319 22 153 6110 1527 246 82 59 24 23 451 105 2326 228 28 164 31 758 215 51 22 462 117
leaf_count=130 89 2915 1242 9833 2283 543 103 319 22 153 6110 1527 246 82 59 24 23 451 105 2326 228 28 164 31 758 215 51 22 462 117
internal_value=-1.25529e-11 0.0049072 -0.00378839 0.000101514 -0.0115151 0.00951764 0.0113062 0.0396296 0.085607 0.00979704 0.00609593 0.0209951 -0.0155464 -0.00953781 0.037399 -0.0463239 0.00272591 -0.00631021 -0.0268734 -0.00797255 -0.002882 -0.0263188 -0.0174502 -0.01574 -0.0310872 -0.00103823 0.0250409 -0.013233 -0.00666434 0.0340507
internal_weight=30661 13358 17303 11509 5794 9467 8777 444 125 8333 6263 2070 1653 1383 141 270 9856 3891 556 4906 3335 420 392 2314 888 2592 266 690 601 139
internal_count=30661 13358 17303 11509 5794 9467 8777 444 125 8333 6263 2070 1653 1383 141 270 9856 3891 556 4906 3335 420 392 2314 888 2592 266 690 601 139
is_linear=0
shrinkage=0.04


Tree=120
num_leaves=31
num_cat=0
split_feature=32 26 0 30 5 23 30 12 0 5 12 40 35 35 20 31 20 12 15 24 35 13 30 21 14 7 12 8 13 26
split_gain=350.829 336.225 501.451 296.519 262.02 901.999 812.489 339.721 250.556 225.52 210.093 217.795 206.777 655.017 204.927 194.84 192.602 178.028 205.982 179.799 169.392 162.181 156.663 153.407 139.798 136.969 114.053 143.292 102.451 101.016
threshold=-14.41053780916666 26.229244750388393 16.500000000000004 -1.2061106446666672 1.0000000180025095e-35 17.900134479569445 2.4935184164999975 14.485208708000002 2.5000000000000004 1.0000000180025095e-35 18.964073294750005 17.350000000000005 40.650000000000006 39.750000000000007 47.999657291166677 -6.6084268314166676 18.565323465833334 12.463435888916669 15.20592301516667 15.104687133451391 39.20000000000001 20.460456396166673 -1.9001734203333311 35.795493741750001 26.051508548499999 -0.98296291314453399 21.190488655166671 -0.8783796973249266 33.515303996166672 34.553094464547321
decision_type=2 2 2 2 2 2 2 2 2 2 2 2 2 2 2 2 2 2 2 2 2 2 2 2 2 2 2 2 2 2
left_child=26 3 4 9 5 6 -3 -7 15 17 12 25 13 -5 -10 -6 22 19 -19 -2 -11 -14 -4 -18 -22 -12 27 -1 -28 -29
right_child=1 2 16 10 8 7 -8 -9 14 20 11 -13 21 -15 -16 -17 23 18 -20 -21 24 -23 -24 -25 -26 -27 28 29 -30 -31
leaf_value=0.013722926141808228 -0.0099314632018407192 0.12580694111358179 -0.063535044202298829 -0.001989486743245126 -0.089558821068360259 -0.070467866939015508 -0.0044376834666679721 0.011387346982159343 0.014843788714715579 -0.01159562617424347 -0.029974239575546548 0.11627904958490815 -0.013579570515393227 0.12046754125919608 -0.0079934882404103496 -0.015966573882770261 -0.0015860983063871875 -0.06832141302367474 -0.0080197287374526808 0.15559167406566085 -0.043680659903343334 -0.091112751451066953 -0.016010552822195337 -0.083421167650738273 -0.12098441304195495 0.0056099527524198787 0.0068852607160663814 -0.034261017091187951 -0.031055731372748103 -0.10241542400540533
leaf_weight=98 21 209 132 2383 65 82 121 7595 1455 289 179 28 2278 72 1107 503 3886 94 2531 21 344 44 697 37 42 5226 326 584 175 37
leaf_count=98 21 209 132 2383 65 82 121 7595 1455 289 179 28 2278 72 1107 503 3886 94 2531 21 344 44 697 37 42 5226 326 584 175 37
internal_value=-5.74339e-12 0.000871 0.00481877 -0.00375755 0.0094605 0.0132965 0.0780506 0.010513 -0.000352584 -0.0140993 -0.000372426 0.00500792 -0.00649163 0.00160192 0.00497616 -0.0243882 -0.00605979 -0.00887187 -0.0101791 0.0728301 -0.0347535 -0.0150488 -0.0235778 -0.00235793 -0.0520919 0.00443149 -0.0210189 -0.031228 -0.00636758 -0.0383217
internal_weight=30661 29441 15889 13552 11137 8007 330 7677 3130 3342 10210 5433 4777 2455 2562 568 4752 2667 2625 42 675 2322 829 3923 386 5405 1220 719 501 621
internal_count=30661 29441 15889 13552 11137 8007 330 7677 3130 3342 10210 5433 4777 2455 2562 568 4752 2667 2625 42 675 2322 829 3923 386 5405 1220 719 501 621
is_linear=0
shrinkage=0.04


Tree=121
num_leaves=31
num_cat=0
split_feature=32 26 6 19 22 1 19 2 1 12 37 20 35 35 1 6 30 6 34 13 6 16 10 27 27 37 37 17 22 6
split_gain=323.324 309.865 335.684 628.246 567.619 675.035 496.144 515.859 511.865 383.559 563.266 300.51 274.158 495.333 485.244 312.858 281.713 240.109 370.166 207.159 216.86 201.766 172.197 170.603 148.545 146.063 264.489 122.609 112.481 108.35
threshold=-14.41053780916666 26.229244750388393 0.37940952255126054 25.238195288083336 20.107210898194477 5.5000000000000009 10.50174412841667 232.50000000000003 1.5000000000000002 15.929695096750001 211.43316250000001 13.515602400750003 40.650000000000006 39.750000000000007 4.5000000000000009 0.60355339059327384 4.0034515787500009 -0.5 35.350000000000009 65.558564078166683 0.60355339059327384 16.02176965366667 -0.6830127018922193 3.7207896445124464 3.878010518746184 57.171691500000016 65.469746000000029 16.197074731000004 18.866985231083351 0.25881904510252091
decision_type=2 2 2 2 2 2 2 2 2 2 2 2 2 2 2 2 2 2 2 2 2 2 2 2 2 2 2 2 2 2
left_child=28 12 6 4 5 -4 7 24 -9 10 -8 -11 13 25 16 17 -15 18 -14 20 -5 -17 -19 -23 -3 29 -27 -6 -1 -2
right_child=1 2 3 19 27 -7 9 8 -10 11 -12 -13 15 14 -16 21 -18 22 -20 -21 -22 23 -24 -25 -26 26 -28 -29 -30 -31
leaf_value=-0.032667159155092843 0.0037654141274591287 -0.074692736673355103 0.10539599985806242 -0.014734847407574858 -0.043695588616411325 -0.029539488369246594 -0.015858727475865583 0.30016617664924033 0.055748133947109361 0.067626277894876824 -0.1263991439307845 0.00051527609262024346 -0.0083410068567625669 0.22475744639572345 -0.053546769544482231 -0.011829710897070227 0.04220497225012098 0.0014840092458902393 0.10875899817215072 0.08470294186129021 0.0084498940470457556 -0.0023923804221277962 -0.031319387346494622 0.029993706934055529 0.06062023370906159 -0.01688952962868711 0.0022870431280088695 0.023350488157870664 -0.0083664533910913427 0.057517906624823811
leaf_weight=593 120 25 299 782 46 74 518 26 29 108 86 9268 1075 38 24 933 21 299 45 52 3698 521 1782 520 27 1391 6663 851 627 120
leaf_count=593 120 25 299 782 46 74 518 26 29 108 86 9268 1075 38 24 933 21 299 45 52 3698 521 1782 520 27 1391 6663 851 627 120
internal_value=-2.45664e-11 0.00083616 0.00462602 0.012292 0.0371565 0.078626 0.000216567 0.085892 0.171291 -0.000701997 -0.0315979 0.00128831 -0.00360725 0.000864414 0.098096 -0.0108457 0.159781 -0.0185692 -0.0036361 0.00532427 0.00440291 0.00167841 -0.0266062 0.0137851 -0.00443408 -0.000108605 -0.00102493 0.0199122 -0.0201782 0.0306417
internal_weight=30661 29441 15889 5802 1270 373 10087 107 55 9980 604 9376 13552 8377 83 5175 59 3201 1120 4532 4480 1974 2081 1041 52 8294 8054 897 1220 240
internal_count=30661 29441 15889 5802 1270 373 10087 107 55 9980 604 9376 13552 8377 83 5175 59 3201 1120 4532 4480 1974 2081 1041 52 8294 8054 897 1220 240
is_linear=0
shrinkage=0.04


Tree=122
num_leaves=31
num_cat=0
split_feature=31 32 26 18 1 16 35 35 1 17 25 19 29 8 7 30 19 7 17 16 35 28 18 32 17 26 33 25 30 20
split_gain=302.827 280.263 275.282 483.462 431.772 613.912 297.99 499.758 490.527 269.971 303.976 228.901 225.988 302.554 227.732 215.275 209.273 199.8 165.888 150.727 146.558 145.047 168.264 100.334 107.05 151.511 99.2187 96.6548 95.6046 144.803
threshold=15.154017017250004 -14.41053780916666 26.475458832395343 11.603083740166669 4.5000000000000009 20.241306665333337 40.650000000000006 39.750000000000007 4.5000000000000009 39.644781087000005 40.949519703520444 13.518367511000001 14.689252359720621 0.87837969732492682 -0.9159756150367534 -2.0222106533333313 18.643834782083335 0.78656609248549303 16.920962841583336 39.200967977416674 25.950000000000003 3.8611272642807712 16.839159916500005 -4.9557683632499954 21.55440948841667 35.014705978871532 0.42930586992205849 25.529690655156255 1.2652249554999966 37.764688647833346
decision_type=2 2 2 2 2 2 2 2 2 2 2 2 2 2 2 2 2 2 2 2 2 2 2 2 2 2 2 2 2 2
left_child=1 26 6 4 5 -4 7 19 -9 10 -5 -6 14 23 20 18 -11 -17 -8 -3 -2 -16 -23 -14 25 -25 28 -26 -1 -30
right_child=12 2 3 9 11 -7 15 8 -10 16 -12 -13 13 -15 21 17 -18 -19 -20 -21 -22 22 -24 24 27 -27 -28 -29 29 -31
leaf_value=-0.029679930707490122 0.034649158695931818 0.0010687454725548601 0.23159592725174583 0.0054171562711425262 -0.090803601988430696 0.026041489509826012 -0.063763803840493377 0.16473597704299858 -0.051404900153477984 -0.025260049150904993 0.051264311736174524 0.085097280979156503 -0.011879830256986775 0.16333900909999322 0.11471974190663208 -0.001762419785546604 -0.0015392700299244478 -0.01984732426914473 -0.02097895025460823 -0.018715149871644653 -0.059344500969510439 -0.0029388286287545182 0.028774801973932944 0.030006085521943199 0.11187725549394434 -0.080301942933689474 -0.013183118185193597 0.044654307604658529 -0.16121059937092166 -0.027315014728478026
leaf_weight=259 34 7414 46 9766 29 47 184 56 24 715 237 20 76 29 22 2748 3548 1517 684 672 121 610 477 211 44 22 843 154 24 28
leaf_count=259 34 7414 46 9766 29 47 184 56 24 715 237 20 76 29 22 2748 3548 1517 684 672 121 610 477 211 44 22 843 154 24 28
internal_value=1.22971e-11 -0.000992761 -0.000188318 0.00364224 0.0770845 0.127714 -0.0043383 0.000408841 0.0998937 0.00291121 0.00650341 -0.0190073 0.0159178 0.0376828 0.00668838 -0.0118904 -0.00551777 -0.00819496 -0.0300486 -0.000575427 -0.0387265 0.0130358 0.0109778 0.0304953 0.0379675 0.0195907 -0.0203071 0.0595927 -0.0396173 -0.089113
internal_weight=30661 28861 27707 14408 142 93 13299 8166 80 14266 10003 49 1800 536 1264 5133 4263 4265 868 8086 155 1109 1087 507 431 233 1154 198 311 52
internal_count=30661 28861 27707 14408 142 93 13299 8166 80 14266 10003 49 1800 536 1264 5133 4263 4265 868 8086 155 1109 1087 507 431 233 1154 198 311 52
is_linear=0
shrinkage=0.04


Tree=123
num_leaves=31
num_cat=0
split_feature=26 33 31 26 33 30 7 27 28 0 28 32 23 27 28 7 6 0 7 7 30 30 29 34 12 14 34 7 30 27
split_gain=287.067 318.87 339.075 307.501 222.207 276.287 267.58 339.161 273.595 261.549 343.301 186.558 209.474 300.847 185.715 181.776 160.141 134.899 146.633 101.271 97.9243 91.6946 89.7557 90.0231 77.8555 62.0343 58.8843 53.7538 49.14 42.7662
threshold=18.178351626971729 1.1937831664895979 2.834584130416673 25.851138861596638 0.55784343443692286 -5.2141865522500002 0.91597561503675351 5.0406797800700565 18.335238552152791 8.5000000000000018 12.471451195136417 -5.6601843267499978 15.247478049083332 2.5553579227109897 8.6642123845934051 -0.98296291314453399 -0.98296291314453399 1.5000000000000002 -0.98296291314453399 0.78656609248549303 6.5892215266666643 -0.088852832166670823 16.781292879403534 33.800000000000004 10.883099809083339 16.347677242083336 5.6000000000000005 -0.9159756150367534 2.5978081458333322 1.8217592679522525
decision_type=2 2 2 2 2 2 2 2 2 2 2 2 2 2 2 2 2 2 2 2 2 2 2 2 2 2 2 2 2 2
left_child=17 4 3 -3 5 27 9 8 -8 10 -6 22 13 -13 -11 29 -14 26 -19 -17 24 -9 23 -4 28 -26 -1 -2 -20 -7
right_child=1 2 11 -5 6 15 7 21 -10 14 -12 12 16 -15 -16 19 -18 18 20 -21 -22 -23 -24 -25 25 -27 -28 -29 -30 -31
leaf_value=-0.082227106026883393 -0.068173245570876381 0.03109090884184015 -0.0037154979553108793 0.23207413877759661 0.00037786574096133722 0.09384015554883357 -0.010642392779290567 -0.068226850178896209 0.050442588839252463 0.0041458283198166747 0.019918585487315482 0.20144051365230392 -0.045083527993659181 0.02221222881141097 -0.0050284498139942938 -0.011359341745360732 0.01408855921329983 -0.061137527268212505 -0.019902403164741605 -0.046371747746376236 -0.072174981707020816 -0.16928258728608492 -0.082104076381240565 -0.077768765836954121 0.0055352248005904369 -0.010489706024112819 -0.032367097701793329 -0.15563046196232672 -0.066744261241929476 0.019882157025012104
leaf_weight=53 22 29 424 21 3148 29 3056 51 122 6581 2649 23 75 43 7616 1311 3015 89 215 147 38 20 28 28 647 960 133 23 43 22
leaf_count=53 22 29 424 21 3148 29 3056 51 122 6581 2649 23 75 43 7616 1311 3015 89 215 147 38 20 28 28 647 960 133 23 43 22
internal_value=-1.20916e-11 0.00107027 0.0120476 0.115504 -0.000561471 -0.0152055 0.00041761 -0.0102291 -0.00829741 0.00214769 0.0093072 0.0106249 0.0141584 0.0846706 -0.000775726 -0.0122929 0.0126523 -0.0139966 -0.0109547 -0.0148894 -0.00860772 -0.0966933 -0.0126079 -0.00830287 -0.00731252 -0.00403785 -0.0465745 -0.112874 -0.0277094 0.0619367
internal_weight=30661 28483 3686 50 24797 1554 23243 3249 3178 19994 5797 3636 3156 66 14197 1509 3090 2178 1992 1458 1903 71 480 452 1865 1607 186 45 258 51
internal_count=30661 28483 3686 50 24797 1554 23243 3249 3178 19994 5797 3636 3156 66 14197 1509 3090 2178 1992 1458 1903 71 480 452 1865 1607 186 45 258 51
is_linear=0
shrinkage=0.04


Tree=124
num_leaves=31
num_cat=0
split_feature=26 0 1 21 38 12 2 33 22 0 6 37 19 30 0 0 1 16 30 7 21 9 31 34 23 35 12 14 35 35
split_gain=270.844 339.376 329.345 489.546 552.264 1052.38 429.491 364.745 346.65 341.973 264.093 273.442 247.966 260.732 206.153 200.237 160.254 155.858 137.843 146.233 134.336 186.569 121.569 113.596 107.894 107.296 105.762 110.01 152.8 105.579
threshold=22.500140006167154 16.500000000000004 4.5000000000000009 13.790694986833335 25.533333333333335 12.212221988750004 170.50000000000003 0.55784343443692286 15.481663082083349 10.500000000000002 0.78656609248549325 190.14456850000002 18.327393338833335 -1.7165642495833306 1.5000000000000002 4.5000000000000009 5.5000000000000009 14.801877441333335 -4.5088973955833334 -0.9159756150367534 33.56159568716668 -0.56174490092936669 13.154056331916669 12.400000000000002 14.87327550413889 51.20000000000001 7.737544311833334 16.415942362500004 62.750000000000007 60.550000000000004
decision_type=2 2 2 2 2 2 2 2 2 2 2 2 2 2 2 2 2 2 2 2 2 2 2 2 2 2 2 2 2 2
left_child=14 2 3 4 5 -2 -6 15 -9 10 11 -4 13 -3 24 -5 25 -12 19 -16 22 -22 29 -15 -1 -11 -20 28 -28 -14
right_child=1 12 9 7 6 -7 -8 8 -10 16 17 -13 20 23 18 -17 -18 -19 26 -21 21 -23 -24 -25 -26 -27 27 -29 -30 -31
leaf_value=-0.052712088445915246 0.28524661326730572 -0.058960802852826455 -0.031017290878311232 -0.098383368115714728 -0.062329850047826769 0.05475341651310546 0.055867615130309967 0.056741594148547625 0.0070239423591148212 0.0079549091767914821 -0.016992319206759542 0.0055466901942011005 0.0035306032520388371 0.028349523759550521 -0.011497951575089246 -0.018046118463530686 0.022607716951302294 0.01059000429913899 -0.035793098767356174 -0.097661526581415775 -0.13881157748974288 -0.016532435529800348 0.084004215421500036 -0.016325798175326575 -0.016538653732453432 -0.022265680886398666 0.0020117012318489023 -0.0070915565200330138 0.053535231803495863 -0.0078676547601950111
leaf_weight=214 37 232 1312 71 95 221 102 229 11130 594 498 436 3211 99 80 165 880 959 164 52 26 86 27 1136 344 275 1821 3883 97 2185
leaf_count=214 37 232 1312 71 95 221 102 229 11130 594 498 436 3211 99 80 165 880 959 164 52 26 86 27 1136 344 275 1821 3883 97 2185
internal_value=-2.34228e-11 0.00197943 0.00503138 0.00860077 0.0493006 0.0878086 -0.00113116 0.00700366 0.00802626 -0.00365074 -0.0114143 -0.0218972 -0.00543205 -0.0200534 -0.00714024 -0.0422154 0.0105757 0.00116242 -0.00501043 -0.0454412 -0.00155679 -0.0449187 -0.000661247 -0.0127445 -0.0304116 -0.00160857 -0.00411573 -0.00322018 0.00461743 -0.00108489
internal_weight=30661 24006 17004 12050 455 258 197 11595 11359 4954 3205 1748 7002 1467 6655 236 1749 1457 6097 132 5535 112 5423 1235 558 869 5965 5801 1918 5396
internal_count=30661 24006 17004 12050 455 258 197 11595 11359 4954 3205 1748 7002 1467 6655 236 1749 1457 6097 132 5535 112 5423 1235 558 869 5965 5801 1918 5396
is_linear=0
shrinkage=0.04


Tree=125
num_leaves=31
num_cat=0
split_feature=31 25 24 1 25 30 12 23 1 16 29 8 42 16 0 23 30 34 35 0 33 6 23 25 13 28 32 12 28 24
split_gain=256.757 251.423 346.05 395.06 522.242 243.221 229.627 301.684 228.428 225.572 207.657 276.985 208.238 189.926 212.537 196.631 191.958 182.102 275.35 171.828 169.017 152.832 230.826 226.522 280.47 198.754 139.845 136.012 133.935 150.496
threshold=15.154017017250004 35.611093912739584 23.804923935118058 4.5000000000000009 38.269318964937504 -2.3983328199166665 12.463435888916669 15.80281098738889 1.0000000180025095e-35 21.847747470754239 14.689252359720621 0.87837969732492682 732.78049202940292 16.920962841583336 17.500000000000004 13.971116485527778 -7.4043781490833327 35.350000000000009 60.250000000000007 8.5000000000000018 1.2922450502574041 1.0000000180025095e-35 17.900134479569445 42.009754001309027 29.726517944333334 11.98804727067319 -13.516667171499998 34.968778153250007 3.8611272642807712 25.323815918000005
decision_type=2 2 2 2 2 2 2 2 2 2 2 2 2 2 2 2 2 2 2 2 2 2 2 2 2 2 2 2 2 2
left_child=1 5 3 4 9 13 7 8 -7 -3 12 -12 28 16 15 -15 -1 19 -19 -8 -16 22 -4 26 -25 -24 -23 -14 -2 -30
right_child=10 2 21 -5 -6 6 17 -9 -10 -11 11 -13 27 14 20 -17 -18 18 -20 -21 -22 23 25 24 -26 -27 -28 -29 29 -31
leaf_value=-0.1325229411199689 0.10959098263559015 0.12348752966192035 -0.1369877414405346 -0.022814985489523092 0.22082179162147886 0.04969435146514406 0.0050736126804856677 -0.077119090515425648 -0.014807439413597519 0.013175258253668916 0.028643591110493541 0.1557499523769165 0.054511293768882751 0.10217325461131554 -0.031146238582035482 -0.0062872438956176483 -0.030185689351858405 0.010533421086109414 0.086298945549425188 -0.0030549601495252761 -0.15076014804840088 -0.087781999551731604 0.049175287400616607 0.19359902276940968 0.036535246639416138 -0.0032881732776806746 0.011504037494065962 -0.05285721517777197 -0.0078397205819319797 0.022387905330528569
leaf_weight=32 22 45 20 74 37 94 6249 118 1342 87 507 29 22 27 344 2822 351 490 91 12452 20 23 122 23 87 2181 1730 133 449 638
leaf_count=32 22 45 20 74 37 94 6249 118 1342 87 507 29 22 27 344 2822 351 490 91 12452 20 23 122 23 87 2181 1730 133 449 638
internal_value=1.99895e-12 -0.000914131 0.00785454 0.0542604 0.0880094 -0.0025037 -0.000845707 -0.0156373 -0.0105852 0.0507817 0.0146571 0.0355206 0.00580988 -0.0121105 -0.00893664 -0.00525936 -0.0387361 0.000346397 0.0224003 -0.000338771 -0.0377184 0.00516065 -0.00168398 0.0136953 0.0693759 -0.000508954 0.0102014 -0.0376178 0.0118796 0.00990198
internal_weight=30661 28861 4429 243 169 24432 20836 1554 1436 132 1800 536 1264 3596 3213 2849 383 19282 581 18701 364 4186 2323 1863 110 2303 1753 155 1109 1087
internal_count=30661 28861 4429 243 169 24432 20836 1554 1436 132 1800 536 1264 3596 3213 2849 383 19282 581 18701 364 4186 2323 1863 110 2303 1753 155 1109 1087
is_linear=0
shrinkage=0.04


Tree=126
num_leaves=31
num_cat=0
split_feature=30 25 17 22 27 25 20 28 26 32 6 30 16 16 20 42 0 28 16 38 30 22 13 21 32 20 16 22 34 38
split_gain=251.737 270.306 276.608 442.873 414.558 361.795 317.797 226.271 215.725 192.568 228.236 647.741 326.438 137.745 130.667 115.493 129.221 104.207 103.65 95.5644 92.0489 91.2102 243.717 63.8771 59.6342 58.2589 52.4773 59.566 52.2255 42.9842
threshold=-15.67356818033333 37.417015610618058 41.557317371937508 18.866985231083351 3.3134810256662028 42.009754001309027 23.740729606250003 15.943332355826431 18.178351626971729 -26.50971637113194 0.60355339059327384 5.8014905714166689 15.930548489833336 44.796684602583341 16.013394234250004 786.37033051562742 1.5000000000000002 13.097072541553628 54.012135563416678 29.266666666666669 6.5892215266666643 33.351759190750066 40.615808512166673 24.506797501666671 -1.8656254314166707 31.224278410028877 60.444142236333342 33.351759190750066 5.6000000000000005 27.441666666666674
decision_type=2 2 2 2 2 2 2 2 2 2 2 2 2 2 2 2 2 2 2 2 2 2 2 2 2 2 2 2 2 2
left_child=13 8 3 4 14 7 -7 -5 15 19 11 -11 -12 -1 -3 16 28 -15 21 -10 -18 23 -23 -4 29 -26 27 -20 -2 -19
right_child=1 2 18 5 -6 6 -8 -9 9 10 12 -13 -14 17 -16 -17 20 24 26 -21 -22 22 -24 -25 25 -27 -28 -29 -30 -31
leaf_value=-0.11055746262010775 -0.076433879069562227 0.24375829648088526 -0.011868233393082754 0.042732248593066069 0.0062288665605915918 0.229022966531061 0.055255408834008611 0.0027679918590255391 -0.023627036055640985 -0.00068200748857848289 -0.0052745452645064552 -0.052034309160390597 0.012537611506404844 0.052588067469389543 0.11812280680124576 -0.058074204251170158 -0.0066685967102283871 -0.022915353243765622 0.016616321973916558 -0.10211990098710415 -0.069555445870286545 -0.11851765418751166 0.027145506441593172 0.014671786767358964 0.0025195783560297319 -0.056636172338973639 0.0054164187068452586 0.075690220878882844 -0.029477560321863435 -0.090135386466979994
leaf_weight=38 53 27 567 301 36 21 85 918 307 17570 2484 402 4881 23 26 87 1864 23 72 27 38 40 34 195 70 43 207 44 133 45
leaf_count=38 53 27 567 301 36 21 85 918 307 17570 2484 402 4881 23 26 87 1864 23 72 27 38 40 34 195 70 43 207 44 133 45
internal_value=-6.54293e-12 0.000323278 0.0127277 0.0246015 0.110976 0.0187997 0.0896811 0.0126361 -0.000822906 0.00020189 0.000599655 -0.00183066 0.00653009 -0.0406355 0.182126 -0.0129183 -0.0110368 -0.0276108 -0.0017585 -0.0299723 -0.00792501 -0.00919384 -0.0515913 -0.0050765 -0.0378018 -0.019991 0.0174859 0.0390237 -0.0428576 -0.0673992
internal_weight=30661 30419 2573 1414 89 1325 106 1219 27846 25671 25337 17972 7365 242 53 2175 2088 204 1159 334 1902 836 74 762 181 113 323 116 186 68
internal_count=30661 30419 2573 1414 89 1325 106 1219 27846 25671 25337 17972 7365 242 53 2175 2088 204 1159 334 1902 836 74 762 181 113 323 116 186 68
is_linear=0
shrinkage=0.04


Tree=127
num_leaves=31
num_cat=0
split_feature=32 33 26 29 6 19 12 15 40 24 33 4 30 33 30 26 18 40 43 38 23 19 0 24 30 30 0 13 35 37
split_gain=244.707 261.291 244.785 216.19 260.703 359.327 183.167 264.997 186.134 284.144 287.806 201.274 180.426 156.063 137.26 136.7 171.612 155.744 438.327 132.981 129.624 142.415 128.468 127.054 126.147 125.641 119.052 240.528 178.928 107.555
threshold=0.84074410025000124 1.4722800956682429 33.209624822860128 18.179630741119766 0.12940952255126045 34.981472322750001 13.677909053500002 19.33931160491667 6.3500000000000005 20.618676128958338 1.0358289119878978 1.5000000000000002 -15.67356818033333 0.95247551031317468 24.399011852666671 26.784855805671583 11.603083740166669 17.150000000000006 716.13456551114166 21.666666666666668 15.574857148749997 11.595951676500002 1.0000000180025095e-35 35.230713427125004 -2.9930514240833292 -0.80155026524999673 17.500000000000004 30.447175813583339 71.40000000000002 165.5634135
decision_type=2 2 2 2 2 2 2 2 2 2 2 2 2 2 2 2 2 2 2 2 2 2 2 2 2 2 2 2 2 2
left_child=6 3 20 15 -5 -6 7 8 11 10 -10 -1 23 -9 26 17 -17 25 -19 -4 -3 -22 -13 -8 -23 -2 28 -28 -14 -21
right_child=1 2 19 4 5 -7 12 13 9 -11 -12 22 14 -15 -16 16 -18 18 -20 29 21 24 -24 -25 -26 -27 27 -29 -30 -31
leaf_value=0.10941785590350628 -0.013029040309015635 0.09022550030094055 0.16050862416625022 0.00559073489614302 0.20784206330776214 0.043095861661365663 -0.13669171923682805 -0.037600515423850581 0.014748461384522286 -0.12342832529544831 0.14111085400861853 -0.069701157461952518 -0.0013149460737739466 -0.14300979269178291 0.084294906447331105 0.10462696039783102 0.0053431110382946827 0.19176834880063934 -0.037576930503050492 -0.018137803554534912 -0.04907707631587982 -0.016437413752084795 -0.015634016517159614 -0.030479855220618211 0.021855064961213807 0.00036440919433224024 -0.005242260354747709 -0.064297302191236375 0.012246917949988357 0.076636409414023526
leaf_weight=20 1650 36 23 174 28 87 21 55 190 20 34 74 9729 38 30 28 5394 24 30 25 56 161 1412 127 949 3493 4705 113 1853 82
leaf_count=20 1650 36 23 174 28 87 21 55 190 20 34 74 9729 38 30 28 5394 24 30 25 56 161 1412 127 949 3493 4705 113 1853 82
internal_value=4.85338e-12 0.00438385 0.0211083 0.00234159 0.0364765 0.083208 -0.00291289 -0.0148756 -0.0113791 0.0210304 0.0339285 -0.01663 -0.00158298 -0.080671 -0.00118692 0.0014126 0.00585583 -0.00322299 0.0643543 0.0732495 0.0154691 0.013161 -0.0183265 -0.0455505 0.0163009 -0.00393254 -0.00134329 -0.00662732 0.000854812 0.0544929
internal_weight=30661 12240 1332 10908 289 115 18421 1843 1750 244 224 1506 16578 93 16430 10619 5422 5197 54 130 1202 1166 1486 148 1110 5143 16400 4818 11582 107
internal_count=30661 12240 1332 10908 289 115 18421 1843 1750 244 224 1506 16578 93 16430 10619 5422 5197 54 130 1202 1166 1486 148 1110 5143 16400 4818 11582 107
is_linear=0
shrinkage=0.04


Tree=128
num_leaves=31
num_cat=0
split_feature=32 33 31 21 25 29 22 34 20 29 7 12 23 0 0 16 27 31 30 22 30 8 13 17 26 15 30 25 33 30
split_gain=234.237 242.66 267.979 227.354 363.615 220.526 417.806 407.64 180.288 490.894 194.587 179.859 160.562 145.536 272.118 189.879 153.504 144.053 110.953 90.9162 98.404 106.28 86.0763 94.398 83.5917 78.7451 130.448 71.028 70.1689 67.4236
threshold=-14.41053780916666 1.1937831664895979 2.145880908416665 16.652124600916668 41.364915786322925 12.564995242764455 19.217820380361154 27.250000000000004 10.492458841750002 14.866621316760471 -0.9159756150367534 9.6988647872500007 21.272703289763886 8.5000000000000018 7.5000000000000009 17.746402132000004 0.29296902050898005 -7.1272709514166648 -8.0922235600833368 18.866985231083351 -4.3600853311666681 -0.8783796973249266 33.515303996166672 28.182934221166668 17.176449129815477 18.420652689833336 1.319845386000001 23.709762291517364 0.44830189007764393 0.30628191666666466
decision_type=2 2 2 2 2 2 2 2 2 2 2 2 2 2 2 2 2 2 2 2 2 2 2 2 2 2 2 2 2 2
left_child=19 3 -3 4 8 11 7 -7 9 -2 -10 -4 -8 14 15 -5 -15 -18 -16 20 -1 27 -21 29 -13 28 -27 -22 -23 -24
right_child=1 2 5 13 -6 6 12 -9 10 -11 -12 24 -14 16 18 -17 17 -19 -20 22 21 25 23 -25 -26 26 -28 -29 -30 -31
leaf_value=-0.11344371226571856 -0.0019406197956630161 0.14630266713059467 -0.087394386755453579 -0.006195646800960887 0.15440519928932189 0.11551421664655209 -0.035619851215319201 -0.06856422292149586 0.020630151744931938 0.1177574565089666 -0.012583299015784073 -0.02428041933932238 0.016896256030531871 0.028384527579725476 0.12095578410476446 0.0095980650795088693 -0.015644869631354703 -0.00031494274053458767 0.025578635608485282 0.0028126828736360823 -0.0042910648252957075 -0.040753446309435594 -0.0071386399882477384 -0.111904885224998 0.0043715037556607056 -0.035932036206126214 -0.14627316862344741 0.082935187973082067 -0.0075815961859547181 -0.073713309341110297
leaf_weight=21 350 23 37 2068 22 118 99 23 300 65 4765 180 1576 281 20 2963 1061 12968 805 448 59 214 129 20 1717 60 24 20 195 30
leaf_count=21 350 23 37 2068 22 118 99 23 300 65 4765 180 1576 281 20 2963 1061 12968 805 448 59 214 129 20 1717 60 24 20 195 30
internal_value=-2.95152e-11 0.000711702 0.0101836 -0.00068059 -0.00788776 0.0093487 0.0193589 0.0854872 -0.0085393 0.0168073 -0.0106161 -5.07734e-05 0.0137923 0.00128578 0.00659774 0.00310604 -0.000888004 -0.00147433 0.0278908 -0.0171748 -0.0284029 -0.0252808 -0.0065555 -0.0300021 0.00165282 -0.0321828 -0.0674581 0.0177915 -0.024938 -0.0196999
internal_weight=30661 29441 3773 25668 5502 3750 1816 141 5480 415 5065 1934 1675 20166 5856 5031 14310 14029 825 1220 593 572 627 179 1897 493 84 79 409 159
internal_count=30661 29441 3773 25668 5502 3750 1816 141 5480 415 5065 1934 1675 20166 5856 5031 14310 14029 825 1220 593 572 627 179 1897 493 84 79 409 159
is_linear=0
shrinkage=0.04


Tree=129
num_leaves=31
num_cat=0
split_feature=32 21 37 27 33 0 30 16 0 37 16 16 21 30 17 30 30 0 13 37 27 37 32 12 38 22 0 5 10 30
split_gain=219.176 263.601 202.712 317.496 164.226 169.088 351.493 220.868 163.091 159.317 209.141 441.335 155.895 152.233 146.283 143.055 141.912 135.062 242.59 149.231 505.083 142.866 134.274 133.04 124.818 124.781 124.643 246.5 282.986 145.095
threshold=0.84074410025000124 29.356254581916669 64.592536000000038 4.160563714946286 0.55784343443692286 2.5000000000000004 0.43768530633333308 17.746402132000004 1.0000000180025095e-35 183.92789450000004 20.460922225000001 17.82167073983334 62.611773307833339 -3.764597326583337 15.651550480166668 -5.0128002280833313 4.9999727698333354 17.500000000000004 30.447175813583339 179.28065300000003 3.8301720166386928 200.69197800000003 -2.5335078409166658 55.653911214166676 32.625000000000007 15.271804397305599 5.5000000000000009 1.0000000180025095e-35 -0.6830127018922193 9.9654447824166699
decision_type=2 2 2 2 2 2 2 2 2 2 2 2 2 2 2 2 2 2 2 2 2 2 2 2 2 2 2 2 2 2
left_child=4 15 3 -3 5 6 7 -1 9 -6 11 -11 14 -7 -4 -2 -15 19 21 23 -21 -19 -8 -10 -16 -12 27 28 -17 -29
right_child=1 2 12 -5 8 13 22 -9 17 10 25 -13 -14 16 24 26 -18 18 -20 20 -22 -23 -24 -25 -26 -27 -28 29 -30 -31
leaf_value=-0.057308255773037671 -0.021291041041160634 -0.17017923737565677 0.043801505901385103 0.037794441457675847 -0.032551762126569746 -0.081715764040127398 -0.21193389954774275 0.096181881402929631 0.00050657342184038778 -0.031818526917033726 -0.072385505773919695 0.1706980932120121 0.069713589505451479 -0.01146549166486307 0.0094597882042711662 0.054624224810956336 0.071494801745695225 -0.0032711987126383978 -0.064052862640012767 0.040867110908337008 -0.0034653932038758301 -0.032524458480454509 -0.082515803030852611 -0.024246986913778548 0.050505999508163618 7.9222431326818522e-05 -0.0008996572500515501 -0.0042685128253537657 0.01065773468125294 -0.090059183780668364
leaf_weight=40 451 24 240 23 520 48 23 24 9220 36 47 33 82 1112 2690 303 34 4493 114 634 1170 284 29 361 124 199 6524 714 1032 33
leaf_count=40 451 24 240 23 520 48 23 24 9220 36 47 33 82 1112 2690 303 34 4493 114 634 1170 284 29 361 124 199 6524 714 1032 33
internal_value=-7.59488e-12 0.00414886 0.0140507 -0.0684049 -0.00275675 -0.0164065 -0.0625121 0.000250546 -0.00171173 -0.0189529 0.00349593 0.0650372 0.0152865 -0.0119273 0.0138251 0.000668944 -0.00900419 -0.000827217 -0.00638652 0.00156106 0.0121149 -0.00501035 -0.139758 -0.00042611 0.0112685 -0.0137657 0.00181976 0.0103411 0.0206366 -0.00805846
internal_weight=30661 12240 3183 47 18421 1310 116 64 17111 835 315 69 3136 1194 3054 9057 1146 16276 4891 11385 1804 4777 52 9581 2814 246 8606 2082 1335 747
internal_count=30661 12240 3183 47 18421 1310 116 64 17111 835 315 69 3136 1194 3054 9057 1146 16276 4891 11385 1804 4777 52 9581 2814 246 8606 2082 1335 747
is_linear=0
shrinkage=0.04


Tree=130
num_leaves=31
num_cat=0
split_feature=30 25 24 20 33 7 35 30 12 0 0 4 23 22 16 17 25 12 28 12 18 24 25 16 17 2 22 13 12 25
split_gain=213.301 223.63 403.766 322.651 218.701 249.074 367.275 292.026 244.456 257.206 219.779 299.228 372.439 213.98 206.739 172.805 160.927 276.642 235.134 136.465 181.741 125.948 114.966 120.993 101.511 77.6702 102.043 75.0582 69.7891 45.2937
threshold=-15.67356818033333 37.417015610618058 23.804923935118058 16.013394234250004 1.1766518363286804 0.91597561503675351 40.650000000000006 0.26458706025000295 12.212221988750004 5.5000000000000009 4.5000000000000009 46.500000000000007 13.786187140180557 12.970361667138905 18.071703499000005 13.807449219083336 42.009754001309027 21.929681632583335 16.227366984951274 16.760486421250004 33.861912671000006 34.433992759020839 27.181638567881944 42.035888118500004 14.485208708000002 182.50000000000003 42.195038321833358 53.086786783750007 60.444142236333342 32.071917804329864
decision_type=2 2 2 2 2 2 2 2 2 2 2 2 2 2 2 2 2 2 2 2 2 2 2 2 2 2 2 2 2 2
left_child=21 4 3 -3 5 8 13 -8 14 -10 11 12 -6 -7 -2 -4 18 -18 -17 20 -5 -1 23 -12 -24 27 -27 29 -28 -23
right_child=1 2 15 19 10 6 7 -9 9 -11 22 -13 -14 -15 -16 16 17 -19 -20 -21 -22 25 24 -25 -26 26 28 -29 -30 -31
leaf_value=-0.12437498877445856 -0.011818396704163571 0.20390144694468071 0.11762620338927145 0.1745352443754673 0.14135779430468878 -0.083920205468311901 -0.015651164848471288 -0.074427818674724422 0.011372542539252281 -0.0014280561240118453 -0.0018891843607070527 -0.032479524789960121 0.026630682452024435 0.022547558330373363 -0.062132296916222414 0.026750695859350051 0.18166703668236733 0.02584653647019736 -0.0032723868346640679 -0.029858569896221158 0.0040107356309890749 -0.0017313733799704191 0.047225737376705455 -0.048663411110322533 0.0078853255756742638 -0.11190591889043008 -0.0073402984117838877 -0.038629332275494289 -0.089451028098436913 0.073433996827706044
leaf_weight=24 1062 29 23 20 48 32 2495 143 2960 16577 1508 128 797 538 149 556 20 206 1674 25 20 29 115 94 1200 31 67 46 22 23
leaf_count=24 1062 29 23 20 48 32 2495 143 2960 16577 1508 128 797 538 149 556 20 206 1674 25 20 29 115 94 1200 31 67 46 22 23
internal_value=-9.60256e-12 0.000297577 0.0115803 0.0929532 -0.00074496 -0.00217343 -0.012546 -0.0188373 -0.000569646 0.000511329 0.00805207 0.0245143 0.0331477 0.0165704 -0.018009 0.00849477 0.00747278 0.039636 0.00421319 0.0434532 0.089273 -0.0374049 0.00256088 -0.00463374 0.0113257 -0.0278302 -0.0494067 -0.00140997 -0.0276373 0.0315148
internal_weight=30661 30419 2573 94 27846 23956 3208 2638 20748 19537 3890 973 845 570 1211 2479 2456 226 2230 65 40 242 2917 1602 1315 218 120 98 89 52
internal_count=30661 30419 2573 94 27846 23956 3208 2638 20748 19537 3890 973 845 570 1211 2479 2456 226 2230 65 40 242 2917 1602 1315 218 120 98 89 52
is_linear=0
shrinkage=0.04


Tree=131
num_leaves=31
num_cat=0
split_feature=32 30 33 31 26 21 25 17 7 20 10 36 12 13 35 29 0 22 27 17 36 40 38 19 27 36 22 14 38 30
split_gain=206.067 206.695 214.707 231.43 563.811 205.661 235.901 188.785 194.168 186.491 635.02 180.414 164.118 1058.84 302.154 279.439 148.038 213.755 144.755 109.167 299.507 130.854 171.711 130.403 122.315 91.4019 80.1058 95.7671 78.2716 191.933
threshold=-14.41053780916666 -0.5653480060833348 1.4247962033166484 6.4364557136666631 21.350213114616075 21.031809619000004 42.009754001309027 22.975336222583341 0.91597561503675351 10.492458841750002 -0.6830127018922193 8.3500000000000014 15.568483227500003 18.071300390333338 85.850000000000009 15.083972505794202 3.5000000000000004 16.557048426583375 3.5840709673423592 10.503400270583336 16.700000000000003 10.230000000000002 27.350000000000005 31.233964574833333 11.454350839713937 17.350000000000005 18.866985231083351 16.997658443250003 22.491666666666671 2.9127877360000007
decision_type=2 2 2 2 2 2 2 2 2 2 2 2 2 2 2 2 2 2 2 2 2 2 2 2 2 2 2 2 2 2
left_child=26 5 12 4 -4 6 9 8 -5 10 -2 -9 13 14 -3 -15 17 -14 -11 20 -7 24 -23 -22 -21 -18 27 28 -1 -30
right_child=1 2 3 7 -6 19 -8 11 -10 18 -12 -13 16 15 -16 -17 25 -19 -20 21 23 22 -24 -25 -26 -27 -28 -29 29 -31
leaf_value=-0.030142435683617515 0.10972317353709715 -0.0043024337527089833 -0.040714246824383737 0.0082102649455159295 0.25603795783860345 0.012142641056032681 0.11138785135287504 0.061009961141867838 -0.11756971719861031 -0.0079636981331747854 -0.014511430139473381 0.011754243538649249 0.086651024380150973 -0.11864892160367665 0.042410476432170399 0.030519481741863752 0.0020128283942119967 0.0135292839675175 -0.024697004798113084 -0.00013997209167028744 -0.059848829823381758 0.043427448351845213 0.0058154995140235035 -0.18856911730766296 -0.022244392277590102 0.020936425776078422 -0.0061410281764182964 -0.058730072754771774 -0.012385863015334383 0.12014301078766584
leaf_weight=315 91 2510 20 1082 21 88 26 235 20 4303 238 241 68 159 243 23 10445 1078 1024 3644 34 209 2744 20 450 425 627 119 139 20
leaf_count=315 91 2510 20 1082 21 88 26 235 20 4303 238 241 68 159 243 23 10445 1078 1024 3644 34 209 2744 20 450 425 627 119 139 20
internal_value=-1.18853e-11 0.000667537 0.00362142 0.0174581 0.111281 -0.00313527 -0.00882266 0.0150204 0.00592751 -0.00937525 0.0198513 0.0360717 0.00212308 -0.00635659 -0.000179209 -0.099798 0.00419431 0.0178681 -0.0111803 0.0013599 -0.033364 0.0020596 0.0084775 -0.107523 -0.00256962 0.00275271 -0.016109 -0.0266484 -0.0185942 0.00428444
internal_weight=30661 29441 16570 1619 41 12871 5682 1578 1102 5656 329 476 14951 2935 2753 182 12016 1146 5327 7189 142 7047 2953 54 4094 10870 1220 593 474 159
internal_count=30661 29441 16570 1619 41 12871 5682 1578 1102 5656 329 476 14951 2935 2753 182 12016 1146 5327 7189 142 7047 2953 54 4094 10870 1220 593 474 159
is_linear=0
shrinkage=0.04


Tree=132
num_leaves=31
num_cat=0
split_feature=26 30 0 30 25 24 1 33 22 19 19 17 0 37 0 31 24 7 0 30 2 22 28 37 15 22 34 21 24 13
split_gain=196.541 202.603 216.093 287.152 227.839 332.126 301.304 214.257 287.448 156.613 180.553 144.709 139.354 128.78 276.723 148.628 120.112 110.893 109.313 88.247 71.4168 96.1834 79.8238 56.6244 52.5567 49.4386 49.3647 37.7153 34.0574 25.9531
threshold=18.178351626971729 -15.67356818033333 17.500000000000004 -1.788422856416666 37.417015610618058 23.804923935118058 4.5000000000000009 1.1766518363286804 13.915278569833356 31.754315030833336 18.574427978666666 13.807449219083336 1.5000000000000002 147.65786550000004 22.500000000000004 7.9625264897499948 34.433992759020839 -0.98296291314453399 1.5000000000000002 6.5892215266666643 174.50000000000003 40.403528987777818 13.1491702749562 57.171691500000016 62.611773307833339 11.711783301472229 5.6000000000000005 21.031809619000004 13.511717336825333 53.086786783750007
decision_type=2 2 2 2 2 2 2 2 2 2 2 2 2 2 2 2 2 2 2 2 2 2 2 2 2 2 2 2 2 2
left_child=17 16 4 9 7 6 -6 12 -9 10 -4 -7 -3 15 -15 -5 -2 27 26 23 22 -22 -18 28 -23 -25 -19 -1 -20 -24
right_child=1 2 3 13 5 11 -8 8 -10 -11 -12 -13 -14 14 -16 -17 20 18 19 -21 21 24 29 25 -26 -27 -28 -29 -30 -31
leaf_value=-0.028377119072301445 -0.12268756848314535 -0.010086234759795917 -0.050276450908189656 0.0029602331115082619 0.14360342720150948 0.11236328483275745 -0.0068738744927175121 0.078407008491381255 0.00918473917593602 -0.12978748367930001 -0.011973113146497521 0.011379071907758647 0.0014036220773012095 -0.0010855031280137381 -0.031572509595035221 0.089583700597286223 0.068251572804791591 -0.071629775740065668 0.064843828255931546 -0.067202240489423276 -0.11679964151382446 -0.0057903992558519047 0.0062944037444663771 -0.023389079963067598 -0.066924383118748668 -0.0045262420615445201 -0.025977633003674141 -0.080484698337057362 0.010514821641321758 -0.041362019762760251
leaf_weight=43 23 1919 266 3292 60 23 33 99 3148 22 758 1766 14087 2125 614 32 21 53 24 38 25 60 33 261 36 1500 133 46 80 41
leaf_count=43 23 1919 266 3292 60 23 33 99 3148 22 758 1766 14087 2125 614 32 21 53 24 38 25 60 33 261 36 1500 133 46 80 41
internal_value=-4.62541e-12 0.000885584 0.00119592 -0.00483682 0.00322509 0.0165086 0.0902083 0.00192662 0.0112953 -0.0241917 -0.021923 0.0126774 2.6074e-05 -0.00149768 -0.00791976 0.00379415 -0.0357881 -0.0115813 -0.00971832 -0.00685768 -0.0265349 -0.0469148 -0.00057731 -0.00562814 -0.0287156 -0.00732193 -0.038986 -0.0553091 0.0230523 -0.0201098
internal_weight=30661 28483 28244 7109 21135 1882 93 19253 3247 1046 1024 1789 16006 6063 2739 3324 239 2178 2089 1903 216 121 95 1865 96 1761 186 89 104 74
internal_count=30661 28483 28244 7109 21135 1882 93 19253 3247 1046 1024 1789 16006 6063 2739 3324 239 2178 2089 1903 216 121 95 1865 96 1761 186 89 104 74
is_linear=0
shrinkage=0.04


Tree=133
num_leaves=31
num_cat=0
split_feature=32 26 33 23 38 17 30 21 20 2 28 35 18 12 30 30 28 12 8 28 26 37 23 28 7 7 33 28 15 24
split_gain=189.339 182.221 224.458 260.6 152.887 245.8 187.745 131.255 321.324 458.322 173.54 141.663 913.084 177.638 111.453 108.782 80.8664 74.4175 120.298 103.104 84.7355 76.724 73.3329 71.8486 66.9104 112.867 50.2928 181.291 112.75 48.4496
threshold=-14.41053780916666 18.693349102916226 1.2131586858552417 13.786187140180557 27.350000000000005 22.812862556916674 13.89867375425 16.405004321500005 10.492458841750002 174.50000000000003 18.335238552152791 85.850000000000009 22.610778735333337 12.463435888916669 6.5892215266666643 -2.1107858720833277 5.1479956675659002 21.190488655166671 -0.8783796973249266 15.29965331162219 33.941148480855517 163.80353600000004 44.99657893148612 12.065653015468246 -0.98296291314453399 -0.9159756150367534 0.44830189007764393 11.90078916716133 13.525336108416669 35.230713427125004
decision_type=2 2 2 2 2 2 2 2 2 2 2 2 2 2 2 2 2 2 2 2 2 2 2 2 2 2 2 2 2 2
left_child=17 14 7 -4 5 -5 -6 8 9 -3 -10 13 -13 -9 15 -2 -16 18 23 22 26 -21 29 -1 -17 -26 28 -28 -20 -19
right_child=1 2 3 4 6 -7 -8 11 10 -11 -12 12 -14 -15 16 24 -18 19 20 21 -22 -23 -24 -25 25 -27 27 -29 -30 -31
leaf_value=-0.0047050572418864227 -0.034757695324464231 -0.021945207429326274 0.11416986755835705 0.0075180874674674056 0.0013869445942179235 0.037171337414492023 -0.082951086495410317 -0.043399448597973046 -0.010374779754496776 0.082850036123054929 0.055544284715102268 0.11777762215645587 -0.0078779258439925261 0.0013491226055518169 -0.13007895747820536 -0.041584755089363934 -0.02034088645469059 0.0027449932188876726 -0.02343580559593195 -0.0083175415843725203 -0.082427339398342639 -0.11778697717757453 -0.054721193909645083 0.070329055426449613 0.029222033095805823 -0.0072247367858840617 -0.028998633625858524 0.050299076714298945 -0.086033313846777357 0.057181382145998737
leaf_weight=69 234 121 39 1496 1051 638 44 143 3774 149 65 122 383 19103 21 81 22 398 171 20 46 21 34 29 147 1808 286 55 63 28
leaf_count=69 234 121 39 1496 1051 638 44 143 3774 149 65 122 383 19103 21 81 22 398 171 20 46 21 34 29 147 1808 286 55 63 28
internal_value=-3.07195e-11 0.000639868 0.00155875 0.0113901 0.0101487 0.0163835 -0.00200198 0.000212198 -0.00629223 0.0358862 -0.00925867 0.00156538 0.0224785 0.00101664 -0.0101373 -0.00892879 -0.0739339 -0.0154413 -0.0236878 -0.00360641 -0.0301875 -0.0643873 0.00181101 0.0174989 -0.00596024 -0.00448424 -0.0260083 -0.0162087 -0.040289 0.00632297
internal_weight=30661 29441 27128 3268 3229 2134 1095 23860 4109 270 3839 19751 505 19246 2313 2270 43 1220 719 501 621 41 460 98 2036 1955 575 341 234 426
internal_count=30661 29441 27128 3268 3229 2134 1095 23860 4109 270 3839 19751 505 19246 2313 2270 43 1220 719 501 621 41 460 98 2036 1955 575 341 234 426
is_linear=0
shrinkage=0.04


Tree=134
num_leaves=31
num_cat=0
split_feature=32 29 6 19 30 33 24 30 14 17 1 30 32 35 27 1 35 0 0 30 35 27 25 23 17 24 22 30 22 24
split_gain=183.358 227.891 303.544 280.229 197.011 191.38 183.11 198.029 242.766 153.132 145.639 139.489 132.363 142.038 266.477 441.129 143.843 346.944 143.224 129.169 111.504 105.292 101.778 173.068 162.644 147.481 134.709 131.41 92.0106 89.6147
threshold=0.5118505778333341 18.179630741119766 0.12940952255126045 34.981472322750001 -0.24741045808333426 1.4722800956682429 48.855947724784727 -3.0662363448333347 54.012135563416678 26.556853060333335 1.0000000180025095e-35 -15.67356818033333 -26.50971637113194 85.850000000000009 3.9910496230704924 5.5000000000000009 50.250000000000007 22.500000000000004 2.5000000000000004 8.9734752198333414 51.20000000000001 4.2954622490593382 20.538073902107641 16.509265806555558 8.9031817996666689 21.193734273166672 26.139612294027803 -2.5735644850000017 53.002642735500075 35.230713427125004
decision_type=2 2 2 2 2 2 2 2 2 2 2 2 2 2 2 2 2 2 2 2 2 2 2 2 2 2 2 2 2 2
left_child=11 5 20 4 -4 22 7 8 -7 -9 28 29 -13 16 15 -15 19 -18 -16 -14 -3 -22 26 25 -25 -24 27 -2 -8 -1
right_child=1 2 3 -5 -6 6 10 9 -10 -11 -12 12 13 14 18 -17 17 -19 -20 -21 21 -23 23 24 -26 -27 -28 -29 -30 -31
leaf_value=-0.11839658564754896 -0.047860998130213897 0.033483623174047961 0.24189961029135665 0.038703295927732549 0.08390310529087272 -0.052568678202943538 -0.01989866286981851 0.01180203161913955 0.077549715616873335 0.048602227267471307 0.14997084715536663 -0.026232258259433587 0.00046163019554641124 0.071553411140044529 -0.052668536542564308 -0.037306900381306074 -0.0045086412335509128 -0.041266792837990708 0.012450595500395281 0.057941178206413514 -0.0026099514019572072 -0.097891037297248837 0.03922650293301936 -0.083172912961906861 0.0020115122689229126 -0.050996436625719073 -0.094348211235233723 -0.0034255790366333849 0.093352015451951459 -0.028936767425449168
leaf_weight=21 113 97 23 94 28 127 24 907 28 226 28 365 8822 225 93 81 6863 437 129 63 72 25 308 36 9375 32 28 1847 22 122
leaf_count=21 113 97 23 94 28 127 24 907 28 226 28 365 8822 225 93 81 6863 437 129 63 72 25 308 36 9375 32 28 1847 22 122
internal_value=3.84843e-11 0.00350144 0.0358814 0.0796627 0.155156 0.00266358 0.0168569 0.0133414 -0.0290634 0.0191426 0.0780454 -0.00273267 -0.00240325 -0.00188284 0.0185334 0.0427374 -0.00254888 -0.00670909 -0.014829 0.000869195 0.00315835 -0.0271669 0.00101682 0.00269855 0.00168566 0.0307349 -0.00723194 -0.00598742 0.0342647 -0.0420742
internal_weight=30661 13440 339 145 51 13101 1362 1288 155 1133 74 17221 17078 16713 528 306 16185 7300 222 8885 194 97 11739 9751 9411 340 1988 1960 46 143
internal_count=30661 13440 339 145 51 13101 1362 1288 155 1133 74 17221 17078 16713 528 306 16185 7300 222 8885 194 97 11739 9751 9411 340 1988 1960 46 143
is_linear=0
shrinkage=0.04


Tree=135
num_leaves=31
num_cat=0
split_feature=12 13 0 16 0 35 16 1 18 40 0 34 13 17 14 20 31 1 29 18 37 43 4 7 28 27 29 27 20 18
split_gain=172.496 430.432 300.1 271.711 283.288 277.758 385.087 242.14 258.149 230.474 220.052 215.001 223.842 246.504 216.622 214.84 203.128 200.802 457.668 493.46 197.932 197.16 168.447 161.824 208.74 160.708 158.193 149.05 145.938 139.645
threshold=14.485208708000002 18.071300390333338 8.5000000000000018 15.753881545250001 1.0000000180025095e-35 75.250000000000014 20.460922225000001 5.5000000000000009 25.1153604575 7.1100000000000003 1.0000000180025095e-35 35.350000000000009 19.11705696633334 10.503400270583336 25.922615421833338 30.222317097666672 -7.1272709514166648 1.5000000000000002 13.041059723242091 8.9031817996666689 200.69197800000003 768.50705102021925 2.5000000000000004 -0.9159756150367534 10.804152098110473 0.19331082208901171 12.774339878044296 1.7674989848543319 9.3242283631666698 14.798726696666668
decision_type=2 2 2 2 2 2 2 2 2 2 2 2 2 2 2 2 2 2 2 2 2 2 2 2 2 2 2 2 2 2
left_child=1 10 3 -2 5 -5 -7 8 -6 -3 26 16 14 21 -13 -9 -4 18 22 -20 25 -14 -12 27 -25 -18 28 -19 -1 -22
right_child=2 9 11 4 7 6 -8 15 -10 -11 17 12 13 -15 -16 -17 20 23 19 -21 29 -23 -24 24 -26 -27 -28 -29 -30 -31
leaf_value=0.074748643125806535 -0.0049703437604260428 -0.052644752108714957 -0.01877205696109218 -0.024535778735320292 0.028665331259320009 0.11175282226780714 0.0019531983400436596 -0.04845678242515622 0.010275483043726042 -0.18815769749028341 0.10349985426122492 0.038628977609690855 -0.11944421821832657 0.016853930339172839 0.18836089372634887 0.007379601369489377 0.030153786995224294 0.046310594412139972 0.20141273039579394 0.031971317333253951 -0.094662752336925934 0.014952224002730462 -0.010879028429317483 -0.01910204412852877 0.010071498125875565 -0.0015577873879409477 -0.098156646923585375 -0.014987973245121886 -0.041448441933156277 -0.020441486634735533
leaf_weight=21 2303 71 1211 646 1906 59 382 173 3400 28 22 52 40 840 22 304 260 156 40 88 45 31 324 1590 521 15444 66 107 98 411
leaf_count=21 2303 71 1211 646 1906 59 382 173 3400 28 22 52 40 840 22 304 260 156 40 88 45 31 324 1590 521 15444 66 107 98 411
internal_value=1.70061e-11 -0.0088949 0.00101198 0.00691986 0.0109058 -0.00782942 0.0166429 0.0144273 0.0168814 -0.0909716 -0.00621584 -0.00194035 0.0162393 0.0108047 0.0831439 -0.0128713 -0.0029712 -0.00346983 0.0203 0.0849218 -0.00178711 -0.0607641 -0.00360638 -0.00821578 -0.0119019 -0.00103276 -0.0484895 0.0213716 -0.0209431 -0.027766
internal_weight=30661 3132 27529 9173 6870 1087 441 5783 5306 99 3033 18356 985 911 74 477 17371 2848 474 128 16160 71 346 2374 2111 15704 185 263 119 456
internal_count=30661 3132 27529 9173 6870 1087 441 5783 5306 99 3033 18356 985 911 74 477 17371 2848 474 128 16160 71 346 2374 2111 15704 185 263 119 456
is_linear=0
shrinkage=0.04


Tree=136
num_leaves=31
num_cat=0
split_feature=30 12 0 5 12 29 35 34 0 6 18 19 30 18 37 31 20 7 31 0 0 30 27 29 2 0 28 2 25 18
split_gain=169 229.42 229.094 283.731 487.782 718.896 280.332 507.401 223.465 203.44 202.892 205.232 153.271 268.507 252.743 213.822 258.692 200.273 169.291 150.031 322.67 510.852 362.1 355.944 310.316 442.774 189.086 144.614 135.489 133.078
threshold=-1.4107220545833348 12.463435888916669 17.500000000000004 1.0000000180025095e-35 12.212221988750004 14.018501324680503 63.600000000000009 20.850000000000005 1.0000000180025095e-35 0.12940952255126045 18.156215894000002 31.754315030833336 5.8014905714166689 35.350159716916671 193.55239450000005 -12.461395015416663 9.6959199849166691 -0.9159756150367534 18.848350203166667 5.5000000000000009 1.5000000000000002 0.20206057575000272 2.9596813121282426 16.896298041264462 34.500000000000007 2.5000000000000004 2.4625358024196822 194.50000000000003 31.447282145559033 10.88261694741667
decision_type=2 2 2 2 2 2 2 2 2 2 2 2 2 2 2 2 2 2 2 2 2 2 2 2 2 2 2 2 2 2
left_child=2 12 3 4 5 -1 8 -8 -6 -5 -4 -12 14 18 17 -16 -17 -2 27 20 21 23 -23 -3 25 -22 -26 -14 -19 -11
right_child=1 19 10 9 6 -7 7 -9 -10 29 11 -13 13 -15 15 16 -18 28 -20 -21 24 22 -24 -25 26 -27 -28 -29 -30 -31
leaf_value=0.0050160917122998548 0.029059467474619547 -0.0034921526225762216 -0.045358568490706096 -0.00080309391163314718 -0.041726539439016393 0.31261318576335906 0.11238081402497159 0.011727660256992165 -0.00061471031819528368 -0.08105084223486482 -0.0086603144617491811 -0.12928733553575433 -0.12135570394820061 0.074008685442117556 -0.010789312781540281 -0.025015114338501641 0.13517508395292141 -0.018290977795512246 0.042598433210736232 0.00099321472422599154 0.12577111806212501 -0.012247838076452416 -0.13155606370461123 0.16381096908024378 -0.03978988522804585 0.025072418295484376 0.011460694787679408 -0.042990509490650822 -0.12091656804084779 -0.026368696123651638
leaf_weight=31 150 654 353 592 223 20 90 731 4117 80 1199 23 69 26 66 23 54 1037 21 16030 88 75 89 21 119 339 3589 83 21 648
leaf_count=31 150 654 353 592 223 20 90 731 4117 80 1199 23 69 26 66 23 54 1037 21 16030 88 75 89 21 119 339 3589 83 21 648
internal_value=1.03035e-11 0.00178044 -0.00495327 -0.00165145 0.00254397 0.125642 0.00132754 0.0227615 -0.00272714 -0.018217 -0.0186469 -0.0109307 -0.0130703 -0.045844 -0.00824283 0.042042 0.0873261 -0.0141954 -0.0638566 0.00287636 0.0089453 -0.0136721 -0.0769944 0.00171283 0.0135344 0.0458253 0.00981592 -0.0785642 -0.020328 -0.0323777
internal_weight=30661 22554 8107 6532 5212 51 5161 821 4340 1320 1575 1222 1550 199 1351 143 77 1208 173 21004 4974 839 164 675 4135 427 3708 152 1058 728
internal_count=30661 22554 8107 6532 5212 51 5161 821 4340 1320 1575 1222 1550 199 1351 143 77 1208 173 21004 4974 839 164 675 4135 427 3708 152 1058 728
is_linear=0
shrinkage=0.04


Tree=137
num_leaves=31
num_cat=0
split_feature=30 26 7 0 29 2 35 35 20 27 22 30 40 35 0 24 30 11 32 38 21 32 7 15 24 6 2 22 28 29
split_gain=167.802 168.757 220.773 195.073 193.521 292.567 184.804 530.238 542.594 304.482 271.91 217.25 224.128 163.212 160.436 152.045 144.235 136.217 118.808 229.665 154.944 106.167 106.122 103.924 95.3469 73.4695 66.0524 82.1709 73.0469 68.9501
threshold=-15.67356818033333 28.115462960428079 -0.98296291314453399 22.500000000000004 15.404505486667741 134.50000000000003 40.650000000000006 39.750000000000007 18.411760921000003 2.2602801371603376 43.123731581138919 -5.0128002280833313 18.100000000000001 61.500000000000007 22.500000000000004 47.217917088798622 -12.013320246999996 0.25000000000000017 1.0441395789999961 17.81666666666667 16.175410888500007 10.479965242416675 -0.98296291314453399 54.012135563416678 34.433992759020839 0.98296291314453421 174.50000000000003 42.607233013277821 13.1491702749562 16.781292879403534
decision_type=2 2 2 2 2 2 2 2 2 2 2 2 2 2 2 2 2 2 2 2 2 2 2 2 2 2 2 2 2 2
left_child=24 6 4 18 5 -3 7 14 9 -9 11 22 -13 -7 15 -2 -6 -5 20 -20 -4 -18 -8 25 -1 -12 28 -28 -26 -29
right_child=1 2 3 17 16 13 10 8 -10 -11 23 12 -14 -15 -16 -17 21 -19 19 -21 -22 -23 -24 -25 26 -27 27 29 -30 -31
leaf_value=-0.10884731362263361 -0.0010286253546953649 0.091197975698917619 -0.020173498978895223 -0.03005066487530712 -0.0060894976236990517 -0.024597800410347443 -0.10681541900667879 0.19292769743395702 -0.068497404746997823 0.022638788570960366 0.028329800994350653 -0.008251616225617547 0.1196359196305275 0.053121453581149121 0.027718212424297676 0.068224000521734648 0.075641859328591979 0.021166718945856772 0.037900459437132487 0.0060826151365774078 0.002240916874605947 0.17907993435859682 -0.033702975683190209 -0.056954329450215613 0.066049990015370513 -0.0091437219227157012 -0.098188152286139418 0.0028815982583910225 -0.018477366637136484 -0.069331366121768948
leaf_weight=24 9400 63 532 448 28 179 36 56 26 24 489 6523 22 57 330 51 77 102 396 4352 6809 20 270 28 21 101 33 56 74 34
leaf_count=24 9400 63 532 448 28 179 36 56 26 24 489 6523 22 57 330 51 77 102 396 4352 6809 20 270 28 21 101 33 56 74 34
internal_value=8.82526e-13 0.000263938 0.00369811 0.00274567 0.0320894 0.0146167 -0.0023208 0.00126668 0.0902486 0.141841 -0.00706968 -0.00936191 -0.00782174 -0.00582662 0.000302357 -0.000654921 0.0738841 -0.0205522 0.00380563 0.00873634 0.000616551 0.0969693 -0.0423044 0.0183415 -0.0331765 0.0219148 -0.0248458 -0.044196 0.000207628 -0.0243989
internal_weight=30661 30419 13063 12639 424 299 17356 9887 106 80 7469 6851 6545 236 9781 9451 125 550 12089 4748 7341 97 306 618 242 590 218 123 95 90
internal_count=30661 30419 13063 12639 424 299 17356 9887 106 80 7469 6851 6545 236 9781 9451 125 550 12089 4748 7341 97 306 618 242 590 218 123 95 90
is_linear=0
shrinkage=0.04


Tree=138
num_leaves=31
num_cat=0
split_feature=32 30 33 17 34 0 24 26 19 27 14 16 30 35 16 30 7 12 24 37 38 17 0 4 2 0 14 12 8 28
split_gain=161.239 156.259 151.508 174.686 195.759 168.839 149.333 148.089 242.401 169.191 226.292 462.374 223.816 167.042 137.61 134.208 159.04 125.623 293.266 362.826 210.85 143.24 141.362 121.157 112.754 111.105 82.5621 66.6223 108.826 93.2786
threshold=-14.41053780916666 -0.5653480060833348 1.4247962033166484 22.975336222583341 26.350000000000005 1.5000000000000002 25.517776490833334 29.921756740085321 10.50174412841667 13.811640501908185 53.086786783750007 22.719520572583338 -4.8274720295833333 39.20000000000001 20.390905932583337 -12.013320246999996 -0.98296291314453399 13.677909053500002 19.698253907979169 193.55239450000005 28.533333333333342 34.190762662916676 3.5000000000000004 20.500000000000004 30.500000000000004 1.5000000000000002 22.105682641583339 21.190488655166671 -0.8783796973249266 15.29965331162219
decision_type=2 2 2 2 2 2 2 2 2 2 2 2 2 2 2 2 2 2 2 2 2 2 2 2 2 2 2 2 2 2
left_child=27 7 17 5 14 -4 -6 9 -9 10 13 -12 -11 -2 -5 23 -17 18 19 -3 -20 22 -19 -10 -7 -23 -14 28 -1 -29
right_child=1 2 3 4 6 24 -8 8 15 12 11 -13 26 -15 -16 16 -18 21 20 -21 -22 25 -24 -25 -26 -27 -28 29 -30 -31
leaf_value=0.017121510929903206 -0.00066076722792495239 -0.0089613943978175577 -0.10898942931741477 0.020287581020331177 -0.049943633021892239 0.042396155324600199 0.026076583266109624 0.11614691909154257 0.036759665398517764 -0.13102953917101809 0.17235229922063422 0.010744431460648777 -0.095866880565881732 -0.012518761445651288 0.082917438118207829 0.039791182816466868 0.0021240211454008132 0.016523042034567458 -0.035864037431717392 0.066749070197005156 -0.14684282486353603 -0.049411549305050879 0.0033731868363506569 -0.038328219098104563 0.0035272881818413965 -0.0034867789975635893 -0.0076966574804577153 0.0021012543523279219 -0.028234116960057121 -0.060863719873312044
leaf_weight=98 3937 1277 20 88 53 136 188 30 41 38 33 200 20 3675 155 187 4384 1528 126 110 35 87 9085 213 979 2703 113 460 621 41
leaf_count=98 3937 1277 20 88 53 136 188 30 41 38 33 200 20 3675 155 187 4384 1528 126 110 35 87 9085 213 979 2703 113 460 621 41
internal_value=1.30018e-11 0.00059048 0.00315882 0.0147821 0.0349027 0.00620203 0.00935844 -0.00271597 0.00279718 -0.00605508 -0.00519712 0.0336331 -0.0454163 -0.00638569 0.0602367 0.00209241 0.00366499 0.00190017 -0.00888868 -0.00295696 -0.0599899 0.00314624 0.00526643 -0.0262077 0.00826824 -0.00491884 -0.0209553 -0.0142494 -0.0220521 -0.00305157
internal_weight=30661 29441 16570 1619 484 1135 241 12871 4855 8016 7845 233 171 7612 243 4825 4571 14951 1548 1387 161 13403 10613 254 1115 2790 133 1220 719 501
internal_count=30661 29441 16570 1619 484 1135 241 12871 4855 8016 7845 233 171 7612 243 4825 4571 14951 1548 1387 161 13403 10613 254 1115 2790 133 1220 719 501
is_linear=0
shrinkage=0.04


Tree=139
num_leaves=31
num_cat=0
split_feature=30 0 0 1 30 29 0 12 13 7 38 14 20 22 1 0 26 6 15 6 0 31 34 18 40 6 37 23 15 22
split_gain=151.69 208.199 236.473 509.659 431.88 664.848 301.589 222.955 341.278 272.704 202.196 270.05 175.233 177.257 162.144 175.302 136.375 134.312 306.301 146.928 133.769 133.326 131.284 265.131 123.788 104.324 97.7208 333.467 86.0481 70.1749
threshold=-3.1575543129166674 1.0000000180025095e-35 5.5000000000000009 5.5000000000000009 1.6363866945000007 16.896298041264462 1.5000000000000002 19.194468526000005 23.628470304500002 -0.9159756150367534 12.033333333333337 47.494132682500009 10.492458841750002 14.764133340944468 5.5000000000000009 17.500000000000004 26.021740348691441 0.78656609248549325 54.54882465883334 0.37940952255126054 2.5000000000000004 3.096264135749998 35.350000000000009 22.51510503716667 16.250000000000004 0.12940952255126045 162.91900150000001 18.679251493402777 16.760486421250004 16.968822143666696
decision_type=2 2 2 2 2 2 2 2 2 2 2 2 2 2 2 2 2 2 2 2 2 2 2 2 2 2 2 2 2 2
left_child=10 12 3 4 5 -3 -6 8 9 -4 11 28 -2 16 15 17 -14 19 -19 -12 -5 -17 24 -24 -9 29 -15 -28 -1 -16
right_child=1 2 7 20 6 -7 -8 22 -10 -11 14 -13 13 26 25 21 -18 18 -20 -21 -22 -23 23 -25 -26 -27 27 -29 -30 -31
leaf_value=-0.067029899377375843 0.09512606994027184 0.02626962535985785 0.019359665237359262 -0.043110126021052526 -0.059465182223998082 0.16226640791694322 0.0080948495418026196 0.001882292916409557 -0.083524593050761903 -0.0095776282672914142 -0.00045813959507798422 -0.17969293231313882 -0.039638778567314147 -0.020225953641542001 -0.064958177639235712 -0.020077009401039073 -0.12791593288381894 0.013859945070648264 0.17237094904888761 -0.042522203826478554 -0.0090038785265790927 -0.089995445406661836 0.085512532539227429 0.0097132919956946558 -0.020519847834139852 -0.06986968265466241 0.16467391874108994 -0.009935372753157503 -0.0079716912924664689 0.0084517282630140727
leaf_weight=64 21 1389 590 277 109 60 3513 14127 93 4460 2606 22 126 503 29 247 36 172 22 140 548 53 85 562 406 98 21 105 103 74
leaf_count=64 21 1389 590 277 109 60 3513 14127 93 4460 2606 22 126 503 29 247 36 172 22 140 548 53 85 562 406 98 21 105 103 74
internal_value=-7.03027e-12 0.00103102 0.00164881 0.00870155 0.0134451 0.031901 0.00606171 -0.000397298 -0.00759514 -0.00619684 -0.00767756 -0.047959 -0.0189169 -0.0219446 -0.00546507 -0.00330239 -0.0592559 -0.000330255 0.0318354 -0.0026027 -0.0204553 -0.0324293 0.00204134 0.0196715 0.00125646 -0.0403263 -0.012335 0.0191662 -0.0306048 -0.0122171
internal_weight=30661 27031 26219 5896 5071 1449 3622 20323 5143 5050 3630 189 812 791 3441 3240 162 2940 194 2746 825 300 15180 647 14533 201 629 126 167 103
internal_count=30661 27031 26219 5896 5071 1449 3622 20323 5143 5050 3630 189 812 791 3441 3240 162 2940 194 2746 825 300 15180 647 14533 201 629 126 167 103
is_linear=0
shrinkage=0.04


Tree=140
num_leaves=31
num_cat=0
split_feature=33 26 0 19 29 35 32 40 23 12 25 40 23 0 13 35 22 28 21 38 13 7 36 38 7 23 7 21 20 35
split_gain=156.786 155.211 219.535 173.708 171.832 192.631 204.614 204.374 158.799 550.936 505.626 142.955 153.452 129.486 111.266 336.337 155.288 111.201 156.364 108.16 106.746 129.855 95.9183 301.575 186.307 85.2904 84.3068 354.491 179.945 98.3641
threshold=0.55784343443692286 22.500140006167154 16.500000000000004 18.327393338833335 17.985065946062701 76.250000000000014 1.1761689531666664 2.5500000000000012 17.900134479569445 15.753435201083335 29.517579493291674 5.3400000000000007 32.832524588513884 1.5000000000000002 34.56328076191668 20.950000000000006 33.993530525638924 1.957387370694412 31.77748570941667 28.100000000000005 29.525153434250004 -0.98296291314453399 10.850000000000001 27.350000000000005 -0.98296291314453399 14.87327550413889 0.78656609248549303 30.490741023750001 14.339659442250001 85.850000000000009
decision_type=2 2 2 2 2 2 2 2 2 2 2 2 2 2 2 2 2 2 2 2 2 2 2 2 2 2 2 2 2 2
left_child=20 13 4 11 8 6 -6 -7 10 -10 -3 -4 -13 25 22 16 -16 -5 -19 -17 21 -1 24 -24 -15 -2 29 28 -28 -23
right_child=1 2 3 17 5 7 -8 -9 9 -11 -12 12 -14 14 15 19 -18 18 -20 -21 -22 26 23 -25 -26 -27 27 -29 -30 -31
leaf_value=0.050167197316352816 -0.044193085745829558 0.0061407298121023282 -0.0047594946936502158 0.036405511252814902 -0.0068008411775740589 0.016278848812497894 0.047248955021537309 0.16182892420075157 -0.04071925941338906 0.0040708984188108695 0.063313327298136046 -0.025387425212906427 -0.1115196738243103 -0.043516266293781629 -0.052844686463475225 -0.00085522061348414702 -0.20858336295400345 -0.00027033831998824696 -0.045715254450126759 -0.067964756223890518 -0.057884821137050527 -0.010761786196366828 0.11460825345913569 0.004876660436666647 -0.0017369744662680904 -0.011378692853937887 0.041622374035277458 -0.19672732597589496 -0.050907526643359631 0.04431090911229451
leaf_weight=56 201 1624 802 128 239 29 211 33 455 12812 292 608 35 177 20 263 21 5251 124 45 77 1328 45 366 4857 343 53 20 92 54
leaf_count=56 201 1624 802 128 239 29 211 33 455 12812 292 608 35 177 20 263 21 5251 124 45 77 1328 45 366 4857 343 53 20 92 54
internal_value=2.64339e-11 0.000688682 0.0022374 -0.00368224 0.00485796 0.0276495 0.0185425 0.0937491 0.00408938 0.00253479 0.0148539 -0.0160248 -0.0300758 -0.00484424 -0.00309236 -0.0249871 -0.132613 -0.000441274 -0.00131874 -0.0106602 -0.0118802 -0.00967034 -0.00168901 0.0168911 -0.00320597 -0.0235031 -0.0118364 -0.0388609 -0.0170863 -0.00860989
internal_weight=30661 28981 22643 6948 15695 512 450 62 15183 13267 1916 1445 643 6338 5794 349 41 5503 5375 308 1680 1603 5445 411 5034 544 1547 165 145 1382
internal_count=30661 28981 22643 6948 15695 512 450 62 15183 13267 1916 1445 643 6338 5794 349 41 5503 5375 308 1680 1603 5445 411 5034 544 1547 165 145 1382
is_linear=0
shrinkage=0.04


Tree=141
num_leaves=31
num_cat=0
split_feature=30 25 21 17 26 33 23 18 7 30 12 32 7 38 24 0 37 9 15 2 23 13 12 30 25 27 21 0 33 9
split_gain=146.054 162.474 277.771 146.053 134.368 144.498 238.343 359.004 158.629 262.719 139.881 111.333 93.5079 90.6624 85.7475 72.3124 71.5168 86.8134 64.3884 57.8895 73.3546 72.0317 64.8398 50.3135 45.483 38.6025 35.7562 29.386 23.348 21.8975
threshold=-15.67356818033333 42.009754001309027 18.478271821500002 39.644781087000005 18.178351626971729 1.1766518363286804 13.786187140180557 8.9031817996666689 0.91597561503675351 0.26458706025000295 12.463435888916669 -5.1302650635833311 -0.98296291314453399 9.0500000000000025 34.433992759020839 13.500000000000002 147.65786550000004 -0.56174490092936669 34.183892203666673 174.50000000000003 48.528134932666667 53.086786783750007 60.444142236333342 4.3787227498333339 32.071917804329864 4.7873414803611327 21.031809619000004 12.500000000000002 0.96495146139721455 -0.22252093395631442
decision_type=2 2 2 2 2 2 2 2 2 2 2 2 2 2 2 2 2 2 2 2 2 2 2 2 2 2 2 2 2 2
left_child=14 4 -3 16 12 8 7 -7 10 -10 -6 -8 26 23 -1 -5 25 -18 -15 21 -21 24 27 -14 -16 -4 28 -22 -2 -17
right_child=1 2 3 15 5 6 11 -9 9 -11 -12 -13 13 18 19 29 17 -19 -20 20 22 -23 -24 -25 -26 -27 -28 -29 -30 -31
leaf_value=-0.10271252475368479 -0.053072460801763977 0.17635604137182234 0.053658521459216166 -0.080282613709568976 -0.013965933525806398 0.18107736962456858 -0.010490441483716953 -0.020471119147080642 -0.005791486924329071 -0.054151087986276103 0.0015882433619771334 0.0094765312140181572 -0.019170666723455555 -0.0020252487294527889 -0.00014662714353923139 -0.016631635621536609 0.045247831800404717 0.14722351746125656 -0.066738795161247255 -0.089187678334613649 0.016723742784725295 -0.037096360207281333 -0.080652452475306669 -0.071704299969057889 0.076124331483786764 -0.023990296870470048 -0.075565587471831924 -0.041549062311649322 0.0058930637581007814 0.023072836527033992
leaf_weight=24 22 20 21 20 970 31 518 26 3049 191 19982 3251 494 1538 29 43 34 22 25 36 45 44 22 31 22 20 44 20 21 46
leaf_count=24 22 20 21 20 970 31 518 26 3049 191 19982 3251 494 1538 29 43 34 22 25 36 45 44 22 31 22 20 44 20 21 46
internal_value=-1.09438e-11 0.00024624 0.0340355 0.020218 -6.67854e-06 0.000736795 0.00796009 0.089143 -0.000405579 -0.00864232 0.000868143 0.00673233 -0.00958399 -0.00789102 -0.030952 -0.0115547 0.0559213 0.0853097 -0.00306033 -0.0230517 -0.0411669 0.000402561 -0.0212962 -0.0222727 0.0327546 0.015781 -0.0502152 -0.00120635 -0.0242753 0.00388978
internal_weight=30661 30419 226 206 30193 28018 3826 57 24192 3240 20952 3769 2175 2088 242 109 97 56 1563 218 123 95 87 525 51 41 87 65 43 89
internal_count=30661 30419 226 206 30193 28018 3826 57 24192 3240 20952 3769 2175 2088 242 109 97 56 1563 218 123 95 87 525 51 41 87 65 43 89
is_linear=0
shrinkage=0.04


Tree=142
num_leaves=31
num_cat=0
split_feature=32 30 0 1 12 29 35 22 21 19 6 31 17 34 23 12 11 37 21 35 25 30 27 37 0 19 29 1 12 30
split_gain=140.24 140.734 193.147 234.71 455.972 528.318 259.402 191.086 149.762 138.379 131.871 120.944 179.819 219.287 232.486 195.764 118.195 104.433 101.224 241.765 221.99 92.2784 120.892 104.193 90.7225 69.6493 63.8838 135.505 73.5339 84.967
threshold=-14.41053780916666 -1.4107220545833348 17.500000000000004 4.5000000000000009 12.212221988750004 13.188422628923787 63.600000000000009 12.518205734138901 17.634886633333334 31.754315030833336 0.12940952255126045 3.441784326916665 18.336640454250006 25.300000000000004 15.574857148749997 18.727345483500002 -0.68301270189221952 57.171691500000016 15.184436124583334 85.850000000000009 30.518444831201098 7.653832255083338 9.4202211904976565 156.58735600000003 16.500000000000004 17.7417906825 17.338432919624939 1.5000000000000002 21.190488655166671 -4.3600853311666681
decision_type=2 2 2 2 2 2 2 2 2 2 2 2 2 2 2 2 2 2 2 2 2 2 2 2 2 2 2 2 2 2
left_child=26 2 3 4 5 -2 -6 -5 16 25 -9 17 21 14 -14 -15 -4 24 20 -20 -19 23 -23 -13 -3 -10 28 -28 29 -1
right_child=1 11 8 7 6 -7 -8 10 9 -11 -12 12 13 15 -16 -17 -18 18 19 -21 -22 22 -24 -25 -26 -27 27 -29 -30 -31
leaf_value=-0.098920148454961318 0.0019136454456526301 0.065241187927690708 -0.087264216384953922 -0.069921058239225217 -0.0021446432632051264 0.2830149990320206 0.022755663815179985 0.0021710662352885548 -0.039370625981691852 -0.11519375587254763 -0.024630044290194286 -0.0095713023225025597 0.13789304316043854 -0.062448173887293103 0.023373577322258726 0.0061804434980132755 -0.027910756975609886 -0.0023162415467142578 0.00091516623595640115 0.028970581968644944 -0.038300144746662323 -0.08974012220035428 0.0047197641922933301 0.024782450855760786 0.0075266819794328425 -0.0061669428842741278 -0.12034016379549239 0.014543727522038601 0.00074320681450246629 -0.017224425469088343
leaf_weight=21 23 74 72 98 4181 20 797 564 111 20 613 631 29 71 1292 1050 211 2170 15086 508 314 46 41 182 106 1131 26 22 473 678
leaf_count=21 23 74 72 98 4181 20 797 564 111 20 613 631 29 71 1292 1050 211 2170 15086 508 314 46 41 182 106 1131 26 22 473 678
internal_value=4.14407e-12 0.000550689 -0.00403943 -0.000929507 0.00296232 0.132658 0.00184201 -0.0162557 -0.0167126 -0.0108152 -0.0117874 0.00221695 0.00921292 0.0148457 0.0258876 0.00183376 -0.0430113 0.000936381 0.000634515 0.00182912 -0.00686493 -0.00607069 -0.0452245 -0.00188079 0.0312538 -0.00913442 -0.0132892 -0.0585184 -0.0114368 -0.0196788
internal_weight=30661 29441 7841 6296 5021 43 4978 1275 1545 1262 1177 21600 3342 2442 1321 1121 283 18258 18078 15594 2484 900 87 813 180 1242 1220 48 1172 699
internal_count=30661 29441 7841 6296 5021 43 4978 1275 1545 1262 1177 21600 3342 2442 1321 1121 283 18258 18078 15594 2484 900 87 813 180 1242 1220 48 1172 699
is_linear=0
shrinkage=0.04


Tree=143
num_leaves=31
num_cat=0
split_feature=32 29 6 19 21 33 24 30 0 17 1 30 16 6 26 18 25 26 35 30 32 35 27 31 23 35 0 30 27 26
split_gain=135.701 179.205 243.778 236.203 171.624 142.867 159.904 161.678 221.904 138.425 124.334 106.701 162.485 164.477 237.795 126.385 108.896 99.9388 97.6784 96.4045 94.8488 120.052 298.238 462.924 252.433 101.739 282.64 106.899 90.6571 84.5946
threshold=0.5118505778333341 18.179630741119766 0.12940952255126045 34.981472322750001 40.265052677333344 1.4722800956682429 48.855947724784727 -3.0662363448333347 12.500000000000002 26.556853060333335 1.0000000180025095e-35 -4.0999703914999968 16.843222705416668 0.60355339059327384 27.743557900595242 48.506589290416677 38.42084173895487 36.403751103962144 51.20000000000001 -7.4043781490833327 -26.50971637113194 85.850000000000009 3.8301720166386928 0.28056463225 14.30568248048611 50.250000000000007 22.500000000000004 8.9734752198333414 4.2954622490593382 32.627698130511455
decision_type=2 2 2 2 2 2 2 2 2 2 2 2 2 2 2 2 2 2 2 2 2 2 2 2 2 2 2 2 2 2
left_child=11 5 18 4 -4 -2 7 8 -7 -9 -8 12 19 15 -15 17 -17 -14 29 -1 -13 25 23 -23 -24 27 -27 -22 -20 -3
right_child=1 2 3 -5 -6 6 10 9 -10 -11 -12 20 13 14 -16 16 -18 -19 28 -21 21 22 24 -25 -26 26 -28 -29 -30 -31
leaf_value=-0.13308140407909047 0.00084642294539965634 0.095931736876567211 0.23162566447257996 0.033356355715770912 0.081332727363032667 -0.0060803613846118635 0.031260193272534272 0.0095098137005325718 -0.136207022857666 0.044498244414386233 0.13816903063229152 -0.021951867109880997 -0.00652992599896396 -0.019734106813867888 0.14389344453811645 -0.092955828219089862 0.014674250526087625 -0.07329554105932648 -0.0031957693894704184 -0.04033759951898732 0.00098734941817401581 0.020146550632899208 0.11826797993410201 0.15147000468860974 -0.027152560809847872 -0.003070887648521075 -0.03646709677090542 0.053290386713213386 -0.091607609021663663 0.0093651681689366911
leaf_weight=22 11739 24 20 94 31 130 46 907 25 226 28 351 1176 30 27 53 21 37 72 97 8259 196 21 55 211 6168 434 63 25 73
leaf_count=22 11739 24 20 94 31 130 46 907 25 226 28 351 1176 30 27 53 21 37 72 97 8259 196 21 55 211 6168 434 63 25 73
internal_value=-1.87463e-11 0.00301222 0.0317258 0.0709609 0.140271 0.00226923 0.0145324 0.0112472 -0.0270685 0.016489 0.0717122 -0.00235087 -0.0126843 -0.00871765 0.0577737 -0.0116625 -0.0624122 -0.00856647 0.00240069 -0.0574835 -0.0013915 -0.000923095 0.018704 0.0489226 -0.0139895 -0.0015583 -0.00526628 0.0013833 -0.0259823 0.0307837
internal_weight=30661 13440 339 145 51 13101 1362 1288 155 1133 74 17221 1463 1344 57 1287 74 1213 194 119 15758 15407 483 251 232 14924 6602 8322 97 97
internal_count=30661 13440 339 145 51 13101 1362 1288 155 1133 74 17221 1463 1344 57 1287 74 1213 194 119 15758 15407 483 251 232 14924 6602 8322 97 97
is_linear=0
shrinkage=0.04


Tree=144
num_leaves=31
num_cat=0
split_feature=34 35 30 17 18 0 1 29 0 16 28 0 12 13 30 31 22 1 13 30 30 12 37 32 18 28 29 29 27 13
split_gain=135.839 204.4 163.486 146.258 135.76 132.419 374.131 310.107 254.204 231.289 156.891 269.602 157.444 184.782 142.187 125.043 121.102 106.323 103.16 97.4576 85.7502 84.2393 78.8897 74.5617 72.8778 71.688 56.6623 67.3643 56.5444 52.1475
threshold=35.350000000000009 60.250000000000007 -15.67356818033333 10.503400270583336 29.08691072591667 8.5000000000000018 5.5000000000000009 5.4360712629181576 2.5000000000000004 15.09917234266667 4.5997509306077742 10.500000000000002 19.270496582583334 23.737897810750002 2.9127877360000007 -3.9178444413333309 39.914741330388928 1.5000000000000002 19.11705696633334 1.8047110355000042 1.0535038733333304 20.606687605666668 136.00051650000003 -2.5335078409166658 18.801240730833339 13.773691423936002 16.781292879403534 14.812162501158317 3.282428924260214 53.532147770083348
decision_type=2 2 2 2 2 2 2 2 2 2 2 2 2 2 2 2 2 2 2 2 2 2 2 2 2 2 2 2 2 2
left_child=2 3 16 4 28 6 7 22 20 -9 11 -7 13 -12 -13 -14 -1 -3 -5 -10 -8 23 -4 -20 -23 -19 27 29 -2 -18
right_child=1 17 5 18 -6 10 8 9 19 -11 12 14 15 -15 -16 -17 26 25 21 -21 -22 24 -24 -25 -26 -27 -28 -29 -30 -31
leaf_value=-0.094753827412020084 0.028096450317290522 0.10218375041484834 -0.010142342294634812 0.077985589483545892 -0.12081656956672669 -0.022960780282051781 -0.032696055713643146 -0.0049176317410407448 0.0023389435786795752 0.011824648907820062 -0.012750221276686931 0.0078905913426662849 -0.014825105501846214 -0.082315373704546974 -0.028455793053983557 -0.001250248426362201 0.006060383006492082 0.050736290086973827 0.017395345985889436 -0.028072869580489795 -0.098283500496078938 0.085677670978364484 -0.048525355861231842 -0.082997318917307369 0.0099124803306983294 -0.016331343405386979 -0.065157990600381577 0.027974471473226358 -0.044278912785916759 -0.059896240718662737
leaf_weight=44 31 50 1088 36 25 555 515 1625 890 7039 2019 4540 1228 63 179 9369 34 102 20 208 34 21 93 29 621 34 35 51 39 44
leaf_count=44 31 50 1088 36 25 555 515 1625 890 7039 2019 4540 1228 63 179 9369 34 102 20 208 34 21 93 29 621 34 35 51 39 44
internal_value=1.02962e-11 0.0144405 -0.00049088 0.00587232 -0.0408032 -0.000241253 0.00311149 0.00606347 -0.0145341 0.00868451 -0.0023874 0.0034104 -0.00479907 -0.0148552 0.00651191 -0.00282333 -0.0358288 0.0523066 0.0119716 -0.00342213 -0.0367579 0.00853237 -0.0131649 -0.0420207 0.0123908 0.0339694 -0.0200196 -0.00777274 -0.012227 -0.0311459
internal_weight=30661 1008 29653 822 95 29445 11492 9845 1647 8664 17953 5274 12679 2082 4719 10597 208 186 727 1098 549 691 1181 49 642 136 164 129 70 78
internal_count=30661 1008 29653 822 95 29445 11492 9845 1647 8664 17953 5274 12679 2082 4719 10597 208 186 727 1098 549 691 1181 49 642 136 164 129 70 78
is_linear=0
shrinkage=0.04


Tree=145
num_leaves=31
num_cat=0
split_feature=33 30 0 35 29 2 2 0 1 29 30 2 19 34 38 11 30 7 30 19 13 18 18 7 29 21 31 18 25 25
split_gain=127.639 176.325 150.376 224.166 264.485 362.858 300.517 213.59 506.476 448.171 459.362 422.783 157.999 150.948 374.65 288.173 258.093 163.792 150.719 145.239 144.045 124.558 124.029 122.478 95.6465 68.0754 84.1642 62.8038 62.0923 108.39
threshold=0.55784343443692286 -5.2141865522500002 1.0000000180025095e-35 75.250000000000014 15.845590908335227 218.50000000000003 254.50000000000003 5.5000000000000009 5.5000000000000009 16.724345973574838 -0.07527065191666614 34.500000000000007 20.974187825666672 28.850000000000005 27.183333333333341 -0.68301270189221952 -12.013320246999996 -0.98296291314453399 -5.2141865522500002 12.455544624833335 17.077736035333334 17.423904321333335 14.224177527166669 -0.98296291314453399 17.985065946062701 11.875902673500002 2.3717482140833357 17.258456376416671 21.782948744861113 31.038719951774311
decision_type=2 2 2 2 2 2 2 2 2 2 2 2 2 2 2 2 2 2 2 2 2 2 2 2 2 2 2 2 2 2
left_child=1 -1 3 22 5 18 -7 8 9 11 -11 -4 -10 15 16 21 -15 -17 -5 -16 -6 -9 25 -3 28 -2 -27 -14 -25 -30
right_child=2 23 7 4 20 6 -8 13 12 10 -12 -13 27 14 19 17 -18 -19 -20 -21 -22 -23 -24 24 -26 26 -28 -29 29 -31
leaf_value=-0.087953372481076611 -0.1004170846939087 0.050132739400321792 0.043784807779010192 -0.0429571335459197 -0.14129180431365967 0.16994602187113331 0.019428876920080766 -0.088780618173380704 -0.043322081231991487 0.16774865672273456 0.036906595059991935 0.0054941737682514293 -0.031021222245224096 -0.024166840479729022 -0.058935235719211762 -0.023154152162728012 0.082920103973872339 -0.0013009184870758023 0.021315682846072471 0.0030431134079071187 -0.0238901109431012 -0.027506277880188779 -0.016990561614638834 -0.01755817372603441 -0.05406907828790801 -0.053153833981304272 0.034687378618866206 0.0053301503247280644 0.0063308306947685335 -0.028599256765694251
leaf_weight=46 40 55 517 81 20 44 41 72 340 53 226 4288 108 47 61 572 154 13506 209 7317 102 202 567 659 77 137 20 257 662 181
leaf_count=46 40 55 517 81 20 44 41 72 340 53 226 4288 108 47 61 572 154 13506 209 7317 102 202 567 659 77 137 20 257 662 181
internal_value=1.90423e-11 -0.0107191 0.000621378 -0.0128879 0.0080222 0.0246658 0.0973436 0.00123592 0.00807003 0.0124759 0.0617619 0.0096141 -0.0237021 -0.000568036 0.00399858 -0.00297957 0.0578799 -0.00218883 0.00336362 0.00253069 -0.0431363 -0.0436076 -0.0264904 -0.00854487 -0.0105887 -0.0538325 -0.0419639 -0.00542587 -0.00835972 -0.00116899
internal_weight=30661 1680 28981 1261 497 375 85 27720 5789 5084 279 4805 705 21931 7579 14352 201 14078 290 7378 122 274 764 1634 1579 197 157 365 1502 843
internal_count=30661 1680 28981 1261 497 375 85 27720 5789 5084 279 4805 705 21931 7579 14352 201 14078 290 7378 122 274 764 1634 1579 197 157 365 1502 843
is_linear=0
shrinkage=0.04


Tree=146
num_leaves=31
num_cat=0
split_feature=36 35 30 35 35 29 6 1 21 10 0 28 6 35 0 38 31 35 0 2 22 33 22 1 17 36 27 36 28 17
split_gain=123.395 188.488 146.658 135.676 190.988 136.339 120.854 274.01 402.231 613.431 397.372 301.247 255.308 184.471 239.6 262.311 197.345 180.702 157.799 118.104 109.916 105.657 105.277 98.0557 81.4482 80.083 77.2116 72.6874 66.1409 53.9778
threshold=17.350000000000005 60.250000000000007 -15.67356818033333 58.650000000000013 56.95000000000001 10.854671787634141 1.0000000180025095e-35 4.5000000000000009 13.790694986833335 -0.93301270189221908 10.500000000000002 18.335238552152791 0.78656609248549325 50.250000000000007 22.500000000000004 20.475000000000005 16.270333617750001 51.20000000000001 22.500000000000004 226.50000000000003 39.914741330388928 1.3806760371391607 22.595474441250015 1.5000000000000002 12.961645096916669 17.600000000000005 8.6564069538930557 6.0000000000000009 13.773691423936002 12.961645096916669
decision_type=2 2 2 2 2 2 2 2 2 2 2 2 2 2 2 2 2 2 2 2 2 2 2 2 2 2 2 2 2 2
left_child=2 3 20 4 25 -5 13 8 9 -8 12 -10 -9 16 15 -15 18 -12 -4 -16 -1 24 -6 -3 -7 -2 -24 -18 -25 -27
right_child=1 23 6 5 22 21 7 10 11 -11 17 -13 -14 14 19 -17 27 -19 -20 -21 -22 -23 26 28 -26 29 -28 -29 -30 -31
leaf_value=-0.09007538660683416 0.019000639407545008 0.098024259150028228 -0.001149815002788993 -0.092456031073542208 0.11784068753161739 -0.090375007703190763 0.24754423136512441 -0.022082805509465592 0.0021266419080279552 0.028145735096929334 0.034131035842223621 0.035831543232926782 -0.00092183093844262298 -0.045868897873816296 -0.044328198874864749 -0.0032355258986107999 0.12637406404673432 -0.010818014292791486 0.020837592940842635 -0.011570922902207284 -0.018876255251206002 0.074654891931492356 -0.0083881035949601689 0.048620798936953737 -0.00746617635511435 -0.072883076402544975 0.055160687304330325 0.037456437306184517 -0.015799814147107741 -0.0096281355185599271
leaf_weight=44 186 50 8151 34 31 21 21 1824 9555 702 503 444 1825 243 406 4640 24 200 558 311 164 23 43 102 195 25 106 38 34 158
leaf_count=44 186 50 8151 34 31 21 21 1824 9555 702 503 444 1825 243 406 4640 24 200 558 311 164 23 43 102 195 25 106 38 34 158
internal_value=-2.77617e-12 0.0137632 -0.000467856 0.00553526 0.0169949 -0.01751 -0.000231425 0.00227073 0.00570658 0.0345183 -0.00619418 0.00362329 -0.0114994 -0.00285598 -0.00852764 -0.00535715 0.000765199 0.0213433 0.000258955 -0.0301197 -0.0339376 -0.00684819 0.0507745 0.0501255 -0.0155268 0.000517064 0.0368211 0.0718762 0.0325156 -0.0182695
internal_weight=30661 1008 29653 822 549 273 29445 15074 10722 723 4352 9999 3649 14371 5600 4883 8771 703 8709 717 208 239 180 186 216 369 149 62 136 183
internal_count=30661 1008 29653 822 549 273 29445 15074 10722 723 4352 9999 3649 14371 5600 4883 8771 703 8709 717 208 239 180 186 216 369 149 62 136 183
is_linear=0
shrinkage=0.04


Tree=147
num_leaves=31
num_cat=0
split_feature=26 30 38 37 15 40 43 14 0 42 40 21 6 11 16 23 12 0 1 16 22 37 24 27 14 2 27 25 26 8
split_gain=121.008 150.965 193.258 193.742 165.197 154.5 360.129 278.764 141.695 130.915 130.075 134.296 127.321 115.382 110.338 159.416 334.638 404.813 294.268 224.187 146.744 109.474 108.428 106.474 88.3626 87.0812 85.4807 78.1557 57.2297 55.879
threshold=28.115462960428079 -2.5735644850000017 30.383333333333336 205.81107349999999 15.20592301516667 17.150000000000006 716.13456551114166 24.398481469749999 22.500000000000004 786.37033051562742 16.250000000000004 32.346562841666675 1.0000000180025095e-35 0.25000000000000017 15.930548489833336 17.64357462786111 14.485208708000002 1.5000000000000002 1.0000000180025095e-35 23.949580688916669 15.761524671861139 217.89551950000003 47.217917088798622 1.5482949419926393 26.677735604250003 194.50000000000003 8.7919485485635693 27.486892918125005 36.403751103962144 0.87837969732492682
decision_type=2 2 2 2 2 2 2 2 2 2 2 2 2 2 2 2 2 2 2 2 2 2 2 2 2 2 2 2 2 2
left_child=1 2 3 4 -1 10 7 -7 14 24 21 25 -6 -10 28 18 17 -17 -16 -20 -18 22 -3 -13 -4 -12 -9 -11 -2 -26
right_child=8 5 9 -5 12 6 -8 26 13 27 11 23 -14 -15 15 16 20 -19 19 -21 -22 -23 -24 -25 29 -27 -28 -29 -30 -31
leaf_value=-0.052243743464906719 -0.0071967284688959554 -0.0008524173269966168 -0.071565505821194697 0.08552978713171823 -0.020055036538716969 -0.013682759060309484 -0.044023262898748118 0.098047319126540217 -0.025698933935245055 -0.059399117509524028 0.017714288210868838 -0.16813846135139465 0.0023582019168430957 0.021429321755308147 0.13314648967040213 -0.15727581976519692 0.072935861426591878 -0.0069691235242010678 0.025081259389216695 -0.077051639450160234 0.0042524326522834733 -0.077179971555868782 0.071733528339501584 -0.03761679471284151 -0.024004218594087818 -0.07778323428197341 0.19792987795976494 -0.15865814750844784 -0.073882462524232417 0.045211421522227201
leaf_weight=134 1057 14972 59 35 653 26 48 29 449 30 50 20 1070 102 38 45 50 79 487 37 10872 30 33 20 123 22 26 22 21 22
leaf_count=134 1057 14972 59 35 653 26 48 29 449 30 50 20 1070 102 38 45 50 79 487 37 10872 30 33 20 123 22 26 22 21 22
internal_value=2.82815e-12 -0.00219025 -0.0121194 -0.00770602 -0.00946329 -0.00079409 0.042796 0.0942444 0.00288305 -0.0447371 -0.00116533 -0.0441127 -0.00613619 -0.0169746 0.00374555 0.00488237 0.00382503 -0.0615159 0.0256641 0.0178696 0.00456686 -0.0008454 -0.000692781 -0.102878 -0.0302953 -0.0114655 0.145265 -0.101393 -0.0084958 -0.0135025
internal_weight=30661 17424 2148 1892 1857 15276 129 81 13237 256 15147 112 1723 551 12686 11608 11046 124 562 524 10922 15035 15005 40 204 72 55 52 1078 145
internal_count=30661 17424 2148 1892 1857 15276 129 81 13237 256 15147 112 1723 551 12686 11608 11046 124 562 524 10922 15035 15005 40 204 72 55 52 1078 145
is_linear=0
shrinkage=0.04


Tree=148
num_leaves=31
num_cat=0
split_feature=32 33 29 22 38 38 35 7 14 12 30 1 29 7 13 12 40 40 0 40 19 12 14 17 32 30 14 18 32 35
split_gain=118.557 133.294 130.202 269.077 150.223 204.63 124.813 137.928 146.577 123.394 217.19 236.225 402.064 281.96 143.613 400.793 499.525 186.218 291.082 220.52 138.695 115.875 113.732 109.092 105.728 87.912 74.8687 70.6975 83.7756 113.312
threshold=-5.4576022624166614 1.4722800956682429 13.312540157208288 17.676026264138915 32.625000000000007 22.491666666666671 76.250000000000014 0.37940952255126048 14.91632326691667 13.525336108416669 2.6915600868333356 4.5000000000000009 15.053036512325685 -0.9159756150367534 17.259179093750003 15.846313060484045 8.7500000000000018 6.3500000000000005 22.500000000000004 5.910000000000001 9.3273076578333356 25.231331991000001 14.801877441333335 8.3570057209166695 -0.094209314416666232 -13.674665991583332 55.135410139833333 63.889422705500003 -26.50971637113194 85.850000000000009
decision_type=2 2 2 2 2 2 2 2 2 2 2 2 2 2 2 2 2 2 2 2 2 2 2 2 2 2 2 2 2 2
left_child=25 9 6 -4 5 -5 7 26 -9 10 11 12 -2 -13 17 16 -16 19 -19 -11 22 -8 -12 -17 -22 -1 -3 28 -27 -30
right_child=1 2 3 4 -6 -7 21 8 -10 14 20 13 -14 -15 15 23 -18 18 -20 -21 24 -23 -24 -25 -26 27 -28 -29 29 -31
leaf_value=-0.043857569524273277 0.012331027423084579 -0.0033132477045033182 0.16439897605351039 0.044002738190844416 0.085053696572207488 -0.00036827613666257487 -0.080525599646453672 0.06477486427353385 0.0066739502196962184 0.0056217939459893684 -0.046900587479273483 0.052446951359902558 0.16151121467351914 -0.020398413015037947 -0.017963292190412945 -0.04726950335425216 -0.13143461759273822 0.032537729023452686 -0.065552606502404576 -0.051805635736332283 -0.052932416819381399 -0.0043737338662865654 -0.17275037121772766 0.00043800695271577547 -0.009047994605132512 -0.023516315521474658 0.052014467817981073 -0.06080500968404718 -0.0044227759424074007 0.040655904541844902
leaf_weight=100 299 859 21 252 52 489 52 120 165 2959 27 95 32 809 304 77 78 700 52 111 151 83 20 19065 210 358 41 37 2951 92
leaf_count=100 299 859 21 252 52 489 52 120 165 2959 27 95 32 809 304 77 78 700 52 111 151 83 20 19065 210 358 41 37 2951 92
internal_value=6.07616e-12 0.000898339 0.010494 0.0230759 0.0193334 0.0147215 0.00273511 0.00688667 0.0311375 7.88959e-05 -0.0105166 -0.00215751 0.0267533 -0.0127432 0.000824563 -0.000563506 -0.0411328 0.00791526 0.0257549 0.00354543 -0.0358191 -0.0337063 -0.100454 0.0002461 -0.0274041 -0.00688684 -0.000792763 -0.00581149 -0.0052132 -0.0030599
internal_weight=30661 27123 2134 814 793 741 1320 1185 285 24989 1643 1235 331 904 23346 19524 382 3822 752 3070 408 135 47 19142 361 3538 900 3438 3401 3043
internal_count=30661 27123 2134 814 793 741 1320 1185 285 24989 1643 1235 331 904 23346 19524 382 3822 752 3070 408 135 47 19142 361 3538 900 3438 3401 3043
is_linear=0
shrinkage=0.04


Tree=149
num_leaves=31
num_cat=0
split_feature=30 0 5 12 29 35 34 15 12 23 19 30 18 19 6 30 37 15 26 18 42 34 15 0 0 30 18 20 9 30
split_gain=116.298 165.402 201.731 382.729 564.612 202.247 404.848 212.35 154.592 172.307 149.565 150.07 149.243 165.112 138.067 133.206 212.487 176.968 175.958 163.816 139.511 126.811 123.833 120.117 231.889 456.969 374.696 96.7833 117.955 95.881
threshold=-1.4107220545833348 17.500000000000004 1.0000000180025095e-35 12.212221988750004 14.018501324680503 63.600000000000009 20.850000000000005 15.846313060484045 12.463435888916669 15.80281098738889 12.455544624833335 -12.013320246999996 18.156215894000002 31.754315030833336 0.12940952255126045 5.8014905714166689 193.55239450000005 15.650732393250001 25.92089598931647 28.54201233691667 732.78049202940292 5.3000000000000016 15.472375081500003 5.5000000000000009 1.5000000000000002 0.20206057575000272 22.257306542833337 16.338717765250006 -0.22252093395631442 1.4644236081666719
decision_type=2 2 2 2 2 2 2 2 2 2 2 2 2 2 2 2 2 2 2 2 2 2 2 2 2 2 2 2 2 2
left_child=1 2 3 4 -1 7 -7 -5 9 15 -4 -12 -3 -14 -13 16 20 19 -18 -17 -2 29 -11 24 25 -23 -26 -25 -29 -10
right_child=8 12 10 5 -6 6 -8 -9 21 22 11 14 13 -15 -16 17 18 -19 -20 -21 -22 23 -24 27 26 -27 -28 28 -30 -31
leaf_value=0.0043724491855790535 -0.013601156576586105 -0.03865393082993817 -0.052457430378284327 -0.049878127224325879 0.27697147116065024 0.099414238731066376 0.0095064340877855039 -0.00064236003314883093 -0.013315088187272733 0.02415353775024414 -0.1093857178837061 0.0066860448694294038 -0.0070901195395557679 -0.11528628919435585 -0.021199152910612466 -0.044425896769937349 0.11157459220134242 -0.11645271695577181 0.013725296622642907 0.083385241060029897 0.02801749848886519 0.0033793142361342216 -0.071115899954334302 -0.007395920904746345 0.029324845489630137 -0.071061359530814536 0.0034931098591791075 -0.0020309974374037648 0.0053391186151703239 -0.12980908550322057
leaf_weight=31 997 353 153 145 20 90 731 4195 26 27 24 528 1199 23 615 68 43 39 93 21 148 675 114 1997 1333 164 2756 6328 7705 20
leaf_count=31 997 353 153 145 20 90 731 4195 26 27 24 528 1199 23 615 68 43 39 93 21 148 675 114 1997 1333 164 2756 6328 7705 20
internal_value=6.33619e-12 -0.00410898 -0.00130344 0.00223416 0.111274 0.00115665 0.0193623 -0.00228733 0.00147697 -0.0107137 -0.0152716 -0.0103963 -0.0157444 -0.00912654 -0.0083178 -0.00649477 -0.00260703 -0.0454026 0.0446629 -0.0142682 -0.00822163 0.00237658 -0.0528728 0.00252219 0.00798377 -0.0111717 0.0119142 0.000843175 0.00201566 -0.0639647
internal_weight=30661 8107 6532 5212 51 5161 821 4340 22554 1550 1320 1167 1575 1222 1143 1409 1281 128 136 89 1145 21004 141 20958 4928 839 4089 16030 14033 46
internal_count=30661 8107 6532 5212 51 5161 821 4340 22554 1550 1320 1167 1575 1222 1143 1409 1281 128 136 89 1145 21004 141 20958 4928 839 4089 16030 14033 46
is_linear=0
shrinkage=0.04


Tree=150
num_leaves=31
num_cat=0
split_feature=33 37 37 12 27 7 32 29 6 37 22 28 33 23 0 13 0 12 43 24 33 43 34 15 14 12 34 17 2 27
split_gain=112.143 119.562 191.134 154.981 573.157 452.983 141.352 138.461 204.202 116.022 115.919 109.839 107.736 106.899 106.184 94.1568 89.386 83.3373 80.6486 59.7313 84.8386 58.4748 33.531 32.067 29.4274 19.7466 19.5995 12.9553 12.6917 11.2565
threshold=0.38517093345905734 57.171691500000016 65.469746000000029 36.501839981821526 2.4726920480539074 -0.70710678118654757 0.5118505778333341 18.179630741119766 0.12940952255126045 66.677417500000004 50.096457096527807 15.501856244908714 1.4722800956682429 21.198445707069443 16.500000000000004 56.236897135583341 16.500000000000004 11.241972367649302 768.50705102021925 16.257864059875001 0.32591552487700931 716.13456551114166 23.050000000000001 15.650732393250001 16.196890128250004 15.20592301516667 24.350000000000005 18.805511300000006 340.50000000000006 2.1512133171912073
decision_type=2 2 2 2 2 2 2 2 2 2 2 2 2 2 2 2 2 2 2 2 2 2 2 2 2 2 2 2 2 2
left_child=11 16 3 18 5 -5 9 12 -9 14 -6 13 -8 19 -4 -11 24 -13 21 22 -21 -3 28 -19 -2 -22 -24 -26 -1 -20
right_child=1 2 6 4 10 -7 7 8 -10 15 -12 17 -14 -15 -16 -17 -18 23 29 20 25 -23 26 -25 27 -27 -28 -29 -30 -31
leaf_value=-0.027716832101679616 0.092486465374628693 -0.0084641205797790081 0.080650143112557443 -0.29659322771159086 -0.016045620874716688 -0.057630277261137959 0.002036479236434735 0.0024988250528491037 0.065372102208493738 -0.001416465692508688 0.094076607048511507 -0.13349363061785699 0.014221942503466985 -0.099399988537742984 0.0036970209475839511 -0.019767198703956837 0.0040476704613538464 -0.0035749482735991478 0.011261977091215658 0.067907153738511583 -0.034942564713954925 -0.030310647437737016 0.035327092749731885 -0.068305806648731232 0.034010543341615372 0.0081840385243577771 -0.006172214966865569 0.06707668180649097 0.0042457285692745986 0.036044329457423266
leaf_weight=206 24 1070 52 22 65 30 10920 194 144 15129 20 20 1299 21 64 461 120 24 69 37 25 240 21 25 70 53 137 26 22 51
leaf_count=206 24 1070 52 22 65 30 10920 194 144 15129 20 20 1299 21 64 461 120 24 69 37 25 240 21 25 70 53 137 26 22 51
internal_value=5.11769e-12 0.00033914 0.0001129 -0.0134851 -0.054127 -0.15873 0.000866824 0.0040305 0.0292851 -0.00166255 0.00986549 -0.0172554 0.00333191 -0.0109859 0.0381932 -0.0019591 0.0284589 -0.0646857 -0.00959149 -0.0072799 0.018024 -0.0124665 -0.0148186 -0.0366009 0.0528701 -0.00563859 -0.000656484 0.042966 -0.0246327 0.0217945
internal_weight=30661 30070 29830 1567 137 52 28263 12557 338 15706 85 591 12219 522 116 15590 240 69 1430 501 115 1310 386 49 120 78 158 96 228 120
internal_count=30661 30070 29830 1567 137 52 28263 12557 338 15706 85 591 12219 522 116 15590 240 69 1430 501 115 1310 386 49 120 78 158 96 228 120
is_linear=0
shrinkage=0.04


Tree=151
num_leaves=31
num_cat=0
split_feature=0 35 29 2 2 29 0 1 30 13 35 29 0 29 32 24 0 34 38 37 15 19 42 42 11 13 30 0 24 18
split_gain=111.484 218.219 271.628 436.734 381.122 212.014 167.064 490.734 290.997 399.339 752.781 496.747 305.92 519.078 199.649 160.808 149.101 141.41 366.211 221.39 195.624 177.523 172.048 182.918 151.782 140.232 124.627 124.03 114.619 106.229
threshold=1.0000000180025095e-35 75.250000000000014 15.845590908335227 222.50000000000003 254.50000000000003 14.114506698995692 5.5000000000000009 5.5000000000000009 2.1677736575000002 17.996380244750004 76.250000000000014 16.896298041264462 2.5000000000000004 12.598506235574702 -0.70146085983333062 19.619696993090283 2.5000000000000004 28.500000000000004 27.183333333333341 145.04624800000002 62.611773307833339 12.455544624833335 786.37033051562742 732.78049202940292 0.6830127018922193 17.077736035333334 -5.2141865522500002 11.500000000000002 21.839321796423615 14.224177527166669
decision_type=2 2 2 2 2 2 2 2 2 2 2 2 2 2 2 2 2 2 2 2 2 2 2 2 2 2 2 2 2 2
left_child=1 29 3 26 15 -6 7 8 9 10 -2 -11 13 -10 -14 -5 -9 19 20 22 27 -20 23 -8 -24 -4 -3 -19 -21 -1
right_child=6 2 25 4 5 -7 17 16 12 11 -12 -13 14 -15 -16 -17 -18 18 21 28 -22 -23 24 -25 -26 -27 -28 -29 -30 -31
leaf_value=-0.049823337295692015 0.023573006675878135 -0.038062403650844796 -0.13684290250142417 0.26854348764533092 0.11212270858883859 -0.069851187006348653 -0.0017634542475109182 -0.040666740585087999 -0.053419709360779645 -0.00021909876317099451 0.11111729332150853 0.11713902403096685 -0.0036006322137481627 0.011385663386012749 0.019234264400995585 0.11379493139006876 -0.0077069592410410146 0.024427943507414215 -0.059288501650482037 -0.029660886704627885 -0.064149036886239491 0.0017412953881084014 0.003973502679498273 0.014337269576589404 -0.037846896250367815 -0.023334855777120182 0.019304538786640808 0.069953481008609139 -0.009493118962177088 -0.016088429209247985
leaf_weight=202 793 85 21 21 20 21 9858 366 364 1069 196 61 1016 433 1543 22 549 191 77 561 27 7924 223 1275 368 102 211 192 2297 573
leaf_count=202 793 85 21 21 20 21 9858 366 364 1069 196 61 1016 433 1543 22 549 191 77 561 27 7924 223 1275 368 102 211 192 2297 573
internal_value=-1.21633e-11 -0.0115653 0.00895145 0.0256748 0.106172 0.0189166 0.000503026 0.0062244 0.010756 0.0223613 0.0409225 0.00611616 0.00342832 -0.0182118 0.0101681 0.18937 -0.0208909 -0.00108701 0.00304335 -0.00346942 0.0399141 0.00115396 -0.00103597 8.04713e-05 -0.0220669 -0.0427143 0.00283092 0.0472501 -0.0134519 -0.0248813
internal_weight=30661 1278 503 380 84 41 29383 6390 5475 2119 989 1130 3356 797 2559 43 915 22993 8411 14582 410 8001 11724 11133 591 123 296 383 2858 775
internal_count=30661 1278 503 380 84 41 29383 6390 5475 2119 989 1130 3356 797 2559 43 915 22993 8411 14582 410 8001 11724 11133 591 123 296 383 2858 775
is_linear=0
shrinkage=0.04


Tree=152
num_leaves=31
num_cat=0
split_feature=30 38 23 0 0 9 33 29 28 18 4 12 13 7 20 6 15 19 15 11 22 26 19 13 13 34 7 38 30 2
split_gain=113.242 170.506 249.022 152.43 157.219 316.508 556.731 297.453 272.217 423.992 248.958 155.237 282.252 206.587 147.131 143.97 281.385 154.504 201.936 197.602 136.241 137.126 120.238 112.301 210.601 99.4029 151.12 126.397 97.0516 96.3286
threshold=-3.1575543129166674 12.033333333333337 40.583232636180561 1.0000000180025095e-35 5.5000000000000009 0.81174490092936691 0.97758358573142534 15.893465617996943 18.085017819953297 33.515303996166672 5.5000000000000009 19.194468526000005 23.628470304500002 -0.9159756150367534 10.492458841750002 0.78656609248549325 54.54882465883334 50.581183024333335 56.996833138166672 -0.68301270189221952 14.764133340944468 26.021740348691441 12.455544624833335 14.226316544500001 16.100936633500002 28.500000000000004 -0.98296291314453399 27.183333333333341 -10.909029862333329 285.50000000000006
decision_type=2 2 2 2 2 2 2 2 2 2 2 2 2 2 2 2 2 2 2 2 2 2 2 2 2 2 2 2 2 2
left_child=1 2 -1 14 5 8 -7 -8 10 -10 -5 12 13 -6 -2 17 28 23 19 -19 21 -16 -22 29 -25 26 -13 -27 -17 -3
right_child=3 15 -4 4 11 6 7 -9 9 -11 -12 25 -14 -15 20 16 -18 18 -20 -21 22 -23 -24 24 -26 27 -28 -29 -30 -31
leaf_value=-0.026533297447555039 0.088321348361316193 -0.10066994777777129 -0.16697361977204034 0.026703335469501325 0.01726035627946889 0.1835817022456063 0.013781795573459628 0.086456636763313444 0.1410489918823753 0.01595974560652394 -0.0020380246216512572 -0.029045886133962192 -0.075306731052296141 -0.0079259256953260002 -0.031991812395789319 -0.071446838498115547 0.16315525130792097 0.007679734002976191 0.01089612260764959 -0.13897548549029293 0.085977553546428678 -0.12051176804635259 -0.013696473117327385 0.044657219236335942 -0.0060893521477278466 0.0352026224858231 0.00010261264689304255 0.0046437579999466048 0.021980215199985859 -0.0052880818024277692
leaf_weight=166 21 36 23 544 590 36 720 103 56 192 4245 294 93 4460 126 20 22 21 49 49 20 36 609 137 2914 225 8886 5775 161 32
leaf_count=166 21 36 23 544 590 36 720 103 56 192 4245 294 93 4460 126 20 22 21 49 49 20 36 609 137 2914 225 8886 5775 161 32
internal_value=-8.67502e-12 -0.00663358 -0.0436239 0.000890826 0.00141943 0.00717013 0.0296122 0.0228772 0.00334291 0.0442057 0.00122681 -0.000248926 -0.00625502 -0.00498337 -0.0161776 -0.00460186 0.0280753 -0.00665049 -0.0513833 -0.0949789 -0.018952 -0.0516629 -0.0105272 -0.00494379 -0.00381066 0.00178594 -0.000830901 0.00578972 0.0116568 -0.0557844
internal_weight=30661 3630 189 27031 26219 5896 859 823 5037 248 4789 20323 5143 5050 812 3441 203 3238 119 70 791 162 629 3119 3051 15180 9180 6000 181 68
internal_count=30661 3630 189 27031 26219 5896 859 823 5037 248 4789 20323 5143 5050 812 3441 203 3238 119 70 791 162 629 3119 3051 15180 9180 6000 181 68
is_linear=0
shrinkage=0.04


Tree=153
num_leaves=31
num_cat=0
split_feature=34 35 30 16 6 29 19 15 27 25 18 14 35 35 20 17 17 30 17 40 18 34 27 33 22 19 17 32 26 20
split_gain=108.164 167.715 125.809 168.265 229.388 318.489 148.103 216.426 143.481 127.68 232.574 123.31 120.643 173.147 123.809 117.583 98.9705 197.775 138.215 227.172 213.084 129.375 113.357 98.6258 94.293 84.7434 140.725 123.797 74.152 73.833
threshold=35.350000000000009 60.250000000000007 -4.0999703914999968 16.920962841583336 0.78656609248549325 11.915807807893822 50.968449463000006 56.996833138166672 9.0994967718062458 41.364915786322925 18.57754196791667 53.532147770083348 58.650000000000013 56.95000000000001 40.143266765 23.070307235166673 16.843222705416668 6.5892215266666643 31.224278410028877 17.150000000000006 10.50174412841667 28.850000000000005 9.4202211904976565 1.3806760371391607 22.595474441250015 21.464622582916672 27.217428181333336 8.2550504314999991 29.283126876855658 25.473465803666667
decision_type=2 2 2 2 2 2 2 2 2 2 2 2 2 2 2 2 2 2 2 2 2 2 2 2 2 2 2 2 2 2
left_child=2 12 3 11 6 -6 8 -8 -5 16 -11 29 13 -2 23 -12 17 21 19 -18 -20 -4 -19 -14 -15 26 -3 -27 -26 -1
right_child=1 25 9 4 5 -7 7 -9 -10 10 15 -13 14 24 -16 -17 18 22 20 -21 -22 -23 -24 -25 28 27 -28 -29 -30 -31
leaf_value=-0.052067139207021051 0.00024126776665711632 0.035047958897006126 -0.0074232472920193592 -0.0013721444938088266 -0.021440572619438169 0.14801311189929645 -0.13112350960311137 0.0013850900312749352 -0.028851183153200836 0.12769821915415025 0.087250335607677698 -0.13991323748230935 -0.016760865158958596 0.11156478579847083 -0.10992024218752271 0.0071840151983423766 0.003567132136050736 -0.10737976308832778 0.082369182965029833 -0.12506559827110983 -0.004003978666252515 0.0080575280277903703 0.00099307781976202257 0.070129972203918131 0.099287116713821885 0.012495551592077721 0.16732731586152855 0.11453793779663418 0.022523749227523805 0.0069950394860158359
leaf_weight=115 369 31 3995 1625 35 36 38 41 374 31 32 20 229 31 21 354 14669 47 46 22 7000 1102 23 23 24 110 22 23 125 48
leaf_count=115 369 31 3995 1625 35 36 38 41 374 31 32 20 229 31 21 354 14669 47 46 22 7000 1102 23 23 24 110 22 23 125 48
internal_value=1.72374e-11 0.0128858 -0.00043803 -0.00935598 -0.00622054 0.0644796 -0.00863618 -0.0623532 -0.0065133 0.000323168 0.0222873 -0.0461761 0.00512448 0.0159306 -0.0166065 0.0138216 -1.72664e-05 -0.00499332 0.00116557 0.0033745 -0.00344009 -0.00407622 -0.0717715 -0.00883035 0.0480937 0.0471859 0.0899564 0.030142 0.0348883 -0.0346746
internal_weight=30661 1008 29653 2332 2149 71 2078 79 1999 27321 417 183 822 549 273 386 26904 5167 21737 14691 7046 5097 70 252 180 186 53 133 149 163
internal_count=30661 1008 29653 2332 2149 71 2078 79 1999 27321 417 183 822 549 273 386 26904 5167 21737 14691 7046 5097 70 252 180 186 53 133 149 163
is_linear=0
shrinkage=0.04


Tree=154
num_leaves=31
num_cat=0
split_feature=32 26 34 1 28 18 7 35 33 10 22 0 15 34 11 6 20 0 4 1 34 32 35 20 25 37 27 33 12 0
split_gain=108.139 102.064 122.936 218.495 311.421 130.196 120.932 274.805 176.55 220.977 163.102 125.364 311.315 197.323 189.2 120.678 119.626 119.469 134.26 133.334 108.16 133.531 98.4123 92.8854 83.2797 73.5806 328.975 75.4797 164.971 81.0495
threshold=-5.4576022624166614 32.237204782806536 20.850000000000005 4.5000000000000009 5.5394692334225857 13.520003251083336 0.91597561503675351 40.650000000000006 1.1696644841719701 -0.24999999999999994 12.970361667138905 8.5000000000000018 54.54882465883334 24.350000000000005 1.0000000180025095e-35 0.12940952255126045 13.953798360333336 10.500000000000002 1.5000000000000002 5.5000000000000009 33.350000000000001 6.5477694500000014 50.250000000000007 13.515602400750003 35.226414734309039 211.43316250000001 4.2249691111915899 0.44830189007764393 8.9031817996666689 2.5000000000000004
decision_type=2 2 2 2 2 2 2 2 2 2 2 2 2 2 2 2 2 2 2 2 2 2 2 2 2 2 2 2 2 2
left_child=25 6 3 4 -3 -4 11 10 22 -10 -8 12 13 -2 -14 -6 -12 18 -13 -19 23 -22 -9 -7 -5 27 -27 29 -29 -1
right_child=1 2 5 24 15 20 7 8 9 -11 16 17 14 -15 -16 -17 -18 19 -20 -21 21 -23 -24 -25 -26 26 -28 28 -30 -31
leaf_value=-0.08304621651430022 -0.00014485972911105777 0.18482715755701065 0.085527876923161175 0.0024248015083424695 -0.0068884059926494958 0.069018162637948993 -0.077433489550437246 -0.0035099357530707495 0.057005343810267124 -0.022452939213031816 0.058661978074626343 -0.072845571870830933 0.035941242513557278 0.015526203623810223 0.20252261114120484 0.047486810872743118 0.012256345875668777 -0.0017053266196803043 -0.0092831954070324973 0.010434590394787677 0.0079658178284931248 0.05417743626633565 -0.022546927975792261 0.00060097761706382955 -0.064195857761721861 0.12689690120292432 -0.042774358391761781 0.088193284710248301 -0.0060772393474667601 -0.017925911913592395
leaf_weight=33 4020 23 31 143 90 32 28 600 120 105 111 55 24 1890 20 238 446 9682 1598 1702 357 139 1575 4056 38 33 41 30 2984 417
leaf_count=33 4020 23 31 143 90 32 28 600 120 105 111 55 24 1890 20 238 446 9682 1598 1702 357 139 1575 4056 38 33 41 30 2984 417
internal_value=-1.31348e-11 0.000857961 0.00592815 0.0241358 0.042544 0.00382925 -0.000329529 -0.00781394 -0.013806 0.0199248 0.0167687 0.000846868 0.0056559 0.0048667 0.11166 0.0325668 0.0215041 -0.00134942 -0.0113981 0.000109689 0.00327675 0.0209163 -0.0172953 0.00113653 -0.0115619 -0.00657729 0.0328899 -0.00742041 -0.00513891 -0.0227014
internal_weight=30661 27123 5147 532 351 4615 21976 2985 2400 225 585 18991 5954 5910 44 328 557 13037 1653 11384 4584 496 2175 4088 181 3538 74 3464 3014 450
internal_count=30661 27123 5147 532 351 4615 21976 2985 2400 225 585 18991 5954 5910 44 328 557 13037 1653 11384 4584 496 2175 4088 181 3538 74 3464 3014 450
is_linear=0
shrinkage=0.04


Tree=155
num_leaves=31
num_cat=0
split_feature=32 30 0 5 35 34 0 6 30 18 19 34 26 18 19 0 30 21 38 34 32 27 16 20 29 5 18 28 32 25
split_gain=100.275 98.8358 145.319 165.29 270.902 612.557 169.401 143.159 143.542 125.595 157.023 112.397 98.2333 352.705 236.471 127.855 307.493 314.246 98.2761 296.258 125.774 93.372 87.7919 112.743 59.0651 100.509 63.6307 69.9279 96.1145 90.5774
threshold=-14.41053780916666 -1.4107220545833348 17.500000000000004 1.0000000180025095e-35 63.600000000000009 20.850000000000005 1.0000000180025095e-35 0.12940952255126045 -7.4043781490833327 18.156215894000002 31.754315030833336 23.050000000000001 34.083204416375501 16.574829837833338 17.895624483166671 1.5000000000000002 6.5892215266666643 10.489384900166668 16.150000000000002 18.100000000000005 9.8330276125833365 4.466099883451597 19.941160448666668 16.5707997845 17.338432919624939 1.0000000180025095e-35 58.638192382500002 15.501856244908714 -21.500883821666665 32.676512655760426
decision_type=2 2 2 2 2 2 2 2 2 2 2 2 2 2 2 2 2 2 2 2 2 2 2 2 2 2 2 2 2 2
left_child=24 2 3 4 6 -6 -2 11 -9 -4 -11 -5 15 14 -14 16 17 -3 19 -17 -20 -18 -15 -24 26 -26 27 29 -29 -1
right_child=1 12 9 7 5 -7 -8 8 -10 10 -12 -13 13 22 -16 18 21 -19 20 -21 -22 -23 23 -25 25 -27 -28 28 -30 -31
leaf_value=-0.0099538650648775297 -0.035475105502613458 0.070011290933348638 -0.035966063516009984 -0.028488135980257137 0.11375661014942896 0.010383235266599162 0.00035419248274680989 -0.1262985629385168 -0.022473482370486967 -0.0064787914815945995 -0.1194980537891388 0.011663015069051775 0.21797348045167467 -0.012946713961315928 0.041725049224393122 0.0052778273945005985 -0.052540228279928373 -0.01535260433101099 -0.00083699970473174491 0.072020403931105356 0.014386725489417461 -0.15319507151842118 0.090027210702156191 0.010318091994143219 -0.10577413585450915 0.010904674530029298 0.061279947847127918 -0.10195072124081273 -0.005231799185276032 0.070279378586489222
leaf_weight=1063 223 76 337 151 105 725 3968 22 675 1188 20 427 21 270 29 4479 30 749 13497 109 928 29 29 1354 27 21 20 31 35 23
leaf_count=1063 223 76 337 151 105 725 3968 22 675 1188 20 427 21 270 29 4479 30 749 13497 109 928 29 29 1354 27 21 20 31 35 23
internal_value=1.40978e-11 0.000465658 -0.00338099 -0.000683449 0.00258251 0.0234606 -0.00155226 -0.0135449 -0.0257506 -0.0143737 -0.00834997 0.0011737 0.00186203 0.0110824 0.115749 0.00107285 -0.0137976 -0.00748878 0.00176424 0.00686347 0.000142384 -0.102015 0.00791644 0.0119895 -0.0112372 -0.0547272 -0.00945607 -0.0106841 -0.0506604 -0.00825463
internal_weight=30661 29441 7841 6296 5021 830 4191 1275 697 1545 1208 578 21600 1703 50 19897 884 825 19013 4588 14425 59 1653 1383 1220 48 1172 1152 66 1086
internal_count=30661 29441 7841 6296 5021 830 4191 1275 697 1545 1208 578 21600 1703 50 19897 884 825 19013 4588 14425 59 1653 1383 1220 48 1172 1152 66 1086
is_linear=0
shrinkage=0.04


Tree=156
num_leaves=31
num_cat=0
split_feature=26 30 17 25 17 20 31 18 31 27 31 23 20 21 30 30 28 7 30 7 29 22 4 8 4 29 21 0 15 33
split_gain=97.8993 99.9689 97.4147 200.844 249.434 162.424 387.855 179.413 164.011 156.587 121.056 306.685 105.778 104.276 94.3649 80.3969 80.5696 68.9685 65.2378 58.3592 42.3638 42.3607 43.2534 39.4204 38.2548 52.8178 32.6948 26.9983 21.4249 16.0839
threshold=18.178351626971729 -18.31747998925 36.141167704691604 40.506415786621538 32.301380464500006 10.064494355500001 -0.28528056650000616 18.644593054250006 13.154056331916669 3.7207896445124464 0.22900665700000203 13.786187140180557 47.999657291166677 38.833639534583341 2.2454738283333371 6.5892215266666643 5.1479956675659002 -0.98296291314453399 -1.8671361503333335 -0.9159756150367534 5.1818810040663967 26.393324321805594 7.5000000000000009 0.87837969732492682 24.500000000000004 15.845590908335227 21.031809619000004 22.500000000000004 51.427190901166675 0.96495146139721455
decision_type=2 2 2 2 2 2 2 2 2 2 2 2 2 2 2 2 2 2 2 2 2 2 2 2 2 2 2 2 2 2
left_child=15 23 3 10 13 6 -4 14 -9 -8 12 -12 -3 -5 -7 17 -17 26 21 20 -20 22 -19 24 28 -26 29 -21 -2 -1
right_child=1 2 5 4 -6 7 9 8 -10 -11 11 -13 -14 -15 -16 16 -18 18 19 27 -22 -23 -24 -25 25 -27 -28 -29 -30 -31
leaf_value=-0.04137631576685679 0.0094889442771673212 0.00065288673644922862 0.2057775078713894 -0.045089014284312723 0.13946941626794412 -0.015370351828536169 0.06720602176728703 -0.0013018001577581424 0.076276066818020558 -0.089182499647140506 0.063233073102701071 0.0041916659775170428 -0.0094151789421245743 0.032626883124075093 -0.089549091990504939 -0.12112885645031929 -0.007589681591838599 0.02914403323531151 0.038484912805936557 -0.0063442492201817406 -0.0095854030718857605 -0.076306581435104215 -0.02714316439141945 0.0067418752638278177 -0.11662484574901021 -0.033410645992710042 -0.065694448540608089 0.016169080168836648 -0.046567493031422304 0.0081301218590566094
leaf_weight=21 20 10623 20 32 33 1370 21 4833 44 20 143 9013 1981 202 28 20 20 25 88 1607 44 24 173 27 23 26 45 90 24 21
leaf_count=21 20 10623 20 32 33 1370 21 4833 44 20 143 9013 1981 202 28 20 20 25 88 1607 44 24 173 27 23 26 45 90 24 21
internal_value=-3.86122e-12 0.000625018 0.000779158 0.00203642 0.0365179 -0.0035917 0.0613644 -0.00422314 -0.000601897 -0.00908106 0.00161333 0.00511378 -0.000929535 0.0219991 -0.016856 -0.00817373 -0.0643593 -0.00712255 -0.00564291 -0.00315751 0.0224615 -0.0261195 -0.0200362 -0.0358072 -0.0481601 -0.0724704 -0.0420048 -0.00515026 -0.0210873 -0.0166231
internal_weight=30661 28483 28363 22027 267 6336 61 6275 4877 41 21760 9156 12604 234 1398 2178 40 2138 2051 1829 132 222 198 120 93 49 87 1697 44 42
internal_count=30661 28483 28363 22027 267 6336 61 6275 4877 41 21760 9156 12604 234 1398 2178 40 2138 2051 1829 132 222 198 120 93 49 87 1697 44 42
is_linear=0
shrinkage=0.04


Tree=157
num_leaves=31
num_cat=0
split_feature=36 35 17 26 30 22 12 15 13 27 30 24 19 0 0 30 0 27 35 30 13 9 12 32 33 17 30 40 15 29
split_gain=95.8247 153.513 117.626 117.828 112.887 94.1899 90.4786 169.096 330.275 301.851 193.294 197.072 159.458 151.815 278.08 228.702 166.896 144.196 130.256 96.9056 84.6679 83.6486 66.6835 66.5798 63.4544 52.3139 48.9979 43.3525 36.5735 49.3939
threshold=17.350000000000005 60.250000000000007 10.503400270583336 28.395374216094247 -15.67356818033333 36.770086083916716 13.173270829500003 16.100936633500002 13.807449219083336 2.9596813121282426 2.1677736575000002 20.841436940805561 9.3273076578333356 8.5000000000000018 7.5000000000000009 -8.7748265215833303 5.5000000000000009 0.19331082208901171 51.20000000000001 -2.3983328199166665 19.11705696633334 1.0000000180025095e-35 20.606687605666668 -2.5335078409166658 0.72795263201707205 20.830679125833335 0.35813444791666887 17.600000000000005 62.611773307833339 14.812162501158317
decision_type=2 2 2 2 2 2 2 2 2 2 2 2 2 2 2 2 2 2 2 2 2 2 2 2 2 2 2 2 2 2
left_child=4 2 3 27 5 -1 7 8 19 -10 11 -9 -12 14 16 -16 -8 -15 -19 -6 -4 26 23 -22 -24 28 -3 -2 29 -7
right_child=1 21 20 -5 6 25 13 10 9 -11 12 -13 -14 17 15 -17 -18 18 -20 -21 22 -23 24 -25 -26 -27 -28 -29 -30 -31
leaf_value=-0.10099309807786576 0.011080262592815337 0.0089210730165928259 0.069978222096041362 -0.11377571413914363 -0.060135404634712772 -0.020570155640200868 0.0052939527741530205 0.0011662280876061455 0.089639350205391377 -0.024956056942993944 -0.15511806150277457 -0.11180247297993413 -0.045390780756239736 0.027388355765225636 0.14734414144409011 0.019981985593979505 -0.0071016506083047435 0.0002958423106892303 -0.0069616135032040481 -0.0059169686874331294 0.018224977672100066 0.077216048612700483 0.078874828292145621 -0.076642064472724661 0.0081774949641514345 -0.080637513137422498 0.074569098495918779 -0.054995431378483776 -0.048271687022277292 0.031583558628956475
leaf_weight=26 47 87 36 24 55 82 6293 291 111 55 24 27 181 266 23 1175 2401 11112 6145 1286 20 76 21 29 621 20 23 24 35 45
leaf_count=26 47 87 36 24 55 82 6293 291 111 55 24 27 181 266 23 1175 2401 11112 6145 1286 20 76 21 29 621 20 23 24 35 45
internal_value=4.08765e-12 0.0121286 0.00470311 -0.0371551 -0.000412289 -0.0297768 -0.000204857 -0.00835327 -0.00155228 0.051671 -0.02795 -0.00842545 -0.0582369 0.000398509 0.00436024 0.0224272 0.00187069 -0.00183795 -0.00228845 -0.00814069 0.0101729 0.0449443 0.00705713 -0.0379208 0.01049 -0.019603 0.0226475 -0.0112552 -0.0120679 -0.00209049
internal_weight=30661 1008 822 95 29653 208 29445 2030 1507 166 523 318 205 27415 9892 1198 8694 17523 17257 1341 727 186 691 49 642 182 110 71 162 127
internal_count=30661 1008 822 95 29653 208 29445 2030 1507 166 523 318 205 27415 9892 1198 8694 17523 17257 1341 727 186 691 49 642 182 110 71 162 127
is_linear=0
shrinkage=0.04


Tree=158
num_leaves=31
num_cat=0
split_feature=37 37 12 27 7 37 0 32 21 22 35 37 27 1 32 0 34 30 7 27 28 22 7 32 17 30 2 1 26 13
split_gain=96.1215 165.463 139.604 528.488 413.224 123.962 151.292 116.724 119.234 105.501 88.1872 195.783 134.895 85.1649 78.4466 71.839 58.1767 80.758 71.5469 57.2809 40.4855 32.3519 31.7811 28.6949 26.9803 21.4929 21.0455 21.2544 14.3013 9.82564
threshold=57.171691500000016 65.469746000000029 36.501839981821526 2.4726920480539074 -0.70710678118654757 66.677417500000004 16.500000000000004 0.5118505778333341 61.43620750358334 50.096457096527807 50.250000000000007 160.03303000000002 10.641922898504982 3.5000000000000004 1.428566100333333 16.500000000000004 14.15 -2.9930514240833292 -0.98296291314453399 5.7972563379386308 14.868567759871667 33.351759190750066 -0.78656609248549325 7.027286474333347 15.09917234266667 0.86624360324999838 357.50000000000006 4.5000000000000009 27.183891125749472 21.929681632583335
decision_type=2 2 2 2 2 2 2 2 2 2 2 2 2 2 2 2 2 2 2 2 2 2 2 2 2 2 2 2 2 2
left_child=15 2 16 4 -4 6 20 10 13 19 12 -12 -7 -9 -10 26 18 -18 24 -5 21 -3 -20 -19 -2 28 27 29 -8 -1
right_child=1 5 3 9 -6 7 25 8 14 -11 11 -13 -14 -15 -16 -17 17 23 22 -21 -22 -23 -24 -25 -26 -27 -28 -29 -30 -31
leaf_value=0.0026825584335760638 -0.054148784092828341 0.05081403347353141 -0.28341606335206465 -0.056405779945439306 -0.055180809557437892 0.002448429822460331 0.016629071177519633 0.0055879841085036911 -0.019591925235895008 0.090488394364714633 -0.014790214457225146 -0.0010086059433041454 -0.017427767491942841 -0.0011282047446046274 0.05856331762458597 0.0032731425422694417 -0.09898732486367226 -0.01488118679258613 0.013031762745483623 0.019133211897893087 0.0077763984948396678 0.095970991279252543 -0.0041308989300415282 -0.063832927078008653 -0.016230610516177465 -0.034919828038949233 0.073694989916050072 0.067816496801376344 -0.015955639075837098 0.035422259731726212
leaf_weight=22 51 60 22 29 30 7380 66 7165 26 20 2311 5760 590 5223 98 124 20 456 240 36 20 44 615 20 73 26 33 25 32 44
leaf_count=22 51 60 22 29 30 7380 66 7165 26 20 2311 5760 590 5223 98 124 20 456 240 36 20 44 615 20 73 26 33 25 32 44
internal_value=-9.68709e-12 -0.000202243 -0.0126733 -0.0512977 -0.151742 0.000495764 0.0286537 0.000251195 0.00314699 0.0101505 -0.00200753 -0.00495475 0.000977043 0.00275632 0.0421759 0.0248017 -0.00908578 -0.0202464 -0.00343136 -0.0145688 0.0598959 0.0699189 0.00068669 -0.016938 -0.031826 -0.00258853 0.0463302 0.0364067 0.00598917 0.024509
internal_weight=30661 30413 1612 137 52 28801 248 28553 12512 85 16041 8071 7970 12388 124 248 1475 496 979 65 124 104 855 476 124 124 124 91 98 66
internal_count=30661 30413 1612 137 52 28801 248 28553 12512 85 16041 8071 7970 12388 124 248 1475 496 979 65 124 104 855 476 124 124 124 91 98 66
is_linear=0
shrinkage=0.04


Tree=159
num_leaves=27
num_cat=0
split_feature=26 34 18 29 33 13 16 0 7 18 0 14 28 0 43 33 30 4 38 29 28 28 35 21 16 34
split_gain=94.8206 161.733 106.922 425.238 96.1713 158.764 143.636 124.963 96.4868 83.043 79.881 98.9403 143.28 168.981 98.8297 83.1129 79.0404 70.9821 70.1914 69.9967 87.0461 82.3501 74.8697 36.949 29.073 27.1251
threshold=22.500140006167154 5.3000000000000016 7.737544311833334 13.220157592444302 0.55784343443692286 9.3273076578333356 17.426599813166671 16.500000000000004 -0.98296291314453399 48.953036100166678 1.5000000000000002 16.415942362500004 10.033733144836605 3.5000000000000004 614.9586928308056 0.75841087827708531 -5.2141865522500002 7.5000000000000009 21.666666666666668 7.5394567384984503 5.1037365137402144 13.006487777965695 51.95000000000001 10.064494355500001 24.981519205833337 20.850000000000005
decision_type=2 2 2 2 2 2 2 2 2 2 2 2 2 2 2 2 2 2 2 2 2 2 2 2 2 2
left_child=9 -2 3 -3 8 6 -6 -7 24 10 19 12 14 -14 -12 18 -10 -17 -13 20 25 23 -22 -21 -4 -1
right_child=1 2 4 -5 5 7 -8 -9 16 -11 11 15 13 -15 -16 17 -18 -19 -20 21 22 -23 -24 -25 -26 -27
leaf_value=-0.016812221423425575 -0.086007897941505207 -0.030159459222446786 0.07092451319355389 0.20358540386706592 -0.023325236352547161 0.0040464292790665561 -0.13563901429826564 -0.0024105562347241055 -0.074379756859233301 -0.063983308141799394 -0.0022452321882721065 -0.015324245758851369 0.095074408210525929 0.0065306165457579748 0.02257412033034947 -0.018954969976247502 -0.0097399555278316254 -0.0030842669424437619 -0.078515306877593199 -0.080316531872749342 0.00055122204600823127 0.023516421351167889 0.072527834638472538 -0.037166930443939122 0.010704155927119048 -0.053658664468172433
leaf_weight=235 34 33 29 20 106 15480 22 6948 31 37 1621 75 59 83 305 521 1280 3351 45 50 91 27 31 87 23 37
leaf_count=235 34 33 29 20 106 15480 22 6948 31 37 1621 75 59 83 305 521 1280 3351 45 50 91 27 31 87 23 37
internal_value=-5.6073e-12 0.0011712 0.00129485 0.0580461 0.0011691 0.00179259 -0.0426292 0.00204611 -0.00914887 -0.00422478 -0.00389068 -0.00255716 0.00454401 0.0433199 0.00168514 -0.00623583 -0.0112684 -0.00521976 -0.0390209 -0.018373 -0.00923279 -0.0403317 0.0188404 -0.052915 0.0442886 -0.0218244
internal_weight=30661 24006 23972 53 23919 22556 128 22428 1363 6655 6618 6060 2068 142 1926 3992 1311 3872 120 558 394 164 122 137 52 272
internal_count=30661 24006 23972 53 23919 22556 128 22428 1363 6655 6618 6060 2068 142 1926 3992 1311 3872 120 558 394 164 122 137 52 272
is_linear=0
shrinkage=0.04


Tree=160
num_leaves=31
num_cat=0
split_feature=30 38 14 31 0 20 0 1 30 29 38 12 13 7 22 29 19 20 21 18 38 35 21 0 36 7 38 28 30 30
split_gain=90.5391 147.585 230.109 128.128 126.451 131.434 124.932 314.088 371.823 405.7 268.406 130.383 251.489 171.613 120.628 121.417 106.253 102.907 182.593 131.826 143.176 104.445 104.188 86.2992 83.0556 135.656 108.963 65.9806 65.8515 61.5818
threshold=-3.1575543129166674 12.033333333333337 47.494132682500009 33.187166854000012 1.0000000180025095e-35 10.492458841750002 5.5000000000000009 5.5000000000000009 1.6363866945000007 16.896298041264462 25.533333333333335 19.194468526000005 23.737897810750002 -0.9159756150367534 14.764133340944468 13.922347117950347 12.455544624833335 46.693977279000009 59.666266569166673 25.5778737465 13.233333333333333 48.800000000000004 13.32511482791667 2.5000000000000004 10.500000000000002 -0.98296291314453399 27.183333333333341 10.413679694511623 4.9999727698333354 1.0535038733333304
decision_type=2 2 2 2 2 2 2 2 2 2 2 2 2 2 2 2 2 2 2 2 2 2 2 2 2 2 2 2 2 2
left_child=1 2 27 17 5 -2 7 8 9 -6 -10 12 13 -8 15 -7 -16 19 21 22 -21 -19 -3 29 25 -13 -26 -1 -25 -9
right_child=4 3 -4 -5 6 14 11 23 10 -11 -12 24 -14 -15 16 -17 -18 18 -20 20 -22 -23 -24 28 26 -27 -28 -29 -30 -31
leaf_value=-0.033600290441999629 0.084017986257871005 0.008877222126229805 -0.16194838698614727 0.065395698958919168 0.022853735768316012 -0.027335053624413096 0.015741301191465582 -0.027745160494366143 0.0099090558542116233 0.12908925485610961 -0.014601367486400854 -0.027468776417655404 -0.071990772744019826 -0.0072132970515005959 0.081274688363075248 -0.10575914088723272 -0.01242358431917734 -0.090225069112359335 0.080222700996832416 0.097299376582657846 0.0043015467802117336 -0.025574870730368043 -0.015380806242027213 -0.0043845855196560958 0.032624652853939271 0.00014811224261587628 0.0042514360112493885 0.0438374599814415 -0.073534166670363887 -0.085965422355767457
leaf_weight=147 21 357 22 42 1389 119 590 244 2642 60 980 294 90 4463 20 43 609 52 22 27 1396 173 1372 525 225 8886 5775 20 23 33
leaf_count=147 21 357 22 42 1389 119 590 244 2642 60 980 294 90 4463 20 43 609 52 22 27 1396 173 1372 525 225 8886 5775 20 23 33
internal_value=3.36517e-12 -0.00593147 -0.0403458 -0.00404124 0.000796539 -0.0147495 0.001278 0.00640429 0.0101281 0.0272527 0.0032773 -0.000209214 -0.00571354 -0.00453306 -0.0173717 -0.0481513 -0.00944431 -0.00489924 -0.0297622 -0.00295091 0.00606609 -0.0405162 -0.0103721 -0.0164847 0.00165566 -0.00073635 0.00531543 -0.0243263 -0.00728685 -0.0346811
internal_weight=30661 3630 189 3441 27031 812 26219 5896 5071 1449 3622 20323 5143 5053 791 162 629 3399 247 3152 1423 225 1729 825 15180 9180 6000 167 548 277
internal_count=30661 3630 189 3441 27031 812 26219 5896 5071 1449 3622 20323 5143 5053 791 162 629 3399 247 3152 1423 225 1729 825 15180 9180 6000 167 548 277
is_linear=0
shrinkage=0.04


Tree=161
num_leaves=31
num_cat=0
split_feature=32 37 37 12 27 7 37 6 22 32 29 13 6 37 43 30 17 22 30 15 24 17 1 30 26 2 20 2 26 30
split_gain=91.2752 88.6394 149.734 130.235 484.956 379.415 112.678 138.941 97.045 87.4844 110.935 92.4852 66.5986 65.3056 57.8558 106.219 38.873 33.6622 58.8812 46.176 26.6143 24.6148 20.9249 19.5511 15.6812 14.5415 13.8532 12.0576 10.5998 10.8142
threshold=-26.50971637113194 57.171691500000016 65.469746000000029 36.501839981821526 2.4726920480539074 -0.70710678118654757 66.677417500000004 0.25881904510252091 50.096457096527807 0.5118505778333341 18.179630741119766 56.236897135583341 0.25881904510252091 205.81107349999999 768.50705102021925 -3.764597326583337 15.388283109000001 17.984983428333347 0.48874694016666714 14.485208708000002 13.511717336825333 24.278441601666668 3.5000000000000004 0.86624360324999838 32.880404913227686 354.50000000000006 54.553060384416675 341.50000000000006 27.278700421627278 -0.67034078800000152
decision_type=2 2 2 2 2 2 2 2 2 2 2 2 2 2 2 2 2 2 2 2 2 2 2 2 2 2 2 2 2 2
left_child=13 12 3 14 5 -5 7 23 -6 11 -11 -8 -2 17 15 -3 -9 18 28 20 -20 24 25 -4 26 -14 -19 -16 29 -1
right_child=1 2 6 4 8 -7 9 16 -10 10 -12 -13 22 -15 27 -17 -18 21 19 -21 -22 -23 -24 -25 -26 -27 -28 -29 -30 -31
leaf_value=-0.033495141367117565 0.0034176472668355751 -0.089338695561444317 0.0057457594410276289 -0.2715607956322757 -0.014014682659736046 -0.052861798127492268 -0.0009781956657875714 0.016020999851503542 0.086744425088167196 0.002343088098816247 0.025541588433559404 -0.019163462745183331 0.017222260925504895 -0.07444331609178334 -0.0058856766643347568 -0.0091856735419391499 0.06958590477394562 -0.0086817062416901965 -0.066575972817160864 -0.101865333203565 -0.0090501326731135777 0.033929348243400458 0.064893697643280027 -0.033313679586236294 -0.035223125500174673 0.053937018460461068 0.029387416064739231 0.024337085360641945 0.017841845211528599 -0.0047285263261933261
leaf_weight=30 124 27 97 22 65 30 15233 28 20 12173 339 461 45 32 27 1307 96 65 22 22 31 28 50 26 26 28 20 97 21 69
leaf_count=30 124 27 97 22 65 30 15233 28 20 12173 339 461 45 32 27 1307 96 65 22 22 31 28 50 26 26 28 20 97 21 69
internal_value=-5.66173e-13 0.000239882 4.37142e-05 -0.0118823 -0.0491698 -0.145388 0.000712256 0.0276114 0.00969334 0.0004767 0.00297163 -0.00151237 0.0241041 -0.0198558 -0.00837863 -0.010808 0.0574906 -0.0146259 -0.0253472 -0.0531502 -0.0329288 0.000414805 0.0449587 -0.00251071 -0.00803931 0.0313046 0.000275734 0.0177563 -0.00797037 -0.0134457
internal_weight=30661 30295 30048 1595 137 52 28453 247 85 28206 12512 15694 247 366 1458 1334 124 334 195 75 53 139 123 123 111 73 85 124 120 99
internal_count=30661 30295 30048 1595 137 52 28453 247 85 28206 12512 15694 247 366 1458 1334 124 334 195 75 53 139 123 123 111 73 85 124 120 99
is_linear=0
shrinkage=0.04


Tree=162
num_leaves=27
num_cat=0
split_feature=40 13 30 25 21 17 20 32 37 37 7 30 18 0 19 0 10 29 16 30 1 32 28 13 32 29
split_gain=87.9911 208.336 105.939 95.9844 202.262 106.081 88.3563 82.9501 87.832 122.378 78.8985 72.9842 77.9519 63.3572 62.72 62.5418 52.3053 107.533 67.6488 50.9883 48.594 35.2249 35.1763 30.2169 15.7962 15.2418
threshold=18.100000000000001 24.398481469749999 -15.67356818033333 42.009754001309027 18.478271821500002 39.644781087000005 22.608348511083335 -14.41053780916666 57.171691500000016 65.469746000000029 -0.9159756150367534 -0.31341496558333398 26.424088932666667 16.500000000000004 34.981472322750001 14.500000000000002 0.68301270189221941 13.069276180548369 20.390905932583337 -2.1553564949999982 3.5000000000000004 -2.5936230514166652 14.212225134351874 41.102814550666672 -0.94263647899999981 14.632069903064389
decision_type=2 2 2 2 2 2 2 2 2 2 2 2 2 2 2 2 2 2 2 2 2 2 2 2 2 2
left_child=2 -2 10 7 -5 14 19 16 13 -10 20 12 -8 -9 -6 -7 18 -18 -4 -3 21 25 -23 -14 -13 -1
right_child=1 6 3 4 5 15 11 8 9 -11 -12 24 23 -15 -16 -17 17 -19 -20 -21 -22 22 -24 -25 -26 -27
leaf_value=-0.055217526791424588 0.14579581470716568 0.019430082648992538 -0.0069768290451379276 0.14754738652706148 0.088411357855862557 -0.065804928210046562 -0.022065061572435738 0.045462122213127273 -0.010864956995039698 0.00069209556871056832 -0.09002154326066375 -0.067697672873735432 0.026450050172085564 0.0040956429351354014 0.020808757387341989 0.0046011691633611922 -0.0032423168934334469 0.083875305790167581 -0.029339240998673587 0.10975247102975846 -0.060633022421970967 0.043468993537955816 -0.0090147980542055195 0.093021912544965737 -0.022646885162050073 -0.014207160704094788
leaf_weight=29 21 20 652 20 34 27 37 117 1550 27044 28 20 24 120 62 80 177 26 324 20 36 27 84 20 33 29
leaf_count=29 21 20 652 20 34 27 37 117 1550 27044 28 20 24 120 62 80 177 26 324 20 36 27 84 20 33 29
internal_value=-7.82514e-12 0.0267841 -0.000171434 3.56363e-05 0.0261813 0.0142241 0.0124206 -0.000158649 0.000266619 6.56204e-05 -0.0270399 -0.00315275 0.0207263 0.0245171 0.0447513 -0.0131649 -0.010558 0.00791561 -0.0144004 0.0645913 -0.0184375 -0.00944909 0.00375153 0.05671 -0.0396472 -0.0347123
internal_weight=30661 195 30466 30233 223 203 174 30010 28831 28594 233 134 81 237 96 107 1179 203 976 40 205 169 111 44 53 58
internal_count=30661 195 30466 30233 223 203 174 30010 28831 28594 233 134 81 237 96 107 1179 203 976 40 205 169 111 44 53 58
is_linear=0
shrinkage=0.04


Tree=163
num_leaves=31
num_cat=0
split_feature=33 27 30 0 38 14 1 16 22 18 22 0 29 35 15 14 13 15 13 30 4 8 17 30 25 34 35 7 17 16
split_gain=84.3804 88.7835 85.707 157.138 150.658 296.582 125.162 325.004 109.429 108.902 94.4873 84.0395 123.553 150.949 87.8844 100.625 120.242 82.7457 73.2808 71.6092 138.6 70.3698 68.9163 65.0482 54.8073 53.6364 53.381 48.9211 69.2397 45.3678
threshold=0.44830189007764393 5.1366500041736156 -1.788422856416666 17.500000000000004 12.033333333333337 49.374502718333339 4.5000000000000009 21.552222045833336 12.518205734138901 18.801240730833339 32.426038959555598 1.0000000180025095e-35 15.404505486667741 75.250000000000014 10.503400270583336 10.06621396075 8.3570057209166695 17.820832214833334 19.270496582583334 4.0034515787500009 37.500000000000007 1.0000000180025095e-35 16.843222705416668 7.653832255083338 35.006214481372886 25.300000000000004 50.250000000000007 -0.98296291314453399 17.426599813166671 27.839506184750004
decision_type=2 2 2 2 2 2 2 2 2 2 2 2 2 2 2 2 2 2 2 2 2 2 2 2 2 2 2 2 2 2
left_child=1 19 3 4 5 17 7 -6 -8 29 -11 12 13 26 21 22 -17 -2 -3 24 -21 23 -16 -13 27 -23 -4 -1 -29 -5
right_child=2 18 11 9 6 -7 8 -9 -10 10 -12 14 -14 -15 15 16 -18 -19 -20 20 -22 25 -24 -25 -26 -27 -28 28 -30 -31
leaf_value=0.051599895345668001 -0.0417151405893324 -0.013192628784613176 -0.0049136246743089543 -0.027147205428749172 0.028740237634122857 -0.1768536647558212 -0.061425202041864399 -0.0012616495871961913 -0.0087236549040594757 -0.0071033141787469325 -0.084683093761022288 -0.0015781807057387723 -0.082266649695543134 0.067256411894773827 -0.0074209710293345974 -0.047204052883235717 0.002234753380748892 0.00099144980984638975 -0.11426142409443855 0.010817633210258051 -0.1328488388143125 -0.019124386822622196 0.041480339183025391 -0.062333010305960973 -0.063654509324293868 -0.06872849749647221 -0.032271429001859253 -0.020158942254881063 0.0034955260810684884 -0.060172207114100457
leaf_weight=24 129 22 328 199 690 20 68 3550 864 741 26 469 39 39 63 79 21605 166 24 22 21 102 172 30 26 53 175 339 476 100
leaf_count=24 129 22 328 199 690 20 68 3550 864 741 26 469 39 39 63 79 21605 166 24 22 21 102 172 30 26 53 175 339 476 100
internal_value=-1.62319e-12 -0.0117096 0.000376039 -0.00366257 -0.000932384 -0.0277897 0.000703356 0.00362073 -0.0125688 -0.0177156 -0.00973314 0.00151904 -0.0135018 -0.00855382 0.00190566 0.00233678 0.00205464 -0.0176836 -0.0659242 -0.00896307 -0.0593451 -0.0125435 0.0283706 -0.00523078 -0.00645853 -0.0360858 -0.0144317 -0.00468607 -0.00634357 -0.0381924
internal_weight=30661 954 29707 6553 5487 315 5172 4240 932 1066 767 23154 581 542 22573 21919 21684 295 46 908 43 654 235 499 865 155 503 839 815 299
internal_count=30661 954 29707 6553 5487 315 5172 4240 932 1066 767 23154 581 542 22573 21919 21684 295 46 908 43 654 235 499 865 155 503 839 815 299
is_linear=0
shrinkage=0.04


Tree=164
num_leaves=31
num_cat=0
split_feature=26 38 34 15 16 27 30 35 0 2 12 2 12 26 42 26 30 30 24 0 30 22 18 24 30 21 13 17 23 32
split_gain=83.2434 89.9457 327.84 435.585 273.365 240.057 220.132 217.474 186.029 198.933 135.569 122.316 138.79 113.764 122.073 149.592 135.472 107.24 157.183 95.2124 76.8469 83.3324 76.5861 72.2579 68.7761 58.6641 55.6506 49.2745 47.5614 43.9929
threshold=18.178351626971729 16.150000000000002 18.100000000000005 54.54882465883334 34.968293595250003 2.4726920480539074 -2.3983328199166665 24.750000000000004 22.500000000000004 82.500000000000014 46.65368971358334 226.50000000000003 19.270496582583334 28.115462960428079 786.37033051562742 36.240697653780266 -9.8324575689166682 -7.4043781490833327 45.780583828763902 10.500000000000002 2.6915600868333356 11.031904999583345 36.50220638015486 36.979689574125011 -0.91073605124999968 15.082617220000003 11.898896533583335 13.963141341166668 27.729413438569441 3.345426179416672
decision_type=2 2 2 2 2 2 2 2 2 2 2 2 2 2 2 2 2 2 2 2 2 2 2 2 2 2 2 2 2 2
left_child=20 2 3 4 6 -6 -2 23 13 -10 22 12 -11 17 16 -16 -15 19 -19 -3 24 -22 27 -5 28 -13 29 -4 -1 -23
right_child=1 8 10 7 5 -7 -8 -9 9 11 -12 25 -14 14 15 -17 -18 18 -20 -21 21 26 -24 -25 -26 -27 -28 -29 -30 -31
leaf_value=-0.015470051242211685 -0.022592826128104884 -0.092044317852705712 0.0052752237439155584 -0.0039780977097424591 -0.10158697783998022 -0.011312836420799333 0.0068814725988920848 0.19155252052678001 0.023119334950495292 -0.073787611356895905 -0.015413760038522573 -0.036781781864019092 -0.025161667916429591 -0.031742971056193253 0.026725411984650782 -0.0587284552369799 0.0025814712697032715 -0.0025203099166286186 0.056788551551807259 -0.018780752011979242 -0.099810934543609633 -0.018497466593980789 0.13491554897764454 0.10107309103012085 -0.001015870009074969 0.0029400829423684629 -0.0444587885970915 0.066239987416725071 -0.072147087965905674 0.043663008588331713
leaf_weight=452 452 32 25 22 73 133 3935 27 153 138 39 81 294 187 516 35 11380 10231 72 251 25 56 23 20 1509 224 84 140 25 27
leaf_count=452 452 32 25 22 73 133 3935 27 153 138 39 81 294 187 516 35 11380 10231 72 251 25 56 23 20 1509 224 84 140 25 27
internal_value=-2.03222e-11 0.000576339 0.00551431 0.00322867 0.00173006 -0.0433032 0.00384469 0.102984 -0.000446876 -0.0183862 0.0524555 -0.0270027 -0.040695 0.000256348 0.00290279 0.0212973 0.00202656 -0.00277309 -0.00210584 -0.027065 -0.00753712 -0.0317019 0.0665348 0.0460463 -0.00520095 -0.007609 -0.021506 0.0570029 -0.0184405 0.00172341
internal_weight=30661 28483 4889 4662 4593 206 4387 69 23594 890 227 737 432 22704 12118 551 11567 10586 10303 283 2178 192 188 42 1986 305 167 165 477 83
internal_count=30661 28483 4889 4662 4593 206 4387 69 23594 890 227 737 432 22704 12118 551 11567 10586 10303 283 2178 192 188 42 1986 305 167 165 477 83
is_linear=0
shrinkage=0.04


Tree=165
num_leaves=31
num_cat=0
split_feature=34 35 35 35 20 16 24 27 43 16 25 30 37 0 17 20 27 25 18 14 32 18 24 29 20 12 33 12 14 1
split_gain=81.9055 143.817 107.701 151.352 110.906 101.144 198.052 119.309 172.472 133.907 110.659 155.539 197.102 144.398 137.46 198.32 404.735 137.913 386.053 144.278 135.734 136.101 107.481 189.643 105.141 102.323 89.5757 84.245 148.696 82.1733
threshold=35.350000000000009 60.250000000000007 58.650000000000013 56.95000000000001 40.143266765 33.18237646475 25.413165768618057 9.0994967718062458 768.50705102021925 52.222968099000006 20.538073902107641 5.8014905714166689 212.23726500000001 10.500000000000002 34.190762662916676 10.064494355500001 3.0162377084114547 35.474872469045145 23.531338289500003 59.666266569166673 -9.2800196127499976 14.224177527166669 49.616510703916681 15.023594435893445 47.108004866500011 15.929695096750001 1.3806760371391607 25.356147436500002 33.858630151250004 1.5000000000000002
decision_type=2 2 2 2 2 2 2 2 2 2 2 2 2 2 2 2 2 2 2 2 2 2 2 2 2 2 2 2 2 2
left_child=5 2 3 -2 26 10 -7 22 9 -9 11 12 13 -1 17 16 -16 19 -19 -12 -13 -22 24 -24 -8 -17 -4 28 -5 -3
right_child=1 29 4 27 -6 6 7 8 -10 -11 14 20 -14 -15 15 25 -18 18 -20 -21 21 -23 23 -25 -26 -27 -28 -29 -30 -31
leaf_value=-0.0093794018568150329 -0.00043260619369888211 0.086823983857035644 -0.016704412423122286 0.03509384712694507 -0.10482366306441171 -0.11289661397536596 -0.00040109503441524227 -0.025600917854133143 -0.043584722901476358 0.0033718730764323774 0.003230573413384662 -0.12226618957519531 0.10569024323037378 0.0024724849503103092 0.18834762337116095 -0.024957947324055273 -0.003743242080564852 0.074178386107863231 0.0082105061077166735 0.086994296182511435 -0.0041227963561101299 -0.070094584661225479 -0.081936122941970821 0.033716947084178731 -0.016650460296438942 -0.002875354237555815 0.066103853065034621 0.024956855002790688 0.16576567559079691 0.026854918905917336
leaf_weight=2876 369 50 229 38 21 27 4110 415 269 663 10948 25 27 3842 26 370 54 168 915 33 164 72 25 245 754 3625 23 120 22 136
leaf_count=2876 369 50 229 38 21 27 4110 415 269 663 10948 25 27 3842 26 370 54 168 915 33 164 72 25 245 754 3625 23 120 22 136
internal_value=4.39966e-12 0.0112131 0.00402601 0.0142361 -0.0165063 -0.000381171 -0.00478673 -0.00433634 -0.0149318 -0.00778185 0.000857601 -0.00334026 -0.00216786 -0.00260135 0.00267991 -0.00367183 0.0586863 0.00482541 0.0184438 0.0034823 -0.0336383 -0.0242498 -0.00155643 0.0230083 -0.00292001 -0.00492055 -0.00914652 0.0443069 0.0830069 0.0429756
internal_weight=30661 1008 822 549 273 29653 6508 6481 1347 1078 23145 7006 6745 6718 16139 4075 80 12064 1083 10981 261 236 5134 270 4864 3995 252 180 60 186
internal_count=30661 1008 822 549 273 29653 6508 6481 1347 1078 23145 7006 6745 6718 16139 4075 80 12064 1083 10981 261 236 5134 270 4864 3995 252 180 60 186
is_linear=0
shrinkage=0.04


Tree=166
num_leaves=31
num_cat=0
split_feature=32 33 36 36 12 17 22 18 18 33 14 12 30 1 26 7 13 12 37 37 18 24 19 16 19 17 27 32 37 27
split_gain=79.1613 83.2698 114.931 193.791 185.889 148.756 202.154 132.475 124.878 235.148 137.568 92.7259 179.193 178.013 302.426 208.609 134.345 373.42 587.789 225.397 886.237 130.542 118.236 128.692 97.4153 93.4115 82.8369 70.0582 69.1323 297.069
threshold=-5.4576022624166614 1.4722800956682429 7.3000000000000016 6.2500000000000009 24.060011385083335 16.998447269666674 22.164482373111145 32.02320174150001 18.329706933333338 1.6455151986690881 15.568483227500003 13.525336108416669 2.6915600868333356 4.5000000000000009 29.022686845122021 -0.98296291314453399 17.259179093750003 15.846313060484045 210.33911050000003 212.23726500000001 18.237690107750002 32.180565607944452 9.6988647872500007 16.673444925916673 14.914294535333335 8.3570057209166695 5.2367966182133818 8.2550504314999991 211.43316250000001 4.2249691111915899
decision_type=2 2 2 2 2 2 2 2 2 2 2 2 2 2 2 2 2 2 2 2 2 2 2 2 2 2 2 2 2 2
left_child=28 11 3 8 27 -5 -7 26 10 -10 -3 12 13 14 -2 -15 19 18 -18 21 -21 -13 23 -14 -24 -19 -6 -4 -1 -30
right_child=1 2 4 5 7 6 -8 -9 9 -11 -12 16 22 15 -16 -17 17 25 -20 20 -22 -23 24 -25 -26 -27 -28 -29 29 -31
leaf_value=-0.0064447081883856816 0.013639917887326691 0.031249232122405848 -0.038801910137688675 -0.030070148860966719 -0.013687549056848148 0.15741776635870339 0.045578606942737548 0.080187082746449645 -0.036385847454269732 0.056246994327557712 -0.0067860444824987898 0.0047797172553586918 -0.017094451114535333 0.086504195976783244 0.17049311819530669 -0.014493647640988488 -0.01688577826260515 -0.043796557631198461 -0.14735545475091508 0.1633857069313526 -0.014637253756574806 0.10725523328781128 0.013442978884071807 -0.14047024307712433 -0.035507392279789801 0.00034930053869130563 0.012352970806830175 -0.12490398831310726 0.12196022013823191 -0.039273380535404856
leaf_weight=3464 310 201 54 27 385 34 108 34 57 190 626 3608 24 34 21 870 315 77 67 70 124 20 86 31 267 19065 397 21 33 41
leaf_count=3464 310 201 54 27 385 34 108 34 57 190 626 3608 24 34 21 870 315 77 67 70 124 20 86 31 267 19065 397 21 33 41
internal_value=-1.54138e-11 0.000734063 0.00831831 0.0161776 -0.00264591 0.0559929 0.072357 0.00289312 0.00991245 0.0348702 0.00245832 8.63871e-05 -0.00909849 -0.00150575 0.0235913 -0.0106951 0.000732783 -0.00060975 -0.0397692 0.00759087 0.0495978 0.00534463 -0.0320814 -0.0866335 -0.0235818 0.000171721 -0.00046749 -0.0629105 -0.00562747 0.0326281
internal_weight=30661 27123 2134 1243 891 169 142 816 1074 247 827 24989 1643 1235 331 904 23346 19524 382 3822 194 3628 408 55 353 19142 782 75 3538 74
internal_count=30661 27123 2134 1243 891 169 142 816 1074 247 827 24989 1643 1235 331 904 23346 19524 382 3822 194 3628 408 55 353 19142 782 75 3538 74
is_linear=0
shrinkage=0.04


Tree=167
num_leaves=31
num_cat=0
split_feature=30 0 37 29 2 2 12 30 0 1 2 12 29 0 31 20 16 15 21 7 7 30 19 22 30 27 8 2 29 17
split_gain=78.5074 79.5325 162.921 240.848 386.928 330.052 131.351 111.136 103.695 379.614 260.073 311.114 251.294 120.457 108.476 113.701 111.765 98.1358 97.2545 77.5473 67.7128 62.2418 59.2198 52.733 48.1451 39.4209 33.1462 33.9609 44.7036 24.6932
threshold=-18.31747998925 1.0000000180025095e-35 183.92789450000004 15.845590908335227 222.50000000000003 254.50000000000003 16.268755725250003 -5.2141865522500002 5.5000000000000009 5.5000000000000009 34.500000000000007 17.343114795000002 12.774339878044296 2.5000000000000004 -6.8404337318333353 16.338717765250006 52.222968099000006 60.444142236333342 12.169542611000002 -0.37940952255126015 -0.98296291314453399 1.8047110355000042 12.455544624833335 20.253603051805566 1.0535038733333304 0.64150926332141978 0.87837969732492682 168.50000000000003 15.845590908335227 22.34828286116667
decision_type=2 2 2 2 2 2 2 2 2 2 2 2 2 2 2 2 2 2 2 2 2 2 2 2 2 2 2 2 2 2
left_child=26 2 18 4 7 -6 -5 -4 9 10 11 -3 -12 24 17 16 -16 20 29 -17 -10 -15 -20 -8 -11 -24 27 -1 -29 -2
right_child=1 8 3 6 5 -7 23 -9 14 13 12 -13 -14 21 15 19 -18 -19 22 -21 -22 -23 25 -25 -26 -27 -28 28 -30 -31
leaf_value=-0.017192343767992287 -0.041995479379381452 0.066646435630635742 -0.036283519216320094 -0.13166221141815185 0.17702637149324249 0.018403854068459534 -0.00010801517275663524 0.017889366466816849 0.016049474934694795 -0.031997702127328151 -0.0019539615561772606 0.0077797410761902353 0.016314095326156516 0.0011291851967314978 -0.0090157463079125148 0.0039680240332851382 0.056807778625349914 -0.084457963881669221 -0.063083326447577706 -0.0012867579555131143 -0.0096379061619990356 -0.029420899198615347 0.011508067347818897 -0.059927657489740369 -0.082649798682241746 -0.017785991863410948 0.0069069017856209372 -0.10364428263008595 -0.028730852936322871 -0.093066905411806983
leaf_weight=43 28 262 85 21 43 41 65 211 177 333 2752 318 2143 404 2383 9024 42 27 42 8950 2269 145 84 37 33 588 27 25 26 33
leaf_count=43 28 262 85 21 43 41 65 211 177 333 2752 318 2143 404 2383 9024 42 27 42 8950 2269 145 84 37 33 588 27 25 26 33
internal_value=-9.31883e-12 0.000127403 -0.00964012 0.00808747 0.0238349 0.0996035 -0.040563 0.00233296 0.000553994 0.00505894 0.00904459 0.0343712 0.00604368 -0.0187896 -0.000704602 0.00025454 -0.00787571 -0.00861626 -0.0211459 0.00135145 -0.00777909 -0.0069396 -0.0170042 -0.0218073 -0.0365647 -0.0141242 -0.0321561 -0.0433764 -0.0654531 -0.0696243
internal_weight=30661 30540 1278 503 380 84 123 296 29262 6390 5475 580 4895 915 22872 20399 2425 2473 775 17974 2446 549 714 102 366 672 121 94 51 61
internal_count=30661 30540 1278 503 380 84 123 296 29262 6390 5475 580 4895 915 22872 20399 2425 2473 775 17974 2446 549 714 102 366 672 121 94 51 61
is_linear=0
shrinkage=0.04


Tree=168
num_leaves=31
num_cat=0
split_feature=33 28 23 37 37 12 27 42 37 0 27 0 35 0 12 0 43 30 37 30 2 25 17 15 14 30 26 27 19 27
split_gain=75.6076 101.257 86.9809 83.3982 121.313 117.31 428.312 349.236 96.9189 119.302 91.3075 76.8113 155.107 109.129 75.6164 60.0782 56.9704 72.7412 47.1292 47.1092 56.6111 40.8473 32.3836 28.9496 21.9743 18.2462 15.6208 9.45388 9.37653 9.31603
threshold=0.38517093345905734 15.438193080891692 21.198445707069443 57.171691500000016 65.469746000000029 36.501839981821526 2.4726920480539074 629.25287398839464 66.677417500000004 16.500000000000004 5.7972563379386308 1.0000000180025095e-35 75.250000000000014 5.5000000000000009 11.241972367649302 16.500000000000004 768.50705102021925 -3.5524379843333356 210.33911050000003 1.2652249554999966 249.50000000000003 27.57368800331945 15.388283109000001 15.650732393250001 16.196890128250004 0.86624360324999838 22.615474685465198 2.1512133171912073 18.327393338833335 1.6304051272726465
decision_type=2 2 2 2 2 2 2 2 2 2 2 2 2 2 2 2 2 2 2 2 2 2 2 2 2 2 2 2 2 2
left_child=1 2 18 15 5 16 7 -7 9 22 -8 12 -10 -13 -3 24 17 -5 19 21 -21 -1 -6 -16 -2 -11 -26 -18 29 -17
right_child=3 14 -4 4 8 6 10 -9 11 25 -12 13 -14 -15 23 28 27 -19 -20 20 -22 -23 -24 -25 26 -27 -28 -29 -30 -31
leaf_value=-0.0058975741014484781 0.078010560472806287 -0.12489485030248762 -0.087796848328961494 -0.074747605257564131 0.015478978675923176 -0.04775725766023 -0.039151326066090002 -0.25757842584089802 -0.02044074189954093 0.0057458692118145371 0.044750879378039003 0.0055973405754594285 0.0081685458561461307 -0.00047153357175569444 -0.00357410728931427 0.0092134934325109833 0.009370571621356235 -0.0084052875244782031 0.052545963390306989 -0.010580576005819683 -0.091606625115329562 0.044972190569948271 0.064368828622779498 -0.063859202575683588 0.024864318721434651 -0.031946874667818731 0.060363092933382302 0.032082087672224237 0.012880011051117133 -0.02615349266713915
leaf_weight=391 24 20 21 27 28 30 36 22 768 98 49 6159 501 20587 26 22 69 1283 22 37 22 27 96 25 68 26 28 51 72 26
leaf_count=391 24 20 21 27 28 30 36 22 768 98 49 6159 501 20587 26 22 69 1283 22 37 22 27 96 25 68 26 28 51 72 26
internal_value=-1.06024e-11 -0.0141685 -0.00805048 0.000278469 8.95171e-05 -0.0107438 -0.0461029 -0.136528 0.000690153 0.0255859 0.00921583 0.000469767 -0.00914582 0.000925991 -0.0589761 0.0237636 -0.00735623 -0.00977265 -0.00469443 -0.00733444 -0.0407937 -0.00261173 0.0533292 -0.0331256 0.0437766 -0.00215745 0.0352181 0.019023 0.00375056 -0.00994362
internal_weight=30661 591 520 30070 29830 1567 137 52 28263 248 85 28015 1269 26746 71 240 1430 1310 499 477 59 418 124 51 120 124 96 120 120 48
internal_count=30661 591 520 30070 29830 1567 137 52 28263 248 85 28015 1269 26746 71 240 1430 1310 499 477 59 418 124 51 120 124 96 120 120 48
is_linear=0
shrinkage=0.04


Tree=169
num_leaves=25
num_cat=0
split_feature=32 35 13 40 22 16 24 15 2 12 25 12 40 26 34 33 17 31 18 28 32 32 28 19
split_gain=74.7174 77.6384 90.3014 72.3704 243.805 84.4356 157.381 138.097 225.874 108.935 103.58 156.597 98.2758 81.0373 65.0186 84.4203 54.3269 52.0981 31.3256 26.1519 19.4543 16.6778 16.2158 20.4574
threshold=-26.50971637113194 77.250000000000014 12.961645096916669 18.100000000000001 24.425325147666733 33.18237646475 25.413165768618057 54.54882465883334 110.50000000000001 15.098333479750002 42.009754001309027 21.929681632583335 10.230000000000002 18.693349102916226 36.400000000000006 1.2255867975468144 35.359210229750005 -0.43343220608333594 55.653911214166676 14.316810989989042 -1.3893780944999985 1.7929168128333306 13.337476702659108 20.317732153250002
decision_type=2 2 2 2 2 2 2 2 2 2 2 2 2 2 2 2 2 2 2 2 2 2 2 2
left_child=1 18 -3 5 -5 7 -7 10 -9 -8 13 -12 -11 -2 15 16 -6 -10 19 22 -16 -22 23 -1
right_child=3 2 -4 4 14 6 9 8 17 12 11 -13 -14 -15 20 -17 -18 -19 -20 -21 21 -23 -24 -25
leaf_value=-0.030978358103127421 -0.0062045697053924077 -0.0026557241678237913 -0.11570934396523695 0.15680908584594727 0.070421280518947346 -0.10393415777683257 -0.085121659900133415 0.16737827780842782 -0.017638631746978373 -0.0082005001603644469 0.14239530760049821 0.015873659772591458 0.0012673687588993243 0.0016566499742006924 -0.056287499483674765 -0.043169046931646082 0.0082211879201424427 0.043749258702451534 0.032971753831952812 -0.058711251080036164 0.017974140331149104 -0.033064238954158054 0.023345011904835702 -0.0064987105682576445
leaf_weight=79 2338 20 26 20 53 25 26 20 37 3253 20 72 3807 20447 20 22 39 55 24 20 20 21 20 177
leaf_count=79 2338 20 26 20 53 25 26 20 37 3253 20 72 3807 20447 20 22 39 55 24 20 20 21 20 177
internal_value=1.17322e-11 -0.0179648 -0.0665556 0.000217037 0.0245067 5.96785e-05 -0.00374952 0.00123795 0.0455459 -0.00339607 0.00102103 0.0433784 -0.00309509 0.000849999 0.00938639 0.0272214 0.0440538 0.0190607 -0.0109799 -0.0145435 -0.0239445 -0.00816747 -0.011343 -0.014053
internal_weight=30661 366 46 30295 195 30100 7111 22989 112 7086 22877 92 7060 22785 175 114 92 92 320 296 61 41 276 256
internal_count=30661 366 46 30295 195 30100 7111 22989 112 7086 22877 92 7060 22785 175 114 92 92 320 296 61 41 276 256
is_linear=0
shrinkage=0.04


Tree=170
num_leaves=31
num_cat=0
split_feature=38 40 13 2 16 27 32 18 37 26 40 16 24 22 16 26 16 24 15 21 40 25 29 2 40 1 28 32 12 26
split_gain=71.7723 186.473 248.207 273.816 234.139 172.95 145.993 142.664 106.762 103.223 92.8216 162.505 175.37 169.151 88.3208 82.5761 80.3138 168.955 130.149 218.337 119.603 97.7538 70.5025 66.7451 93.4179 79.4336 66.1508 62.924 58.6101 55.5103
threshold=33.591666666666676 16.250000000000004 45.778945930500008 192.50000000000003 48.506589290416677 4.2954622490593382 3.0234446119166685 39.21200687675001 175.34183500000003 27.685508763537705 15.35 46.65368971358334 39.055992652034725 52.521048855222254 36.127870093083338 36.52227328145883 33.18237646475 27.29770718786737 54.54882465883334 48.649168342500005 10.850000000000001 42.009754001309027 10.903503558366403 186.50000000000003 17.600000000000005 1.5000000000000002 11.565193051298463 -1.6871523925833285 26.796236246500001 33.378354721482111
decision_type=2 2 2 2 2 2 2 2 2 2 2 2 2 2 2 2 2 2 2 2 2 2 2 2 2 2 2 2 2 2
left_child=1 10 6 4 27 -6 7 26 15 14 16 -12 -13 -14 -10 23 18 -18 21 -20 -19 -1 -11 -2 25 -25 -3 -4 -16 -5
right_child=8 2 3 29 5 -7 -8 -9 9 22 11 12 13 -15 28 -17 17 20 19 -21 -22 -23 -24 24 -26 -27 -28 -29 -30 -31
leaf_value=0.00032597882272968645 0.0080341578855490335 -0.041471609622240065 -0.0087580973468720912 0.035888429766609553 -0.099690011240227125 -0.016786766025808551 -0.0051609702408313756 -0.19040284156799317 -0.015920824154139791 -0.070364012718200683 0.067637629444626243 -0.085918589715034729 0.12359406959442865 -0.0092058936598008144 -0.036457481643427977 0.081196639763989623 -0.067350825240068579 -0.0085989932548133814 0.16350658190250397 0.017684434208533037 0.0036387526128545534 0.041643232180858435 0.0061544075082455366 0.090854539510024632 -0.012867142671141132 0.029875052982636662 -0.1299326411315373 0.082838135162989296 -0.12888452433404468 0.11214693536361059
leaf_weight=22186 1208 38 20 42 71 93 32 23 146 20 88 31 21 57 23 28 68 3331 20 92 2073 92 525 46 58 133 21 30 21 24
leaf_count=22186 1208 38 20 42 71 93 32 23 146 20 88 31 21 57 23 28 68 3331 20 92 2073 92 525 46 58 133 21 30 21 24
internal_value=9.58479e-12 -0.000539114 -0.0278661 -0.00760835 -0.0295756 -0.0526778 -0.0776221 -0.1059 0.0069472 -0.00550443 -0.000155392 0.0272049 -0.00543795 0.0265479 -0.0308923 0.0131603 -0.000348845 -0.00469298 0.000712838 0.0437241 -0.00390454 0.000496604 0.00334639 0.011842 0.0312506 0.0455458 -0.0729577 0.0461996 -0.0805704 0.0636188
internal_weight=30661 28453 394 280 214 164 114 82 2208 735 28059 197 109 78 190 1473 27862 5472 22390 112 5404 22278 545 1445 237 179 59 50 44 66
internal_count=30661 28453 394 280 214 164 114 82 2208 735 28059 197 109 78 190 1473 27862 5472 22390 112 5404 22278 545 1445 237 179 59 50 44 66
is_linear=0
shrinkage=0.04


Tree=171
num_leaves=31
num_cat=0
split_feature=30 16 6 14 2 13 10 1 21 19 30 29 15 0 22 18 30 25 17 19 13 0 1 33 2 30 13 12 30 37
split_gain=72.0471 145.119 170.821 167.232 187.457 162.605 195.791 260.136 130.92 168.475 117.156 115.229 111.963 96.5248 100.39 252.417 105.393 97.6822 124.458 149.29 89.3118 81.8135 389.105 480.144 260.142 142.742 304.388 92.0533 69.6579 67.2657
threshold=-2.9930514240833292 16.920962841583336 0.78656609248549325 53.532147770083348 164.50000000000003 15.929695096750001 -0.24999999999999994 4.5000000000000009 60.444142236333342 57.809910758166673 -7.4043781490833327 11.316907273972367 43.264612467416676 1.0000000180025095e-35 14.377424000194468 12.210776774000001 -0.98518230000000429 42.009754001309027 40.640391423000004 34.981472322750001 15.20592301516667 4.5000000000000009 1.0000000180025095e-35 0.97758358573142534 28.500000000000004 4.3787227498333339 48.953036100166678 19.194468526000005 0.24699604475000128 97.288558000000009
decision_type=2 2 2 2 2 2 2 2 2 2 2 2 2 2 2 2 2 2 2 2 2 2 2 2 2 2 2 2 2 2
left_child=1 10 5 -4 -5 6 7 -3 9 -7 11 -1 29 14 16 -16 -2 21 19 -19 -8 22 23 -15 -24 27 -27 -23 -17 -12
right_child=13 2 3 4 -6 8 20 -9 -10 -11 12 -13 -14 17 15 28 -18 18 -20 -21 -22 25 24 -25 -26 26 -28 -29 -30 -31
leaf_value=-0.029653025486252527 -0.087493397129906544 0.12763356637623574 0.0086284949674325824 0.19829454535245894 0.025109206914901733 -0.0057558180008156646 -0.074673620367050178 -0.038280872163318456 0.096071929335594178 -0.10608694927008064 -0.058463245411944947 -0.1623129246532917 0.054683441498449871 0.17821890571287699 0.12680518800562079 -0.008559156399025946 -0.01650756618177349 0.13549182811091023 -0.0012942560282634926 0.025727350852706214 0.035831404118375348 -0.0041459850459290432 0.034876646090895393 0.026030934978076715 -0.0022011861450212836 -0.032102538852152626 0.072059788674861194 0.0019669521584745405 -0.082665795882542942 -0.015301213643026793
leaf_weight=22 54 54 68 20 20 3263 25 21 20 27 86 20 28 35 22 604 88 31 94 55 22 5286 331 634 3549 439 50 15496 21 176
leaf_count=22 54 54 68 20 20 3263 25 21 20 27 86 20 28 35 22 604 88 31 94 55 22 5286 331 634 3549 439 50 15496 21 176
internal_value=-1.17057e-11 -0.00510018 -0.00272869 0.0468038 0.111702 -0.00428741 0.0410636 0.0811775 -0.00595896 -0.0065792 -0.0303866 -0.0928244 -0.0213438 0.000737165 -0.013046 -0.00636167 -0.0435022 0.00115543 0.0305199 0.0652936 -0.0229479 0.000950721 0.00581962 0.0339929 0.000961897 -9.05369e-05 -0.021452 0.000412098 -0.0110491 -0.0294689
internal_weight=30661 3872 3540 108 40 3432 122 75 3310 3290 332 42 290 26789 789 647 142 26000 180 86 47 25820 4549 669 3880 21271 489 20782 625 262
internal_count=30661 3872 3540 108 40 3432 122 75 3310 3290 332 42 290 26789 789 647 142 26000 180 86 47 25820 4549 669 3880 21271 489 20782 625 262
is_linear=0
shrinkage=0.04


Tree=172
num_leaves=30
num_cat=0
split_feature=30 12 15 24 18 29 30 24 40 19 14 29 7 30 14 2 16 34 21 30 0 9 30 29 15 28 7 12 31
split_gain=70.6722 71.3108 164.978 205.654 232.181 279.662 172.299 170.954 322.597 142.647 130.622 125.575 110.811 125.728 103.634 111.314 90.5915 77.5856 77.2859 73.9661 120.379 93.5399 46.4094 74.6903 55.4535 33.9966 31.8329 53.6886 26.1753
threshold=-18.31747998925 13.173270829500003 16.100936633500002 14.960753120201023 8.9031817996666689 14.314871101985775 2.1677736575000002 20.841436940805561 8.6400000000000006 9.3273076578333356 14.801877441333335 13.393048260078617 -0.9159756150367534 4.1962110634166665 10.06621396075 114.50000000000001 15.207415600833334 5.3000000000000016 15.734411059333336 -1.4107220545833348 17.500000000000004 -0.22252093395631442 6.5892215266666643 13.538693107441398 11.241972367649302 6.6629937063454632 -0.98296291314453399 57.809910758166673 -0.97775421124999784
decision_type=2 2 2 2 2 2 2 2 2 2 2 2 2 2 2 2 2 2 2 2 2 2 2 2 2 2 2 2 2
left_child=26 2 3 12 5 -5 7 8 -4 -8 -6 -11 13 -2 15 16 -3 18 -16 20 -19 -21 24 -24 -17 -14 27 28 -1
right_child=1 14 6 4 10 -7 9 -9 -10 11 -12 -13 25 -15 17 22 -18 19 -20 21 -22 -23 23 -25 -26 -27 -28 -29 -30
leaf_value=-0.02806090553601583 0.036238384553070727 0.029643223518505693 -0.012017143796444082 0.034907173789464514 -0.0046868838877666269 0.21888071303069592 -0.14642094242076079 -0.10230846409286772 0.13563076127033968 -0.059035416359232887 0.048526967058204251 0.024263385401831733 -0.019075649798213919 -0.0438643455458805 0.0029709004163742067 0.00042598449085888112 0.13126717282235623 -0.00034431628081454675 -0.10567375806244939 -0.0013691620576834155 -0.01273424351968073 0.0041011126233978061 -0.049958089411258698 0.044714180275797849 0.043760068091623333 -0.00054184318084288111 -0.06332835893420613 -0.068593871744039164 0.024039689776384168
leaf_weight=27 145 32 265 39 243 20 24 28 26 148 106 36 720 40 20 95 25 6200 22 8815 1573 11561 40 20 94 203 34 24 36
leaf_count=27 145 32 265 39 243 20 24 28 26 148 106 36 720 40 20 95 25 6200 22 8815 1573 11561 40 20 94 203 34 24 36
internal_value=1.72121e-11 0.000120879 -0.00709798 -0.000396128 0.0238822 0.0972711 -0.0263769 -0.0079084 0.00117477 -0.0547013 0.0114755 -0.0427378 -0.00933616 0.0189189 0.000638411 0.0237913 0.0742151 0.000387098 -0.0539382 0.000468154 -0.00285163 0.00173458 0.0122485 -0.0184007 0.0219784 -0.0149994 -0.0305094 -0.0176835 0.00171086
internal_weight=30661 30540 2043 1516 408 59 527 319 291 208 349 184 1108 185 28497 306 57 28191 42 28149 7773 20376 249 60 189 923 121 87 63
internal_count=30661 30540 2043 1516 408 59 527 319 291 208 349 184 1108 185 28497 306 57 28191 42 28149 7773 20376 249 60 189 923 121 87 63
is_linear=0
shrinkage=0.04


Tree=173
num_leaves=31
num_cat=0
split_feature=32 7 30 23 34 19 15 35 20 30 0 4 20 27 34 20 40 12 30 13 29 34 38 7 20 18 31 34 30 32
split_gain=69.1817 72.5466 285.786 535.469 258.428 288.592 173.859 176.832 203.283 162.825 113.453 257.848 551.923 541.971 272.709 630.316 223.419 168.728 106.044 301.734 94.4246 82.2458 183.749 88.0461 68.3266 66.2258 64.9876 82.1888 57.2709 62.7542
threshold=-5.4576022624166614 0.91597561503675351 0.30628191666666466 15.011618385305557 24.850000000000005 16.194164029916671 14.600374084500002 40.650000000000006 11.578169857000001 3.5314629763333341 4.5000000000000009 5.5000000000000009 18.31255718566667 2.6670915417817711 24.350000000000005 23.430785579666669 6.2500000000000009 16.760486421250004 4.3787227498333339 47.971638427750001 14.05038726758462 28.500000000000004 27.183333333333341 -0.98296291314453399 18.22590043133334 63.889422705500003 20.394728139666672 18.100000000000005 -13.674665991583332 -26.50971637113194
decision_type=2 2 2 2 2 2 2 2 2 2 2 2 2 2 2 2 2 2 2 2 2 2 2 2 2 2 2 2 2 2
left_child=25 10 6 -4 9 -6 -3 20 -9 -5 11 12 13 -2 16 -16 -13 -14 21 24 -8 23 -23 -12 -20 26 28 -28 -1 -30
right_child=1 2 3 4 5 -7 7 8 -10 -11 18 14 17 -15 15 -17 -18 -19 19 -21 -22 22 -24 -25 -26 -27 27 -29 29 -31
leaf_value=-0.033507811149036643 0.1658946308824012 -0.045013696216311017 0.15281995305418969 0.0079514934058959891 -0.18109666885161887 -0.041592531411544141 0.027215906945862789 0.025708023029691864 -0.007704161556075154 -0.081499835451444 -0.018003618122751534 -0.0012541417646956612 -0.035290309400014257 0.019468558956271944 0.068102722675487476 0.00019700145950546033 -0.057073506097483441 0.033687450939490063 -0.081078373157396549 0.066451358941563385 -0.029565295585287879 0.033867036804556848 0.0028544588397681047 -0.00046595410431497824 -0.026345485895226922 -0.057782271141676528 -0.082192807946656204 -0.013506229846359415 -0.018447523377835753 -0.00067264559362181428
leaf_weight=99 84 141 20 82 49 46 474 331 2432 54 476 1706 115 78 313 726 123 112 41 57 52 320 6832 12127 332 38 37 113 357 2894
leaf_count=99 84 141 20 82 49 46 474 331 2432 54 476 1706 115 78 313 726 123 112 41 57 52 320 6832 12127 332 38 37 113 357 2894
internal_value=-3.15955e-11 0.000686235 -0.00453429 -0.0457353 -0.0629262 -0.113547 -0.00151929 0.000345327 -0.00370147 -0.0275659 0.00150599 0.00843349 0.0389931 0.0953932 0.00428855 0.0206537 -0.00500799 -0.00125723 0.000388188 -0.0192632 0.0216026 0.000815934 0.00424205 -0.00112833 -0.0323617 -0.00526081 -0.00469058 -0.0304489 -0.00353722 -0.00262455
internal_weight=30661 27123 3681 251 231 95 3430 3289 2763 136 23442 3257 389 162 2868 1039 1829 227 20185 430 526 19755 7152 12603 373 3538 3500 150 3350 3251
internal_count=30661 27123 3681 251 231 95 3430 3289 2763 136 23442 3257 389 162 2868 1039 1829 227 20185 430 526 19755 7152 12603 373 3538 3500 150 3350 3251
is_linear=0
shrinkage=0.04


Tree=174
num_leaves=31
num_cat=0
split_feature=37 37 13 15 17 30 37 0 23 32 29 6 35 0 30 15 30 0 43 15 32 30 28 2 18 30 1 26 26 13
split_gain=68.8557 109.971 100.741 229.527 151.171 163.718 94.4837 112.716 89.5052 78.8116 93.175 134.08 86.4826 162.28 90.4332 74.8164 64.4913 50.2556 43.4223 34.5797 30.9869 30.4175 29.6537 18.7142 17.8199 16.7767 16.2493 13.2507 8.97151 8.49018
threshold=57.171691500000016 65.469746000000029 33.515303996166672 54.012135563416678 15.388283109000001 -0.32875007274999385 66.677417500000004 16.500000000000004 52.278399617680556 0.5118505778333341 18.179630741119766 0.12940952255126045 50.250000000000007 22.500000000000004 8.9734752198333414 10.883099809083339 -4.6678621414166654 16.500000000000004 768.50705102021925 51.823169205750006 2.1489233360000002 -1.4107220545833348 14.795593233482675 357.50000000000006 28.178470743333339 0.86624360324999838 4.5000000000000009 27.183891125749472 19.368572218804903 21.929681632583335
decision_type=2 2 2 2 2 2 2 2 2 2 2 2 2 2 2 2 2 2 2 2 2 2 2 2 2 2 2 2 2 2
left_child=17 2 16 4 5 -4 7 21 -5 12 15 -12 14 -14 -8 -11 -2 23 20 -6 -18 22 -3 26 -23 27 29 -9 -20 -1
right_child=1 6 3 8 19 -7 9 25 -10 10 11 -13 13 -15 -16 -17 18 -19 28 -21 -22 24 -24 -25 -26 -27 -28 -29 -30 -31
leaf_value=-0.0010519428144801746 -0.078060830295085912 0.051101335222070866 -0.20205412230708383 -0.0099805511713027956 -0.023141564145733259 -0.045911562442779545 0.00091285166560728739 0.015834266233794164 0.10354805561900139 -0.017672934957613417 0.0015000843827027023 0.052346027126214632 -0.0032299147299200137 -0.028239380981866482 0.050206311315298083 0.0024879717658506067 -0.0048088167108293603 0.0029849844656869651 0.0056889246110446183 -0.081129801793556139 -0.020585209757427503 0.051838001484672235 -0.0057752550095319741 0.06480240413636873 0.10009216966629028 -0.030550358637880821 0.05710368571281433 -0.015530716452631169 0.028218226610202221 0.029381607445803554
leaf_weight=22 20 55 22 25 76 21 7910 66 20 302 194 145 7632 439 60 11871 1047 124 52 21 246 24 20 33 25 26 25 32 62 44
leaf_count=22 20 55 22 25 76 21 7910 66 20 302 194 145 7632 439 60 11871 1047 124 52 21 246 24 20 33 25 26 25 32 62 44
internal_value=2.66528e-12 -0.000171172 -0.0103381 -0.0381101 -0.0633701 -0.125798 0.000397874 0.0249809 0.0404766 0.000184356 0.00256383 0.0232483 -0.00167164 -0.00459024 0.00128394 0.0019878 -0.00673767 0.0209914 -0.00572384 -0.0356957 -0.00781036 0.0519475 0.0359342 0.0389977 0.0764575 -0.00198573 0.02964 0.00559264 0.0179417 0.0192371
internal_weight=30661 30413 1612 185 140 43 28801 248 45 28553 12512 339 16041 8071 7970 12173 1427 248 1407 97 1293 124 75 124 49 124 91 98 114 66
internal_count=30661 30413 1612 185 140 43 28801 248 45 28553 12512 339 16041 8071 7970 12173 1427 248 1407 97 1293 124 75 124 49 124 91 98 114 66
is_linear=0
shrinkage=0.04


Tree=175
num_leaves=31
num_cat=0
split_feature=38 40 13 2 30 15 32 30 37 26 13 14 22 26 21 30 40 16 25 21 32 30 29 0 0 27 17 32 22 26
split_gain=66.5481 169.99 229.131 252.309 254.497 259.36 133.034 104.361 98.1788 93.5104 93.4496 89.0504 104.814 91.5579 88.504 88.1875 83.2381 150.147 158.434 74.1451 65.8383 105.71 94.9769 65.6024 93.7866 79.5806 63.2038 61.3016 59.4586 50.9269
threshold=33.591666666666676 16.250000000000004 45.778945930500008 192.50000000000003 -2.9216806067500012 52.222968099000006 3.0234446119166685 5.8014905714166689 177.75901400000006 36.52227328145883 51.427190901166675 39.633104923750004 34.654238949954973 27.685508763537705 39.777129557250014 -13.674665991583332 15.35 46.65368971358334 34.040064042093753 19.546931054666668 -1.3466319736666674 24.399011852666671 18.179630741119766 13.500000000000002 14.500000000000002 7.4101440622371202 22.89911076633334 -1.4244921105833315 24.959646831694503 33.378354721482111
decision_type=2 2 2 2 2 2 2 2 2 2 2 2 2 2 2 2 2 2 2 2 2 2 2 2 2 2 2 2 2 2
left_child=1 15 6 4 10 -6 14 8 9 23 -4 12 13 -10 27 19 20 -18 -19 -1 21 -17 -22 25 -25 -2 -21 -3 -9 -5
right_child=7 2 3 29 5 -7 -8 28 11 -11 -12 -13 -14 -15 -16 16 17 18 -20 26 22 -23 -24 24 -26 -27 -28 -29 -30 -31
leaf_value=-0.088990829861164106 0.058226843312530238 -0.024493427023005027 0.028487259140106996 0.034665066237960541 -0.017107580619908514 -0.21590796037798834 -0.0052455747872591019 -0.097702020251232646 -0.031221791677563997 0.090279791557788855 -0.031398446247129161 0.077964848816394816 -0.093535861887715094 0.0045615575665587122 -0.14956545984745026 -0.0031412421380271815 0.064835463514212849 -0.055896679397958976 0.040654648484890921 -0.0099865310720744591 0.00079894543284263393 0.074699226404939381 0.019484525520799292 -0.012714287267962716 0.014169406295677296 0.013247597311751661 -0.084403315201401721 -0.11637926669347853 -0.010182204610771604 0.10770749459664027
leaf_weight=25 101 26 71 42 21 21 32 23 154 25 101 20 22 445 35 9099 88 52 57 210 18034 28 446 265 959 167 20 21 27 24
leaf_count=25 101 26 71 42 21 21 32 23 154 25 101 20 22 445 35 9099 88 52 57 210 18034 28 446 265 959 167 20 21 27 24
internal_value=5.5394e-12 -0.000519123 -0.0266104 -0.00714665 -0.0282335 -0.116508 -0.0744162 0.00668959 0.00801329 0.0135593 -0.00667818 -0.00511194 -0.00778752 -0.00463817 -0.10141 -0.000152753 6.2002e-05 0.0259706 -0.00540654 -0.0235687 -0.000122878 -0.00290244 0.00124991 0.0122737 0.008349 0.0301987 -0.0164576 -0.0655488 -0.0504413 0.0612259
internal_weight=30661 28453 394 280 214 42 114 2208 2158 1517 172 641 621 599 82 28059 27804 197 109 255 27607 9127 18480 1492 1224 268 230 47 50 66
internal_count=30661 28453 394 280 214 42 114 2208 2158 1517 172 641 621 599 82 28059 27804 197 109 255 27607 9127 18480 1492 1224 268 230 47 50 66
is_linear=0
shrinkage=0.04


Tree=176
num_leaves=31
num_cat=0
split_feature=37 37 12 27 7 37 0 27 27 7 7 43 29 7 2 22 34 7 0 32 17 32 17 7 29 8 20 32 19 2
split_gain=63.9277 100.97 99.4619 382.64 315.185 87.5837 104.45 77.9544 72.041 151.22 181.903 91.6676 233.256 124.649 91.5411 53.1279 49.8028 58.4958 46.6211 35.9572 27.6893 27.6601 23.8014 23.5235 18.3118 18.7213 15.194 9.07226 8.20635 7.14185
threshold=57.171691500000016 65.469746000000029 36.501839981821526 2.4726920480539074 -0.70710678118654757 66.677417500000004 16.500000000000004 7.8954203069102062 7.4101440622371202 0.78656609248549303 -0.78656609248549325 716.13456551114166 14.866621316760471 -0.9159756150367534 237.50000000000003 48.313961355333383 14.15 -0.98296291314453399 16.500000000000004 6.0667154950833373 15.388283109000001 3.5002130249166652 15.09917234266667 -0.78656609248549325 6.1794916804246069 -1.0000000180025095e-35 22.809421028250004 -0.094209314416666232 16.501281998916671 353.50000000000006
decision_type=2 2 2 2 2 2 2 2 2 2 2 2 2 2 2 2 2 2 2 2 2 2 2 2 2 2 2 2 2 2
left_child=18 2 16 4 -4 6 20 15 11 10 -10 13 -13 -7 -11 -5 17 22 24 26 -3 -22 -2 -19 25 27 -18 -1 -20 -27
right_child=1 5 3 7 -6 8 -8 -9 9 14 -12 12 -14 -15 -16 -17 19 23 28 -21 21 -23 -24 -25 -26 29 -28 -29 -30 -31
leaf_value=0.084379061517261322 -0.048288271228472394 0.015008155362946647 -0.24297466792843558 -0.037910579021933469 -0.043644609024127326 -0.013300108210820507 -0.0019102972493537011 0.074600558497688985 -0.015242896932500716 -0.067992821637127138 0.001338145447844546 0.0032880914995777983 0.039291462415212031 0.001114442430045576 -0.012771508818835889 0.041001297279261051 -0.0097098892794715026 0.012697245027559499 -0.018680383051219194 -0.064966525022561353 0.075043595659045073 0.029125354150610586 -0.012673898957771799 -0.0020683435087652528 0.0084340288793599161 0.01942692336014339 -0.024942053037748973 0.047197886875697544 0.0077937158909026942 0.049390774726867676
leaf_weight=21 51 28 22 43 30 1010 124 22 1382 90 4524 1766 344 19334 103 20 315 240 23 24 65 31 73 615 27 35 157 21 101 20
leaf_count=21 51 28 22 43 30 1010 124 22 1382 90 4524 1766 344 19334 103 20 315 240 23 24 65 31 73 615 27 35 157 21 101 20
internal_value=3.10867e-15 -0.000164933 -0.00990695 -0.0425087 -0.127977 0.00038033 0.0240487 0.00977745 0.000174756 -0.0036804 -0.00254181 0.0012219 0.00915784 0.000398816 -0.0385224 -0.0128592 -0.00687885 -0.00164718 0.0202262 -0.0172051 0.0500076 0.0602158 -0.0273217 0.00207638 0.0375693 0.0456791 -0.0147765 0.0657885 0.0028832 0.0303229
internal_weight=30661 30413 1612 137 52 28801 248 85 28553 6099 5906 22454 2110 20344 193 63 1475 979 248 496 124 96 124 855 124 97 472 42 124 55
internal_count=30661 30413 1612 137 52 28801 248 85 28553 6099 5906 22454 2110 20344 193 63 1475 979 248 496 124 96 124 855 124 97 472 42 124 55
is_linear=0
shrinkage=0.04


Tree=177
num_leaves=27
num_cat=0
split_feature=40 22 30 25 21 20 1 30 18 12 23 1 16 14 2 30 20 23 18 30 20 12 30 30 20 12
split_gain=65.6429 222.28 72.5751 70.3424 179.976 66.6024 65.0733 63.6758 73.5399 60.5116 192.513 156.228 105.362 99.1739 96.3352 75.6733 55.8226 54.6605 50.1205 41.1022 40.5616 37.4593 30.1514 20.5722 19.606 16.9044
threshold=18.100000000000001 24.425325147666733 -15.67356818033333 42.009754001309027 18.478271821500002 22.426494262333339 3.5000000000000004 -0.13027397458333209 26.424088932666667 12.463435888916669 15.80281098738889 1.0000000180025095e-35 18.071703499000005 10.06621396075 114.50000000000001 -1.4107220545833348 17.645763578333334 61.466500321411026 23.330865307500002 2.9127877360000007 21.185375797583337 57.809910758166673 -0.76888200674999918 -1.9416158410000006 33.871089892750014 25.922615421833338
decision_type=2 2 2 2 2 2 2 2 2 2 2 2 2 2 2 2 2 2 2 2 2 2 2 2 2 2
left_child=2 -2 6 9 -5 -3 16 8 18 10 11 -4 -12 14 -11 -15 -1 19 -7 -6 -18 -22 -19 -10 -8 -9
right_child=1 5 3 4 17 7 24 25 23 13 12 -13 -14 15 -16 -17 20 22 -20 -21 21 -23 -24 -25 -26 -27
leaf_value=-0.075216762036085127 0.14946135783195497 0.057185474524481431 0.041484343761983122 0.1368906544148922 -0.010126748360667586 0.023289455875754355 -0.036074857056140899 -0.066580429768020449 0.073031593525299324 0.068467575972110548 0.0018214222221147446 -0.0069887936435849727 -0.073348257370944164 -0.0033781975153567819 0.012008605101606253 0.0013040636744782366 0.040390849527385503 0.087310498237609876 -0.064202065115625206 0.038872132131031585 -0.002861916029463168 -0.054542954095772339 0.019450807137922809 0.020244244879909924 -0.089209194135665887 -0.019345369614936686
leaf_weight=20 20 36 115 20 126 20 20 22 27 59 42 1420 103 7568 268 20435 27 20 22 35 113 28 22 21 25 27
leaf_count=20 20 36 115 20 126 20 20 22 27 59 42 1420 103 7568 268 20435 27 20 22 35 113 28 22 21 25 27
internal_value=-1.30766e-11 0.023134 -0.000148071 2.3318e-05 0.0224058 0.00869662 -0.0223867 -0.00386164 0.0161147 -0.000143003 -0.0075189 -0.00335726 -0.051575 0.000294396 0.0221954 3.86509e-05 -0.0120446 0.0111265 -0.0225394 0.000525182 -0.00452409 -0.0131248 0.0517649 0.0499371 -0.0655939 -0.0405529
internal_weight=30661 195 30466 30233 223 175 233 139 90 30010 1680 1535 145 28330 327 28003 188 203 42 161 168 141 42 48 45 49
internal_count=30661 195 30466 30233 223 175 233 139 90 30010 1680 1535 145 28330 327 28003 188 203 42 161 168 141 42 48 45 49
is_linear=0
shrinkage=0.04


Tree=178
num_leaves=28
num_cat=0
split_feature=26 34 18 29 28 15 7 6 21 18 27 28 24 0 16 28 21 4 0 12 17 0 20 38 30 37 30
split_gain=62.6609 140.302 91.4022 359.261 78.6431 119.378 113.613 109.086 219.183 217.216 71.8644 92.2055 59.6617 59.1084 83.183 134.897 236.691 95.5985 186.809 95.5059 80.4966 61.6286 56.7827 54.264 38.1178 36.6618 29.2009
threshold=22.500140006167154 5.3000000000000016 7.737544311833334 13.220157592444302 7.8727370307457676 42.035888118500004 -0.9159756150367534 0.37940952255126054 56.245624837250006 26.052002970666667 14.117914256762713 13.299243967875434 21.270742007083335 1.5000000000000002 19.40918611641667 9.6468239701135001 11.219252002333333 4.5000000000000009 10.500000000000002 11.241972367649302 20.830679125833335 1.0000000180025095e-35 36.882325361916671 12.366666666666669 -2.2967078190724659 155.25092900000007 -0.46373382550000025
decision_type=2 2 2 2 2 2 2 2 2 2 2 2 2 2 2 2 2 2 2 2 2 2 2 2 2 2 2
left_child=10 -2 3 -3 5 6 -4 8 -6 -9 13 12 -12 20 15 19 -17 18 -16 -15 25 24 -19 -23 -22 26 -1
right_child=1 2 4 -5 7 -7 -8 9 -10 -11 11 -13 -14 14 17 16 -18 22 -20 -21 21 23 -24 -25 -26 -27 -28
leaf_value=-0.035328839317626932 -0.080245828653740539 -0.027536367466955473 0.016626421181324728 0.18731155782938003 -0.0027782897218727102 -0.086807154365207834 0.0025781776522726591 0.019124409489683889 -0.065496209204196937 -8.5917703352279967e-05 -0.027328149837752187 0.0077559456565918826 -0.11327401158000741 -0.015726003824812519 -0.12132611071521586 0.14289959973759123 0.017084301042060056 -0.0044564442341104094 -0.016013605780139262 0.0031624202777038798 -0.065208245317141214 -0.021954154137794567 -0.063891365711505596 0.032309063526136536 -0.010676359447604375 -0.07469765648759645 -0.001622555834325877
leaf_weight=163 34 33 1063 20 9492 23 6900 1150 90 5201 24 39 28 510 33 27 210 2379 147 2674 24 41 26 105 141 29 55
leaf_count=163 34 33 1063 20 9492 23 6900 1150 90 5201 24 39 28 510 33 27 210 2379 147 2674 24 41 26 105 141 29 55
internal_value=-1.78121e-11 0.000952093 0.00106726 0.0535383 0.000950992 0.00419068 0.00445351 -0.000672816 -0.00336737 0.00339257 -0.0034344 -0.038737 -0.0736067 -0.00294499 -0.00178801 0.00230402 0.0314177 -0.00720341 -0.0353209 0.00013695 -0.015398 -0.00185863 -0.00509898 0.0170708 -0.0186083 -0.0324456 -0.026825
internal_weight=30661 24006 23972 53 23919 7986 7963 15933 9582 6351 6655 91 52 6564 6006 3421 237 2585 180 3184 558 311 2405 146 165 247 218
internal_count=30661 24006 23972 53 23919 7986 7963 15933 9582 6351 6655 91 52 6564 6006 3421 237 2585 180 3184 558 311 2405 146 165 247 218
is_linear=0
shrinkage=0.04


Tree=179
num_leaves=31
num_cat=0
split_feature=34 17 13 29 18 43 27 16 12 25 40 28 12 17 27 43 25 35 42 17 18 16 12 25 18 14 35 34 42 35
split_gain=61.8991 120.509 154.975 143.532 123.683 76.0405 71.5551 70.9116 113.985 98.4649 225.709 162.704 136.858 133.328 285.365 229.022 87.8547 131.786 135.282 111.55 160.298 481.468 150.747 110.729 443.649 109.617 86.2447 68.8111 256.203 97.467
threshold=35.350000000000009 12.74171675191667 19.11705696633334 11.915807807893822 29.08691072591667 768.50705102021925 4.881576192737902 33.18237646475 14.698724552166668 28.288191956298615 16.250000000000004 13.42845912196662 26.051508548499999 15.847630843000001 8.6564069538930557 768.50705102021925 20.538073902107641 41.350000000000001 786.37033051562742 31.224278410028877 13.16974408766667 21.392277824000001 15.846313060484045 35.112513835586817 24.272672005000004 59.666266569166673 86.40000000000002 28.850000000000005 786.37033051562742 38.500000000000007
decision_type=2 2 2 2 2 2 2 2 2 2 2 2 2 2 2 2 2 2 2 2 2 2 2 2 2 2 2 2 2 2
left_child=7 4 3 -3 -2 -4 -7 16 -9 10 11 -10 -12 14 -11 -15 17 27 26 23 21 -21 -22 25 -25 -18 -19 29 -29 -1
right_child=1 2 5 -5 -6 6 -8 8 9 13 12 -13 -14 15 -16 -17 19 18 -20 20 22 -23 -24 24 -26 -27 -28 28 -30 -31
leaf_value=-0.0024452797149870664 -0.0057726048576889691 0.141276752003308 0.0036770996584133187 0.0090350529924035066 -0.1005825026200286 0.072237795310524794 0.018226268520927989 -0.091031440918644277 -0.0011069372456003869 0.034927080244427623 -0.0047424376101440026 -0.041273030613577275 -0.099830113248647878 -0.0020468280287757436 -0.021889414966386248 -0.050892058732749539 0.0030829652834703449 -0.011716479765207557 0.071929190841037785 0.10259738430203427 -0.027030295640065167 -0.037334500265282559 -0.0017475742529666648 0.09858192196979966 0.0085206294753822874 0.07610498199860255 0.044121585882372333 0.0026082571742324094 0.10819643828065859 0.015288486500784498
leaf_weight=3419 103 29 612 24 28 52 160 24 872 421 36 198 74 4511 213 159 10060 2684 32 84 412 74 4484 97 895 33 45 201 45 580
leaf_count=3419 103 29 612 24 28 52 160 24 872 421 36 198 74 4511 213 159 10060 2684 32 84 412 74 4484 97 895 33 45 201 45 580
internal_value=9.05521e-12 0.00974795 0.0150933 0.0813937 -0.0260373 0.0108288 0.0314744 -0.000331364 -0.0040202 -0.00369813 -0.0141487 -0.00853954 -0.0687105 -0.00137316 0.0158389 -0.00370987 0.000705876 -0.00303452 -0.00983695 0.00232959 -0.00259541 0.0370597 -0.00387512 0.00457506 0.017327 0.00332172 -0.0107957 0.00138987 0.0219232 0.000126759
internal_weight=30661 1008 877 53 131 824 212 29653 6508 6484 1180 1070 110 5304 634 4670 23145 7006 2761 16139 5054 158 4896 11085 992 10093 2729 4245 246 3999
internal_count=30661 1008 877 53 131 824 212 29653 6508 6484 1180 1070 110 5304 634 4670 23145 7006 2761 16139 5054 158 4896 11085 992 10093 2729 4245 246 3999
is_linear=0
shrinkage=0.04


Tree=180
num_leaves=31
num_cat=0
split_feature=33 27 28 1 33 30 13 30 38 0 16 35 13 22 40 40 1 14 2 23 2 28 15 17 15 31 28 27 43 40
split_gain=60.4096 71.3252 67.613 167.322 120.477 79.6264 67.1541 60.9633 359.252 282.206 274.4 251.902 537.253 404.936 493.531 466.29 394.423 331.778 239.877 164.298 131.001 127.668 103.856 103.82 87.6683 82.219 80.2615 75.5313 183.424 182.197
threshold=0.44830189007764393 5.1366500041736156 15.438193080891692 4.5000000000000009 0.38517093345905734 4.0034515787500009 19.270496582583334 6.5892215266666643 26.058333333333334 2.5000000000000004 20.748023860583334 85.850000000000009 16.920669425583338 17.205564941361139 9.6500000000000021 8.7500000000000018 5.5000000000000009 16.100936633500002 239.50000000000003 17.900134479569445 192.50000000000003 14.11248347204663 21.774483113416668 23.850012296416669 16.576447322833335 12.209604394083334 5.7322743680040098 9.0994967718062458 716.13456551114166 17.150000000000006
decision_type=2 2 2 2 2 2 2 2 2 2 2 2 2 2 2 2 2 2 2 2 2 2 2 2 2 2 2 2 2 2
left_child=1 2 5 -4 -5 -1 -3 11 10 20 18 27 16 15 -15 -14 17 -13 19 -9 23 -20 -12 -10 -11 -24 -26 -2 29 -29
right_child=7 6 3 4 -6 -7 -8 8 9 24 22 12 13 14 -16 -17 -18 -19 21 -21 -22 -23 25 -25 26 -27 -28 28 -30 -31
leaf_value=-0.0015068875790572476 0.0010450693892136279 -0.0080213827978480954 -0.11565849934854816 -0.039026573999060524 0.078963920742273333 -0.075467059686779983 -0.10477301528677345 0.066569079506683032 -0.18048545877138775 -0.0399886897703415 0.021641280253241267 0.040548853911930999 0.010823045422633489 0.001167555321007967 0.165172898506417 -0.15399663997146318 -0.015524918589679922 0.1497455389300982 -0.050642728793859615 0.00023613119799106616 -0.038821697772526351 0.0004694374719587695 0.049162469957883544 -0.084118952734290431 -0.071672272293463998 0.14020180966172899 0.0071694080817875606 -0.0021854247664831652 -0.019491792811203473 0.04242637199499915
leaf_weight=788 23601 22 31 45 20 24 24 73 27 154 306 79 57 215 34 53 61 102 228 329 61 119 65 53 23 21 203 2663 1025 155
leaf_count=788 23601 22 31 45 20 24 24 73 27 154 306 79 57 215 34 53 61 102 228 329 61 119 65 53 23 21 203 2663 1025 155
internal_value=2.88206e-12 -0.00990775 -0.007446 -0.0391909 -0.00272181 -0.0036929 -0.0585005 0.000318174 -0.00712532 -0.0346466 0.00544135 0.00075929 0.0263767 -0.00467411 0.0235619 -0.0685901 0.0724396 0.102085 -0.0087496 0.0122817 -0.0829754 -0.0331143 0.0325562 -0.116643 -0.016714 0.071393 -0.000854303 0.000198291 -0.00500203 0.000268382
internal_weight=30661 954 908 96 65 812 46 29707 1662 521 1141 28045 601 359 249 110 242 181 749 402 141 347 392 80 380 86 226 27444 3843 2818
internal_count=30661 954 908 96 65 812 46 29707 1662 521 1141 28045 601 359 249 110 242 181 749 402 141 347 392 80 380 86 226 27444 3843 2818
is_linear=0
shrinkage=0.04


Tree=181
num_leaves=31
num_cat=0
split_feature=7 35 29 2 2 29 24 12 30 18 25 24 20 18 18 17 17 12 13 30 6 35 13 20 22 40 15 25 22 31
split_gain=59.174 132.12 217.303 344.414 292.725 190.566 144.892 115.713 99.6634 83.5687 73.4316 288.259 242.878 141.05 249.653 165.491 124.121 110.38 152.956 89.7691 467.698 200.205 585.255 546.813 317.775 165.408 176.522 163.881 257.514 129.277
threshold=0.98296291314453421 75.250000000000014 15.845590908335227 222.50000000000003 254.50000000000003 14.114506698995692 19.619696993090283 16.268755725250003 -5.2141865522500002 14.224177527166669 37.417015610618058 23.804923935118058 16.013394234250004 16.839159916500005 17.574731947250005 41.112218850765757 13.807449219083336 16.760486421250004 16.67303116441667 6.1530865599166722 0.60355339059327384 86.40000000000002 16.920669425583338 18.31255718566667 17.205564941361139 6.3500000000000005 20.976559928583338 20.325277851489588 15.072286907194457 17.460885315250003
decision_type=2 2 2 2 2 2 2 2 2 2 2 2 2 2 2 2 2 2 2 2 2 2 2 2 2 2 2 2 2 2
left_child=10 9 3 8 6 -6 -5 -4 -3 -2 19 12 -12 15 -15 -13 -16 18 -14 21 25 -1 23 -23 -24 26 -21 29 -29 -22
right_child=1 2 7 4 5 -7 -8 -9 -10 -11 11 13 17 14 16 -17 -18 -19 -20 20 27 22 24 -25 -26 -27 -28 28 -30 -31
leaf_value=-6.0815455454708527e-05 -0.040909533568722484 -0.034359198187203968 -0.12417753106071835 0.24204824992588589 0.10587681846320629 -0.066647251546382902 0.095157118927348738 -0.021069155681659197 0.016941457527427012 -0.010988293249415231 0.17772843484525327 -0.12803321626451281 -0.0046473478227853776 0.14686745750904084 0.095434455101688714 -0.0084723851059452966 0.0039966136190379663 -0.037975781397386034 0.15179117584228516 -0.035592756137038738 -0.079401764045920115 0.15344197295783532 -0.12036505435678092 0.010362176136809521 0.015724511173081726 -0.076096355614534927 0.089468289196491246 0.14794949541489283 0.0063459319304577343 -0.0060249779117063128
leaf_weight=25048 202 85 21 21 20 21 22 102 211 573 27 27 20 20 24 59 2305 22 20 186 62 84 44 87 73 178 20 21 955 101
leaf_count=25048 202 85 21 21 20 21 22 102 211 573 27 27 20 20 24 59 2305 22 20 186 62 84 44 87 73 178 20 21 955 101
internal_value=1.18222e-11 -0.00842588 0.00753827 0.0224961 0.0939811 0.0175108 0.166895 -0.038673 0.00220985 -0.0187871 0.00036648 0.00688957 0.0775964 0.00430522 0.00614728 -0.0460089 0.00493887 0.0339905 0.0735719 -0.00024651 -0.00967838 0.000320459 0.0334808 0.080647 -0.0354545 -0.0478543 -0.0234509 0.00319216 0.00939273 -0.0339352
internal_weight=30661 1278 503 380 84 41 43 123 296 775 29383 2524 89 2435 2349 86 2329 62 40 26859 1523 25336 288 171 117 384 206 1139 976 163
internal_count=30661 1278 503 380 84 41 43 123 296 775 29383 2524 89 2435 2349 86 2329 62 40 26859 1523 25336 288 171 117 384 206 1139 976 163
is_linear=0
shrinkage=0.04


Tree=182
num_leaves=31
num_cat=0
split_feature=38 34 31 32 31 26 30 35 13 31 26 12 18 14 31 2 30 18 30 12 27 16 37 37 42 12 20 29 29 0
split_gain=59.1897 136.191 157.45 112.951 117.03 102.111 87.3185 86.2871 98.6684 178.695 108.6 102.194 86.8591 78.7575 71.9491 111.869 71.3507 64.0357 60.6435 70.5121 58.0135 56.6294 56.2731 87.6578 99.981 99.5331 55.8298 41.0357 45.8921 40.9836
threshold=33.591666666666676 35.150000000000013 -1.1861534465833301 4.260895300583333 5.3439380375833325 32.136927820532257 5.8014905714166689 62.250000000000007 24.851543538333335 3.2113708735000004 33.441898917100552 20.677581128333337 34.968778153250007 39.633104923750004 4.2555255366666644 198.50000000000003 -7.4043781490833327 42.053099332583336 -15.67356818033333 43.791210530916672 7.1796354164404725 40.615808512166673 57.171691500000016 65.469746000000029 786.37033051562742 36.501839981821526 38.250241064583342 16.781292879403534 14.812162501158317 16.500000000000004
decision_type=2 2 2 2 2 2 2 2 2 2 2 2 2 2 2 2 2 2 2 2 2 2 2 2 2 2 2 2 2 2
left_child=1 18 5 4 16 17 7 8 9 10 -2 -10 -13 14 20 -16 -4 26 19 -1 -9 -8 29 25 -25 -24 -3 28 -21 -20
right_child=6 2 3 -5 -6 -7 21 13 11 -11 -12 12 -14 -15 15 -17 -18 -19 22 27 -22 -23 23 24 -26 -27 -28 -29 -30 -31
leaf_value=-0.06956656469404697 0.018015568486739013 -0.025953017592430117 -0.039425223678350448 0.068422637901135855 -0.097730273796866329 -0.13649829427046437 -0.092071892774623368 0.0010233134042880148 -0.067419379826249751 0.13576557026555142 0.10954784699461677 0.0042457443600727937 0.039925140938758853 0.0709184901822697 -0.0096302935553760054 -0.12502136123180388 0.06742097847908736 0.014450377494096755 0.035537834497522715 -0.019332933435334435 -0.048700488254427909 -0.0066596433230572275 -0.0063561936486801482 -0.00019573037590066018 0.013165475811560681 -0.042486955486518097 -0.12046634848415852 -0.048880641830818992 0.029056384511148701 0.0028154802067025054
leaf_weight=40 362 20 20 28 24 28 23 611 29 24 22 862 125 22 41 20 20 20 121 79 40 27 1474 25286 929 133 20 35 52 124
leaf_count=40 362 20 20 28 24 28 23 611 29 24 22 862 125 22 41 20 20 20 121 79 40 27 1474 25286 929 133 20 35 52 124
internal_value=8.32525e-12 -0.000489582 -0.0351728 0.00141546 -0.0279002 -0.0734242 0.00630891 0.00751971 0.0132622 0.0298776 0.0232596 0.00658987 0.00876441 -0.00362103 -0.00592422 -0.0474634 0.0139979 -0.0439897 -0.000268771 -0.0218925 -0.00203191 -0.0459493 -0.000110062 -0.000278136 0.00027776 -0.00934648 -0.0732097 -0.0104048 -0.00012496 0.0189763
internal_weight=30661 28453 180 92 64 88 2208 2158 1424 408 384 1016 987 734 712 61 40 60 28273 206 651 50 28067 27822 26215 1607 40 166 131 245
internal_count=30661 28453 180 92 64 88 2208 2158 1424 408 384 1016 987 734 712 61 40 60 28273 206 651 50 28067 27822 26215 1607 40 166 131 245
is_linear=0
shrinkage=0.04


Tree=183
num_leaves=31
num_cat=0
split_feature=32 38 26 28 1 23 2 30 43 26 24 25 15 19 30 2 28 33 28 22 27 23 13 12 29 40 40 0 33 20
split_gain=58.1101 62.2736 57.2426 126.555 151.491 332.029 167.107 104.096 96.1886 92.7912 108.575 100.146 88.8138 96.7069 85.2966 450.016 274.142 190.49 224.509 159.337 138.174 130.515 117.067 409.473 402.08 256.966 935.71 501.613 86.5547 60.615
threshold=-26.50971637113194 29.266666666666669 32.237204782806536 10.300794732010468 4.5000000000000009 19.189990108902776 238.50000000000003 4.3787227498333339 716.13456551114166 32.41874641761558 18.844346675013892 39.68747733046181 55.653911214166676 17.574143460750005 7.653832255083338 122.50000000000001 14.06191534097449 1.0997631777257606 9.8901493700343241 28.013422580305591 6.4793137207920184 17.388642109458335 17.259179093750003 15.846313060484045 12.058512063637073 6.3500000000000005 6.2500000000000009 3.5000000000000004 0.53921552822368501 45.31052744958334
decision_type=2 2 2 2 2 2 2 2 2 2 2 2 2 2 2 2 2 2 2 2 2 2 2 2 2 2 2 2 2 2
left_child=1 -1 14 4 5 -4 -7 8 -6 12 -11 -12 13 -5 22 17 19 18 -16 -17 -19 -18 25 24 -24 26 -2 -27 -25 -14
right_child=2 -3 3 9 7 6 -8 -9 -10 10 11 -13 29 -15 15 16 21 20 -20 -21 -22 -23 23 28 -26 27 -28 -29 -30 -31
leaf_value=-0.011186565675659059 0.0030098787114264136 -0.074307125762656884 0.19589202022552493 0.088043347687150039 0.0033903330160395769 0.0092487530585952174 0.073527547545157945 -0.073824923944473264 0.037843891689432904 0.076174688359144427 -0.0048030773532231211 0.0101319483273591 0.025099924671649933 0.0031792550094243955 -0.088478988436491865 -0.063647361443227593 0.093242621278762816 0.12336044238163876 0.019242842745281267 -0.012346228169989299 0.035836867211420126 -0.0044972733849252778 -0.0093054697115760327 -0.02279356738282598 -0.095080810778149186 0.073232582901653492 -0.18665894548098247 0.0052872250212738815 -0.00049288195262342852 0.11153694270937532
leaf_weight=339 4562 27 20 24 820 224 91 25 154 29 3240 923 25 205 38 325 25 39 167 138 111 174 218 283 146 247 42 587 17386 27
leaf_count=339 4562 27 20 24 820 224 91 25 154 29 3240 923 25 205 38 325 25 39 167 138 111 174 218 283 146 247 42 587 17386 27
internal_value=2.12537e-11 -0.015843 0.000191403 0.00376195 0.0145749 0.0378524 0.0278182 0.00676918 0.00883782 0.000537149 -0.000954465 -0.00149176 0.0227893 0.0120733 -0.000655305 -0.0119964 -0.0314813 0.0243389 -0.000725106 -0.0483567 0.058593 0.00778161 -0.000163895 -0.0017152 -0.0437099 0.0049804 0.00127962 0.0254101 -0.000850067 0.0699807
internal_weight=30661 366 30295 5807 1334 335 315 999 974 4473 4192 4163 281 229 24488 1017 662 355 205 463 150 199 23471 18033 364 5438 4604 834 17669 52
internal_count=30661 366 30295 5807 1334 335 315 999 974 4473 4192 4163 281 229 24488 1017 662 355 205 463 150 199 23471 18033 364 5438 4604 834 17669 52
is_linear=0
shrinkage=0.04


Tree=184
num_leaves=30
num_cat=0
split_feature=40 22 20 32 37 37 18 27 27 21 4 15 30 18 29 5 18 16 27 12 18 0 13 14 12 30 19 27 22
split_gain=57.5915 195.414 62.0161 60.9401 62.338 79.1212 87.401 144.402 81.7727 137.786 76.222 72.1746 55.5664 66.5637 51.6937 92.3454 57.9498 52.3271 83.7954 66.4772 47.2281 44.1077 26.9393 18.1233 14.7329 12.9994 7.71005 8.3026 4.78399
threshold=18.100000000000001 24.425325147666733 22.426494262333339 -14.41053780916666 57.171691500000016 65.469746000000029 39.640827262500011 1.8569121895138938 7.4101440622371202 26.314775374500005 6.5000000000000009 54.012135563416678 -0.13027397458333209 26.424088932666667 17.338432919624939 1.0000000180025095e-35 58.638192382500002 21.049008862250002 3.0411241224198746 14.801877441333335 23.330865307500002 16.500000000000004 41.102814550666672 16.196890128250004 25.922615421833338 0.54404267616666691 18.327393338833335 1.6304051272726465 22.006148418416721
decision_type=2 2 2 2 2 2 2 2 2 2 2 2 2 2 2 2 2 2 2 2 2 2 2 2 2 2 2 2 2
left_child=3 -2 -3 14 21 6 11 -8 10 -10 -7 -6 13 20 16 -16 17 18 -1 -19 -4 23 -15 -5 -14 -25 27 -23 -28
right_child=1 2 12 4 5 8 7 -9 9 -11 -12 -13 24 22 15 -17 -18 19 -20 -21 -22 26 -24 25 -26 -27 28 -29 -30
leaf_value=-0.013279711424954016 0.14011592853069307 0.054921695200933353 0.02238672861456871 0.068763911152879401 -0.0077513063037134913 0.0080677771605313815 -0.10877609420981672 0.00039766811189197361 -0.014699175553720283 -0.00022060586817771182 0.00080066085253722411 0.058254051263685581 -0.062559805516661571 0.02152699279031367 -0.098565879552452662 0.013274009029070537 0.060224338607862596 -0.091118818705990215 0.012958288976352674 -0.01743580314721067 -0.06254274395379153 0.0090456411140886223 0.082309684917330747 0.038163773005139338 -0.018462761237665461 0.0036786022652750428 0.019176653398478287 -0.02434229814948944 -0.0024805422380566595
leaf_weight=505 20 36 20 24 1449 2628 36 42 1380 4420 19041 27 22 28 27 21 20 21 317 292 22 22 20 73 27 23 47 26 25
leaf_count=505 20 36 20 24 1449 2628 36 42 1380 4420 19041 27 22 28 27 21 20 21 317 292 22 22 20 73 27 23 47 26 25
internal_value=6.7538e-12 0.0216689 0.00813208 -0.000138693 0.000224031 5.61465e-05 -0.0087246 -0.0499902 0.000552898 -0.00366551 0.00168201 -0.00654389 -0.00398609 0.0146749 -0.00896198 -0.0496359 -0.00727164 -0.00846099 -0.00316116 -0.0223794 -0.0221001 0.0205262 0.0468531 0.0376741 -0.0382614 0.0299017 0.00337828 -0.00903949 0.0116568
internal_weight=30661 195 175 30466 29263 29023 1554 78 27469 5800 21669 1476 139 90 1203 48 1155 1135 822 313 42 240 48 120 49 96 120 48 72
internal_count=30661 195 175 30466 29263 29023 1554 78 27469 5800 21669 1476 139 90 1203 48 1155 1135 822 313 42 240 48 120 49 96 120 48 72
is_linear=0
shrinkage=0.04


Tree=185
num_leaves=31
num_cat=0
split_feature=0 35 29 2 2 29 24 12 30 21 0 1 30 13 26 12 38 38 2 0 35 0 38 34 38 14 38 34 7 8
split_gain=58.0443 119.752 200.494 313.202 264.749 175.77 132.598 107.023 91.3046 83.0221 77.1089 325.276 246.292 362.524 618.692 442.274 241.302 430.488 418.764 110.644 94.0047 107.651 111.85 107.161 296.218 211.986 152.13 110.108 130.14 85.0224
threshold=1.0000000180025095e-35 75.250000000000014 15.845590908335227 222.50000000000003 254.50000000000003 14.114506698995692 19.619696993090283 16.268755725250003 -5.2141865522500002 12.169542611000002 5.5000000000000009 5.5000000000000009 2.1677736575000002 17.996380244750004 22.76340814815163 15.846313060484045 25.025000000000002 24.883333333333336 114.50000000000001 2.5000000000000004 64.300000000000026 22.500000000000004 25.333333333333339 28.500000000000004 27.183333333333341 62.611773307833339 28.100000000000005 25.300000000000004 -0.98296291314453399 -0.8783796973249266
decision_type=2 2 2 2 2 2 2 2 2 2 2 2 2 2 2 2 2 2 2 2 2 2 2 2 2 2 2 2 2 2
left_child=1 9 3 8 6 -6 -5 -4 -3 -1 11 12 13 14 -2 -15 17 -14 -18 -13 23 22 -22 27 25 -25 -26 28 -12 -29
right_child=10 2 7 4 5 -7 -8 -9 -10 -11 20 19 16 15 -16 -17 18 -19 -20 -21 21 -23 -24 24 26 -27 -28 29 -30 -31
leaf_value=-0.06300036182169054 0.0053911352861422323 -0.033125979916576079 -0.1197657975696382 0.23062664327167329 0.10153218009695411 -0.064159176009041932 0.090105381337079127 -0.020604628837649144 0.015976282142293616 -0.014382737032258466 -0.018375826718446415 -0.034861557585864122 0.0034209477627694476 -0.061072932266748994 0.068682811319149301 0.012890503200247625 -0.13530453201797274 0.072723742168567154 -0.01016642918857885 -0.0064687659202113017 -0.025360416008873444 -0.023545624550121526 -0.0014513463492174152 0.054633137638315614 -0.024639387086430323 -0.057386067052682239 0.0045370991472239927 -0.033066695049389513 0.00089484295618469573 -0.0073655632363608557
leaf_weight=61 506 85 21 21 20 21 22 102 211 714 591 366 2288 149 483 981 45 153 870 549 347 504 3201 273 303 30 5077 239 10939 1489
leaf_count=61 506 85 21 21 20 21 22 102 211 714 591 366 2288 149 483 981 45 153 870 549 347 504 3201 273 303 30 5077 239 10939 1489
internal_value=-1.26645e-11 -0.00834506 0.0068535 0.0212212 0.0893902 0.0166659 0.158732 -0.0375346 0.00187597 -0.0182094 0.000362964 0.00424994 0.00793932 0.0186161 0.036301 0.0031378 0.00119796 0.00776479 -0.0163208 -0.0178259 -0.000717267 -0.00624699 -0.00378969 0.000465693 0.00506113 0.0435421 0.00289389 -0.00150413 -9.29251e-05 -0.0109203
internal_weight=30661 1278 503 380 84 41 43 123 296 775 29383 6390 5475 2119 989 1130 3356 2441 915 915 22993 4052 3548 18941 5683 303 5380 13258 11530 1728
internal_count=30661 1278 503 380 84 41 43 123 296 775 29383 6390 5475 2119 989 1130 3356 2441 915 915 22993 4052 3548 18941 5683 303 5380 13258 11530 1728
is_linear=0
shrinkage=0.04


Tree=186
num_leaves=31
num_cat=0
split_feature=32 22 1 29 30 30 13 12 40 26 27 30 40 0 6 36 0 29 0 2 31 17 18 31 36 20 26 21 27 17
split_gain=56.2977 67.2402 217.301 236.71 129.641 139.43 83.1289 323.902 275.842 293.871 208.543 165.674 289.332 481.651 194.143 136.205 132.53 103.156 82.3576 78.6028 73.6578 111.458 60.3108 59.6923 74.5029 57.6958 50.6005 137.61 51.982 51.2229
threshold=-5.4576022624166614 11.711783301472229 1.0000000180025095e-35 9.5509740511715453 4.1962110634166665 -2.7151522215833324 16.100936633500002 14.801877441333335 8.7500000000000018 29.370118267417688 1.7674989848543319 6.1530865599166722 6.3500000000000005 3.5000000000000004 0.60355339059327384 2.5500000000000012 1.0000000180025095e-35 7.5394567384984503 10.500000000000002 297.50000000000006 14.035588828750004 26.804403458916671 63.889422705500003 20.394728139666672 1.0000000180025095e-35 8.9011728072500009 23.212712315035496 18.042855676166671 9.937971090664373 28.021739249750002
decision_type=2 2 2 2 2 2 2 2 2 2 2 2 2 2 2 2 2 2 2 2 2 2 2 2 2 2 2 2 2 2
left_child=22 2 3 -2 5 19 11 8 10 -10 -8 12 16 -14 15 -13 -3 -16 -7 -4 25 -22 23 26 -25 -9 28 -28 -1 -29
right_child=1 6 4 -5 -6 18 7 20 9 -11 -12 14 13 -15 17 -17 -18 -19 -20 -21 21 -23 -24 24 -26 -27 27 29 -30 -31
leaf_value=-0.0097766477436802921 -0.015544872298127128 -0.022081313607088912 -0.13178092632604682 0.17673561155796053 -0.087362509339283675 -0.011646896101198696 0.088786389379203329 -0.031676819064132465 -0.0056872076079958964 -0.19948532089110343 -0.030987445898075214 0.0045539278223894648 0.10801851542919874 0.012229909247726028 -0.033545526187252074 -0.063570072561451779 0.0092796871483690185 0.010662422300195262 0.041909203767776494 -0.027205392271280288 0.0050505162038381535 0.037419931585900484 -0.054866830122314005 -0.078153284667311487 -0.012757127208354991 0.00024273248663193221 0.10176274323747272 0.0020776964390503343 -0.069479896202683453 -0.011640576224015877
leaf_weight=840 21 240 23 20 39 566 25 91 21 31 334 69 125 256 103 147 2121 469 50 23 1293 196 38 37 113 20860 21 1900 24 565
leaf_count=840 21 240 23 20 39 566 25 91 21 31 334 69 125 256 103 147 2121 469 50 23 1293 196 38 37 113 20860 21 1900 24 565
internal_value=6.1584e-12 0.000619045 -0.0112564 0.0782505 -0.0164914 -0.0123163 0.000953057 7.05356e-05 -0.0351183 -0.121221 -0.0226466 0.00666594 0.0113114 0.0436566 -0.00949885 -0.0418082 0.00609178 0.0027019 -0.00729981 -0.0794932 0.000715037 0.00931137 -0.00474572 -0.00420155 -0.0288882 0.000104091 -0.00309618 -0.000198023 -0.0114351 -0.00106665
internal_weight=30661 27123 742 41 701 662 26381 22851 411 52 359 3530 2742 381 788 216 2361 572 616 46 22440 1489 3538 3500 150 20951 3350 2486 864 2465
internal_count=30661 27123 742 41 701 662 26381 22851 411 52 359 3530 2742 381 788 216 2361 572 616 46 22440 1489 3538 3500 150 20951 3350 2486 864 2465
is_linear=0
shrinkage=0.04


Tree=187
num_leaves=31
num_cat=0
split_feature=33 30 7 30 32 12 19 32 15 14 10 26 34 38 27 28 7 35 16 30 26 0 31 30 28 7 31 17 20 31
split_gain=55.1942 99.5252 92.0838 236.897 188.713 137.502 203.643 89.1722 70.7316 74.9924 99.3129 69.8927 129.898 105.03 76.2918 88.0521 67.229 66.8679 175.187 64.2621 62.309 61.0882 57.1238 72.8408 47.9272 47.2689 36.8349 36.0621 33.6952 55.6918
threshold=0.55784343443692286 -5.2141865522500002 0.78656609248549303 0.43768530633333308 -2.3102278972499986 12.212221988750004 15.649381636333336 -9.2800196127499976 10.503400270583336 10.06621396075 0.68301270189221941 22.500140006167154 5.3000000000000016 16.150000000000002 14.911496253100227 13.299243967875434 -0.98296291314453399 85.850000000000009 18.964207832500001 2.0201633666666656 31.036211810407526 10.500000000000002 -6.0894857584166644 6.5892215266666643 15.86875309380846 -0.60355339059327384 14.035588828750004 19.273269767166667 40.655455851333336 0.18319000821078471
decision_type=2 2 2 2 2 2 2 2 2 2 2 2 2 2 2 2 2 2 2 2 2 2 2 2 2 2 2 2 2 2
left_child=1 27 16 5 -5 7 -7 -4 19 10 22 14 -13 -14 24 -16 -3 25 -19 21 -6 -2 -10 -24 -11 -18 28 -1 -21 -30
right_child=8 2 3 4 20 6 -8 -9 9 11 -12 12 13 -15 15 -17 17 18 -20 26 -22 -23 23 -25 -26 -27 -28 -29 29 -31
leaf_value=-0.096136729453618716 -0.011528691945590338 0.041124689698219301 0.010435002227624257 -0.18221063837409021 0.0071398230961390906 0.14403550134463744 -0.03232143279910088 -0.09185319423079491 0.076956247448921197 -0.0026836926441812987 0.090374184493576329 -0.076584828872891045 0.0087523326078776508 0.00059360536476367411 -0.10528378492593765 0.0073195149637758725 -0.016413599494739559 0.13002105871836345 -0.017767536062182804 -0.024441607587999018 -0.09151141817867757 0.027904578264219215 0.021221875522315987 -0.038747120032256305 -0.051025160523978146 -0.00050983662700847439 0.0017808329854525774 -0.024693217992782596 -0.035165086574852469 -0.11326489845911661
leaf_weight=26 259 55 30 24 21 22 20 25 20 5830 31 34 2904 19323 25 20 443 21 33 132 20 83 123 44 33 920 51 20 48 21
leaf_count=26 259 55 30 24 21 22 20 25 20 5830 31 34 2904 19323 25 20 443 21 33 132 20 83 123 44 33 920 51 20 48 21
internal_value=2.01107e-11 -0.00704881 -0.00541529 -0.0340387 -0.0931284 0.00555745 0.060056 -0.0360596 0.000408612 0.000694466 0.0240649 0.000513602 0.00154005 0.00165956 -0.00335401 -0.0552379 -0.00226515 -0.0039493 0.0397058 -0.0132522 -0.0409827 -0.00195863 0.0130724 0.00542166 -0.00295578 -0.00567885 -0.0285792 -0.0650743 -0.0362825 -0.0589346
internal_weight=30661 1680 1634 162 65 97 42 55 28981 28387 218 28169 22261 22227 5908 45 1472 1417 54 594 41 342 187 167 5863 1363 252 46 201 69
internal_count=30661 1680 1634 162 65 97 42 55 28981 28387 218 28169 22261 22227 5908 45 1472 1417 54 594 41 342 187 167 5863 1363 252 46 201 69
is_linear=0
shrinkage=0.04


Tree=188
num_leaves=31
num_cat=0
split_feature=17 22 6 26 15 29 12 34 13 7 11 28 30 35 6 35 22 28 27 38 15 14 22 17 43 27 12 33 20 30
split_gain=54.7031 171.203 155.454 205.834 110.627 116.131 105.546 97.6838 149.959 97.2323 458.066 217.432 141.964 102.345 176.686 115.951 101.26 95.2169 94.6951 81.5393 73.8797 88.526 76.0192 73.0996 63.9926 67.1222 66.121 60.4397 120.715 53.6253
threshold=13.525336108416669 52.129272591222254 -1.0000000180025095e-35 31.262128612751006 16.67303116441667 12.789027523447077 31.485298331750002 35.350000000000009 18.157234049166668 -0.98296291314453399 0.6830127018922193 14.316810989989042 -4.0999703914999968 27.600000000000005 0.78656609248549325 64.300000000000026 16.4635970880278 11.830293574958578 5.1366500041736156 23.083333333333339 10.883099809083339 10.06621396075 31.835826627638919 15.651550480166668 768.50705102021925 4.881576192737902 40.615808512166673 1.1155485077561542 21.845650260750002 5.8014905714166689
decision_type=2 2 2 2 2 2 2 2 2 2 2 2 2 2 2 2 2 2 2 2 2 2 2 2 2 2 2 2 2 2
left_child=1 2 6 4 19 -6 17 9 -9 10 11 16 13 14 -11 -15 -2 29 -13 -4 22 -22 -14 -12 27 -26 -27 -10 -29 -1
right_child=7 -3 3 -5 5 -7 -8 8 24 12 23 18 20 15 -16 -17 -18 -19 -20 -21 21 -23 -24 -25 25 26 -28 28 -30 -31
leaf_value=-0.00042518767957158942 0.13227259164506738 0.11056367182731629 -0.010712506866006001 -0.12086533385164598 -0.054829477077113331 -0.0059130088152254331 0.037210093811154366 0.094795539276940496 -0.0025352980631595922 0.00024519264390185537 -0.056712286176901029 -0.068436288177967083 -0.0051490537890409608 -0.023544641120042519 0.10819468688081813 0.00098633480551911317 0.044139696638475154 -0.044337647805611294 0.0092855312509669205 0.048472283399105073 0.023778553005237627 0.00053109137255438581 -0.035058379894728924 -0.014145422127292057 0.068271692988445182 0.0034675846889791057 0.068626776529896655 0.10006530885552538 0.0073745228938758376 -0.064790257101967216
leaf_weight=1502 22 20 146 34 181 136 108 35 494 239 93 30 649 979 27 450 402 87 153 50 265 23815 172 211 53 127 31 29 100 21
leaf_count=1502 22 20 146 34 181 136 108 35 494 239 93 30 649 979 27 450 402 87 153 50 265 23815 172 211 53 127 31 29 100 21
internal_value=1.95614e-12 -0.00595395 -0.0069828 -0.0255542 -0.0192373 -0.0338432 -0.0010698 0.000479447 0.0136835 6.23045e-05 0.012912 0.0329848 -0.000377839 -0.0115791 0.0112025 -0.0158197 0.0487126 -0.00363764 -0.00345575 0.00438565 0.000384622 0.000786929 -0.0114151 -0.0271675 0.0102795 0.0293185 0.016252 0.00383131 0.028212 -0.00131269
internal_weight=30661 2285 2265 547 513 317 1718 28376 869 27507 911 607 26596 1695 266 1429 424 1610 183 196 24901 24080 821 304 834 211 158 623 129 1523
internal_count=30661 2285 2265 547 513 317 1718 28376 869 27507 911 607 26596 1695 266 1429 424 1610 183 196 24901 24080 821 304 834 211 158 623 129 1523
is_linear=0
shrinkage=0.04


Tree=189
num_leaves=31
num_cat=0
split_feature=0 31 22 2 2 26 0 1 30 13 26 28 38 2 38 0 27 38 26 14 21 43 12 30 42 1 24 42 30 33
split_gain=53.0295 101.936 78.4532 88.6433 117.059 85.4727 75.1824 298.37 232.22 332.836 576.966 275.842 202.775 433.84 372.821 95.1865 91.2402 151.12 177.063 128.617 121.499 108.052 94.4095 151.807 217.683 115.174 72.3952 114.478 67.6753 77.3747
threshold=1.0000000180025095e-35 -7.4649906531666614 13.776118175799555 241.50000000000003 168.50000000000003 27.436222398751095 5.5000000000000009 5.5000000000000009 1.6363866945000007 17.996380244750004 23.469724559904765 18.335238552152791 25.533333333333335 114.50000000000001 24.883333333333336 2.5000000000000004 9.0994967718062458 34.425000000000004 26.784855805671583 31.476388130419295 20.964010733666669 716.13456551114166 19.039098172833338 1.135044482916663 732.78049202940292 5.5000000000000009 49.616510703916681 732.78049202940292 0.20206057575000272 1.1696644841719701
decision_type=2 2 2 2 2 2 2 2 2 2 2 2 2 2 2 2 2 2 2 2 2 2 2 2 2 2 2 2 2 2
left_child=1 -1 3 4 -3 -5 7 8 9 10 -2 -11 14 -14 -10 -9 22 20 19 -19 -18 -22 23 24 -8 -25 -24 -28 29 -4
right_child=6 2 28 5 -6 -7 16 15 12 11 -12 -13 13 -15 -16 -17 17 18 -20 -21 21 -23 26 25 -26 -27 27 -29 -30 -31
leaf_value=0.08161873328685762 0.0091105136277199496 -0.048334982585317147 -0.0071328992557663775 -0.041520459138534291 0.047083173533384176 -0.13808282303810121 -0.0044656309792014343 -0.032758991678520186 0.00377542125935137 -0.0011439227313241194 0.075933927851703373 0.093453332134164291 -0.13098684902458141 -0.007673694181491825 0.066771842349087826 -0.0064240986482920516 -0.035566163542842484 0.021963477193377913 0.0072414816246243584 0.16211805416101757 -0.0014358342103441243 -0.019290287406425955 0.0014356071341509022 -0.043727327073246586 0.030490753248042703 -0.0080375017652293719 0.053763884549791162 0.0020770599291107241 -0.066990531768117631 0.032857533186408029
leaf_weight=20 482 48 987 55 36 20 3983 366 2482 957 362 52 48 932 160 549 273 20 277 22 1617 816 14798 257 307 331 110 182 28 84
leaf_count=20 482 48 987 55 36 20 3983 366 2482 957 362 52 48 932 160 549 273 20 277 22 1617 816 14798 257 307 331 110 182 28 84
internal_value=2.77915e-12 -0.00797642 -0.00940083 -0.0356627 -0.00744149 -0.0672704 0.000346931 0.00418504 0.00771854 0.0192359 0.0377717 0.00373126 0.00182629 -0.0137135 0.0075905 -0.0169581 -0.000719721 -0.00719353 0.0188456 0.0953778 -0.0102632 -0.00742401 0.000261012 -0.00457652 -0.00196409 -0.0236366 0.0018248 0.0215481 -0.00560134 -0.00399639
internal_weight=30661 1278 1258 159 84 75 29383 6390 5475 1853 844 1009 3622 980 2642 915 22993 3025 319 42 2706 2433 19968 4878 4290 588 15090 292 1099 1071
internal_count=30661 1278 1258 159 84 75 29383 6390 5475 1853 844 1009 3622 980 2642 915 22993 3025 319 42 2706 2433 19968 4878 4290 588 15090 292 1099 1071
is_linear=0
shrinkage=0.04


Tree=190
num_leaves=31
num_cat=0
split_feature=33 25 37 37 12 27 7 37 0 27 27 0 25 14 24 22 12 34 30 7 0 24 30 13 30 10 14 30 30 30
split_gain=54.628 87.9205 56.7425 74.23 86.0313 330.17 288.145 77.4223 96.2136 68.954 61.1192 122.401 70.2853 56.5246 58.5299 96.8237 53.2769 44.5656 55.437 43.959 39.7669 38.2748 33.2713 30.6296 24.7608 23.826 16.2231 15.3192 12.5639 11.971
threshold=0.38517093345905734 30.230619231673614 57.171691500000016 65.469746000000029 36.501839981821526 2.4726920480539074 -0.70710678118654757 66.677417500000004 16.500000000000004 5.7972563379386308 7.4101440622371202 2.5000000000000004 20.841255127715279 22.257168790833337 16.257864059875001 14.377424000194468 16.196890128250004 14.15 -2.9216806067500012 -0.98296291314453399 16.500000000000004 19.013705188361111 1.2652249554999966 16.268755725250003 -1.4107220545833348 -0.5 16.196890128250004 0.86624360324999838 -0.13027397458333209 0.54404267616666691
decision_type=2 2 2 2 2 2 2 2 2 2 2 2 2 2 2 2 2 2 2 2 2 2 2 2 2 2 2 2 2 2
left_child=1 13 20 4 17 6 -6 8 24 -7 12 -12 -9 14 22 -16 21 19 -19 -4 26 -3 23 -1 -5 -24 -2 -10 -17 -28
right_child=2 16 3 7 5 9 -8 10 27 -11 11 -13 -14 -15 15 28 -18 18 -20 -21 -22 -23 25 -25 -26 -27 29 -29 -30 -31
leaf_value=-0.002645533622113558 0.06530554426213106 -0.038873275102116168 -0.023044535810748737 0.033268693936864532 -0.22802010094238953 -0.032136272766316927 -0.037432390729586283 -0.0023952455653122049 0.0051290646193511025 0.040775897419270207 -0.039892519728188781 -0.0023148583991813784 0.0027122784658125945 -0.072234157145023348 0.092054889237880716 0.019901721429440283 -0.009044188559055328 -0.080544664576649674 -0.012535064954384603 0.0028683450707015176 0.0033261647078519068 -0.11311321799755097 -0.065392005044434751 -0.046983740324223484 0.069830238913014833 -0.0097657498378645301 0.036465519350404811 -0.029408263377845287 -0.01384377368339678 0.0033725676343411854
leaf_weight=325 24 20 120 75 22 36 30 5897 98 49 142 5949 16027 20 25 31 27 20 466 824 120 25 28 27 49 22 73 26 41 23
leaf_count=325 24 20 120 75 22 36 30 5897 98 49 142 5949 16027 20 25 31 27 20 466 824 120 25 28 27 49 22 73 26 41 23
internal_value=-6.07442e-12 -0.0120434 0.000236702 8.08447e-05 -0.00839334 -0.0386737 -0.118066 0.000550683 0.0228019 0.00989545 0.000353707 -0.00319091 0.00133848 -0.00629698 -0.00365421 0.0242343 -0.0534651 -0.00549235 -0.0153338 -0.000425665 0.0196084 -0.0801177 -0.0103835 -0.00604648 0.0477164 -0.0409165 0.0358907 -0.00211263 0.000685537 0.028537
internal_weight=30661 591 30070 29830 1567 137 52 28263 248 85 28015 6091 21924 519 499 97 72 1430 486 944 240 45 402 352 124 50 120 124 72 96
internal_count=30661 591 30070 29830 1567 137 52 28263 248 85 28015 6091 21924 519 499 97 72 1430 486 944 240 45 402 352 124 50 120 124 72 96
is_linear=0
shrinkage=0.04


Tree=191
num_leaves=31
num_cat=0
split_feature=32 30 30 23 0 17 35 32 21 25 6 32 17 30 25 23 28 19 7 31 20 17 43 30 23 30 21 32 24 28
split_gain=51.5191 92.2857 104.323 91.929 206.586 225.836 87.0754 80.346 74.1063 73.4545 86.2172 68.982 67.0774 150.723 137.67 287.329 218.215 170.249 128.506 121.164 94.9574 67.4491 137.384 136.417 61.5844 52.328 49.6583 48.2586 25.4335 24.7025
threshold=-1.3466319736666674 24.399011852666671 1.1781577103333325 53.551454762013897 10.500000000000002 20.905477400666665 88.750000000000014 -33.355107848499991 62.611773307833339 39.68747733046181 0.60355339059327384 -7.517242573487902 35.359210229750005 1.8047110355000042 37.417015610618058 20.532414951882298 15.86875309380846 16.919487707833337 0.91597561503675351 14.035588828750004 11.578169857000001 22.434935677083338 768.50705102021925 7.653832255083338 27.729413438569441 -1.788422856416666 12.169542611000002 1.428566100333333 48.855947724784727 18.850046651193939
decision_type=2 2 2 2 2 2 2 2 2 2 2 2 2 2 2 2 2 2 2 2 2 2 2 2 2 2 2 2 2 2
left_child=1 2 3 6 11 -6 26 -4 12 10 -9 -5 14 19 21 17 -17 -16 24 20 -14 23 -23 -2 -15 -21 -1 29 -29 -10
right_child=8 -3 7 4 5 -7 -8 9 27 -11 -12 -13 13 18 15 16 -18 -19 -20 25 -22 22 -24 -25 -26 -27 -28 28 -30 -31
leaf_value=-0.023257239955848642 0.00010297641556775313 0.070198622218200141 -0.077596889867314264 0.076047943711280819 -0.033743157239809432 -0.17303902026414872 0.078040657616827797 -0.022291482586360326 0.021894116899371149 0.048075322236333574 -0.0048953070414817527 -0.004767537559254454 0.048963033823590532 -0.041982246041795568 0.19290900023087212 0.060680437046916239 0.0030538750403216039 0.035382187025887628 -0.11434799004484106 0.099840878645579015 -0.0030029475300455168 0.0052346897457147615 -0.070095224572488901 -0.02724583368921122 -0.0030462205272832124 0.027727799372396611 0.00053475837557193377 0.038489706105723671 0.092016901254653935 -0.030705155178904535
leaf_weight=143 8656 28 28 20 73 25 23 664 50 35 1454 109 57 131 23 126 635 21 27 21 4342 5733 39 302 129 69 7609 49 20 20
leaf_count=143 8656 28 28 20 73 25 23 664 50 35 1454 109 57 131 23 126 635 21 27 21 4342 5733 39 302 129 69 7609 49 20 20
internal_value=3.09054e-12 -0.0023204 -0.00251981 -0.000406124 -0.0254975 -0.0692778 0.000326447 -0.0102748 0.00115861 -0.0093993 -0.0103491 0.00776199 0.000959416 -0.00318636 0.00223397 0.0183415 0.0125952 0.117726 -0.0312893 -0.00138963 -0.0023296 0.00135369 0.0047257 -0.000819031 -0.022664 0.0445542 9.58709e-05 0.0302657 0.0540048 0.00686575
internal_weight=30661 10211 10183 8002 227 98 7775 2181 20450 2153 2118 129 20311 4776 15535 805 761 44 287 4489 4399 14730 5772 8958 260 90 7752 139 69 70
internal_count=30661 10211 10183 8002 227 98 7775 2181 20450 2153 2118 129 20311 4776 15535 805 761 44 287 4489 4399 14730 5772 8958 260 90 7752 139 69 70
is_linear=0
shrinkage=0.04


Tree=192
num_leaves=31
num_cat=0
split_feature=0 35 29 2 26 2 12 30 21 0 1 30 13 26 12 0 40 27 35 0 38 34 38 14 38 34 27 31 8 24
split_gain=50.7507 103.877 177.848 286.07 230.157 222.693 92.7858 85.0008 75.04 72.0709 276.987 205.083 311.218 519.226 389.362 214.305 185.64 151.811 89.4442 99.1412 101.998 95.5425 261.094 191.387 132.921 102.294 114.394 88.2964 76.5937 67.563
threshold=1.0000000180025095e-35 75.250000000000014 15.845590908335227 222.50000000000003 27.436222398751095 249.50000000000003 16.268755725250003 -5.2141865522500002 11.575417195333335 5.5000000000000009 5.5000000000000009 2.1677736575000002 17.996380244750004 22.76340814815163 15.846313060484045 1.5000000000000002 7.4000000000000012 2.9035449354161167 64.300000000000026 22.500000000000004 25.333333333333339 28.500000000000004 27.183333333333341 62.611773307833339 28.100000000000005 25.300000000000004 11.012748025337205 -2.4758874997499984 -0.8783796973249266 42.92694215007544
decision_type=2 2 2 2 2 2 2 2 2 2 2 2 2 2 2 2 2 2 2 2 2 2 2 2 2 2 2 2 2 2
left_child=1 8 3 7 -5 -6 -4 -3 -1 10 11 12 13 -2 -14 17 -17 -13 21 20 -20 25 23 -23 -24 26 -11 -12 -27 -22
right_child=9 2 6 4 5 -7 -8 -9 -10 18 27 15 14 -15 -16 16 -18 -19 19 -21 29 22 24 -25 -26 28 -28 -29 -30 -31
leaf_value=-0.071805208576352975 0.005313855377780531 -0.032376221420133813 -0.11202038742247082 0.18123642435780279 0.11715220040288465 -0.040999162793159488 -0.01969022002500281 0.015000674981376711 -0.014164167694049903 0.00090383149458556056 -0.0063124140063752178 0.017909073911864182 -0.05734423178554382 0.063295092915125015 0.012053995832808459 0.0080947134338240495 -0.015041330542250526 -0.092148389871303846 -0.024339483063936407 -0.022699671840354787 -0.0026244700895059155 0.051454148068478256 -0.02298298947629903 -0.054983679185311003 0.0042894061162381024 -0.031506929098858369 -0.016679289131202164 -0.031773272681169668 -0.0071129853274583153 0.028732669737451432
leaf_weight=38 506 85 21 27 29 28 102 211 737 10904 557 29 149 483 981 2553 709 65 347 504 3087 273 303 30 5077 239 626 358 1489 114
leaf_count=38 506 85 21 27 29 28 102 211 737 10904 557 29 149 483 981 2553 709 65 347 504 3087 273 303 30 5077 239 626 358 1489 114
internal_value=-2.05842e-11 -0.00780316 0.00635219 0.0198842 0.0850336 0.0394638 -0.0354539 0.00139582 -0.0169904 0.000339395 0.00409724 0.00750178 0.0172445 0.0336303 0.00290326 0.00135018 0.00306606 -0.0581945 -0.000704952 -0.00609888 -0.0037407 0.000448957 0.00478813 0.0409157 0.00275343 -0.00141102 -5.08115e-05 -0.0162741 -0.0104869 -0.00150772
internal_weight=30661 1278 503 380 84 57 123 296 775 29383 6390 5475 2119 989 1130 3356 3262 94 22993 4052 3548 18941 5683 303 5380 13258 11530 915 1728 3201
internal_count=30661 1278 503 380 84 57 123 296 775 29383 6390 5475 2119 989 1130 3356 3262 94 22993 4052 3548 18941 5683 303 5380 13258 11530 915 1728 3201
is_linear=0
shrinkage=0.04


Tree=193
num_leaves=31
num_cat=0
split_feature=32 35 13 26 28 1 23 28 26 7 37 13 30 35 35 20 1 27 22 35 25 17 22 30 37 38 43 23 22 29
split_gain=51.6985 70.3847 76.554 54.3616 126.516 157.566 361.34 124.016 102.563 96.7547 307.207 98.0137 93.8291 88.5824 327.59 465.792 352.838 126.565 353.006 112.291 95.4835 213.17 210.994 152.94 118.575 104.757 82.8739 67.2009 77.4756 64.794
threshold=-26.50971637113194 77.250000000000014 12.961645096916669 32.297427769320912 10.300794732010468 4.5000000000000009 19.768950787999998 2.6682052198369002 32.41874641761558 -0.9159756150367534 165.96743050000001 65.558564078166683 4.3787227498333339 40.650000000000006 39.750000000000007 18.411760921000003 4.5000000000000009 10.270900400842761 55.318189615722268 34.300000000000004 34.902888381930559 31.495473160583334 17.595683106833345 -5.2141865522500002 212.23726500000001 33.591666666666676 716.13456551114166 53.551454762013897 21.412755135333388 14.114506698995692
decision_type=2 2 2 2 2 2 2 2 2 2 2 2 2 2 2 2 2 2 2 2 2 2 2 2 2 2 2 2 2 2
left_child=1 -1 -3 13 5 6 -5 -8 27 10 -10 -11 26 14 17 16 -16 19 -19 -2 23 22 -22 25 -25 -15 -7 28 -6 -23
right_child=3 2 -4 4 8 12 7 -9 9 11 -12 -13 -14 20 15 -17 -18 18 -20 -21 21 29 -24 24 -26 -27 -28 -29 -30 -31
leaf_value=-0.0082928236894076694 -8.6407394387161859e-05 -0.0023735438585281371 -0.10646647645876957 0.16853209137916567 0.090136451415717606 0.0035024201209027175 -0.0087045390856536949 0.044715839082365309 -0.044571619382394213 0.00053432509595885381 0.017934261702134139 0.050471272962167857 -0.069944715648889544 -0.032230836867031133 0.15603489910279003 -0.067161291174350254 -0.02761109832335602 -0.009518175513628744 -0.17562955646287826 0.0093286102667325364 0.13361986729833816 0.0050095845582342939 0.019373292073607443 -0.0036644538132536352 0.021987181754933822 0.012142774817693863 0.036276842980734907 0.074323891743835885 0.005737819372495608 -0.016390793787853405
leaf_weight=320 7313 20 26 31 20 799 110 189 287 3617 224 64 25 469 70 31 22 810 21 2804 27 442 615 11120 296 104 146 41 134 464
leaf_count=320 7313 20 26 31 20 799 110 189 287 3617 224 64 25 469 70 31 22 810 21 2804 27 442 615 11120 296 104 146 41 134 464
internal_value=-2.8853e-11 -0.0149435 -0.0612087 0.000180535 0.00370519 0.014665 0.0385403 0.0250629 0.000457468 -0.000861633 -0.0171718 0.00140256 0.00654251 -0.000634027 0.00201974 0.0669349 0.11212 0.00129043 -0.0137159 0.00252303 -0.00280437 0.00654472 0.0241781 -0.00401151 -0.00299934 -0.024177 0.00856598 0.0288148 0.0166987 -0.00595043
internal_weight=30661 366 46 30295 5687 1300 330 299 4387 4192 511 3681 970 24608 11071 123 92 10948 831 10117 13537 1548 642 11989 11416 573 945 195 154 906
internal_count=30661 366 46 30295 5687 1300 330 299 4387 4192 511 3681 970 24608 11071 123 92 10948 831 10117 13537 1548 642 11989 11416 573 945 195 154 906
is_linear=0
shrinkage=0.04


Tree=194
num_leaves=31
num_cat=0
split_feature=38 38 40 23 22 16 0 2 4 12 30 30 38 35 25 27 16 18 18 27 2 20 12 27 16 14 19 19 1 27
split_gain=49.1207 73.48 288.145 189.642 178.149 149.941 129.579 158.664 111.716 110.639 89.9178 99.3434 282.068 205.426 93.082 100.567 65.8671 63.4014 59.8503 59.2594 71.5775 152.025 76.7029 46.358 44.6803 43.1171 39.4475 26.3834 19.4195 21.7465
threshold=9.1000000000000014 16.150000000000002 1.0000000180025095e-35 53.551454762013897 55.318189615722268 33.511457511500005 22.500000000000004 82.500000000000014 20.500000000000004 48.953036100166678 24.399011852666671 7.0547153234999973 28.758333333333336 76.250000000000014 39.171825156309033 10.641922898504982 24.063450032750001 15.295271455666667 36.50220638015486 7.8954203069102062 362.50000000000006 12.196427913250002 18.505840938500004 11.012748025337205 22.515855867083335 19.570099617083336 13.960840380750001 14.798726696666668 3.5000000000000004 5.2367966182133818
decision_type=2 2 2 2 2 2 2 2 2 2 2 2 2 2 2 2 2 2 2 2 2 2 2 2 2 2 2 2 2 2
left_child=19 2 3 4 5 -2 10 -8 16 18 11 13 -13 -3 15 -12 -9 -10 24 20 22 -22 25 -21 -4 26 -1 -23 29 -24
right_child=1 6 9 -5 -6 -7 7 8 17 -11 14 12 -14 -15 -16 -17 -18 -19 -20 23 21 27 28 -25 -26 -27 -28 -29 -30 -31
leaf_value=-0.026442693085987529 0.0042264008080141477 -0.00093756151306184827 0.076065331750056323 0.096697931771769247 -0.086751878865891044 -0.027053644971267596 0.019827059958866255 -0.079076443837060556 -0.037549867737043191 -0.017657032927705183 -0.012002507920066517 -0.0063349774882407207 -0.085567982729234091 0.011422066894583081 -0.034196834149567978 0.08535603521712895 -0.029296833395173673 -0.0069966710576184962 0.11634475265741349 -0.074367233293282015 0.12233901727057639 -0.038526504915207628 0.018501497476067091 -0.0068220602566825932 0.035163755819849346 -0.070451680421829227 -0.0067313825744752739 0.014751011463331765 -0.0085619478681446797 -0.0072041245756877797
leaf_weight=274 4599 19662 68 34 36 259 167 77 146 36 24 1083 77 2416 23 58 95 425 25 37 21 20 196 29 115 23 399 58 107 72
leaf_count=274 4599 19662 68 34 36 259 167 77 146 36 24 1083 77 2416 23 58 95 425 25 37 21 20 196 29 115 23 399 58 107 72
internal_value=5.90402e-12 0.000328133 0.00465666 0.0025558 0.00190177 0.00255873 -0.000594933 -0.0154031 -0.0233216 0.047087 -1.7653e-05 -0.000184531 -0.0115944 0.000414955 0.0369149 0.0568609 -0.0515819 -0.0148089 0.0582928 -0.00781175 -0.00573153 0.0268096 -0.00873953 -0.0446883 0.0503622 -0.016597 -0.0147565 0.00109011 0.00584391 0.0115955
internal_weight=30661 29425 5172 4928 4894 4858 24253 910 743 244 23343 23238 1160 22078 105 82 172 571 208 1236 1170 99 1071 66 183 696 673 78 375 268
internal_count=30661 29425 5172 4928 4894 4858 24253 910 743 244 23343 23238 1160 22078 105 82 172 571 208 1236 1170 99 1071 66 183 696 673 78 375 268
is_linear=0
shrinkage=0.04


Tree=195
num_leaves=30
num_cat=0
split_feature=33 30 7 21 20 14 25 13 14 0 29 35 2 22 32 0 9 31 28 35 15 34 19 7 35 8 29 17 27
split_gain=53.9864 89.4533 91.4148 253.368 141.761 292.447 98.3534 70.6513 92.3451 60.7047 86.244 156.962 194.362 92.1725 91.3508 82.989 200.723 285.645 280.976 81.5451 89.2676 88.5034 71.6652 57.0192 58.9231 81.817 55.6577 31.8107 17.0623
threshold=0.55784343443692286 -5.2141865522500002 0.78656609248549303 30.25146352754528 14.339659442250001 14.485208708000002 32.585082838715287 7.737544311833334 9.6988647872500007 1.0000000180025095e-35 15.845590908335227 75.250000000000014 218.50000000000003 14.377424000194468 2.4566456659999996 5.5000000000000009 0.81174490092936691 -0.18074518266666481 4.9147650771116949 64.300000000000026 14.698724552166668 28.500000000000004 12.731313911833336 -0.98296291314453399 71.40000000000002 -0.8783796973249266 17.985065946062701 19.273269767166667 1.8217592679522525
decision_type=2 2 2 2 2 2 2 2 2 2 2 2 2 2 2 2 2 2 2 2 2 2 2 2 2 2 2 2 2
left_child=1 27 23 4 5 -4 -6 8 -2 10 11 22 -13 -12 -15 16 18 -18 -11 21 -21 -17 -9 28 26 -26 -25 -1 -3
right_child=7 2 3 -5 6 -7 -8 9 -10 15 13 12 -14 14 -16 19 17 -19 -20 20 -22 -23 -24 24 25 -27 -28 -29 -30
leaf_value=-0.091156426438918484 0.0023466875303435968 0.055866395623394939 -0.06504918858719369 -0.16723488137125969 -0.014487807359546424 0.1252339797307338 -0.10184264482930303 -0.050950398711086829 -0.091245517538439846 -0.015946188008957134 -0.11004502213519553 0.0012624522362803593 0.070044155229540439 -0.0068134606219828128 -0.091892629897594461 -0.00094451959412933286 0.10397324985824526 0.016289268080959332 0.0071444915435417049 -0.0586225495621562 -0.0048241382704918819 0.0051532540594325998 -0.010617108952304078 -0.0061459695562621625 0.04251267550493542 -0.0021254023026342685 -0.048534573101653503 -0.024056172400712967 0.010389369116588072
leaf_weight=26 37 33 24 20 58 28 32 79 31 1088 23 290 85 105 25 12627 64 835 3747 50 3788 5453 654 1057 95 213 52 20 22
leaf_count=26 37 33 24 20 58 28 32 79 31 1088 23 290 85 105 25 12627 64 835 3747 50 3788 5453 654 1057 95 213 52 20 22
internal_value=1.42064e-13 -0.00697126 -0.0054226 -0.0339419 -0.0151682 0.037411 -0.0455473 0.000404117 -0.0403203 0.000499896 -0.00808293 -0.00419567 0.016853 -0.0362338 -0.0231748 0.000891294 0.00517558 0.0225315 0.00194849 -0.000229524 -0.005525 0.000894593 -0.0149641 -0.00228392 -0.00383493 0.0116428 -0.00813353 -0.0619824 0.0376756
internal_weight=30661 1680 1634 162 142 52 90 28981 68 28913 1261 1108 375 153 130 27652 5734 899 4835 21918 3838 18080 733 1472 1417 308 1109 46 55
internal_count=30661 1680 1634 162 142 52 90 28981 68 28913 1261 1108 375 153 130 27652 5734 899 4835 21918 3838 18080 733 1472 1417 308 1109 46 55
is_linear=0
shrinkage=0.04


Tree=196
num_leaves=31
num_cat=0
split_feature=33 25 12 23 35 1 18 28 30 7 0 13 30 0 0 0 1 30 27 20 22 35 26 35 16 35 0 0 31 30
split_gain=49.7539 83.0008 208.79 176.723 81.4763 123.056 137.522 97.7331 75.8749 73.3665 71.4514 65.1122 82.292 55.9454 78.1609 180.111 169.985 126.086 113.66 81.9351 75.4754 84.2766 84.718 73.6454 212.46 48.5552 48.0794 40.2609 38.9144 30.6102
threshold=0.55784343443692286 31.447282145559033 11.241972367649302 16.304297220111113 71.40000000000002 5.5000000000000009 47.971638427750001 12.260839509047601 -4.5088973955833334 -0.98296291314453399 2.5000000000000004 7.737544311833334 7.0547153234999973 1.0000000180025095e-35 8.5000000000000018 7.5000000000000009 4.5000000000000009 -8.7748265215833303 0.36031138597948958 47.108004866500011 13.776118175799555 83.550000000000011 27.436222398751095 75.250000000000014 19.720195483000001 50.250000000000007 7.5000000000000009 10.500000000000002 -0.64413130549999831 -1.4611826658333322
decision_type=2 2 2 2 2 2 2 2 2 2 2 2 2 2 2 2 2 2 2 2 2 2 2 2 2 2 2 2 2 2
left_child=1 4 -3 -4 8 6 7 -6 -1 -10 -5 12 -2 20 15 16 -15 -17 27 -20 21 22 -13 25 -25 -22 -7 -16 -23 -12
right_child=11 2 3 10 5 26 -8 -9 9 -11 29 13 -14 14 18 17 -18 -19 19 -21 23 28 -24 24 -26 -27 -28 -29 -30 -31
leaf_value=-0.061377646196179275 -0.0072487372462120324 -0.14671453134580092 0.095920389529317626 -0.086958695362354149 0.051475487162669503 -0.010501548410734026 0.00068765708353630325 0.16398665755987168 0.039514111273542596 -0.0082521541337837543 -0.057286067994741299 -0.035314476950602101 -0.10025735296632933 0.0049546992054658517 -0.013230329798213368 0.10584595737548975 -0.0088925269979637928 0.016736207820237246 -0.00050389839064200867 -0.012219430361441869 -0.00018407149296440807 0.05162352543501627 -0.12307344154878097 0.10057310238883302 0.00025560304691136539 -0.021730989303096738 0.049048016035556793 0.022201352836292113 -0.021586073361910305 -0.0092661570552094227
leaf_weight=41 45 22 20 29 30 164 43 21 54 1089 26 88 23 6157 58 26 1843 1112 16999 1012 299 21 22 37 388 380 25 445 26 116
leaf_count=41 45 22 20 29 30 164 43 21 54 1089 26 88 23 6157 58 26 1843 1112 16999 1012 299 21 22 37 388 380 25 445 26 116
internal_value=2.32194e-11 -0.00669241 -0.0300255 -0.0165849 -0.00330458 0.015977 0.0533782 0.0978036 -0.00791327 -0.00599548 -0.0297434 0.000387952 -0.0387075 0.0004799 0.000855642 0.00388267 0.00176464 0.0187721 -0.000638414 -0.00116217 -0.00775961 -0.0337098 -0.0528663 -0.00406923 0.00898913 -0.0122427 -0.00262462 0.0181158 0.0111246 -0.0180585
internal_weight=30661 1680 213 191 1467 283 94 51 1184 1143 171 28981 68 28913 27652 9138 8000 1138 18514 18011 1261 157 110 1104 425 679 189 503 47 142
internal_count=30661 1680 213 191 1467 283 94 51 1184 1143 171 28981 68 28913 27652 9138 8000 1138 18514 18011 1261 157 110 1104 425 679 189 503 47 142
is_linear=0
shrinkage=0.04


Tree=197
num_leaves=31
num_cat=0
split_feature=25 12 17 30 30 6 30 21 27 28 34 38 18 14 18 15 28 30 6 35 21 18 14 15 40 22 6 4 29 12
split_gain=47.7222 164.397 65.1312 95.8107 81.1889 76.4264 54.5803 93.5724 105.249 91.2634 257.891 98.6014 90.5587 180.319 144.715 106.342 89.8723 68.8256 271.438 225.537 422.311 383.59 304.342 202.281 187.87 188.439 187.239 174.908 116.672 80.5903
threshold=42.009754001309027 21.929681632583335 39.644781087000005 -8.7748265215833303 -1.0530342326666664 -1.0000000180025095e-35 -1.4107220545833348 20.224357539916671 9.2492452762988275 16.010209688198234 16.050000000000004 30.541666666666668 12.210776774000001 47.494132682500009 13.16974408766667 38.659786328166668 11.565193051298463 6.5892215266666643 0.60355339059327384 85.850000000000009 15.280320524000002 25.694496760916671 20.238855697000002 17.164261885750005 6.3500000000000005 25.296493159833364 0.37940952255126054 16.500000000000004 11.43044801335604 11.241972367649302
decision_type=2 2 2 2 2 2 2 2 2 2 2 2 2 2 2 2 2 2 2 2 2 2 2 2 2 2 2 2 2 2
left_child=6 -2 3 -3 -5 -4 7 8 9 11 -11 -1 13 15 -14 -9 -10 19 24 29 22 -22 -21 27 26 -26 -19 -20 -25 -8
right_child=1 2 5 4 -6 -7 17 12 16 10 -12 -13 14 -15 -16 -17 -18 18 23 20 21 -23 -24 28 25 -27 -28 -29 -30 -31
leaf_value=-0.0021189435193055836 0.12756558763980866 -0.048208986788988113 0.0037348643985095913 0.11957233312726022 0.02741157538071275 -0.076507586246977261 -0.010642578872997608 -0.04054857239925435 -0.12041281908750534 -0.13395677814881007 -0.01495706666771502 -0.028349343666923234 0.097034961336851119 0.034636105790734291 0.00055826148719647869 -0.14433832639997657 -0.028999662630354306 -0.10089694265276195 0.019959968907572883 0.019090952243833316 0.087179974131731758 8.1494765525514428e-05 -0.090021166579047254 -0.01086687964387238 -0.082170832956292836 0.025747114054618346 0.0031040519403601158 -0.028448721263692973 0.028296351883623561 0.0013878249728586419
leaf_weight=2198 20 20 91 20 65 24 934 56 22 33 249 256 25 40 5032 22 79 32 168 105 209 132 67 164 157 31 206 413 472 19319
leaf_count=2198 20 20 91 20 65 24 934 56 22 33 249 256 25 40 5032 22 79 32 168 105 209 132 67 164 157 31 206 413 472 19319
internal_value=2.44981e-11 0.0177668 0.00778505 0.0305621 0.0490965 -0.0130114 -0.000140167 -0.00297372 -0.00881206 -0.00733178 -0.0288826 -0.00485529 0.000226923 -0.0344129 0.00103521 -0.0698226 -0.0489114 0.000872929 -0.00700807 0.00149647 0.0276891 0.0534644 -0.023412 0.00261106 -0.0344881 -0.0643759 -0.0108793 -0.014451 0.0181977 0.000833023
internal_weight=30661 240 220 105 85 115 30421 8012 2837 2736 282 2454 5175 118 5057 78 101 22409 1643 20766 513 341 172 1217 426 188 238 581 636 20253
internal_count=30661 240 220 105 85 115 30421 8012 2837 2736 282 2454 5175 118 5057 78 101 22409 1643 20766 513 341 172 1217 426 188 238 581 636 20253
is_linear=0
shrinkage=0.04


Tree=198
num_leaves=31
num_cat=0
split_feature=32 33 31 16 1 19 30 38 25 30 6 15 35 13 20 21 28 28 27 4 36 38 16 31 31 36 32 21 17 30
split_gain=48.1683 59.5241 109.433 91.566 157.553 133.398 131.529 191.088 79.4739 58.1213 304.886 222.729 119.087 425.403 428.454 222.822 110.873 109.773 97.9543 88.9239 58.6527 171.472 104.122 53.2053 71.599 66.3054 47.5429 44.041 47.1543 103.506
threshold=-5.4576022624166614 1.4722800956682429 5.3439380375833325 54.012135563416678 1.5000000000000002 19.64693254416667 -3.0662363448333347 30.541666666666668 38.826429899326392 7.0547153234999973 0.60355339059327384 17.164261885750005 86.40000000000002 17.164261885750005 18.31255718566667 15.280320524000002 11.830293574958578 9.1852665460189886 4.9589103947678543 18.500000000000004 10.850000000000001 27.183333333333341 33.511457511500005 20.394728139666672 31.402150052750006 2.4000000000000008 2.2000376784166655 15.637969559833335 16.197074731000004 3.6787357829166685
decision_type=2 2 2 2 2 2 2 2 2 2 2 2 2 2 2 2 2 2 2 2 2 2 2 2 2 2 2 2 2 2
left_child=23 9 -3 6 5 -5 7 -4 -8 12 16 19 20 14 -14 -15 26 -13 -18 -12 22 -22 -2 27 25 -25 -11 -1 29 -29
right_child=1 2 3 4 -6 -7 8 -9 -10 10 11 17 13 15 -16 -17 18 -19 -20 -21 21 -23 -24 24 -26 -27 -28 28 -30 -31
leaf_value=0.041938304252484272 8.9331736840800075e-05 0.095735598423264248 -0.0057281404180872832 0.095283447168767452 0.11028976454454309 -0.00053235412378163237 0.0079155411195589061 -0.097802258298752151 -0.07229113095998764 -0.066949515851104965 0.0079300983243718228 -0.030345985020764847 0.12194914705157281 -0.072380752489997049 -0.0014013766551890026 0.01736529051414076 0.031204748805612328 0.030145982875580103 -0.04501151465139417 -0.035024972643541256 0.046821557029452121 0.002366872806268495 -0.0090300841389304234 -0.088517052216662298 0.019742390172261943 -0.022617071917966795 -0.14241463276472957 -0.0091106917417228383 -0.0012582996074849448 -0.075228238161653277
leaf_weight=34 14915 22 155 28 34 137 1691 47 20 34 116 55 100 76 82 106 32 377 172 230 142 6216 2314 36 38 76 22 716 2598 40
leaf_count=34 14915 22 155 28 34 137 1691 47 20 34 116 55 100 76 82 106 32 377 172 230 142 6216 2314 36 38 76 22 716 2598 40
internal_value=-1.96282e-11 0.000572608 0.00698492 0.00606044 0.0318837 0.0157273 0.00337417 -0.0271513 0.006978 2.50116e-05 -0.0092415 0.00329069 0.000426608 0.0231313 0.0663736 -0.0201111 -0.0467417 0.0224445 -0.033056 -0.0206239 7.62246e-05 0.00335973 -0.00113548 -0.00438972 -0.027702 -0.0437992 -0.0965965 -0.0033576 -0.00381677 -0.012609
internal_weight=30661 27123 2134 2112 199 165 1913 202 1711 24989 1038 778 23951 364 182 182 260 432 204 346 23587 6358 17229 3538 150 112 56 3388 3354 756
internal_count=30661 27123 2134 2112 199 165 1913 202 1711 24989 1038 778 23951 364 182 182 260 432 204 346 23587 6358 17229 3538 150 112 56 3388 3354 756
is_linear=0
shrinkage=0.04


Tree=199
num_leaves=31
num_cat=0
split_feature=25 24 1 27 28 18 17 17 21 0 17 20 30 30 12 35 35 19 25 0 31 17 20 30 2 22 28 37 21 18
split_gain=46.0041 225.527 192.515 160.229 129.505 203.221 154.24 131.756 125.566 104.59 96.7998 94.7699 79.8078 65.6863 163.182 120.075 118.724 112.688 108.117 105.85 102.808 102.622 75.1652 74.3517 265.842 235.544 221.842 180.846 556.135 546.457
threshold=37.417015610618058 23.804923935118058 4.5000000000000009 3.4547659462538185 15.943332355826431 16.758390567833334 45.786781168666671 34.978555118666677 15.830350223833337 1.0000000180025095e-35 13.807449219083336 20.162673913416668 -4.3600853311666681 -3.253399251499999 55.653911214166676 53.20000000000001 24.750000000000004 27.850260107250001 23.960198711954863 16.500000000000004 3.096264135749998 11.898896533583335 44.853475862583338 6.5892215266666643 124.50000000000001 25.296493159833364 13.656757047999946 212.23726500000001 15.280320524000002 18.237690107750002
decision_type=2 2 2 2 2 2 2 2 2 2 2 2 2 2 2 2 2 2 2 2 2 2 2 2 2 2 2 2 2 2
left_child=13 2 3 -2 7 6 9 11 -7 -6 -10 -3 -13 14 18 16 -16 -18 -1 21 -21 -20 -17 27 -25 26 -26 -15 -29 -30
right_child=1 4 -4 -5 5 8 -8 -9 10 -11 -12 12 -14 23 15 22 17 -19 19 20 -22 -23 -24 24 25 -27 -28 28 29 -31
leaf_value=-0.018692872928226384 0.16576683199142708 0.1209997808933258 -0.011935566754052135 0.035247807491708687 -0.038038214754002792 0.081184129392908477 -0.0034450558138390381 0.006770110358870947 0.085444832699639456 -0.14850137010216713 -0.00090632916802633318 0.10363951501746974 0.023132611049847172 0.0003611241615933632 0.0013519365729197212 -0.058859495796884105 -0.035552344520886743 -0.14468601632408981 -0.027539309442043303 -0.012385563854055077 -0.079181611299514773 0.0058533278475508535 0.032032738803206263 0.016555126838235474 -0.05548724059055786 0.0013128695815097762 0.00064069206331983028 -0.049154015671590286 0.141913520803918 0.0012370724721866495
leaf_weight=622 34 26 33 27 24 31 48 325 21 32 1905 24 110 23309 23 24 24 41 160 204 45 1848 37 454 370 434 162 87 92 85
leaf_count=622 34 26 33 27 24 31 48 325 21 32 1905 24 110 23309 23 24 24 41 160 204 45 1848 37 454 370 434 162 87 92 85
internal_value=-1.11994e-11 0.00504783 0.0658924 0.107996 0.00280141 -0.00157488 -0.0560608 0.0213984 0.00132064 -0.10116 3.51944e-05 0.0511121 0.0375518 -0.000475582 -0.00603958 -0.0468571 -0.0767533 -0.104391 -0.0039271 0.00014215 -0.0244571 0.00319256 -0.00372814 0.000198518 -0.00869062 -0.0205556 -0.0383957 0.000733985 0.0336545 0.074357
internal_weight=30661 2640 94 61 2546 2061 104 485 1957 56 1926 160 134 28021 3028 149 88 65 2879 2257 249 2008 61 24993 1420 966 532 23573 264 177
internal_count=30661 2640 94 61 2546 2061 104 485 1957 56 1926 160 134 28021 3028 149 88 65 2879 2257 249 2008 61 24993 1420 966 532 23573 264 177
is_linear=0
shrinkage=0.04


Tree=200
num_leaves=31
num_cat=0
split_feature=38 40 30 25 28 37 17 27 31 27 26 0 40 22 25 24 16 27 24 12 34 30 17 0 0 20 26 20 27 29
split_gain=46.4253 135.98 181.281 252.362 156.175 181.779 133.806 127.377 119.162 107.014 79.7811 74.1213 73.7947 143.449 132.376 110.464 181.235 68.716 61.3624 59.3402 55.3114 52.4351 58.2057 51.6184 130.02 182.716 66.1732 61.283 57.3443 119.695
threshold=33.591666666666676 16.250000000000004 -2.9216806067500012 34.805843879704867 9.0514895486907161 174.22612600000005 14.226316544500001 4.3732131882470284 -2.4758874997499984 2.2998925952145868 28.326088799156253 13.500000000000002 15.35 52.129272591222254 33.361311049437511 39.055992652034725 46.65368971358334 4.3732131882470284 30.888509728055563 40.615808512166673 35.150000000000013 -13.674665991583332 22.89911076633334 14.500000000000002 15.500000000000002 19.030319437500001 29.213482185656254 19.110489611999999 5.0406797800700565 13.164897244038094
decision_type=2 2 2 2 2 2 2 2 2 2 2 2 2 2 2 2 2 2 2 2 2 2 2 2 2 2 2 2 2 2
left_child=1 12 3 7 -4 -6 -7 9 -5 -3 -9 18 20 15 -15 16 -14 -10 -2 -20 21 22 -1 27 25 -25 -27 -13 -26 -30
right_child=11 2 4 8 5 6 -8 10 17 -11 -12 23 13 14 -16 -17 -18 -19 19 -21 -22 -23 -24 24 28 26 -28 -29 29 -31
leaf_value=-0.011689994125934687 0.060017821373598228 0.011400776147842406 0.024186075013875961 -0.028564828793917384 -0.16401915698114672 0.028709270656108857 -0.092936585744222019 -0.071330383501269606 0.12495191045602162 -0.095220390983292325 0.013643705107271671 -0.071644454512458586 0.058076925175945933 -0.10839901630347594 0.013022030735497965 0.12712294094264506 -0.076217807292938228 0.039338200616339844 0.0048821262847099983 0.0594440884467883 -0.042311582228541374 -3.6093670435204432e-05 -0.073814783173578757 0.1274079729616642 0.0056743006851138677 0.05831858077916232 0.008583031999323653 -0.0071194711202383042 -0.028685421481641243 0.017001966971096457
leaf_weight=227 62 20 25 21 33 23 39 22 30 61 90 26 82 20 51 24 20 30 175 39 50 27558 27 28 981 55 193 250 256 143
leaf_count=227 62 20 25 21 33 23 39 22 30 61 90 26 82 20 51 24 20 30 175 39 50 27558 27 28 981 55 193 250 256 143
internal_value=-1.51151e-11 -0.00043359 -0.0237693 -0.00581358 -0.0647683 -0.0881773 -0.0478099 -0.0306827 0.0534425 -0.0688942 -0.00304763 0.00558738 -0.000105914 0.0242896 -0.0211811 0.0499119 0.0317446 0.0821451 0.0249775 0.0148257 -0.000278403 -0.000202837 -0.0182938 0.00281736 0.00548658 0.0305488 0.0196131 -0.0131979 0.000474132 -0.0123112
internal_weight=30661 28453 394 274 120 95 62 193 81 81 112 2208 28059 197 71 126 102 60 276 214 27862 27812 254 1932 1656 276 248 276 1380 399
internal_count=30661 28453 394 274 120 95 62 193 81 81 112 2208 28059 197 71 126 102 60 276 214 27862 27812 254 1932 1656 276 248 276 1380 399
is_linear=0
shrinkage=0.04


Tree=201
num_leaves=31
num_cat=0
split_feature=32 35 13 9 30 16 13 25 12 31 13 37 12 22 30 31 16 25 6 2 30 18 6 0 26 14 16 2 2 18
split_gain=45.6161 69.7756 68.0954 46.3596 87.769 114.992 122.016 212.953 133.41 86.9119 134.622 162.849 105.87 93.0359 82.502 77.5948 71.9135 69.671 112.319 69.2699 63.1957 60.1293 58.4082 69.6884 102.582 78.3518 50.4301 69.2769 59.879 37.354
threshold=-26.50971637113194 77.250000000000014 12.961645096916669 -0.22252093395631442 -2.9930514240833292 16.998447269666674 16.841788871833334 29.094692714552085 26.180382006833337 -4.0438227788333299 13.346342045166667 193.55239450000005 12.212221988750004 14.859417613111123 -5.8017321689999983 22.205856779000005 15.002941532500001 35.359068818184035 1.0000000180025095e-35 282.50000000000006 7.0547153234999973 23.430046109833338 0.91597561503675362 17.500000000000004 35.899807895944953 41.102814550666672 15.002941532500001 16.500000000000004 40.500000000000007 17.818584993416668
decision_type=2 2 2 2 2 2 2 2 2 2 2 2 2 2 2 2 2 2 2 2 2 2 2 2 2 2 2 2 2 2
left_child=1 -1 -3 9 5 14 7 -7 -8 10 11 19 -12 -14 29 17 -16 20 -19 -2 -11 -17 23 24 -6 -25 27 -24 -28 -5
right_child=3 2 -4 4 22 6 8 -9 -10 15 12 -13 13 -15 16 21 -18 18 -20 -21 -22 -23 26 25 -26 -27 28 -29 -30 -31
leaf_value=-0.0074150994394440208 -0.011789998241833277 -0.0046118869185447697 -0.10278579412601316 -0.04069781452062584 0.0047298765925847738 0.011543158497033494 -0.022096003184650072 0.15598910117149353 0.0014104702978504702 -0.0011539743657331082 -0.085472986807425821 0.10357411231845617 0.028524511101050781 -0.01143536188929912 0.012995483665192714 0.013073531837914796 -0.043387888304972914 -0.0032546090286134622 0.016534053142365602 0.031332405375454717 -0.019536796259630916 0.078222749583861412 0.042310510088463087 -0.0010933791164351775 0.027791244713429478 0.078269343733787536 -0.023607111558693449 -0.013666740246730286 0.0047762235080296405 -0.11182855902998537
leaf_weight=320 133 20 26 21 8676 89 547 20 1315 7896 30 32 97 2394 61 68 89 906 930 108 311 34 37 4138 320 20 134 805 1057 27
leaf_count=320 133 20 26 21 8676 89 547 20 1315 7896 30 32 97 2394 61 68 89 906 930 108 311 34 37 4138 320 20 134 805 1057 27
internal_value=4.62705e-12 -0.0140369 -0.0601015 0.000169582 0.00152063 -0.0060062 -0.00308707 0.038047 -0.00549503 -0.00164267 -0.00788954 0.0187919 -0.0107789 -0.00987932 -0.0350648 7.77567e-05 -0.0204587 -0.000274792 0.00676906 0.00753456 -0.00185058 0.0347899 0.00259561 0.00357082 0.0055502 -0.000711644 -0.00371428 -0.0112069 0.0015828 -0.0807089
internal_weight=30661 366 46 30295 17356 2169 1971 109 1862 12939 2794 273 2521 2491 198 10145 150 10043 1836 241 8207 102 15187 13154 8996 4158 2033 842 1191 48
internal_count=30661 366 46 30295 17356 2169 1971 109 1862 12939 2794 273 2521 2491 198 10145 150 10043 1836 241 8207 102 15187 13154 8996 4158 2033 842 1191 48
is_linear=0
shrinkage=0.04


Tree=202
num_leaves=31
num_cat=0
split_feature=37 37 12 27 26 27 37 0 24 32 22 4 30 21 32 1 24 34 30 7 0 32 28 24 7 29 1 4 30 26
split_gain=45.1563 68.6834 76.6201 307.078 145.567 80.3071 68.2201 82.6407 65.9694 53.8968 81.0887 207.277 83.9883 68.2627 61.741 58.3682 49.0717 41.7546 52.4394 41.877 33.2393 22.7213 21.8441 32.536 21.1554 14.4089 15.4685 14.2603 13.7663 12.0662
threshold=57.171691500000016 65.469746000000029 36.501839981821526 1.9892952354701878 23.805696527970102 5.7972563379386308 66.677417500000004 16.500000000000004 36.979689574125011 0.5118505778333341 52.521048855222254 14.500000000000002 1.095822717416665 61.43620750358334 1.428566100333333 3.5000000000000004 35.697350958687501 14.15 -2.9930514240833292 -0.98296291314453399 16.500000000000004 2.4566456659999996 14.868567759871667 36.730075911437503 -0.78656609248549325 6.1794916804246069 3.5000000000000004 49.500000000000007 0.86624360324999838 27.183891125749472
decision_type=2 2 2 2 2 2 2 2 2 2 2 2 2 2 2 2 2 2 2 2 2 2 2 2 2 2 2 2 2 2
left_child=20 2 17 4 -4 16 7 22 -7 10 12 -12 -8 15 -15 -11 -5 19 -19 27 25 -20 23 -3 -21 26 -1 -2 29 -9
right_child=1 6 3 5 -6 8 9 28 -10 13 11 -13 -14 14 -16 -17 -18 18 21 24 -22 -23 -24 -25 -26 -27 -28 -29 -30 -31
leaf_value=0.024878513242710724 -0.043249257674088347 0.037740399080266551 -0.20495597004890442 0.0013083150638983801 -0.055851980014280836 0.00012075818818191002 0.00067989911199910073 0.014747511703859677 0.094551945447921754 0.0041460346933803608 -0.12370959207967476 -0.010523210989371028 -0.0066477103171797879 -0.023169289437624127 0.046166563366625307 -0.0014140424068350998 -0.082031581282615673 -0.078421535499393943 -0.0079122869091500583 0.012497238879247259 0.0023552422368929029 -0.029692006562836468 0.0060062071550637487 0.087632227519462855 -0.0015054274483364289 0.005798717588876132 0.057116223736887885 -0.013602683500483119 -0.027765801328306017 -0.015182863564696163
leaf_weight=55 37 75 20 26 22 29 12240 66 20 7165 27 628 3146 26 98 5223 20 20 380 240 124 96 20 29 615 27 42 87 26 32
leaf_count=55 37 75 20 26 22 29 12240 66 20 7165 27 628 3146 26 98 5223 20 20 380 240 124 96 20 29 615 27 42 87 26 32
internal_value=1.16864e-11 -0.000138619 -0.00817347 -0.0367879 -0.126854 0.00303079 0.000311094 0.0211998 0.0386641 0.000129662 -0.00140518 -0.0151889 -0.000818389 0.0020974 0.0316284 0.00180181 -0.0349264 -0.00551572 -0.0149708 -0.00072539 0.0169993 -0.0123048 0.0442902 0.0516525 0.00242515 0.0316433 0.0388371 -0.0224488 -0.00189054 0.00497433
internal_weight=30661 30413 1612 137 42 95 28801 248 49 28553 16041 655 15386 12512 124 12388 46 1475 496 979 248 476 124 104 855 124 97 124 124 98
internal_count=30661 30413 1612 137 42 95 28801 248 49 28553 16041 655 15386 12512 124 12388 46 1475 496 979 248 476 124 104 855 124 97 124 124 98
is_linear=0
shrinkage=0.04


Tree=203
num_leaves=31
num_cat=0
split_feature=33 25 14 24 22 37 37 20 32 38 15 34 0 2 30 12 13 12 24 0 20 30 13 10 16 30 2 13 19 22
split_gain=43.4486 80.8568 48.2088 50.7742 86.4261 47.8347 62.2333 73.6865 106.124 65.9507 256.895 257.074 118.127 143.804 77.3434 46.5926 43.5624 110.084 34.9194 34.5992 32.1914 30.9435 27.7438 20.4569 14.6299 15.1321 14.2423 11.614 6.55908 4.80594
threshold=0.38517093345905734 30.230619231673614 22.257168790833337 16.257864059875001 14.377424000194468 57.171691500000016 65.469746000000029 37.294714933000002 7.027286474333347 16.150000000000002 55.653911214166676 18.100000000000005 22.500000000000004 82.500000000000014 24.399011852666671 16.196890128250004 47.971638427750001 36.501839981821526 19.013705188361111 16.500000000000004 50.968449463000006 1.2652249554999966 16.268755725250003 -0.5 15.388283109000001 0.20206057575000272 353.50000000000006 19.650573018500001 17.7417906825 22.006148418416721
decision_type=2 2 2 2 2 2 2 2 2 2 2 2 2 2 2 2 2 2 2 2 2 2 2 2 2 2 2 2 2 2
left_child=1 2 3 21 -5 19 7 16 20 10 11 -8 14 -14 -11 18 17 -7 -3 24 -9 22 -1 -23 -2 26 -26 -6 -21 -30
right_child=5 15 -4 4 27 6 9 8 -10 12 -12 -13 13 -15 -16 -17 -18 -19 -20 28 -22 23 -24 -25 25 -27 -28 -29 29 -31
leaf_value=-0.0016375189793797641 0.060410787925124172 -0.035993061572313308 -0.066123883485794066 0.087261586129665378 0.01090065249456809 -0.0045494735205701574 0.0020244312807628996 -0.040519770925983467 -0.12362817797064782 4.5709301310589068e-05 0.13819502218909885 0.045223182891013805 0.019023166864491375 -0.022065464456363953 0.03445568782942636 -0.0089226137929492525 0.037984091697467699 -0.067444743507582214 -0.10690418858528138 -0.0099343699832180783 0.013070847068367333 -0.061181505782130573 -0.043835374315579732 -0.0096378728070042347 0.019530924416014128 0.0025215267936388652 0.057089808469017352 -0.024966828584671023 0.016692939000920608 -0.0043694683164358138
leaf_weight=325 25 20 20 25 52 1389 4413 47 20 22582 23 232 167 741 105 27 36 46 25 42 29 28 27 22 35 30 30 20 52 26
leaf_count=325 25 20 20 25 52 1389 4413 47 20 22582 23 232 167 741 105 27 36 46 25 42 29 28 27 22 35 30 30 20 52 26
internal_value=-1.26878e-11 -0.0107406 -0.00522987 -0.00278923 0.0231859 0.000211097 6.79955e-05 -0.00769125 -0.0416452 0.000498195 0.00484235 0.00418204 -0.000361245 -0.0145084 0.000204966 -0.0504636 -0.00547536 -0.00656563 -0.0753881 0.0179974 -0.0200707 -0.00905688 -0.00487429 -0.0385023 0.0331849 0.0260202 0.0368658 0.000937463 0.00280986 0.00967214
internal_weight=30661 591 519 499 97 30070 29830 1567 96 28263 4668 4645 23595 908 22687 72 1471 1435 45 240 76 402 352 50 120 95 65 72 120 78
internal_count=30661 591 519 499 97 30070 29830 1567 96 28263 4668 4645 23595 908 22687 72 1471 1435 45 240 76 402 352 50 120 95 65 72 120 78
is_linear=0
shrinkage=0.04


Tree=204
num_leaves=31
num_cat=0
split_feature=40 22 35 33 17 17 35 0 35 15 29 32 23 12 1 0 24 38 7 7 24 7 36 22 2 30 2 15 29 36
split_gain=43.1039 175.427 59.1468 59.8096 50.3402 105.365 44.8738 157.343 162.345 197.051 197.094 134.666 120.49 270.79 251.906 103.584 93.8372 90.7118 309.886 288.857 205.872 93.9295 100.885 99.585 82.3778 46.4374 42.753 31.4346 29.0364 28.7123
threshold=18.100000000000001 24.853935994472248 56.95000000000001 1.2255867975468144 35.359210229750005 15.002941532500001 50.250000000000007 22.500000000000004 53.20000000000001 51.427190901166675 16.572467485081742 7.5756561604999986 17.900134479569445 14.91632326691667 1.0000000180025095e-35 22.500000000000004 20.150106875340281 26.058333333333334 -0.98296291314453399 -0.9159756150367534 41.462578063684035 -0.98296291314453399 6.0000000000000009 60.489861350083395 258.50000000000006 0.5158092611666697 228.50000000000003 50.563740136750006 14.446902861973859 3.6000000000000001
decision_type=2 2 2 2 2 2 2 2 2 2 2 2 2 2 2 2 2 2 2 2 2 2 2 2 2 2 2 2 2 2
left_child=6 -2 27 4 5 -4 15 8 9 11 -11 -8 14 -14 -10 17 26 21 20 -20 -19 22 -1 -23 25 -18 -9 -3 -28 -17
right_child=1 2 3 -5 -6 -7 7 16 12 10 -12 -13 13 -15 -16 29 24 18 19 -21 -22 23 -24 -25 -26 -27 28 -29 -30 -31
leaf_value=-0.029247613078383125 0.1176802688896656 -0.063423636721757548 -0.00637115703387694 -0.039386225293080009 -0.00022236397942981205 0.10808883117091272 -0.012765253859584854 -0.078102130283008928 0.059304721760472245 -0.1284426200584225 -0.0053406159187618053 0.040057493402372774 -0.047635400085112994 -4.0692809768826513e-05 0.0057128064721145531 0.022263679762806632 -0.018904537560256649 0.059676933433431237 -0.025971273501095106 0.007990631403664003 -0.0021144389635406611 -0.000238052351583674 0.0048474663947792431 0.069344829056750643 0.013628389695524306 -0.081231317773461348 -0.048925276832448114 -0.0039874933127846037 0.0071473719365894792 -0.0020745139985635717
leaf_weight=368 25 24 22 21 37 31 1325 55 153 46 38 82 195 9985 1695 467 438 269 486 2283 127 11880 223 33 138 20 45 35 22 93
leaf_count=368 25 24 22 21 37 31 1325 55 153 46 38 82 195 9985 1695 467 438 269 486 2283 127 11880 223 33 138 20 45 35 22 93
internal_value=1.45439e-12 0.0187463 0.00419718 0.0213986 0.0355818 0.0605771 -0.000119987 -0.00175901 -0.000789921 -0.0132398 -0.0727536 -0.00968674 0.000753376 -0.000952379 0.0101498 0.00131786 -0.0200057 0.000713722 0.00676308 0.00202982 0.03986 -0.000817484 -0.0163826 -4.5302e-05 -0.0134632 -0.0216262 -0.0519673 -0.0281649 -0.0305134 0.0182218
internal_weight=30661 195 170 111 90 53 30466 14237 13519 1491 84 1407 12028 10180 1848 16229 718 15669 3165 2769 396 12504 591 11913 596 458 122 59 67 560
internal_count=30661 195 170 111 90 53 30466 14237 13519 1491 84 1407 12028 10180 1848 16229 718 15669 3165 2769 396 12504 591 11913 596 458 122 59 67 560
is_linear=0
shrinkage=0.04


Tree=205
num_leaves=31
num_cat=0
split_feature=26 37 35 14 16 2 2 8 2 7 18 35 2 7 12 30 30 6 16 16 23 12 0 1 16 12 13 18 30 1
split_gain=43.084 115.735 291.122 280.078 380.645 229.944 175.229 117.486 162.842 108.065 98.9324 85.5258 117.883 107.636 76.3722 180.13 74.4574 147.402 74.4485 71.9855 119.147 224.004 305.073 208.895 317.929 287.979 142.571 126.315 119.373 116.53
threshold=25.538326478308797 166.39982000000003 64.450000000000017 14.698724552166668 16.673444925916673 128.50000000000003 284.50000000000006 1.0000000180025095e-35 282.50000000000006 -0.9159756150367534 22.973701253250002 52.250000000000007 86.500000000000014 0.91597561503675351 9.6988647872500007 1.135044482916663 3.0171580197499961 0.60355339059327384 39.633104923750004 15.930548489833336 17.900134479569445 14.91632326691667 1.5000000000000002 3.5000000000000004 25.923325431583333 13.677909053500002 13.525336108416669 9.6988647872500007 0.099303721583333462 3.5000000000000004
decision_type=2 2 2 2 2 2 2 2 2 2 2 2 2 2 2 2 2 2 2 2 2 2 2 2 2 2 2 2 2 2
left_child=1 2 11 4 6 -3 -4 8 -5 10 -7 16 -13 -14 15 -11 18 -18 -1 -2 23 22 28 24 25 -21 -23 -25 -22 -24
right_child=19 5 3 7 -6 9 -8 -9 -10 14 -12 12 13 -15 -16 -17 17 -19 -20 20 21 26 29 27 -26 -27 -28 -29 -30 -31
leaf_value=0.0012035635087774877 -0.0063138155597182374 -0.13399083765653463 0.12570667794937718 -0.043436959593192395 0.23434951081871988 -0.011947651570662856 -0.0021337428405171352 -0.0784952145576477 0.11062515900248573 -0.027563021438462391 -0.11065604404969649 -0.061978865557987435 -0.0014936656104628764 -0.042749873090982431 -0.01250272917910678 0.10724314736395046 -0.040858647340772922 -0.0030363055016222936 -0.013318674143399122 0.0081655656054334825 -0.035631373666581652 -0.04966984025354302 0.020984330819919707 -0.065988941410692725 -0.06469031138853594 0.079165600619343829 0.0019828702659900515 0.0059648450483265197 -0.15243280656014879 -0.050611293119708856
leaf_weight=9382 1811 26 29 23 24 32 42 25 21 35 33 76 531 125 585 29 211 754 601 159 21 86 88 41 44 215 14693 815 42 62
leaf_count=9382 1811 26 29 23 24 32 42 25 21 35 33 76 531 125 585 29 211 754 601 159 21 86 88 41 44 215 14693 815 42 62
internal_value=5.01391e-12 -0.00179713 -0.000838276 0.0520851 0.0966344 -0.0171439 0.0500828 -0.00925076 0.0300927 -0.012889 -0.0620611 -0.00158138 -0.0148187 -0.00935499 -0.00796418 0.033521 -0.000696313 -0.0113063 0.000329291 0.00125104 0.00209328 0.00109532 -0.0396325 0.013837 0.0370157 0.0489811 0.0016823 0.00251846 -0.113499 -0.00860853
internal_weight=30661 12584 11844 164 95 740 71 69 44 714 65 11680 732 656 649 64 10948 965 9983 18077 16266 14992 213 1274 418 374 14779 856 63 150
internal_count=30661 12584 11844 164 95 740 71 69 44 714 65 11680 732 656 649 64 10948 965 9983 18077 16266 14992 213 1274 418 374 14779 856 63 150
is_linear=0
shrinkage=0.04


Tree=206
num_leaves=31
num_cat=0
split_feature=38 38 15 13 35 0 13 26 29 30 18 27 34 18 37 20 34 38 14 28 25 23 27 2 20 12 30 0 14 20
split_gain=42.2728 68.3315 234.179 283.845 124.777 123.723 89.3227 77.0701 104.441 98.555 86.8377 333.27 342.551 102.179 125.598 98.9021 86.2694 170.075 70.6123 70.5372 67.7472 65.1386 56.2028 88.5274 141.024 77.2883 53.3653 62.2683 40.0485 35.1246
threshold=9.1000000000000014 12.550000000000002 51.427190901166675 56.236897135583341 51.95000000000001 2.5000000000000004 17.820832214833334 24.528180070104344 9.3203357533510864 -1.2293059117385032 11.603083740166669 2.9596813121282426 16.050000000000004 11.894879048833335 165.96743050000001 10.064494355500001 28.850000000000005 27.441666666666674 15.098333479750002 10.413679694511623 25.246233068689264 47.060406616208333 6.2404813102719059 362.50000000000006 12.196427913250002 18.505840938500004 6.5892215266666643 6.5000000000000009 19.570099617083336 11.578169857000001
decision_type=2 2 2 2 2 2 2 2 2 2 2 2 2 2 2 2 2 2 2 2 2 2 2 2 2 2 2 2 2 2
left_child=22 2 3 4 5 -2 -6 8 16 21 11 12 -9 14 -12 -13 20 -18 -11 -15 -3 -10 23 25 -25 28 27 -24 29 -1
right_child=1 7 -4 -5 6 -7 -8 10 9 18 13 15 -14 19 -16 -17 17 -19 -20 -21 -22 -23 26 24 -26 -27 -28 -29 -30 -31
leaf_value=-0.029719540082917707 0.03572338914676082 -0.0039643545498199394 0.12335310169944057 -0.14516569904983043 -0.0048966222687734174 0.0061933010641249267 -0.052064147587208183 0.19934676821415243 -0.022383809697430895 0.0070446446026232188 0.0057731721076098351 -0.046287963088244607 0.039432700378314561 0.0041307531195164541 -0.13098862878978251 0.0071791971256899524 0.074255734648023333 0.0047646705330926346 -0.011051094660039919 -0.0010491090901538439 0.010272949448391844 -0.092537118318406025 0.0043613827733670254 0.12739054973609745 0.0065595496073365209 0.007940686755821949 -0.093118589043617236 -0.061292667296764095 -0.067307831463606457 -0.0084233897151251551
leaf_weight=164 252 3970 27 20 263 2289 85 26 566 477 22 73 122 6376 21 229 70 289 1247 12361 618 22 59 20 68 337 20 38 23 507
leaf_count=164 252 3970 27 20 263 2289 85 26 566 477 22 73 122 6376 21 229 70 289 1247 12361 618 22 59 20 68 337 20 38 23 507
internal_value=-1.81651e-12 0.000304402 0.00609425 0.00500591 0.00604552 0.0091219 -0.0164174 -0.000337335 -0.00384907 -0.0108674 0.000988285 0.0183529 0.0675257 0.000572199 -0.0610175 -0.00574498 -0.000569014 0.0183145 -0.00604433 0.000713542 -0.0020466 -0.0250086 -0.0072468 -0.00448871 0.0340211 -0.00777569 -0.0336254 -0.0213588 -0.0154074 -0.0136284
internal_weight=30661 29425 2936 2909 2889 2541 348 26489 7259 2312 19230 450 148 18780 43 302 4947 359 1724 18737 4588 588 1236 1119 88 1031 117 97 694 671
internal_count=30661 29425 2936 2909 2889 2541 348 26489 7259 2312 19230 450 148 18780 43 302 4947 359 1724 18737 4588 588 1236 1119 88 1031 117 97 694 671
is_linear=0
shrinkage=0.04


Tree=207
num_leaves=31
num_cat=0
split_feature=32 30 30 23 16 29 0 32 27 16 36 1 22 33 0 29 30 16 20 18 42 17 0 32 21 12 17 35 35 12
split_gain=42.0886 77.4556 88.4073 81.5907 211.973 124.289 73.6441 70.529 69.5199 99.0287 66.2207 62.2117 147.135 136.766 324.052 270.746 191.531 98.4673 154.719 128.776 117.974 97.4137 123.575 126.507 91.2826 89.8968 79.9588 194.349 152.768 73.9226
threshold=-1.3466319736666674 1.1781577103333325 24.399011852666671 53.551454762013897 52.664129687500001 16.515936361377861 10.500000000000002 -33.355107848499991 10.641922898504982 53.086786783750007 18.100000000000001 3.5000000000000004 59.597974571416735 0.8641788475735307 3.5000000000000004 14.446902861973859 -1.788422856416666 40.098809374750012 48.540354152578239 47.971638427750001 732.78049202940292 13.525336108416669 10.500000000000002 18.087880412166673 32.635956811416676 15.387575671000002 32.035811620833336 85.850000000000009 53.20000000000001 29.96661576366667
decision_type=2 2 2 2 2 2 2 2 2 2 2 2 2 2 2 2 2 2 2 2 2 2 2 2 2 2 2 2 2 2
left_child=1 3 7 8 -5 6 -6 -3 9 10 -1 13 17 14 15 16 -2 20 24 -20 25 22 -15 -24 -19 -13 28 -28 -23 -16
right_child=11 2 -4 4 5 -7 -8 -9 -10 -11 -12 12 -14 21 29 -17 -18 18 19 -21 -22 26 23 -25 -26 -27 27 -29 -30 -31
leaf_value=0.00060077928465137275 -0.049876581338047982 -0.072709876181823868 0.061896536685526374 0.024226468251704162 -0.031530900409688124 -0.014717644807237846 -0.118016011095047 -0.0088143045370996046 -0.011471294450977328 0.0320618363504694 0.054257569449978907 -0.011431333505324682 0.049701315990827055 -0.092324930317699908 -0.0065085492894053458 0.17397294604943858 0.085721877908706667 -0.015874442581747038 -0.1445441860543645 -0.036996778849559493 0.014678293380064411 0.00092058674367404046 -0.01584923613751232 0.087427588164806364 0.019157594626148543 -2.4616665968716351e-05 -0.0002195432920053343 -0.052584411133813048 0.013353218561948918 0.031684890775863707
leaf_weight=6857 25 28 28 89 23 65 50 2153 714 167 37 1362 89 32 250 36 50 576 23 79 732 4389 371 20 150 5869 3688 117 2472 120
leaf_count=6857 25 28 28 89 23 65 50 2153 714 167 37 1362 89 32 250 36 50 576 23 79 732 4389 371 20 150 5869 3688 117 2472 120
internal_value=-2.0034e-11 -0.0020973 -0.00872792 -0.000266884 -0.0239053 -0.0549468 -0.0907673 -0.00963461 0.000423266 0.00162603 0.000888755 0.00104722 -0.0014711 0.00298003 0.0238612 0.0838037 0.0405224 -0.00198916 -0.0151175 -0.0612477 -0.000624066 0.00207428 -0.0167516 -0.0105665 -0.00863642 -0.00217314 0.00282089 -0.00182971 0.00540003 0.00587851
internal_weight=30661 10211 2209 8002 227 138 73 2181 7775 7061 6894 20450 8880 11570 481 111 75 8791 828 102 7963 11089 423 391 726 7231 10666 3805 6861 370
internal_count=30661 10211 2209 8002 227 138 73 2181 7775 7061 6894 20450 8880 11570 481 111 75 8791 828 102 7963 11089 423 391 726 7231 10666 3805 6861 370
is_linear=0
shrinkage=0.04


Tree=208
num_leaves=31
num_cat=0
split_feature=32 35 24 0 0 29 1 23 20 34 19 1 43 30 12 2 31 20 30 40 20 16 30 37 32 30 29 28 18 30
split_gain=39.9942 60.1706 46.9231 41.7805 208.575 152.384 156.175 306.535 113.505 111.242 100.165 91.133 143.349 105.179 172.736 90.1985 102.719 95.4703 81.0609 71.1142 59.2948 72.8799 61.4374 58.9469 42.6333 41.0434 32.6817 31.8697 30.8323 29.8412
threshold=-26.50971637113194 77.250000000000014 17.771688423506948 8.5000000000000018 7.5000000000000009 5.4360712629181576 5.5000000000000009 17.900134479569445 47.108004866500011 35.150000000000013 13.805918579083334 5.5000000000000009 614.9586928308056 0.60169121124999958 18.803288183833338 114.50000000000001 -3.3735801516666659 50.968449463000006 -8.7748265215833303 18.100000000000001 16.013394234250004 36.499237467666674 -1.4611826658333322 136.00051650000003 7.5756561604999986 0.43768530633333308 4.817194639507842 2.7481739341642739 55.653911214166676 1.319845386000001
decision_type=2 2 2 2 2 2 2 2 2 2 2 2 2 2 2 2 2 2 2 2 2 2 2 2 2 2 2 2 2 2
left_child=1 28 -3 4 5 23 7 -7 11 15 -8 13 25 19 -15 17 -17 -10 -6 -5 22 -22 -20 27 -14 -13 -25 -2 29 -1
right_child=3 2 -4 8 18 6 10 -9 9 -11 -12 12 24 14 -16 16 -18 -19 20 -21 21 -23 -24 26 -26 -27 -28 -29 -30 -31
leaf_value=-0.0042600718441129729 -0.025264877383572814 -0.011840931262288775 -0.092946825981140138 -0.00036341712804485965 0.086115692876003416 0.019066886637354428 -0.043743495731927283 -0.00018255627679749961 -0.078906289267043267 -0.094857277274131777 -0.0071392898160326373 0.0028427963614165459 0.018164802148171885 -0.036718451437187494 -0.0047580705327407921 -0.021661646601656197 0.0044653046428630716 -0.015201685161578772 -0.063650798201560971 0.028095377431264227 0.022190765046737115 -0.014477031758741328 0.0047265912290466458 -0.028469751466014614 0.059041240684644773 -0.01404842476843033 -0.07997710355316047 -0.0073629925005599187 0.03660986377236744 -0.036257243673036135
leaf_weight=238 191 21 25 13206 27 1715 134 5800 60 26 1114 1386 807 322 1694 419 566 101 27 142 996 95 95 73 43 276 27 953 24 58
leaf_count=238 191 21 25 13206 27 1715 134 5800 60 26 1114 1386 807 322 1694 419 566 101 27 142 996 95 95 73 43 276 27 953 24 58
internal_value=1.5963e-11 -0.0131435 -0.0559202 0.000158789 0.00209195 0.000174467 0.00203424 0.00421036 -0.000982656 -0.0130417 -0.0110695 -0.00019203 0.00687123 -0.00134687 -0.00986285 -0.0111855 -0.0066486 -0.0389425 0.0175663 -6.0664e-05 0.0160405 0.0189979 -0.0104061 -0.0129262 0.0202327 3.7756e-05 -0.0423767 -0.0103519 -0.00699431 -0.0105298
internal_weight=30661 366 46 30295 11247 10007 8763 7515 19048 1172 1248 17876 2512 15364 2016 1146 985 161 1240 13348 1213 1091 122 1244 850 1662 100 1144 320 296
internal_count=30661 366 46 30295 11247 10007 8763 7515 19048 1172 1248 17876 2512 15364 2016 1146 985 161 1240 13348 1213 1091 122 1244 850 1662 100 1144 320 296
is_linear=0
shrinkage=0.04


Tree=209
num_leaves=31
num_cat=0
split_feature=25 21 32 30 24 14 24 25 27 21 33 0 1 29 30 6 35 21 20 20 15 33 2 31 29 12 25 13 17 43
split_gain=40.5983 162.7 90.7271 45.3826 86.6408 184.8 149.837 388.768 187.378 111.717 88.0794 82.3874 87.1466 238.232 59.2143 220.638 189.994 350.408 407.046 310.908 171.281 151.918 139.71 111.856 101.026 69.8339 147.566 111.361 55.8867 49.9498
threshold=42.009754001309027 18.478271821500002 9.2533975784166689 -1.4107220545833348 17.458234879069447 17.654167329833339 22.452883232298618 30.335114433836811 3.4171826633078495 20.224357539916671 0.48890058127861918 1.0000000180025095e-35 3.5000000000000004 13.922347117950347 6.5892215266666643 0.60355339059327384 85.850000000000009 15.280320524000002 19.853156038250003 16.834178401416668 17.164261885750005 0.76730953848108141 108.50000000000001 6.8498443293478397 11.43044801335604 11.241972367649302 29.207486311565972 10.503400270583336 10.503400270583336 614.9586928308056
decision_type=2 2 2 2 2 2 2 2 2 2 2 2 2 2 2 2 2 2 2 2 2 2 2 2 2 2 2 2 2 2
left_child=3 -2 -3 4 11 6 7 -6 -8 10 -7 -1 13 -13 16 21 25 19 -19 -18 22 -16 -17 -23 -22 26 -5 -27 -11 -14
right_child=1 2 -4 14 5 9 8 -9 -10 28 -12 12 29 -15 15 20 17 18 -20 -21 24 23 -24 -25 -26 27 -28 -29 -30 -31
leaf_value=-0.05538797446469098 0.12561760707199573 -0.0018874533617419739 0.085531093790417623 -0.0072816669866975449 0.019085685236788379 -0.073575662361191854 -0.081166754808181363 0.14892083406448364 0.05746316470205784 -0.023492990599738226 -0.0095876088284932749 -0.0062517618062965423 -0.032028599343813802 0.14126754942536354 0.073609656209037422 0.018690891712814996 -0.066767779697477825 0.09071232955860957 0.0032230142289144132 0.042244055885821578 -0.010546116380066407 -0.052513202418156081 -0.02547929730881357 -0.0087317778487779104 0.025896757622071841 0.03748277283294333 -0.10579044017791749 0.0010256462495793867 0.0010568666701195899 0.011135272469658118
leaf_weight=81 20 199 21 909 205 35 39 45 26 153 2073 141 245 20 21 157 100 178 163 72 164 259 424 146 472 135 25 19184 4897 52
leaf_count=81 20 199 21 909 205 35 39 45 26 153 2073 141 245 20 21 157 100 178 163 72 164 259 424 146 472 135 25 19184 4897 52
internal_value=-3.53696e-11 0.0163871 0.00645704 -0.000129283 -0.00271308 -0.00159597 0.028389 0.042456 -0.0257148 -0.00291551 -0.01065 -0.0182014 -0.0116247 0.0120736 0.000794516 -0.00651552 0.00137288 0.0254131 0.0488919 -0.0211349 0.00215691 -0.031291 -0.0135435 -0.0367303 0.0164995 0.000763955 -0.00991841 0.00128041 0.000313079 -0.0244713
internal_weight=30661 240 220 30421 8012 7473 315 250 65 7158 2108 539 458 161 22409 1643 20766 513 341 172 1217 426 581 405 636 20253 934 19319 5050 297
internal_count=30661 240 220 30421 8012 7473 315 250 65 7158 2108 539 458 161 22409 1643 20766 513 341 172 1217 426 581 405 636 20253 934 19319 5050 297
is_linear=0
shrinkage=0.04


Tree=210
num_leaves=31
num_cat=0
split_feature=38 40 13 2 16 18 14 27 7 40 22 25 24 16 24 12 15 22 13 23 12 23 34 27 43 24 12 1 29 18
split_gain=40.3398 121.278 176.604 202.528 183.987 108.184 108.031 105.758 66.4608 66.2937 133.214 121.474 101.257 165.924 57.5782 52.5091 51.1086 184.493 110.055 121.595 101.445 84.0649 49.5693 49.8074 146.22 78.5898 48.3219 61.993 51.4695 46.5426
threshold=33.591666666666676 16.250000000000004 45.778945930500008 194.50000000000003 47.971638427750001 40.10894266750001 56.236897135583341 0.93703265173494477 -0.9159756150367534 15.35 52.129272591222254 33.361311049437511 39.055992652034725 46.65368971358334 30.888509728055563 40.615808512166673 23.839326554333336 28.546940603555566 18.334238049500005 25.293137030736112 20.677581128333337 28.17359706611111 35.150000000000013 8.1906854782286427 768.50705102021925 55.937820314416676 34.567480590750009 2.5000000000000004 12.985549551968733 31.217733805500004
decision_type=2 2 2 2 2 2 2 2 2 2 2 2 2 2 2 2 2 2 2 2 2 2 2 2 2 2 2 2 2 2
left_child=1 9 5 4 -4 7 -6 -3 14 22 12 -12 13 -11 -2 26 17 -10 19 -18 -20 -19 23 25 -25 -1 28 -28 -16 -24
right_child=8 2 3 -5 6 -7 -8 -9 16 10 11 -13 -14 -15 15 -17 18 21 20 -21 -22 -23 29 24 -26 -27 27 -29 -30 -31
leaf_value=0.00067924756704721985 0.0575117840954373 0.031545231166211038 0.05331179552189097 0.059787075375517217 -0.053147682243256604 -0.1419203149754068 0.036498021674156188 -0.069171490750774958 -0.000997205228349309 0.055520814472764003 -0.10434012180566787 0.011973657366984032 0.12164226880297065 -0.07297609531879426 -9.1382681351640947e-05 0.055707044295775589 0.0018630698174238207 -0.14566240832919167 -0.036300938914975392 0.14134508967399598 0.0071066619544614389 -0.032481634162721179 0.0034881556237285789 -0.0020536034492940553 -0.030443774954641178 -0.063052514096902254 0.014478677023540845 -0.081603848245881849 0.054258413432165982 -0.074258209679807938
leaf_weight=22912 62 22 41 60 154 23 25 69 405 82 20 51 24 20 92 39 20 21 92 20 1353 21 22 4559 310 31 22 21 40 28
leaf_count=22912 62 22 41 60 154 23 25 69 405 82 20 51 24 20 92 39 20 21 92 20 1353 21 22 4559 310 31 22 21 40 28
internal_value=-9.6462e-12 -0.000404175 -0.0224424 -0.00535459 -0.0231205 -0.0644123 -0.0406273 -0.0448224 0.00520833 -9.4718e-05 0.0230277 -0.0207908 0.047719 0.0303253 0.0235691 0.0137353 0.00258535 -0.00927269 0.00615474 0.0716041 0.00434299 -0.089072 -0.000258206 -0.00018667 -0.00386115 0.000593135 0.0043816 -0.0324453 0.0163783 -0.0400498
internal_weight=30661 28453 394 280 220 114 179 91 2208 28059 197 71 126 102 276 214 1932 447 1485 40 1445 42 27862 27812 4869 22943 175 43 132 50
internal_count=30661 28453 394 280 220 114 179 91 2208 28059 197 71 126 102 276 214 1932 447 1485 40 1445 42 27862 27812 4869 22943 175 43 132 50
is_linear=0
shrinkage=0.04


Tree=211
num_leaves=31
num_cat=0
split_feature=32 13 30 30 28 12 24 16 17 15 24 7 25 21 32 21 17 12 23 31 1 33 13 28 29 23 26 33 25 25
split_gain=39.0126 71.2381 76.8068 79.9326 75.0862 83.7197 70.5972 94.7704 103.917 188.932 86.2478 85.9951 58.4557 207.354 96.84 83.9135 73.4917 57.1055 113.668 67.534 56.6306 140.532 243.093 108.758 371.808 98.7627 94.9121 81.5757 98.9275 111.022
threshold=-1.3466319736666674 56.236897135583341 1.1781577103333325 24.399011852666671 18.45661917884058 17.426361950833336 33.64679305119445 52.664129687500001 19.341965205500003 61.43620750358334 49.616510703916681 -0.37940952255126015 41.614262989906258 17.320058056750003 12.272296646916672 52.287606542750005 55.653911214166676 54.54882465883334 52.899231275916669 1.3674858599166699 2.5000000000000004 0.8641788475735307 13.807449219083336 3.9272087665375639 9.1284990025264658 13.971116485527778 28.395374216094247 1.5850328367759958 27.378408617690976 30.116941266840282
decision_type=2 2 2 2 2 2 2 2 2 2 2 2 2 2 2 2 2 2 2 2 2 2 2 2 2 2 2 2 2 2
left_child=1 2 17 4 5 -4 -3 11 10 -10 -9 -8 20 -14 15 16 -15 18 -1 -19 21 22 -2 24 -23 -25 -24 -22 -29 -30
right_child=12 6 3 -5 -6 -7 7 8 9 -11 -12 -13 13 14 -16 -17 -18 19 -20 -21 27 23 26 25 -26 -27 -28 28 29 -31
leaf_value=0.00038286884614918042 0.14697643448527042 -0.094177349850535386 -0.019944622856942384 0.059085290181849687 0.050939873231179787 -0.0036221254742226277 0.037703479828519952 0.047404745419820149 -0.13343887906325491 -0.0026131250190012385 -0.040550730065865952 -0.030991543686511566 0.1289204792767763 -0.0478824329614395 0.093139062404632572 0.04151236378366039 0.0057452646134357388 0.0069804587456697631 -0.070861790618962708 0.079898628957809942 -0.0015042720858180025 -0.0010319213827670371 -0.0021233459515497088 0.053695469243185856 0.060777568757243529 0.00037484093009515588 0.045138731384422724 -0.0087293219311935146 0.10941429362577551 0.022800611838316307
leaf_weight=7609 26 20 814 28 33 1315 72 30 38 33 44 49 25 61 20 63 124 59 36 31 11423 545 152 56 218 7420 123 82 34 78
leaf_count=7609 26 20 814 28 33 1315 72 30 38 33 44 49 25 61 20 63 124 59 36 31 11423 545 152 56 218 7420 123 82 34 78
internal_value=5.69433e-13 -0.00201921 -0.00145206 -0.00806512 -0.00893478 -0.00986285 -0.021701 -0.0162516 -0.0380621 -0.0726325 -0.0048931 0.00988483 0.00100822 0.0187463 0.00846882 0.00164058 -0.0119374 0.000420288 4.73806e-05 0.0320967 0.000750385 0.00322319 0.0300688 0.00224243 0.0166279 0.000774246 0.0190157 -0.00106745 0.0246532 0.0490941
internal_weight=30661 10211 9925 2190 2162 2129 286 266 145 71 74 121 20450 293 268 248 185 7735 7645 90 20157 8540 301 8239 763 7476 275 11617 194 112
internal_count=30661 10211 9925 2190 2162 2129 286 266 145 71 74 121 20450 293 268 248 185 7735 7645 90 20157 8540 301 8239 763 7476 275 11617 194 112
is_linear=0
shrinkage=0.04


Tree=212
num_leaves=31
num_cat=0
split_feature=0 31 33 35 26 2 12 21 0 9 33 26 28 17 20 27 38 20 18 35 34 38 14 19 34 7 16 0 8 18
split_gain=39.9292 83.4096 64.6315 67.026 104.103 361.36 119.62 64.3158 56.094 194.087 297.274 222.242 204.354 184.749 397.156 175.397 142.546 266.41 163.563 72.5453 77.4912 206.073 157.527 120.985 83.6155 92.4772 68.37 84.1441 65.2455 49.919
threshold=1.0000000180025095e-35 -7.4649906531666614 0.74951929470197742 75.250000000000014 27.436222398751095 206.50000000000003 14.91632326691667 11.575417195333335 5.5000000000000009 0.81174490092936691 0.97758358573142534 26.655738988506947 4.1026448355526748 23.743871744833339 24.495603532666671 1.4991142590025801 25.025000000000002 15.089919202000003 14.224177527166669 64.300000000000026 28.500000000000004 27.183333333333341 62.611773307833339 12.209107970666667 25.300000000000004 -0.98296291314453399 14.226316544500001 22.500000000000004 -0.8783796973249266 62.611773307833339
decision_type=2 2 2 2 2 2 2 2 2 2 2 2 2 2 2 2 2 2 2 2 2 2 2 2 2 2 2 2 2 2
left_child=1 -1 -3 7 5 -5 -6 -4 9 12 11 -11 -2 15 -15 -12 18 -18 -14 20 24 22 -22 -23 25 -10 -21 29 -26 -28
right_child=8 2 3 4 6 -7 -8 -9 19 10 13 -13 16 14 -16 -17 17 -19 -20 26 21 23 -24 -25 28 -27 27 -29 -30 -31
leaf_value=0.074123884439468379 -0.017322854043626552 -0.079542361490428454 -0.066632726117968555 -0.012563437750296932 -0.0756134507060051 0.16558967811089975 0.002858670541080157 -0.011853074445672603 -0.0154383678014128 0.031867450858865463 0.11066646431883177 0.19270711782905792 0.032063202239013988 0.13358464047557017 0.011805932909612441 0.00049432316402389588 -0.037639587250552074 0.0031110986239868024 0.0052529790773751415 -0.020984973207817465 0.045983616274682594 -0.055968035768185348 -0.050580695122480396 0.003134273555157184 -0.028862162474309054 0.00080624736754567451 -0.00034898296477331794 -0.018908364169210906 -0.0063477412192432412 -0.028023746676777525
leaf_weight=20 845 20 36 56 34 27 362 723 591 28 24 27 419 61 144 631 335 1098 2778 409 273 56 30 5324 239 10939 3031 504 1489 108
leaf_count=20 845 20 36 56 34 27 362 723 591 28 24 27 419 61 144 631 335 1098 2778 409 273 56 30 5324 239 10939 3031 504 1489 108
internal_value=-7.73442e-12 -0.00692142 -0.0082099 -0.00705751 0.00465835 0.04539 -0.00387883 -0.0144513 0.000301044 0.0036163 0.0206689 0.110825 0.000766424 0.0149031 0.0480425 0.00453116 0.00406781 -0.00641541 0.00876674 -0.000620302 0.0004189 0.00432672 0.0364228 0.00251908 -0.00125618 -2.64124e-05 -0.00547804 -0.00373707 -0.00946171 -0.00130116
internal_weight=30661 1278 1258 1238 479 83 396 759 29383 6390 915 55 5475 860 205 655 4630 1433 3197 22993 18941 5683 303 5380 13258 11530 4052 3643 1728 3139
internal_count=30661 1278 1258 1238 479 83 396 759 29383 6390 915 55 5475 860 205 655 4630 1433 3197 22993 18941 5683 303 5380 13258 11530 4052 3643 1728 3139
is_linear=0
shrinkage=0.04


Tree=213
num_leaves=31
num_cat=0
split_feature=30 38 24 2 8 37 13 22 40 30 1 18 18 28 22 28 22 27 2 31 25 38 17 2 16 27 35 13 24 7
split_gain=37.3743 219.073 169.562 178.264 162.61 152.071 310.966 531.658 368.929 345.278 287.25 212.5 415.724 136.251 135.921 133.304 169.183 116.085 115.149 105.002 90.4599 68.8856 59.6324 53.1533 64.0517 52.9758 145.34 220.782 130.321 119.989
threshold=7.0547153234999973 28.758333333333336 26.445025366368061 122.50000000000001 -0.8783796973249266 211.43316250000001 16.67303116441667 17.205564941361139 9.6500000000000021 -0.44884866091666525 5.5000000000000009 10.50174412841667 20.096036022916667 4.1439011205662091 24.959646831694503 13.773691423936002 18.373966771166724 11.222668071125923 186.50000000000003 -0.46143667766667379 34.040064042093753 29.408333333333339 28.021739249750002 214.50000000000003 21.191268107500004 10.828586595012622 32.350000000000009 54.54882465883334 24.843473504506949 -0.78656609248549325
decision_type=2 2 2 2 2 2 2 2 2 2 2 2 2 2 2 2 2 2 2 2 2 2 2 2 2 2 2 2 2 2
left_child=5 2 3 4 -2 25 10 9 21 -8 11 18 -13 -6 22 17 -17 -5 -7 -11 -4 -9 -3 -22 -25 -1 27 -27 -28 -30
right_child=1 14 20 15 13 6 7 8 -10 19 -12 12 -14 -15 -16 16 -18 -19 -20 -21 23 -23 -24 24 -26 26 28 -29 29 -31
leaf_value=0.00052190018543487779 -0.086233562392493093 -0.15933789945784069 0.080699270756348321 -0.04385264735537725 0.1201680258342198 -0.044893574547767642 0.011778893470764161 0.027487914518898596 0.14682711866166856 -0.079215370595455165 -0.018894961816177034 0.18247690691030585 0.028541021956503394 0.015199210526998977 0.0061653823852539057 0.1022098227714499 -0.0073824577310293241 0.00045333316896197407 0.082160747959500263 -0.19536705938252535 -0.018690044210946305 -0.025832236617136357 -0.073113238992113055 -0.022733948758015265 0.049110854775644842 -0.018663510334699655 -0.023927333178751141 -0.12444789834119177 -0.01521762357773054 0.0062879272970620724
leaf_weight=25681 24 21 46 355 21 25 34 92 36 20 57 64 50 342 25 24 370 129 21 33 47 67 33 26 84 215 386 37 544 1752
leaf_count=25681 24 21 46 355 21 25 34 92 36 20 57 64 50 342 25 24 370 129 21 33 47 67 33 26 84 215 386 37 544 1752
internal_value=1.97986e-11 -0.00605841 -0.00256653 -0.00801236 0.0146048 0.00032192 0.0222136 -0.00548593 0.0311995 -0.0877119 0.0582101 0.0856788 0.114961 0.0212718 -0.0709455 -0.0179814 -0.000706786 -0.0320438 0.0131095 -0.151536 0.0313693 0.00501967 -0.106645 0.0169159 0.0321294 -5.98357e-05 -0.00515171 -0.0341953 -0.00242278 0.00119254
internal_weight=30661 1547 1468 1265 387 29114 499 282 195 87 217 160 114 363 79 878 394 484 46 53 203 159 54 157 110 28615 2934 252 2682 2296
internal_count=30661 1547 1468 1265 387 29114 499 282 195 87 217 160 114 363 79 878 394 484 46 53 203 159 54 157 110 28615 2934 252 2682 2296
is_linear=0
shrinkage=0.04


Tree=214
num_leaves=31
num_cat=0
split_feature=33 25 12 11 37 37 12 27 17 28 37 0 27 0 24 37 30 7 14 24 30 25 0 28 12 17 30 2 30 16
split_gain=37.6933 74.9154 43.4277 43.316 43.1494 53.5563 64.8032 276.962 160.906 69.6217 56.9926 69.9439 52.4551 98.5868 58.0432 37.7077 46.9536 38.3566 35.9081 32.8449 32.1246 43.6092 30.6853 26.569 23.4252 21.9605 13.7301 20.1695 12.3775 11.6931
threshold=0.38517093345905734 30.230619231673614 16.196890128250004 -0.68301270189221952 57.171691500000016 65.469746000000029 36.501839981821526 1.9892952354701878 15.388283109000001 14.950249950189244 66.677417500000004 16.500000000000004 7.4101440622371202 2.5000000000000004 50.284520818486108 59.102617500000015 -3.1575543129166674 -0.98296291314453399 22.257168790833337 19.013705188361111 1.2652249554999966 27.271268902899333 16.500000000000004 11.257060502041911 10.06621396075 15.388283109000001 0.57184409124999924 353.50000000000006 0.86624360324999838 15.09917234266667
decision_type=2 2 2 2 2 2 2 2 2 2 2 2 2 2 2 2 2 2 2 2 2 2 2 2 2 2 2 2 2 2
left_child=1 3 19 23 22 6 15 8 -8 -9 11 25 14 -14 -12 17 -17 -6 20 -3 21 -5 26 29 -22 -7 27 -2 -13 -1
right_child=4 2 -4 18 5 10 7 9 -10 -11 12 28 13 -15 -16 16 -18 -19 -20 -21 24 -23 -24 -25 -26 -27 -28 -29 -30 -31
leaf_value=0.025356605521270205 0.022560055854916574 -0.034095860391855241 -0.0081344139575958256 -0.0058689431350488789 -0.018693684947987396 0.0096241976107869828 -0.2010675494670868 -0.018865387055736323 -0.044304022192955018 0.054802255029479663 0.0010174210987184224 0.0048175362040459805 -0.035931429020850593 -0.0022067667528997388 0.024016434054842776 -0.071501017153263097 -0.0093430907722695609 0.0061143629553617306 -0.061652124628424641 -0.10286841262578963 -0.067334971590475606 0.054842187017202379 0.0027866746679258841 0.062210424968174527 -0.014048772006380288 0.049884529551103091 0.0084665734585254431 0.06093829745665575 -0.026227199187358986 -0.014128636987436384
leaf_weight=28 50 20 27 354 120 28 20 65 22 30 21747 98 142 5949 177 20 700 590 20 25 22 20 120 21 33 96 31 39 26 21
leaf_count=28 50 20 27 354 120 28 20 65 22 30 21747 98 142 5949 177 20 700 590 20 25 22 20 120 21 33 96 31 39 26 21
internal_value=1.32799e-11 -0.010004 -0.0482397 -0.00469958 0.000196619 6.07066e-05 -0.00713732 -0.0334177 -0.118953 0.00439808 0.00045979 0.0195508 0.000290789 -0.00299299 0.0012031 -0.00461955 -0.0110697 0.00192145 -0.00926232 -0.0723028 -0.00681991 -0.00262236 0.0170894 0.0245672 -0.0353633 0.0407935 0.0313922 0.0393775 -0.00169184 0.00843436
internal_weight=30661 591 72 519 30070 29830 1567 137 42 95 28263 248 28015 6091 21924 1430 720 710 449 45 429 374 240 70 55 124 120 89 124 49
internal_count=30661 591 72 519 30070 29830 1567 137 42 95 28263 248 28015 6091 21924 1430 720 710 449 45 429 374 240 70 55 124 120 89 124 49
is_linear=0
shrinkage=0.04


Tree=215
num_leaves=31
num_cat=0
split_feature=0 29 35 2 26 12 14 30 32 29 21 30 23 0 1 30 28 29 38 2 38 31 1 43 12 30 15 37 30 7
split_gain=37.2879 85.5834 150.822 206.543 191.806 267.706 82.3249 78.7364 73.5002 58.4825 58.0789 58.4605 54.2803 53.0043 199.106 171.249 247.136 261.627 163.365 392.664 308.603 74.2484 68.5225 151.03 118.003 184.002 116.245 142.957 115.522 111.739
threshold=1.0000000180025095e-35 15.845590908335227 75.250000000000014 218.50000000000003 27.436222398751095 14.91632326691667 16.268755725250003 -5.2141865522500002 2.4566456659999996 12.081186551336538 13.937619364500003 -0.88951219024999684 17.730652438666667 5.5000000000000009 5.5000000000000009 1.6363866945000007 2.4000100339212298 16.896298041264462 25.025000000000002 114.50000000000001 24.883333333333336 -1.3258461913333341 5.5000000000000009 614.9586928308056 19.194468526000005 0.6358419498333322 19.039098172833338 140.35480600000002 -0.80155026524999673 -0.78656609248549325
decision_type=2 2 2 2 2 2 2 2 2 2 2 2 2 2 2 2 2 2 2 2 2 2 2 2 2 2 2 2 2 2
left_child=1 2 10 7 -5 -6 -3 12 -8 -9 11 -1 -4 14 15 16 -2 -18 20 -20 -17 -16 24 -24 25 28 27 -26 -15 -28
right_child=13 6 3 4 5 -7 8 9 -10 -11 -12 -13 -14 22 21 18 17 -19 19 -21 -22 -23 23 -25 26 -27 29 -29 -30 -31
leaf_value=-0.056775759922062186 -0.036455913885411889 -0.10629095837473869 -0.064327954977023899 0.16012683272361755 -0.0879027454853058 0.090600792024193744 -0.0086432593922924125 0.046679723955809126 -0.086031254492700104 0.0006165748024929543 -0.0072466597834379707 -0.0098493836078433743 0.00076054433860429905 -0.017809798934028342 -0.006810102198228263 0.0031124961249064153 0.017124881834817824 0.096077976558889666 -0.12414340446780747 -0.006843349639855111 0.061289091408493056 -0.032444630192344885 -0.00057654272352745375 0.018546004178052095 -0.0027329579664598868 -0.03220955626461456 -0.0041374162478239399 -0.035243079687775292 -8.3461717991289191e-05 0.0031854200019490126
leaf_weight=87 132 22 41 27 20 41 108 63 24 147 574 83 41 793 667 2482 1651 70 48 937 155 248 2379 915 660 444 4938 322 2278 10264
leaf_count=87 132 22 41 27 20 41 108 63 24 147 574 83 41 793 667 2482 1651 70 48 937 155 248 2379 915 660 444 4938 322 2278 10264
internal_value=1.65647e-12 -0.00668857 -0.0028571 0.0176453 0.0713637 0.032075 -0.0346534 0.00145615 -0.0227138 0.0144355 -0.0133287 -0.0338646 -0.0317837 0.000290916 0.00351358 0.00640007 0.0162906 0.0203362 0.00134012 -0.0125595 0.00653205 -0.013758 -0.000604696 0.00473528 -0.00149763 -0.00814064 -5.48341e-05 -0.0133931 -0.00466079 0.000806775
internal_weight=30661 1278 1124 380 88 61 154 292 132 210 744 170 82 29383 6390 5475 1853 1721 3622 985 2637 915 22993 3294 19699 3515 16184 982 3071 15202
internal_count=30661 1278 1124 380 88 61 154 292 132 210 744 170 82 29383 6390 5475 1853 1721 3622 985 2637 915 22993 3294 19699 3515 16184 982 3071 15202
is_linear=0
shrinkage=0.04


Tree=216
num_leaves=31
num_cat=0
split_feature=38 36 29 2 20 35 16 19 20 0 2 24 24 30 21 21 35 21 18 29 22 12 23 17 14 12 15 22 13 23
split_gain=36.2704 108.647 144.089 151.658 182.568 122.726 105.643 78.5899 69.9051 62.3598 53.3377 51.5876 51.0593 47.7405 107.146 124.647 194.833 149.006 48.5671 285.031 634.763 83.6086 140.883 82.7604 57.6018 47.667 46.1298 169.833 104.788 101.373
threshold=33.591666666666676 16.250000000000004 12.812054611862736 196.50000000000003 50.581183024333335 51.20000000000001 44.796684602583341 43.830322884250009 28.020272957333336 13.500000000000002 134.50000000000003 30.888509728055563 42.59327289187501 -2.9930514240833292 60.444142236333342 50.259713069833346 31.100000000000005 33.56159568716668 8.9031817996666689 13.188422628923787 14.078020116722247 12.463435888916669 15.80281098738889 20.978036068250006 10.06621396075 40.615808512166673 23.839326554333336 28.546940603555566 19.11705696633334 26.546588578194449
decision_type=2 2 2 2 2 2 2 2 2 2 2 2 2 2 2 2 2 2 2 2 2 2 2 2 2 2 2 2 2 2
left_child=1 13 5 4 6 10 -4 8 -7 11 -3 -2 -5 14 15 17 -17 -1 19 23 -21 22 -20 -15 -23 -13 27 -11 29 -28
right_child=9 2 3 12 -6 7 -8 -9 -10 26 -12 25 -14 18 -16 16 -18 -19 21 20 -22 24 -24 -25 -26 -27 28 -29 -30 -31
leaf_value=-0.0077987639402028429 0.054852360317844059 0.061158006387678057 0.044920544374201982 0.013971821202172175 -0.12247882574796677 -0.10173167962727009 -0.022366480611796892 0.0013272337380208468 -0.046926622614703151 -0.00092790057133009408 -0.014306260271275297 0.0045037325607878822 0.085529299718447235 -0.0104679641567008 0.068222680790349849 -0.13580355114407008 -0.020316772152209419 0.014352353439277009 -0.0050176026444971201 0.23965749864225036 -0.0027767401436964672 0.018609462078609522 -0.048166181414263022 0.063219114806916984 0.00069906592969164161 0.053405463366936419 0.019350756025976606 -0.085430904754570547 0.0036855133876831452 0.13166862678527833
leaf_weight=2388 62 22 56 27 22 51 112 38 138 405 47 175 39 252 32 27 174 610 1255 27 48 291 134 27 22636 39 36 42 1429 20
leaf_count=2388 62 22 56 27 22 51 112 38 138 405 47 175 39 252 32 27 174 610 1255 27 48 291 134 27 22636 39 36 42 1429 20
internal_value=-9.91226e-13 -0.000383247 -0.0179562 0.00401895 -0.0141265 -0.0369617 6.25277e-05 -0.0511619 -0.0617153 0.00493864 0.00975481 0.022724 0.0562558 -3.55791e-05 -0.00460761 -0.00533614 -0.0358299 -0.0032917 0.000563215 0.0152725 0.0844996 0.000349073 -0.00918024 -0.00333696 0.000926393 0.0134157 0.00239788 -0.00886778 0.00578896 0.0594643
internal_weight=30661 28453 552 256 190 296 168 227 189 2208 69 276 66 27901 3231 3199 201 2998 24670 354 75 24316 1389 279 22927 214 1932 447 1485 56
internal_count=30661 28453 552 256 190 296 168 227 189 2208 69 276 66 27901 3231 3199 201 2998 24670 354 75 24316 1389 279 22927 214 1932 447 1485 56
is_linear=0
shrinkage=0.04


Tree=217
num_leaves=31
num_cat=0
split_feature=20 34 30 33 6 0 25 29 27 30 2 28 22 29 27 20 38 33 35 20 1 28 35 13 25 0 15 15 13 17
split_gain=34.5734 132.882 83.7036 75.0167 67.4385 87.1969 74.8454 76.2529 61.6157 59.7734 212.373 177.733 158.255 139.33 163.62 141.597 134.558 130.809 120.457 250.372 341.214 308.147 268.174 251.34 178.737 100.746 83.2391 83.0432 78.5578 59.3124
threshold=47.999657291166677 35.150000000000013 15.4369643515 1.0669782361495457 0.78656609248549325 7.5000000000000009 35.611093912739584 13.312540157208288 16.971731225755935 7.0547153234999973 122.50000000000001 14.06191534097449 25.296493159833364 8.6908880042774843 6.8182501075476454 30.222317097666672 28.758333333333336 0.76730953848108141 85.850000000000009 15.196735737333336 5.5000000000000009 13.895410834406121 88.750000000000014 18.157234049166668 33.159227448534729 2.5000000000000004 19.407811466500004 20.606687605666668 14.600374084500002 18.42178851333334
decision_type=2 2 2 2 2 2 2 2 2 2 2 2 2 2 2 2 2 2 2 2 2 2 2 2 2 2 2 2 2 2
left_child=9 2 4 -4 6 8 -2 -8 -6 18 13 12 16 28 15 -15 -12 -13 -1 21 23 24 -23 -21 -20 -19 -22 -14 -11 -7
right_child=1 -3 3 -5 5 29 7 -9 -10 10 11 17 27 14 -16 -17 -18 25 19 20 26 22 -24 -25 -26 -27 -28 -29 -30 -31
leaf_value=0.00045912783751584241 -0.017595210435611658 -0.099644740197969525 -0.0034062501681702481 0.086918162645832187 -0.0080857867837433525 -0.013373024946594814 0.076933042772791602 -0.00027220927609675595 0.0098071427438185029 -0.067720321300553124 -0.038336245774942504 0.093490980106095467 -0.018967699420323475 0.10846770251350057 0.011633068810467825 -0.011709147521427699 -0.11017047802607217 -0.033402097907840697 0.00096143583847781806 0.096582561757845367 0.017450076127868325 -0.036580460106922411 -0.20606916460394861 0.024129655652199728 0.12961124563217163 0.011898748787104398 -0.055482216571127216 0.040286577736529015 0.012113033156645926 0.024478011737810449
leaf_weight=25355 879 23 28 31 1265 83 22 294 407 41 319 24 139 62 208 21 48 117 127 143 42 59 20 165 20 239 62 52 38 328
leaf_count=25355 879 23 28 31 1265 83 22 294 407 41 319 24 139 62 208 21 48 117 127 143 42 59 20 165 20 239 62 52 38 328
internal_value=-5.27451e-12 -0.00382876 -0.00316835 0.0440523 -0.00401827 0.000327323 -0.011593 0.00510284 -0.00373027 0.000471214 -0.0078723 -0.0179952 -0.0323639 0.0177907 0.03058 0.0780615 -0.0477315 0.00310405 0.00089107 0.0180571 0.0366158 -0.0157757 -0.079489 0.0577685 0.0184648 -0.00298945 -0.0260288 -0.00283564 -0.0293195 0.0168341
internal_weight=30661 3360 3337 59 3278 2083 1195 316 1672 27301 1308 938 558 370 291 83 367 380 25993 638 412 226 79 308 147 356 104 191 79 411
internal_count=30661 3360 3337 59 3278 2083 1195 316 1672 27301 1308 938 558 370 291 83 367 380 25993 638 412 226 79 308 147 356 104 191 79 411
is_linear=0
shrinkage=0.04


Tree=218
num_leaves=31
num_cat=0
split_feature=32 37 14 12 30 40 31 24 30 32 43 30 6 30 22 33 13 33 17 20 26 37 9 12 30 30 28 15 18 13
split_gain=34.9933 48.8635 39.6574 124.572 127.377 114.549 98.1453 95.2581 153.302 215.359 109.82 86.3386 93.6347 84.926 82.6676 88.603 78.6818 78.9064 76.5708 75.6836 171.168 121.06 73.9384 92.5167 69.9615 69.7743 67.3848 43.8966 50.7823 35.0324
threshold=-26.50971637113194 205.81107349999999 17.343114795000002 13.963141341166668 1.0535038733333304 9.1899999999999995 -6.8404337318333353 17.458234879069447 -1.7551277745833322 -4.5236393665630024 614.9586928308056 6.5892215266666643 0.60355339059327384 1.2142745931666623 14.644251258666692 0.8071572688914822 16.268755725250003 0.9459116441672758 36.141167704691604 15.382718391666668 35.603946376611113 211.43316250000001 -0.22252093395631442 19.270496582583334 4.0034515787500009 2.4202369951666829 16.227366984951274 9.6988647872500007 14.696483406583335 15.387575671000002
decision_type=2 2 2 2 2 2 2 2 2 2 2 2 2 2 2 2 2 2 2 2 2 2 2 2 2 2 2 2 2 2
left_child=1 -1 5 4 14 7 22 10 9 -9 26 27 -13 -12 15 -4 17 -6 -10 20 -8 -21 23 -5 -24 -18 -2 -7 -29 -14
right_child=2 -3 3 6 16 11 19 8 18 -11 13 12 29 -15 -16 -17 25 -19 -20 21 -22 -23 24 -25 -26 -27 -28 28 -30 -31
leaf_value=-0.0077704101188030249 -0.0038748246835633 -0.059512581508606673 -0.029001610537662224 -0.03976628527663012 -0.056053269704182944 -0.044491253504768402 -0.0083130903515438205 0.16944972294569016 0.0097848220595975963 0.030180870683500602 0.026068897636764045 -0.11590146332979202 0.0010214174174247904 -0.0052413117072558236 -0.045919671027133104 0.051121961753519754 -0.11430011749267578 0.029578015034397446 -0.013035822539405457 0.00089958836745781753 0.10650999514119965 0.032027682118339118 -0.00030631814218752416 -0.0099788831485175464 0.073999965020588462 -0.046217660124994057 0.062083792255818844 -0.033388795711226382 0.0074569026577056101 -0.041273806811647218
leaf_weight=334 2844 32 34 199 36 39 1916 20 2304 159 404 22 47 211 39 63 37 33 262 19238 21 202 586 1032 21 69 25 59 279 94
leaf_count=334 2844 32 34 199 36 39 1916 20 2304 159 404 22 47 211 39 63 37 33 262 19238 21 202 586 1032 21 69 25 59 279 94
internal_value=-1.63978e-11 -0.0122943 0.00014853 -0.000627761 -0.0257756 0.00284657 -0.000290868 0.00437865 0.0099514 0.0457416 -1.20519e-05 -0.0148263 -0.0391507 0.0153267 0.00326295 0.0230374 -0.0483427 -0.0150992 0.00745473 0.000471755 -0.00706824 0.00122304 -0.00916061 -0.0147942 0.00226441 -0.0699823 -0.00330007 -0.00430934 0.000327032 -0.0271754
internal_weight=30661 366 30295 23526 311 6769 23215 6229 2745 179 3484 540 163 615 136 97 175 69 2566 21377 1937 19440 1838 1231 607 106 2869 377 338 141
internal_count=30661 366 30295 23526 311 6769 23215 6229 2745 179 3484 540 163 615 136 97 175 69 2566 21377 1937 19440 1838 1231 607 106 2869 377 338 141
is_linear=0
shrinkage=0.04


Tree=219
num_leaves=31
num_cat=0
split_feature=37 37 20 27 13 38 35 30 26 12 21 14 32 17 25 26 14 28 13 12 16 30 30 6 2 1 13 12 25 28
split_gain=34.002 49.748 64.9592 106.416 117.627 57.2376 246.452 201.484 198.183 154.344 126.091 100.993 74.9389 99.7087 105.232 66.7268 83.1042 81.8714 42.7274 95.7484 152.927 34.1246 26.7185 24.5909 15.3773 10.951 6.85677 5.766 3.36484 4.47104
threshold=57.171691500000016 65.469746000000029 37.294714933000002 2.279650557325748 34.968293595250003 16.150000000000002 27.600000000000005 -2.3983328199166665 27.436222398751095 49.374502718333339 50.615990755833344 54.012135563416678 9.8330276125833365 54.012135563416678 42.009754001309027 28.035789475293157 15.568483227500003 15.128279500664529 47.971638427750001 36.501839981821526 43.264612467416676 -4.6678621414166654 -0.32875007274999385 0.25881904510252091 357.50000000000006 4.5000000000000009 21.929681632583335 16.576447322833335 24.201338455711809 3.5910379962089682
decision_type=2 2 2 2 2 2 2 2 2 2 2 2 2 2 2 2 2 2 2 2 2 2 2 2 2 2 2 2 2 2
left_child=23 2 18 4 -4 6 10 8 -8 -9 11 -3 15 14 -14 16 -7 -17 19 21 -21 -2 -5 27 25 26 -25 -1 29 -29
right_child=1 5 3 22 -6 12 7 9 -10 -11 -12 -13 13 -15 -16 17 -18 -19 -20 20 -22 -23 -24 24 -26 -27 -28 28 -30 -31
leaf_value=-0.016417338284240527 -0.050427199119329455 0.035438137781317047 -0.030454038286430611 -0.022603561466648464 -0.14898090050334023 0.0043880318216146406 -0.010547558968422369 0.0027515228318889997 -0.077226661383017398 0.0399765101202669 -0.052939227124055223 0.11469958941851344 0.0081775334443055167 -0.080472445428371439 0.10057136201858521 0.0033479335961663671 -0.0050220946702314185 -0.0036221150619197263 0.038172751069068908 -0.12670206228700967 0.020420478403568271 -0.0032799746418448743 0.040474622087045158 -0.0079091225429014731 0.050737904341834963 0.041410142263770107 0.019440670677206732 0.012968987358940974 0.020429643761544002 -0.0059435187863806881
leaf_weight=22 25 316 37 21 21 1811 359 3793 89 187 24 28 1426 20 20 7825 8789 4114 36 26 20 1404 22 22 33 25 44 36 21 45
leaf_count=22 25 316 37 21 21 1811 359 3793 89 187 24 28 1426 20 20 7825 8789 4114 36 26 20 1404 22 22 33 25 44 36 21 45
internal_value=-5.10194e-12 -0.000120286 -0.00695845 -0.0380162 -0.0733689 0.000262448 0.00425185 0.00163785 -0.0237941 0.00450054 0.0357052 0.0418897 -0.000534602 0.00822861 0.00945546 -0.00110459 -0.00341438 0.00094616 -0.00488245 -0.00593329 -0.0627357 -0.0041048 0.009669 0.014751 0.0273467 0.0188642 0.0103241 0.00215537 0.00616125 0.00246204
internal_weight=30661 30413 1612 101 58 28801 4796 4428 448 3980 368 344 24005 1466 1446 22539 10600 11939 1511 1475 46 1429 43 248 124 91 66 124 102 81
internal_count=30661 30413 1612 101 58 28801 4796 4428 448 3980 368 344 24005 1466 1446 22539 10600 11939 1511 1475 46 1429 43 248 124 91 66 124 102 81
is_linear=0
shrinkage=0.04


Tree=220
num_leaves=31
num_cat=0
split_feature=35 0 35 15 29 22 32 17 16 43 16 17 0 24 38 7 7 17 24 21 16 2 7 2 2 22 7 35 4 24
split_gain=34.2152 138.735 135.729 177.831 171.818 120.652 118.289 108.998 139.792 130.453 111.995 136.091 92.9398 83.0579 78.8777 270.141 252.097 277.419 174.889 138.524 101.922 74.5567 71.9259 93.0172 137.711 87.6874 78.8259 66.731 62.2339 49.5946
threshold=50.250000000000007 22.500000000000004 53.20000000000001 51.427190901166675 16.572467485081742 52.521048855222254 7.027286474333347 13.346342045166667 28.88588336583334 768.50705102021925 14.226316544500001 35.359210229750005 22.500000000000004 20.150106875340281 26.058333333333334 -0.98296291314453399 -0.9159756150367534 19.862772615166669 41.462578063684035 28.739959436083335 49.374502718333339 258.50000000000006 -0.98296291314453399 290.50000000000006 38.500000000000007 60.489861350083395 -0.9159756150367534 52.250000000000007 18.500000000000004 21.136052696375007
decision_type=2 2 2 2 2 2 2 2 2 2 2 2 2 2 2 2 2 2 2 2 2 2 2 2 2 2 2 2 2 2
left_child=12 2 3 6 5 -5 27 8 -4 -10 -9 -12 14 -3 22 18 17 -17 28 -20 -18 -15 23 24 -1 26 -24 -2 -16 -8
right_child=1 13 7 4 -6 -7 29 10 9 -11 11 -13 -14 21 15 16 20 -19 19 -21 -22 -23 25 -25 -26 -27 -28 -29 -30 -31
leaf_value=-0.02445765015571133 -0.0075996542700881263 -0.048626762351906695 -0.00081405128637128627 -0.049763809066443211 -0.0055080507303539071 -0.17981881170272829 -0.0015776938358039567 -0.012727656909920084 -0.07359146959527775 0.0068456458786259524 0.0056761555753732564 -0.0038531917585922972 0.017271918014789531 -0.020167478330049046 0.070531727368190536 -0.01144142647569963 0.0032731085513779496 -0.095558070705549142 -0.090289466484733238 0.018188962446382413 0.024465149897633834 0.013371838900948996 0.0091807696506256992 -0.029936859186033279 0.030735152214563088 0.065048917884176424 -0.00137146360503782 -0.032234493737380826 0.030877341324938277 0.060886533420603232
leaf_weight=152 1112 122 242 21 38 25 33 817 108 46 7481 3529 560 458 167 412 1830 74 23 104 453 138 1268 301 138 33 10612 209 102 53
leaf_count=152 1112 122 242 21 38 25 33 817 108 46 7481 3529 560 458 167 412 1830 74 23 104 453 138 1268 301 138 33 10612 209 102 53
internal_value=1.60004e-11 -0.00141697 -0.0005196 -0.0119133 -0.0684502 -0.120446 -0.00853795 0.000870239 -0.0197727 -0.0495648 0.00156142 0.00262174 0.00126007 -0.0185569 0.000687815 0.00632879 0.00190948 -0.0242493 0.0372305 -0.00145674 0.0074781 -0.0124017 -0.000740023 -0.0143606 0.00180651 -6.43114e-05 -0.000245181 -0.0114972 0.0554955 0.0369177
internal_weight=30661 14432 13714 1491 84 46 1407 12223 396 154 11827 11010 16229 718 15669 3165 2769 486 396 127 2283 596 12504 591 290 11913 11880 1321 269 86
internal_count=30661 14432 13714 1491 84 46 1407 12223 396 154 11827 11010 16229 718 15669 3165 2769 486 396 127 2283 596 12504 591 290 11913 11880 1321 269 86
is_linear=0
shrinkage=0.04


Tree=221
num_leaves=31
num_cat=0
split_feature=20 36 30 33 6 0 24 16 4 30 2 28 22 21 26 14 37 21 21 13 12 14 22 32 38 30 24 27 0 18
split_gain=34.598 122.788 76.0312 68.8203 60.1904 80.3776 74.8893 95.3651 79.6086 58.9525 193.869 161.611 146.032 141.596 159.451 210.142 135.245 311.57 254.848 196.711 462.448 256.97 125.611 119.629 118.46 114.468 86.1269 80.0953 76.5838 56.8803
threshold=47.999657291166677 17.150000000000006 15.4369643515 1.0669782361495457 0.78656609248549325 7.5000000000000009 39.522627634701401 45.265453613500007 34.500000000000007 7.0547153234999973 122.50000000000001 14.06191534097449 25.296493159833364 43.935377392583334 27.077360157505961 15.20592301516667 211.43316250000001 15.184436124583334 13.654271248666669 15.296598014083335 14.91632326691667 17.744449524250005 18.373966771166724 2.6263190139166679 28.758333333333336 -0.18380839025000026 24.843473504506949 13.55381913155766 2.5000000000000004 44.302603010666679
decision_type=2 2 2 2 2 2 2 2 2 2 2 2 2 2 2 2 2 2 2 2 2 2 2 2 2 2 2 2 2 2
left_child=9 2 4 -4 6 -6 7 -2 -8 16 13 12 24 14 15 -11 -1 18 23 21 -21 -19 -13 -18 -12 -20 -14 -15 -24 -7
right_child=1 -3 3 -5 5 29 8 -9 -10 10 11 22 26 27 -16 -17 17 19 25 20 -22 -23 28 -25 -26 -27 -28 -29 -30 -31
leaf_value=0.00049300430382077161 -0.013387789997904258 -0.095934790061867767 -0.003647059425711632 0.082866529457030755 -0.0037955934822535824 -0.0019482047465585529 0.022126064873224979 -0.057151250339216662 -0.013259065268660147 0.05492390537194991 -0.037134910067047076 0.095404180511832234 -0.024184634756838155 -0.088141782241208222 0.070405237524165318 -0.026191680990780394 0.0028372270387151967 0.040853443949530693 -0.017107980830549468 -0.13300995528697968 0.047851153283711818 0.17318259462332117 -0.030665684895472483 0.11187203127713431 -0.10453533322860797 -0.10727465013563632 0.030951615013182165 0.002061682293812434 0.0093343101426023953 0.028321223429063097
leaf_weight=25514 694 23 28 31 1672 168 185 90 226 89 319 22 117 28 97 120 69 59 41 26 174 39 111 21 48 50 74 36 247 243
leaf_count=25514 694 23 28 31 1672 168 185 90 226 89 319 22 117 28 97 120 69 59 41 26 174 39 111 21 48 50 74 36 247 243
internal_value=1.01006e-11 -0.00383012 -0.00319529 0.0418092 -0.00400532 0.000100109 -0.0111615 -0.0184117 0.00266855 0.000471382 -0.00781464 -0.0174865 -0.031188 0.0167048 0.0280214 0.00835036 0.000888345 0.0219462 -0.0194479 0.0470883 0.0243392 0.093515 0.00263309 0.0282787 -0.0459502 -0.0666501 -0.00282295 -0.0374023 -0.00306792 0.0159483
internal_weight=30661 3360 3337 59 3278 2083 1195 784 411 27301 1308 938 558 370 306 209 25993 479 181 298 200 98 380 90 367 91 191 64 358 411
internal_count=30661 3360 3337 59 3278 2083 1195 784 411 27301 1308 938 558 370 306 209 25993 479 181 298 200 98 380 90 367 91 191 64 358 411
is_linear=0
shrinkage=0.04


Tree=222
num_leaves=31
num_cat=0
split_feature=0 29 35 2 2 14 29 14 30 19 29 23 0 9 33 29 29 17 28 38 20 18 21 14 24 35 34 38 14 19
split_gain=34.7892 78.074 136.152 188.719 183.062 133.891 116.52 76.4558 71.2217 55.887 53.0677 47.992 46.494 175.419 263.869 263.666 176.672 385.033 174.252 142.611 233.435 207.876 111.515 70.2183 84.0858 65.6792 68.3812 173.926 142.146 108.798
threshold=1.0000000180025095e-35 15.845590908335227 75.250000000000014 218.50000000000003 254.50000000000003 16.415942362500004 14.114506698995692 16.268755725250003 -5.2141865522500002 12.731313911833336 12.081186551336538 17.730652438666667 5.5000000000000009 0.81174490092936691 0.97758358573142534 13.020153583158113 15.893465617996943 24.069790128416674 4.9147650771116949 25.025000000000002 15.089919202000003 14.224177527166669 25.940922054083334 19.570099617083336 20.286868337159728 64.300000000000026 28.500000000000004 27.183333333333341 62.611773307833339 12.209107970666667
decision_type=2 2 2 2 2 2 2 2 2 2 2 2 2 2 2 2 2 2 2 2 2 2 2 2 2 2 2 2 2 2
left_child=1 2 9 8 5 -5 -6 -3 11 -1 -10 -4 13 18 15 -15 22 -18 23 21 -21 -20 -16 24 -2 26 -14 28 -28 -29
right_child=12 7 3 4 6 -7 -8 -9 10 -11 -12 -13 25 14 16 -17 17 -19 19 20 -22 -23 -24 -25 -26 -27 27 29 -30 -31
leaf_value=-0.043480301364103247 -0.011916081996044211 -0.10220714537934823 -0.061011140768120926 0.06380525474195127 0.075355109155178068 0.20035389328002928 -0.059549810379034 -0.021664260909187074 0.044263542570646797 -0.008839304754947961 0.00038463050208124177 0.00019113913541886866 -0.0011425422795377806 0.024501514871915181 0.024392857058883024 0.20039008028507233 0.00015261059242581564 0.15650642920462857 0.038152232912340052 -0.035454615907833338 0.0029387513072203809 0.0053970661284292237 -0.0065225233844251372 -0.034269071542341448 0.032728407823876163 -0.005179944470486174 0.042670520319170124 -0.053021742589771749 -0.04905842059291899 0.003024641443191325
leaf_weight=84 896 22 41 27 20 20 21 132 63 660 147 41 13258 30 338 25 63 42 353 332 1070 2545 417 206 73 4052 273 56 30 5324
leaf_count=84 896 22 41 27 20 20 21 132 63 660 147 41 13258 30 338 25 63 42 353 332 1070 2545 417 206 73 4052 273 56 30 5324
internal_value=-4.99889e-12 -0.00646058 -0.00280106 0.0166787 0.068027 0.121911 0.00625747 -0.0331704 0.00120385 -0.0127504 0.0135483 -0.03041 0.000281 0.00329927 0.019511 0.104451 0.0140788 0.0626941 0.000589907 0.00432019 -0.00615297 0.00938691 0.00731774 -0.0130613 -0.00855277 -0.000557808 0.000430993 0.00410193 0.0335884 0.00244126
internal_weight=30661 1278 1124 380 88 47 41 154 292 744 210 82 29383 6390 915 55 860 105 5475 4300 1402 2898 755 1175 969 22993 18941 5683 303 5380
internal_count=30661 1278 1124 380 88 47 41 154 292 744 210 82 29383 6390 915 55 860 105 5475 4300 1402 2898 755 1175 969 22993 18941 5683 303 5380
is_linear=0
shrinkage=0.04


Tree=223
num_leaves=31
num_cat=0
split_feature=30 6 38 24 2 12 18 37 13 12 40 29 1 18 18 32 2 19 12 33 19 12 13 30 17 16 37 14 19 14
split_gain=34.3418 172.644 176.329 150.731 141.854 142.845 133.852 119.244 287.112 568.178 322.23 281.528 246.372 193.656 319.327 171.563 106.534 102.367 100.525 81.6708 56.93 56.164 122.383 281.705 96.8315 99.2724 76.813 116.364 78.4243 61.3107
threshold=6.5892215266666643 0.37940952255126054 28.758333333333336 26.445025366368061 122.50000000000001 10.503400270583336 42.053099332583336 211.43316250000001 16.67303116441667 15.846313060484045 9.6500000000000021 12.915807657668136 5.5000000000000009 10.50174412841667 17.574731947250005 -0.61410922758399511 186.50000000000003 11.891399670500002 16.760486421250004 1.2922450502574041 24.625971215916667 11.241972367649302 10.503400270583336 4.9999727698333354 25.928646370333336 17.746402132000004 193.55239450000005 15.568483227500003 22.71972589466667 17.343114795000002
decision_type=2 2 2 2 2 2 2 2 2 2 2 2 2 2 2 2 2 2 2 2 2 2 2 2 2 2 2 2 2 2
left_child=7 17 3 4 6 -6 -3 21 12 11 18 -10 13 16 -15 -13 -9 -2 -11 -5 -19 24 23 -23 26 -26 27 -1 -28 -24
right_child=1 2 -4 19 5 -7 -8 8 9 10 -12 15 -14 14 -16 -17 -18 20 -20 -21 -22 22 29 -25 25 -27 28 -29 -30 -31
leaf_value=-0.0038601069254417942 -0.12728086314771486 0.028229432819417304 -0.090706797429493502 0.019098848340040196 0.04107400622812734 -0.01889193936717054 -0.021537636917946506 -0.044290785580873494 0.0042315071821212771 0.091033511221408847 0.14535649932047817 -0.069396268996325408 -0.017214397617748806 0.18269610416655446 0.046558383017778392 -0.21752740283464567 0.077918002151307605 -0.0041078214358319255 -0.0045110945554601182 0.081498722944940843 -0.064481451818529434 0.0085921278176829229 0.0043485516468108696 0.14610529835522176 -0.098895656869218168 0.009991781896068936 0.10356983660161495 -0.050241846998327788 -0.00013810803847653526 -0.00072137371866127153
leaf_weight=803 23 303 35 167 69 806 121 25 28 20 32 22 56 51 60 29 21 51 148 42 49 116 4585 30 37 21 20 97 28 22766
leaf_count=803 23 303 35 167 69 806 121 25 28 20 32 22 56 51 60 29 21 51 148 42 49 116 4585 30 37 21 20 97 28 22766
internal_value=-1.10064e-11 -0.00558473 -0.0019492 0.000110823 -0.00496176 -0.0141632 0.014027 0.000320889 0.0198454 -0.00685338 0.0290222 -0.0976776 0.0548169 0.0805096 0.109108 -0.153628 0.0115002 -0.0511915 0.00686326 0.0316385 -0.0336909 -1.61297e-05 0.000323496 0.0368483 -0.00929911 -0.0594709 -0.00622953 -0.00885903 0.0430735 0.000128526
internal_weight=30661 1666 1543 1508 1299 875 424 28995 492 279 200 79 213 157 111 51 46 123 168 209 100 28503 27497 146 1006 58 948 900 48 27351
internal_count=30661 1666 1543 1508 1299 875 424 28995 492 279 200 79 213 157 111 51 46 123 168 209 100 28503 27497 146 1006 58 948 900 48 27351
is_linear=0
shrinkage=0.04


Tree=224
num_leaves=31
num_cat=0
split_feature=38 40 13 2 30 15 18 27 31 40 22 25 24 23 0 27 43 21 24 24 24 0 0 26 24 19 21 22 13 12
split_gain=33.5054 97.864 150.624 169.56 195.731 208.216 100.629 91.4726 86.6262 61.2763 123.971 108.878 91.3547 96.2962 57.6203 49.0266 123.334 94.6021 72.0914 145.63 48.3186 45.3608 100.631 154.767 182.45 47.1484 45.2764 44.5287 46.5163 43.0584
threshold=33.591666666666676 16.250000000000004 45.778945930500008 192.50000000000003 -2.9216806067500012 52.222968099000006 40.10894266750001 0.93703265173494477 4.8590572836666643 15.35 52.129272591222254 33.817878332854171 39.055992652034725 48.528134932666667 13.500000000000002 8.1906854782286427 768.50705102021925 21.312413452333338 55.937820314416676 50.284520818486108 30.888509728055563 14.500000000000002 15.500000000000002 28.780390197235125 31.682635056826395 25.580319766833338 38.391748176666674 37.678356521111134 34.56328076191668 40.615808512166673
decision_type=2 2 2 2 2 2 2 2 2 2 2 2 2 2 2 2 2 2 2 2 2 2 2 2 2 2 2 2 2 2
left_child=1 9 6 4 8 -6 7 -3 -4 15 12 -12 13 -11 20 18 17 -17 19 -1 -2 25 23 24 -23 -16 -9 28 -24 -22
right_child=14 2 3 -5 5 -7 -8 26 -10 10 11 -13 -14 -15 21 16 -18 -19 -20 -21 29 22 27 -25 -26 -27 -28 -29 -30 -31
leaf_value=0.00034114575282798973 0.052936566366303353 0.030991031473333184 -0.019410596976522358 0.051665939101667113 -0.010023279516469865 -0.18814728999421712 -0.13367786288261413 -0.041244880547747019 0.045649910460818892 0.050408662516105027 -0.085297053364607009 0.017520168165365856 0.11617497789363065 -0.042592221135678496 -0.033486161640035775 -0.019351688377631442 -0.02830675091306048 -0.0002951946282900666 -0.060432727096542238 0.038755745329197101 0.0043640585475734298 -0.0049388942122459414 0.0011834109604574807 0.008558217661816683 0.12404472094901066 0.00044609837906335939 -0.11166390856107077 0.040462480353754618 -0.027717186832257237 0.050841721452486055
leaf_weight=22800 62 22 128 66 21 21 23 48 44 79 26 45 24 23 107 464 310 4098 31 159 175 28 1241 201 47 169 21 43 96 39
leaf_count=22800 62 22 128 66 21 21 23 48 44 79 26 45 24 23 107 464 310 4098 31 159 175 28 1241 201 47 169 21 43 96 39
internal_value=1.86191e-11 -0.000368349 -0.0201652 -0.00438425 -0.0216708 -0.0990853 -0.0589253 -0.0400318 -0.00276721 -9.03655e-05 0.0221398 -0.0201312 0.0459592 0.0294379 0.00474667 -0.000247545 -0.00389244 -0.00223343 0.000524875 0.000607182 0.0218428 0.00230437 0.00480656 0.0268551 0.0758908 -0.0127088 -0.0626768 0.000396848 -0.000891725 0.0128343
internal_weight=30661 28453 394 280 214 42 114 91 172 28059 197 71 126 102 2208 27862 4872 4562 22990 22959 276 1932 1656 276 75 276 69 1380 1337 214
internal_count=30661 28453 394 280 214 42 114 91 172 28059 197 71 126 102 2208 27862 4872 4562 22990 22959 276 1932 1656 276 75 276 69 1380 1337 214
is_linear=0
shrinkage=0.04


Tree=225
num_leaves=31
num_cat=0
split_feature=38 24 2 35 0 30 38 36 15 35 22 30 12 0 2 2 30 25 38 7 17 20 24 17 30 13 20 19 2 31
split_gain=33.1433 56.2488 58.0218 121.759 87.9504 121.427 55.0097 212.451 279.082 156.119 155.148 117.543 95.2521 81.9922 111.977 99.6188 65.7762 79.0576 69.2574 139.454 124.338 51.8927 49.3269 47.5292 68.3148 45.5269 43.4053 35.8569 32.3947 28.5645
threshold=7.9583333333333348 24.403901156944446 359.50000000000006 43.050000000000004 2.5000000000000004 0.90179811183333325 16.150000000000002 1.0000000180025095e-35 54.54882465883334 24.750000000000004 55.318189615722268 -2.3983328199166665 46.65368971358334 22.500000000000004 82.500000000000014 140.50000000000003 24.399011852666671 39.171825156309033 16.791666666666671 -0.98296291314453399 16.02176965366667 15.288072668500002 36.979689574125011 23.245021712250004 2.3270337645833323 20.827367325583335 41.581852947166674 12.956871179416668 239.50000000000003 -8.2123047710052433
decision_type=2 2 2 2 2 2 2 2 2 2 2 2 2 2 2 2 2 2 2 2 2 2 2 2 2 2 2 2 2 2
left_child=1 2 4 27 5 -1 7 8 10 22 11 -2 26 16 -15 25 18 28 20 -20 -8 -17 -10 24 -6 -16 29 -4 -18 -9
right_child=6 -3 3 -5 23 -7 13 12 9 -11 -12 -13 -14 14 15 21 17 -19 19 -21 -22 -23 -24 -25 -26 -27 -28 -29 -30 -31
leaf_value=-0.019900350761658782 -0.016862706975826265 -0.073618438109755518 -0.030795125058147965 0.096386990171670919 0.0031761244141616358 -0.10534622018923984 -0.038677662017409568 0.078938259913614306 -0.0075021980702877043 0.15711319786530953 -0.078392080503444261 0.0036933151624660931 -0.016942545534708562 0.017242153112035002 -0.069000090177853898 -0.031468400204528686 0.084768856487103875 -0.034063876394344418 0.015623154628999342 -0.00038002345274377075 -0.0040804678605917584 -0.0038102706998667021 0.079293940246105199 0.044412729367613792 -0.027783072329650171 -0.027683894219949389 0.10723627831041814 0.012580040214943284 0.031750313327820211 0.037881892460496412
leaf_weight=158 493 20 41 25 397 32 194 33 22 27 39 4579 39 167 75 146 28 23 909 20975 1160 423 20 32 160 99 20 119 54 152
leaf_count=158 493 20 41 25 397 32 194 33 22 27 39 4579 39 167 75 146 28 23 909 20975 1160 423 20 32 160 99 20 119 54 152
internal_value=-1.04841e-11 -0.00722232 -0.00584481 0.0142924 -0.0106271 -0.0342912 0.000239471 0.00388107 0.00216293 0.0820708 0.00108415 0.00169526 0.0403565 -0.000574947 -0.0123543 -0.0190065 -0.000115743 0.0314721 -0.000258471 0.000284704 -0.00903753 -0.0109071 0.0338293 -0.00299349 -0.005717 -0.0454926 0.0512572 0.00146515 0.0498542 0.0452055
internal_weight=30661 984 964 185 779 190 29677 5424 5180 69 5111 5072 244 24253 910 743 23343 105 23238 21884 1354 569 42 589 557 174 205 160 82 185
internal_count=30661 984 964 185 779 190 29677 5424 5180 69 5111 5072 244 24253 910 743 23343 105 23238 21884 1354 569 42 589 557 174 205 160 82 185
is_linear=0
shrinkage=0.04


Tree=226
num_leaves=28
num_cat=0
split_feature=30 24 20 35 7 30 12 20 17 32 43 0 20 14 26 0 14 7 17 2 25 2 32 7 12 33 2
split_gain=34.034 34.4099 140.67 97.0021 110.126 156.189 110.676 45.5677 89.6976 207.518 101.647 92.8109 55.6339 140.121 91.6055 68.8461 65.623 146.165 57.8423 50.8026 48.7369 43.4715 26.2118 25.6011 42.2338 20.2282 15.2994
threshold=-18.31747998925 49.616510703916681 21.845650260750002 60.800000000000004 -0.9159756150367534 -2.8553449709999952 49.779445540166677 39.668042317750015 12.212221988750004 2.2959985625833323 716.13456551114166 8.5000000000000018 33.187299136916671 55.653911214166676 28.674571369004966 2.5000000000000004 56.996833138166672 -0.9159756150367534 36.141167704691604 220.50000000000003 35.727595675326391 228.50000000000003 2.7458426920833321 -0.98296291314453399 57.809910758166673 0.91024096474728078 174.50000000000003
decision_type=2 2 2 2 2 2 2 2 2 2 2 2 2 2 2 2 2 2 2 2 2 2 2 2 2 2 2
left_child=23 7 21 4 5 -4 -6 12 9 19 11 -10 16 15 -15 -14 18 -18 -2 -9 -12 -3 -5 24 25 -1 -27
right_child=1 2 3 22 6 -7 -8 8 10 -11 20 -13 13 14 -16 -17 17 -19 -20 -21 -22 -23 -24 -25 -26 26 -28
leaf_value=-0.023410606004975062 0.0014529884996659114 0.11486748263949441 -0.0026144241442742906 0.025908367335796358 0.0067367912192236295 -0.078163456479708349 0.094028807020187385 -0.049498295926529434 -7.6846444744245205e-05 -0.15019838799129834 0.042270964748595284 -0.011750845428766407 -0.020378967186847289 0.13099773038517346 0.031402016441027324 0.0076248973611105835 -0.069402539564030516 -3.5703452186858128e-05 -0.0032183002515117636 0.028962889554039126 -0.025563136368989943 0.042450803418954214 0.087345308256149293 -0.05060396442080245 -0.054823962887749079 0.049172479927539828 0.00028872964637620109
leaf_weight=22 16911 21 162 20 330 60 25 23 3439 22 111 1595 154 22 45 1598 70 159 5661 31 20 36 25 34 24 20 21
leaf_count=22 16911 21 162 20 330 60 25 23 3439 22 111 1595 154 22 45 1598 70 159 5661 31 20 36 25 34 24 20 21
internal_value=6.86221e-12 8.38844e-05 0.00898787 0.00347639 -0.000934979 -0.0230331 0.0128841 -0.000118581 -0.00350525 -0.0466444 -0.00287049 -0.0037757 0.00060236 0.0073344 0.0641051 0.00516337 6.5297e-05 -0.0212395 0.000281441 -0.00445576 0.0319146 0.0691306 0.06004 -0.0211722 -0.00967006 0.00753142 0.0241345
internal_weight=30661 30540 679 622 577 222 355 29861 5241 76 5165 5034 24620 1819 67 1752 22801 229 22572 54 131 57 45 121 87 63 41
internal_count=30661 30540 679 622 577 222 355 29861 5241 76 5165 5034 24620 1819 67 1752 22801 229 22572 54 131 57 45 121 87 63 41
is_linear=0
shrinkage=0.04


Tree=227
num_leaves=31
num_cat=0
split_feature=0 33 29 37 27 24 21 16 18 30 38 38 34 15 22 37 12 0 2 4 27 2 0 18 27 2 30 21 27 20
split_gain=33.2477 71.7349 78.2297 95.4732 148.612 284.106 92.381 84.7696 53.2566 48.1953 44.3003 75.3902 182.695 245.653 147.542 143.824 86.4268 77.5976 102.55 92.9687 64.6173 187.227 101.822 56.7494 45.3793 59.8979 83.3847 89.2751 73.1823 104.696
threshold=1.0000000180025095e-35 0.57586636968216143 15.845590908335227 183.92789450000004 2.0421877367332999 20.841436940805561 11.875902673500002 17.82167073983334 14.224177527166669 -1.8256670086666664 9.1000000000000014 16.150000000000002 18.100000000000005 54.54882465883334 55.318189615722268 70.640530500000025 48.953036100166678 22.500000000000004 82.500000000000014 20.500000000000004 7.4101440622371202 40.500000000000007 8.5000000000000018 36.50220638015486 7.8954203069102062 354.50000000000006 2.8031257199166686 19.385767093750001 1.8569121895138938 12.728903979583333
decision_type=2 2 2 2 2 2 2 2 2 2 2 2 2 2 2 2 2 2 2 2 2 2 2 2 2 2 2 2 2 2
left_child=1 -1 3 8 5 -5 -4 -6 9 -3 24 12 13 14 -12 -15 23 20 -19 -20 22 -22 -13 -14 25 26 -2 -28 -27 -30
right_child=10 2 6 4 7 -7 -8 -9 -10 -11 11 17 16 15 -16 -17 -18 18 19 -21 21 -23 -24 -25 -26 28 27 -29 29 -31
leaf_value=0.068843903809785847 -0.0058553085907159944 -0.055748341683600398 -0.11022108644247056 0.17693501154581706 -0.067762519533817595 0.001143143828958273 -0.021589187247248797 0.0076750626929521148 -0.0059160973965241524 -0.014148277432458209 0.0028607248139850671 0.0065445994465582694 0.041004274219803793 0.031933586214269914 -0.075271259744962057 0.15026308108259132 -0.018400157350632881 0.016506295635359373 -0.04396331219392461 -0.010417332781084053 -0.034754984090762012 -0.0019277490857014384 -0.00051917701087336244 0.10525481824874879 -0.039725065305829046 -0.021222339427592805 -0.084011131921897131 -0.014587486639618874 0.068871241846570272 0.0059337170341840165
leaf_weight=20 575 74 22 24 26 38 130 286 546 112 4576 4403 183 42 39 27 36 167 172 571 294 5103 12633 25 66 98 49 75 54 195
leaf_count=20 575 74 22 24 26 38 130 286 546 112 4576 4403 183 42 39 27 36 167 172 571 294 5103 12633 25 66 98 49 75 54 195
internal_value=-9.66887e-12 -0.00631583 -0.00751074 -0.00381289 0.0126287 0.0691916 -0.0344175 0.0013886 -0.0122134 -0.0306988 0.000274704 0.000582737 0.00507836 0.00332054 0.00220045 0.0782364 0.0388227 -0.000366345 -0.011817 -0.018183 9.81518e-05 -0.003716 0.00130648 0.0487267 -0.00755659 -0.00552684 -0.012271 -0.042021 0.0080586 0.0195828
internal_weight=30661 1278 1258 1106 374 62 152 312 732 186 29383 28271 4928 4684 4615 69 244 23343 910 743 22433 5397 17036 208 1112 1046 699 124 347 249
internal_count=30661 1278 1258 1106 374 62 152 312 732 186 29383 28271 4928 4684 4615 69 244 23343 910 743 22433 5397 17036 208 1112 1046 699 124 347 249
is_linear=0
shrinkage=0.04


Tree=228
num_leaves=31
num_cat=0
split_feature=33 25 12 23 35 1 18 28 15 35 30 42 15 18 28 30 6 42 27 16 15 40 17 25 15 24 28 13 40 8
split_gain=34.2749 72.4101 169.702 145.429 67.2134 106.936 112.429 86.5165 63.1203 118.03 60.1407 59.6869 52.1445 53.4279 74.4125 61.2528 46.6323 42.0258 41.919 41.3253 167.462 85.4453 111.35 64.9533 64.8503 102.389 52.2434 47.686 45.5749 40.6122
threshold=0.55784343443692286 31.447282145559033 11.241972367649302 16.304297220111113 71.40000000000002 5.5000000000000009 47.971638427750001 12.260839509047601 20.323170320666669 77.250000000000014 -4.5088973955833334 786.37033051562742 10.503400270583336 41.110703678666674 12.377788988860447 4.9999727698333354 0.37940952255126054 303.52761804100845 13.077536075243485 33.18237646475 18.071300390333338 10.850000000000001 10.883099809083339 41.614262989906258 55.653911214166676 38.142760359111115 20.829119703703928 56.996833138166672 1.7100000000000011 1.0000000180025095e-35
decision_type=2 2 2 2 2 2 2 2 2 2 2 2 2 2 2 2 2 2 2 2 2 2 2 2 2 2 2 2 2 2
left_child=1 4 -3 -4 10 6 7 -6 -5 -10 -1 29 13 14 15 16 -2 -7 -17 24 -21 23 -23 -22 26 -26 27 -14 -28 -12
right_child=12 2 3 8 5 17 -8 -9 9 -11 11 -13 19 -15 -16 18 -18 -19 -20 20 21 22 -24 -25 25 -27 28 -29 -30 -31
leaf_value=-0.054175430681647326 0.020767364467837307 -0.13254899436777287 0.086828325133770701 0.00032714292804400129 0.046567663619915642 -0.0095823989960751154 0.0023463178166123325 0.1524258255319936 -0.020903502685436306 -0.11955084509319729 -0.0028741969633956279 0.036179292188198479 0.0014402454240007923 -0.038232121163546434 0.067639351210423873 -0.070719258401542903 -0.011158780925629842 0.046092209291458131 0.00020519722066819669 -0.083656540710479024 -0.0072552155546099714 -0.032561989945473428 0.0039178551539780252 0.02105134405444066 0.10850522803223651 0.0092424367467562364 0.083718561296877658 -0.015963292631923275 0.0040890687509723333 -0.02171013496976042
leaf_weight=41 95 22 20 75 30 164 43 21 69 27 856 54 20752 99 21 40 319 25 20 40 3305 139 3632 135 23 60 23 255 23 233
leaf_count=41 95 22 20 75 30 164 43 21 69 27 856 54 20752 99 21 40 319 25 20 40 3305 139 3632 135 23 60 23 255 23 233
internal_value=6.74067e-12 -0.00555465 -0.0273483 -0.015231 -0.00239034 0.0151225 0.0499879 0.0901563 -0.0271677 -0.0486481 -0.00657625 -0.00486885 0.000321998 -0.0114074 -0.00604241 -0.00930679 -0.00383273 -0.00221803 -0.0470778 0.000567435 -0.00203824 -0.0015855 0.0025732 -0.00614435 0.00146135 0.036749 0.00132223 0.00122899 0.0439038 -0.00690429
internal_weight=30661 1680 213 191 1467 283 94 51 171 96 1184 1143 28981 594 495 474 414 189 60 28387 7251 7211 3771 3440 21136 83 21053 21007 46 1089
internal_count=30661 1680 213 191 1467 283 94 51 171 96 1184 1143 28981 594 495 474 414 189 60 28387 7251 7211 3771 3440 21136 83 21053 21007 46 1089
is_linear=0
shrinkage=0.04


Tree=229
num_leaves=31
num_cat=0
split_feature=30 40 0 17 23 16 21 2 28 37 13 12 40 29 19 18 18 32 27 15 12 32 28 15 9 12 13 30 17 16
split_gain=33.1655 154.963 168.336 160.031 151.939 163.698 147.77 133.101 115.304 108.287 262.845 523.759 295.925 258.378 167.419 245.754 197.402 158.221 101.888 96.7537 92.7011 79.3054 85.5656 76.3249 53.2712 51.2002 111.882 259.519 83.6489 89.9051
threshold=6.5892215266666643 7.4000000000000012 2.5000000000000004 17.426599813166671 16.006794968263893 20.172980558416668 19.921096915916667 238.50000000000003 4.3446642260391259 211.43316250000001 16.67303116441667 15.846313060484045 9.6500000000000021 12.915807657668136 19.64693254416667 10.50174412841667 17.574731947250005 -0.61410922758399511 7.1796354164404725 16.576447322833335 16.760486421250004 1.8395934036666708 13.337476702659108 16.502043681333337 -0.22252093395631442 11.241972367649302 10.503400270583336 4.9999727698333354 25.928646370333336 17.746402132000004
decision_type=2 2 2 2 2 2 2 2 2 2 2 2 2 2 2 2 2 2 2 2 2 2 2 2 2 2 2 2 2 2
left_child=9 3 -3 18 6 7 -5 -6 -7 25 14 13 20 -12 15 23 -17 -15 -2 -4 -13 -21 -23 -11 -16 28 27 -27 -1 -30
right_child=1 2 19 4 5 8 -8 -9 -10 10 11 12 -14 17 24 16 -18 -19 -20 21 -22 22 -24 -25 -26 26 -28 -29 29 -31
leaf_value=-0.0060160970373102762 -0.10188129876111005 -0.069354708819948846 -0.037590401920822115 0.0039610678468431741 0.004073331334317724 0.11257263207435608 0.11938541757046349 -0.035690225562088604 0.01457299437166916 -0.030096991575997451 0.0038033436877386913 0.08741349643468857 0.13930515173822641 -0.066536640145561904 0.050183195322751999 0.16681677499684419 0.027264204491739687 -0.20879117423090443 -0.0073597152613931226 -0.017460048324349574 -0.0043376034306601401 0.0026013452264051591 0.079238322683282805 0.071475745558738715 -0.014947173269810501 0.0081204612810036238 0.00013203569555807226 0.14010754389067492 -0.093019402864817025 0.010603452749727738
leaf_weight=948 37 106 143 35 312 20 36 237 486 29 28 20 32 22 32 55 23 29 36 118 148 63 37 20 54 116 27351 30 37 21
leaf_count=948 37 106 143 35 312 20 36 237 486 29 28 20 32 22 32 55 23 29 36 118 148 63 37 20 54 116 27351 30 37 21
internal_value=2.90499e-11 -0.00548825 -0.0250356 0.00212525 0.00584612 0.00203434 0.0624861 -0.0130924 0.0184465 0.000315345 0.0189212 -0.00662433 0.0278203 -0.093826 0.0523822 0.0815646 0.125667 -0.147426 -0.0552679 -0.0120222 0.00658515 0.00474962 0.030957 0.0113613 0.00928738 -5.81684e-06 0.000318453 0.0352411 -0.00886909 -0.0555008
internal_weight=30661 1666 467 1199 1126 1055 71 549 506 28995 492 279 200 79 213 127 78 51 73 361 168 218 100 49 86 28503 27497 146 1006 58
internal_count=30661 1666 467 1199 1126 1055 71 549 506 28995 492 279 200 79 213 127 78 51 73 361 168 218 100 49 86 28503 27497 146 1006 58
is_linear=0
shrinkage=0.04


Tree=230
num_leaves=31
num_cat=0
split_feature=26 38 15 34 30 29 20 14 32 11 17 25 0 40 12 38 35 7 12 12 18 30 22 14 32 30 35 19 12 20
split_gain=32.5798 53.4231 160.317 193.385 166.475 169.292 155.365 107.2 70.383 117.088 102.126 95.7855 71.4162 96.6083 78.2228 75.2819 103.633 89.3359 64.5767 48.2872 59.1737 42.6506 63.0392 56.416 52.1628 45.782 37.057 41.8104 33.3646 28.9251
threshold=18.178351626971729 16.150000000000002 54.54882465883334 18.100000000000005 -2.3983328199166665 14.632069903064389 8.3570057209166695 56.996833138166672 9.8330276125833365 0.6830127018922193 53.086786783750007 41.614262989906258 22.500000000000004 5.910000000000001 19.194468526000005 19.950000000000006 64.450000000000017 -0.98296291314453399 53.086786783750007 46.65368971358334 36.50220638015486 2.6915600868333356 11.031904999583345 13.173270829500003 3.4218326868333331 -0.91073605124999968 48.050000000000004 14.798726696666668 27.838218074750007 15.467679793416668
decision_type=2 2 2 2 2 2 2 2 2 2 2 2 2 2 2 2 2 2 2 2 2 2 2 2 2 2 2 2 2 2
left_child=21 2 3 4 5 -2 -6 18 12 10 11 -10 15 29 -15 16 -3 -17 -4 20 -5 25 -23 24 -24 28 27 -25 -1 -14
right_child=1 8 7 19 6 -7 -8 -9 9 -11 -12 -13 13 14 -16 17 -18 -19 -20 -21 -22 22 23 26 -26 -27 -28 -29 -30 -31
leaf_value=-0.010987754736195898 -0.013825137541565745 -0.0070903638944372453 -0.014993464308125632 0.039433711398756358 0.10166409061505245 -0.10616945914485876 0.0035708550682478231 0.12644012937178978 0.0067935135066413445 0.093960176181793212 -0.068999799149377011 0.089109652897585989 -0.019398540114246618 -0.051907928731605296 -0.014351202556490899 0.013720450782460699 0.016482782619270057 2.0273706247456005e-05 0.069470641468962036 -0.010499920783242068 0.10929678922349757 -0.081956077980995176 -0.016190271740321255 -0.10226826359828314 0.045069768632762131 0.00043970651379757116 0.0052625510245561599 -0.028678574504951638 -0.053903236897482033 0.0052218008090319972
leaf_weight=446 483 3916 28 164 26 34 4050 26 1361 25 28 23 96 131 275 799 323 16244 30 26 22 25 61 21 35 1509 20 30 31 373
leaf_count=446 483 3916 28 164 26 34 4050 26 1361 25 28 23 96 131 275 799 323 16244 30 26 22 25 61 21 35 1509 20 30 31 373
internal_value=9.25265e-12 0.00036056 0.00416616 0.00320845 0.00148442 -0.0198981 0.00419657 0.0589494 -0.000428012 0.00815066 0.00663137 0.00816148 -0.000984385 -0.0121841 -0.0264693 -0.000523915 -0.00529416 0.000662557 0.0286949 0.0405597 0.0476971 -0.00471526 -0.0227177 -0.0138497 0.00614412 -0.00297483 -0.0408837 -0.0589802 -0.0137768 0.000182243
internal_weight=30661 28483 4889 4805 4593 517 4076 84 23594 1437 1412 1384 22157 875 406 21282 4239 17043 58 212 186 2178 192 167 96 1986 71 51 477 469
internal_count=30661 28483 4889 4805 4593 517 4076 84 23594 1437 1412 1384 22157 875 406 21282 4239 17043 58 212 186 2178 192 167 96 1986 71 51 477 469
is_linear=0
shrinkage=0.04


Tree=231
num_leaves=31
num_cat=0
split_feature=32 18 18 27 21 33 29 22 6 28 21 32 30 15 37 30 18 28 34 23 34 27 6 30 30 6 35 27 16 29
split_gain=32.359 49.2485 53.2369 49.698 51.9976 46.4207 77.4553 367.427 129.498 112.538 108.064 87.5111 72.7327 66.8728 61.6331 45.1293 43.6877 131.617 136.174 99.4786 76.4943 66.6463 94.7804 70.4837 50.2119 167.217 91.6275 42.0768 74.0061 53.0792
threshold=-5.4576022624166614 63.889422705500003 55.653911214166676 11.912766589402354 60.444142236333342 1.2039368626732025 14.05038726758462 17.291127198666686 -0.98296291314453399 16.409100014147857 14.064811092000001 2.0168982911666657 -4.2168444700833341 55.653911214166676 184.62287450000002 -0.15743972966666495 16.018330122833337 15.943332355826431 16.300000000000001 20.605243489402778 5.3000000000000016 3.0938341225317227 1.0000000180025095e-35 0.20206057575000272 7.0547153234999973 0.60355339059327384 85.850000000000009 2.4369258194569245 23.430785579666669 16.234134978117392
decision_type=2 2 2 2 2 2 2 2 2 2 2 2 2 2 2 2 2 2 2 2 2 2 2 2 2 2 2 2 2 2
left_child=1 2 3 -1 -5 16 9 11 -9 13 -10 -8 -11 14 -7 -14 17 21 -19 -20 -18 22 -2 -23 26 -26 -22 -4 29 -29
right_child=5 -3 27 4 -6 6 7 8 10 12 -12 -13 15 -15 -16 -17 20 18 19 -21 24 23 -24 -25 25 -27 -28 28 -30 -31
leaf_value=-0.0025440477381610364 -0.0063018668289413953 -0.048889747722760626 -0.013706624727500113 -0.025138682268396783 0.028009500593850104 0.0043856309770203064 0.19081148469448089 -0.080550401329994192 -0.066997721570509455 -0.11084097989967891 0.014291575050669796 0.075202925836836756 0.015981285321712495 0.05322312602182714 -0.014413408388675083 -0.059287950969659366 -0.074021793929013341 -0.10880452417275485 0.0012415638965639201 -0.063868674625430194 0.0006992910254336542 -0.0077441601098391663 0.0098339573614642274 -0.042863434860482816 -0.038239500035384767 0.00095210657949713353 0.022760222057318865 0.04404068386554718 0.10234490820339748 -0.026104561409779958
leaf_weight=3061 1356 38 38 274 33 1937 20 25 27 21 847 22 25 41 326 26 22 34 110 57 19324 498 1021 112 228 738 306 45 21 28
leaf_count=3061 1356 38 38 274 33 1937 20 25 27 21 847 22 25 41 326 26 22 34 110 57 19324 498 1021 112 228 738 306 45 21 28
internal_value=1.20863e-11 -0.00359795 -0.00310621 -0.00408284 -0.0194257 0.000469326 0.00490253 0.0146153 0.00921275 0.00105586 0.0117803 0.130255 -0.0481891 0.00259477 0.00167751 -0.0223913 -0.000148373 -0.0045061 -0.0358373 -0.0209817 0.000525429 -0.00239778 0.000629003 -0.0141923 0.000605058 -0.00829809 0.00104319 0.0218128 0.0361718 0.0171357
internal_weight=30661 3538 3500 3368 307 27123 3317 941 899 2376 874 42 72 2304 2263 51 23806 3188 201 167 20618 2987 2377 610 20596 966 19630 132 94 73
internal_count=30661 3538 3500 3368 307 27123 3317 941 899 2376 874 42 72 2304 2263 51 23806 3188 201 167 20618 2987 2377 610 20596 966 19630 132 94 73
is_linear=0
shrinkage=0.04


Tree=232
num_leaves=31
num_cat=0
split_feature=20 28 24 17 32 34 28 29 43 7 26 30 30 16 13 23 25 16 33 21 30 6 28 27 35 21 16 20 19 2
split_gain=32.9799 72.8681 66.2159 108.438 149.221 114.612 101.027 99.8003 93.1838 79.5607 99.8165 57.9024 44.0783 107.06 95.2241 82.215 79.1091 89.5392 66.6013 52.9091 48.3776 251.895 159.599 447.333 135.283 426.302 385.15 299.091 123.404 155.187
threshold=39.668042317750015 2.9527549299911526 48.281617473944458 12.212221988750004 2.2959985625833323 35.600000000000009 17.033330733543881 16.17867714282227 716.13456551114166 -0.9159756150367534 34.348628637093263 1.6843234007499979 -2.3983328199166665 16.920962841583336 54.54882465883334 13.971116485527778 20.538073902107641 20.68051839166667 0.83393459083841048 18.693907361000004 5.8014905714166689 0.60355339059327384 10.89264058218156 6.0264526500472355 86.40000000000002 15.280320524000002 23.066687084416667 19.853156038250003 11.238188142750003 265.50000000000006
decision_type=2 2 2 2 2 2 2 2 2 2 2 2 2 2 2 2 2 2 2 2 2 2 2 2 2 2 2 2 2 2
left_child=12 11 3 4 -3 8 7 -4 -5 10 -8 -2 13 14 18 -15 -17 -18 19 -1 24 28 -23 -24 -14 26 -26 -27 29 -22
right_child=1 2 6 5 -6 -7 9 -9 -10 -11 -12 -13 20 15 -16 16 17 -19 -20 -21 21 22 23 -25 25 27 -28 -29 -30 -31
leaf_value=-0.086065743220479871 -0.021178869751182577 -0.014500053304433822 0.014357339605689048 -0.0034956392350734104 -0.14156038392157783 0.090952246094876468 0.036985923487965658 0.14072206470370294 0.03441271165772429 0.052708988681746026 -0.042253932416883869 -0.095553899168968198 0.0014569264471949123 0.06575227722011763 -0.11034870886802674 -0.021581812182808063 0.021951609707868625 -0.0019996640276693442 -0.0099159240064465946 -0.0091997047999630797 -0.12356187778440388 -0.013363007611004821 0.12935003842007028 0.0081497634144661307 0.016388074038550259 0.10322668203863047 -0.15730724513530731 -0.0064601981037606792 -0.021428392568374411 0.0086005692458933306
leaf_weight=38 103 50 20 4889 21 21 41 20 106 42 67 20 19458 29 20 300 270 3327 223 23 44 355 55 427 64 118 30 60 399 21
leaf_count=38 103 50 20 4889 21 21 41 20 106 42 67 20 19458 29 20 300 270 3327 223 23 44 355 55 427 64 118 30 60 399 21
internal_value=2.16379e-12 -0.00283739 -0.002128 -0.00299395 -0.0520813 -0.00229913 0.0210567 0.0775397 -0.00269118 0.00599458 -0.0121721 -0.0332724 0.000606545 -0.00311915 -0.0259879 -0.00134836 -0.0018477 -0.00020182 -0.020047 -0.0570835 0.0013559 -0.00611507 0.00698965 0.0219797 0.00184854 0.0298631 -0.0390466 0.0662536 -0.0297544 -0.0808632
internal_weight=30661 5400 5277 5087 71 5016 190 40 4995 150 108 123 25261 4230 304 3926 3897 3597 284 61 21031 1301 837 482 19730 272 94 178 464 65
internal_count=30661 5400 5277 5087 71 5016 190 40 4995 150 108 123 25261 4230 304 3926 3897 3597 284 61 21031 1301 837 482 19730 272 94 178 464 65
is_linear=0
shrinkage=0.04


Tree=233
num_leaves=31
num_cat=0
split_feature=40 22 27 34 20 27 43 24 13 33 22 13 13 21 24 7 29 26 17 32 20 6 2 26 38 29 17 2 25 34
split_gain=32.0464 156.027 64.2998 63.2452 58.5816 44.0249 99.1307 105.174 85.6964 81.6933 77.416 74.1633 71.5213 58.9157 57.1953 123.738 164.576 249.089 57.2839 56.7721 53.8338 167.969 121.542 70.9429 139.843 58.054 54.9453 52.0186 41.8389 32.6208
threshold=18.100000000000001 24.853935994472248 8.3557972386515917 36.400000000000006 22.718676473000006 8.0262836153491524 716.13456551114166 24.843473504506949 13.807449219083336 1.7881095120795925 36.415381564666724 16.760486421250004 20.747321899500005 29.356254581916669 49.616510703916681 -0.9159756150367534 14.759846676291508 35.776318674993064 55.653911214166676 -2.1560438728333335 39.668042317750015 0.78656609248549325 114.50000000000001 33.772259539997357 22.691666666666674 16.896298041264462 18.336640454250006 26.500000000000004 33.361311049437511 19.200000000000006
decision_type=2 2 2 2 2 2 2 2 2 2 2 2 2 2 2 2 2 2 2 2 2 2 2 2 2 2 2 2 2 2
left_child=5 -2 -3 4 -4 14 7 10 -9 13 12 -10 -7 29 20 16 -16 -18 -17 -15 23 22 -22 25 -25 -1 -23 -12 -6 -8
right_child=1 2 3 -5 28 6 9 8 11 -11 27 -13 -14 19 15 18 17 -19 -20 -21 21 26 -24 24 -26 -27 -28 -29 -30 -31
leaf_value=0.00072632644194418948 0.10946728959083558 -0.064927823424339295 0.091816758751869204 -0.023205533356026369 -0.019924874370917677 -0.011320172763702809 -0.059337332097715453 -0.079134568810462963 0.037639469989750644 0.060667335935260941 0.0097440249526074951 0.0027807637552960175 0.013294883260752689 -0.017108050630100676 -0.10803741288185119 0.078269559748707307 0.051406368563572571 -0.060981911404177226 0.0019851026648566835 0.011066673518022206 -0.037215492383233809 -0.0080087969654320593 -0.0080703113146740717 0.043749961940242964 0.0051818738819726078 -0.023849704287705886 0.0099421531517403135 -0.032124894390790124 0.040186375809664075 -0.021119014779059139
leaf_weight=19702 25 20 20 54 32 634 38 20 101 23 56 2947 269 259 20 63 96 47 21 205 266 357 1643 170 1306 155 1157 312 44 599
leaf_count=19702 25 20 20 54 32 634 38 20 101 23 56 2947 269 259 20 63 96 47 21 205 266 357 1643 170 1306 155 1157 312 44 599
internal_value=-2.14011e-11 0.0161639 0.00244285 0.0114256 0.0309056 -0.000103459 -0.00335644 -0.000614004 0.00339433 -0.0139431 -0.0102895 0.00393586 -0.00398745 -0.0155017 0.000607298 0.0197603 -0.000563722 0.0144676 0.0591984 -0.00466017 0.000416202 -0.00424041 -0.0121314 0.00116338 0.009624 0.000534491 0.00570933 -0.0257535 0.0148764 -0.0233989
internal_weight=30661 195 170 150 96 30466 5463 4339 3068 1124 1271 3048 903 1101 25003 247 163 143 84 464 24756 3423 1909 21333 1476 19857 1514 368 76 637
internal_count=30661 195 170 150 96 30466 5463 4339 3068 1124 1271 3048 903 1101 25003 247 163 143 84 464 24756 3423 1909 21333 1476 19857 1514 368 76 637
is_linear=0
shrinkage=0.04


Tree=234
num_leaves=31
num_cat=0
split_feature=33 7 21 20 14 30 25 26 28 15 14 13 10 22 12 31 30 26 34 29 35 16 7 8 30 22 11 2 0 7
split_gain=30.8248 69.0745 221.125 110.525 237.801 83.2522 70.8353 56.4943 56.4344 46.0057 57.8118 87.2401 77.6202 51.5205 77.477 45.3562 50.022 41.0679 98.8963 45.1389 37.9477 141.807 39.2509 37.3419 27.8368 67.3197 26.7996 26.5897 25.7535 25.107
threshold=0.55784343443692286 0.78656609248549303 30.490741023750001 14.339659442250001 14.485208708000002 -3.764597326583337 32.585082838715287 26.109138728465776 12.132535425495528 10.503400270583336 10.06621396075 7.737544311833334 0.68301270189221941 31.835826627638919 47.082611474750003 -6.0894857584166644 6.5892215266666643 22.500140006167154 5.3000000000000016 14.380914072180884 85.850000000000009 18.964207832500001 -0.98296291314453399 1.0000000180025095e-35 2.3270337645833323 24.959646831694503 -0.24999999999999994 236.50000000000003 10.500000000000002 -0.60355339059327384
decision_type=2 2 2 2 2 2 2 2 2 2 2 2 2 2 2 2 2 2 2 2 2 2 2 2 2 2 2 2 2 2
left_child=1 5 3 4 -3 7 8 -1 -5 13 12 -12 15 24 23 -11 -17 19 -19 -13 22 -22 -7 -15 28 -26 -25 -9 -2 -24
right_child=9 2 -4 6 -6 20 -8 27 -10 10 11 17 -14 14 -16 16 -18 18 -20 -21 21 -23 29 26 25 -27 -28 -29 -30 -31
leaf_value=-0.098418448459018357 -0.0042059305710119939 -0.059773019611214596 -0.15452735787630081 -0.043038170988622469 0.11044286173993144 0.031615658936659907 -0.087214272515848276 0.0099801116145175443 0.037463412486355416 0.068261977285146713 -0.067798028687636056 -0.0023049467227013345 0.079677145137421551 -0.023677515826727214 0.017036082708254092 0.017613492459664499 -0.032082344408739701 -0.066931383855202628 0.001340629190722949 -0.059708183624527671 0.11361357598077683 -0.019351789382371035 -0.011144293017166023 -0.088504562788666821 -0.035223620827891863 0.030663404309501253 -0.032456894900117599 -0.050206028819084168 0.021751490706906598 0.00059588740135382194
leaf_weight=22 218 24 20 38 29 54 32 23 22 20 30 5871 31 57 41 123 44 34 22212 22 21 33 429 39 100 33 21 24 85 909
leaf_count=22 218 24 20 38 29 54 32 23 22 20 30 5871 31 57 41 123 44 34 22212 22 21 33 429 39 100 33 21 24 85 909
internal_value=1.30475e-12 -0.00526768 -0.0298447 -0.012647 0.033364 -0.00259097 -0.0391534 -0.0455161 -0.0135209 0.000305362 0.0005359 0.0003771 0.0210554 -0.0107119 -0.0302811 0.0113373 0.00451998 0.000449784 0.00123628 -0.00251925 -0.000542682 0.032357 -0.00181896 -0.0468623 -0.00362038 -0.0188757 -0.0688879 -0.0207532 0.00307585 -0.00316834
internal_weight=30661 1680 165 145 53 1515 92 69 60 28981 28387 28169 218 594 158 187 167 28139 22246 5893 1446 54 1392 117 436 133 60 47 303 1338
internal_count=30661 1680 165 145 53 1515 92 69 60 28981 28387 28169 218 594 158 187 167 28139 22246 5893 1446 54 1392 117 436 133 60 47 303 1338
is_linear=0
shrinkage=0.04


Tree=235
num_leaves=31
num_cat=0
split_feature=0 31 29 17 21 35 33 19 0 0 29 27 1 0 20 30 32 34 30 32 30 18 31 24 29 16 20 27 30 30
split_gain=30.9586 67.7255 71.325 90.0825 82.1939 50.1082 73.5681 54.3862 42.5164 146.015 122.802 134.906 392.91 161.726 78.5559 79.1763 109.527 75.7126 72.7017 98.5498 70.5659 100.488 67.4301 61.4778 60.8865 60.7804 68.5218 66.1191 59.0807 57.9104
threshold=1.0000000180025095e-35 -7.4649906531666614 15.845590908335227 43.806053459000012 11.875902673500002 75.250000000000014 0.8071572688914822 12.731313911833336 8.5000000000000018 7.5000000000000009 5.4360712629181576 2.9035449354161167 1.5000000000000002 1.5000000000000002 47.108004866500011 0.60169121124999958 7.2952799316666672 35.150000000000013 1.2142745931666623 19.587232804166671 -0.49332532175000127 19.037456323083337 22.205856779000005 39.055992652034725 11.002932693374595 36.499237467666674 16.188112052500003 4.7873414803611327 -1.4611826658333322 5.8014905714166689
decision_type=2 2 2 2 2 2 2 2 2 2 2 2 2 2 2 2 2 2 2 2 2 2 2 2 2 2 2 2 2 2
left_child=1 -1 3 5 -4 7 -7 -3 9 10 -2 12 -12 -13 15 20 29 18 19 -16 21 -10 -22 -20 -18 26 28 -28 -11 -17
right_child=8 2 4 -5 -6 6 -8 -9 14 25 11 13 -14 -15 17 16 24 -19 23 -21 22 -23 -24 -25 -26 -27 27 -29 -30 -31
leaf_value=0.066934600591659552 -0.012052709265857737 -0.043277261568162639 -0.10444950374689968 0.053733101736399391 -0.020847128537984996 -0.055471551466201037 0.012203852961571834 -0.0081117581198952224 -0.0083678923973633437 -0.068335127934165629 0.047091170596909163 -0.022077491612211012 0.0026546661614778293 0.0012480039628021483 -0.011792417536708361 -0.0080828589518730093 -0.0060673204211743326 -0.078251170195066014 -0.0036791946892829048 -0.075999956846237185 0.0041325520502053965 0.0011440979944845209 0.059052729805310566 0.037964008812361012 0.035786926542863438 -0.014617611292530508 0.01397407076068736 0.035441673001093146 0.0026346928354663152 -0.045010346361568997
leaf_weight=20 1088 79 22 42 130 28 313 644 2341 23 392 523 1695 5247 873 2318 91 26 184 40 5581 7376 36 82 143 102 711 339 102 70
leaf_count=20 1088 79 22 42 130 28 313 644 2341 23 392 523 1695 5247 873 2318 91 26 184 40 5581 7376 36 82 143 102 711 339 102 70
internal_value=2.24242e-11 -0.00609453 -0.00725556 -0.00372467 -0.0329475 -0.00599274 0.00664693 -0.0119542 0.000265079 0.00234828 0.000541956 0.00228601 0.0110011 -0.000866248 -0.000846267 -0.000182785 -0.00660617 -0.010733 -0.00924402 -0.0146055 0.000915567 -0.00114751 0.00448454 0.00915818 0.0195103 0.015001 0.0175722 0.020905 -0.0104238 -0.00916532
internal_weight=30661 1278 1258 1106 152 1064 341 723 29383 10222 8945 7857 2087 5770 19161 17956 2622 1205 1179 913 15334 9717 5617 266 234 1277 1175 1050 125 2388
internal_count=30661 1278 1258 1106 152 1064 341 723 29383 10222 8945 7857 2087 5770 19161 17956 2622 1205 1179 913 15334 9717 5617 266 234 1277 1175 1050 125 2388
is_linear=0
shrinkage=0.04


Tree=236
num_leaves=31
num_cat=0
split_feature=31 14 30 35 26 28 37 1 20 30 16 20 28 0 32 35 32 0 29 17 12 32 25 24 1 4 17 12 14 30
split_gain=30.3901 70.8703 83.9125 68.8447 56.6627 102.332 73.1406 67.027 57.2272 70.0601 56.6618 126.498 112.386 79.3555 180.973 115.832 45.6262 44.2703 66.1451 82.7526 75.7275 55.727 48.2227 190.587 263.775 197.552 119.739 126.729 70.758 68.3647
threshold=-7.1272709514166648 17.259179093750003 -2.9930514240833292 86.40000000000002 27.549095182253186 12.797511155012975 179.00156150000007 1.5000000000000002 36.136014770083335 -4.3600853311666681 17.746402132000004 47.999657291166677 13.205995839560703 2.5000000000000004 -2.371834602833331 85.100000000000009 -14.41053780916666 1.0000000180025095e-35 15.845590908335227 43.806053459000012 16.268755725250003 2.5686615642500024 34.902888381930559 23.881634764958338 4.5000000000000009 27.500000000000004 15.002941532500001 50.563740136750006 56.996833138166672 6.5892215266666643
decision_type=2 2 2 2 2 2 2 2 2 2 2 2 2 2 2 2 2 2 2 2 2 2 2 2 2 2 2 2 2 2
left_child=1 2 -1 4 8 7 -7 -6 16 -10 13 12 -12 14 -4 -15 -3 18 19 -2 -20 -22 29 24 25 -24 27 -25 -28 -19
right_child=17 3 10 -5 5 6 -8 -9 9 -11 11 -13 -14 15 -16 -17 -18 22 20 -21 21 -23 23 26 -26 -27 28 -29 -30 -31
leaf_value=0.082303623528707598 -0.0056626712026845369 -0.047721460064792109 -0.11428562792078141 -0.070992738830723934 0.062848500671098012 -0.029283206299370559 0.0051765716684107881 0.0037075084365528243 -0.10509297876663151 -0.027413119413652775 0.014367779230718344 -0.012224156837501041 0.071048653941318582 -0.0029849899077556146 0.030361472252011301 0.0842431131362915 -0.005749506599817906 0.00052031104439605365 -0.086303541879169651 0.051583777034566521 -0.0048594687014818193 -0.078001746684312825 0.15413199976471992 0.010166305087041109 -0.066101881265640261 0.040928427219842425 0.0040627449890077924 0.10092628000676632 -0.0090431706471331783 -0.0096541820400699377
leaf_weight=21 1062 46 31 28 32 299 147 733 21 161 192 182 79 948 25 25 418 20187 32 42 100 20 29 64 32 165 3577 40 808 1115
leaf_count=21 1062 46 31 28 32 299 147 733 21 161 192 182 79 948 25 25 418 20187 32 42 100 20 29 64 32 165 3577 40 808 1115
internal_value=-2.15685e-12 -0.00357296 0.00290587 -0.00873884 -0.00780017 -0.00269692 -0.0179254 0.00618138 -0.0173668 -0.0363762 0.0017808 0.0135688 0.030891 -0.00340866 -0.049711 -0.000743775 -0.00991052 0.000443852 -0.00689087 -0.00348482 -0.0316296 -0.0170498 0.000797944 0.00445833 0.0402998 0.0578506 0.00265388 0.045074 0.00164779 -1.22474e-05
internal_weight=30661 3388 1503 1885 1857 1211 446 765 646 182 1482 453 271 1029 56 973 464 27273 1256 1104 152 120 26017 4715 226 194 4489 104 4385 21302
internal_count=30661 3388 1503 1885 1857 1211 446 765 646 182 1482 453 271 1029 56 973 464 27273 1256 1104 152 120 26017 4715 226 194 4489 104 4385 21302
is_linear=0
shrinkage=0.04


Tree=237
num_leaves=31
num_cat=0
split_feature=37 37 32 17 13 27 38 15 34 30 12 0 2 4 30 25 27 18 19 0 42 37 13 2 17 1 13 19 27 28
split_gain=29.7072 45.3181 57.7739 94.8213 119.844 138.225 45.4515 178.301 174.222 139.088 73.3054 66.1434 90.7212 85.0028 61.854 71.8361 67.7004 38.3036 105.795 21.9337 19.1684 31.6888 16.5449 14.7265 13.8412 9.93047 6.31627 4.96292 6.42806 3.90559
threshold=57.171691500000016 65.469746000000029 6.7799722091666679 18.506779077500003 22.717863802083336 2.0765177067105527 16.150000000000002 55.653911214166676 18.100000000000005 -2.3983328199166665 48.953036100166678 22.500000000000004 82.500000000000014 20.500000000000004 24.399011852666671 39.339398014760427 7.4101440622371202 41.557317371937508 48.540354152578239 16.500000000000004 786.37033051562742 59.102617500000015 20.390601399916669 357.50000000000006 15.09917234266667 4.5000000000000009 21.929681632583335 18.327393338833335 1.9116698552919502 5.6053332175351676
decision_type=2 2 2 2 2 2 2 2 2 2 2 2 2 2 2 2 2 2 2 2 2 2 2 2 2 2 2 2 2 2
left_child=19 2 17 4 -4 -6 7 8 9 -3 -10 14 22 -14 16 -16 -8 20 -19 23 21 -2 -13 25 -22 26 -1 28 -21 -29
right_child=1 6 3 -5 5 -7 11 -9 10 -11 -12 12 13 -15 15 -17 -18 18 -20 27 24 -23 -24 -25 -26 -27 -28 29 -30 -31
leaf_value=-0.0082496535778045655 0.0050908202880199727 -0.018851771561860541 0.0083124948575578877 0.018341472026629328 -0.17594055616855619 -0.043416131743613411 0.0010071723140364882 0.11491172005300937 0.04523729324630163 0.0039390680870234219 -0.022687671251338106 0.0086550335746869676 -0.041673833041473526 -0.0095972061427326422 0.047623996285788985 -0.033673235022208911 -0.004147600458504758 -0.083102371519375037 0.02727204091846943 0.0043616842838196919 -0.034318185109718173 -0.0073997928580718823 0.038413660566394149 0.048574647189428409 -0.0067517132295624293 0.038852331912517551 0.018000058277764103 0.0028777084734152862 -0.024697035490313459 0.023569943122565745
leaf_weight=22 589 479 29 39 20 34 17693 23 206 4059 29 128 172 571 83 22 5297 33 24 29 51 725 39 33 68 25 44 54 21 20
leaf_count=22 589 479 29 39 20 34 17693 23 206 4059 29 128 172 571 83 22 5297 33 24 29 51 725 39 33 68 25 44 54 21 20
internal_value=1.07817e-11 -0.000112433 -0.00663904 -0.0331031 -0.0572759 -0.0924993 0.000252863 0.00380788 0.0032725 0.00153342 0.0368551 -0.0004574 -0.0110351 -0.0170228 -4.06131e-05 0.0305903 -0.000180511 -0.00447218 -0.0366289 0.013788 -0.00319309 -0.00180088 0.0156047 0.0256837 -0.0185659 0.0173826 0.00925015 0.00189231 -0.00784298 0.0084702
internal_weight=30661 30413 1612 122 83 54 28801 4796 4773 4538 235 24005 910 743 23095 105 22990 1490 57 248 1433 1314 167 124 119 91 66 124 50 74
internal_count=30661 30413 1612 122 83 54 28801 4796 4773 4538 235 24005 910 743 23095 105 22990 1490 57 248 1433 1314 167 124 119 91 66 124 50 74
is_linear=0
shrinkage=0.04


Tree=238
num_leaves=31
num_cat=0
split_feature=40 22 27 20 12 27 43 7 14 12 17 31 14 13 34 33 33 13 28 19 17 23 28 30 0 29 30 0 37 27
split_gain=30.0999 144.262 62.4249 67.8118 65.6769 38.245 89.2549 98.6179 158.947 81.3366 73.4911 94.7945 78.6666 72.4295 72.5622 64.3365 56.3181 48.0999 35.5116 148.396 316.161 140.33 66.9873 158.696 153.487 121.207 80.9265 156.405 111.356 54.3458
threshold=18.100000000000001 24.425325147666733 8.3557972386515917 22.426494262333339 30.448823787333335 8.0262836153491524 716.13456551114166 -0.37940952255126015 56.996833138166672 29.526380591166667 21.473198783250005 2.3717482140833357 51.823169205750006 33.861912671000006 35.350000000000009 0.55784343443692286 1.7881095120795925 48.953036100166678 18.335238552152791 18.574427978666666 41.557317371937508 20.934581318624996 15.128279500664529 2.8031257199166686 3.5000000000000004 16.572467485081742 3.0171580197499961 2.5000000000000004 212.23726500000001 2.7816760670212339
decision_type=2 2 2 2 2 2 2 2 2 2 2 2 2 2 2 2 2 2 2 2 2 2 2 2 2 2 2 2 2 2
left_child=5 -2 -3 -4 -5 18 7 8 15 13 12 -12 -9 -8 -15 -7 17 -11 22 20 21 -20 26 24 -24 -25 28 -28 -1 -22
right_child=1 2 3 4 -6 6 9 10 -10 16 11 -13 -14 14 -16 -17 -18 -19 19 -21 29 -23 23 25 -26 -27 27 -29 -30 -31
leaf_value=0.0014571638350742075 0.11743599897623062 -0.062473090767860409 0.067764448862651303 -0.01763290817970815 0.047427725209032795 -0.062687832951545716 -0.014646551487141732 -0.011521290325201217 0.11705479130148888 0.0043104886187280353 -0.0057946700214542499 0.010667542570464948 -0.077449073498447749 -0.067512882220248385 -0.0085629987290927346 0.0098306696510278863 0.05988564621834528 -0.017176799464529133 0.17163591107417797 0.00052933341511343115 -0.074703559194292335 0.057776745197384856 -0.030687821292026948 0.035107603058826903 -0.0041228679811233888 -0.057924947023391724 -0.02707926726235671 -4.3335584452971931e-05 0.028323299799114469 0.0076103325504245176
leaf_weight=19559 20 20 29 92 34 20 282 834 22 327 1673 841 30 105 49 919 21 340 29 537 21 43 417 216 2103 25 464 1306 250 33
leaf_count=19559 20 20 29 92 34 20 282 834 22 327 1673 841 30 105 49 919 21 340 29 537 21 43 417 216 2103 25 464 1306 250 33
internal_value=-1.61853e-11 0.0156653 0.00403441 0.012616 -7.68642e-05 -0.000100267 -0.0031322 -0.000529955 0.0107761 -0.0131777 -0.00374639 -0.000287621 -0.0138104 -0.0266944 -0.0487561 0.00828608 -0.00461189 -0.00664255 0.000562192 0.00969602 0.0487636 0.103637 0.000313394 -0.00555309 -0.00851874 0.0254569 0.001064 -0.00713072 0.00179623 -0.0244006
internal_weight=30661 195 175 155 126 30466 5463 4339 961 1124 3378 2514 864 436 154 939 688 667 25003 663 126 72 24340 2761 2520 241 21579 1770 19809 54
internal_count=30661 195 175 155 126 30466 5463 4339 961 1124 3378 2514 864 436 154 939 688 667 25003 663 126 72 24340 2761 2520 241 21579 1770 19809 54
is_linear=0
shrinkage=0.04


Tree=239
num_leaves=31
num_cat=0
split_feature=32 35 13 14 12 30 40 25 40 7 18 6 31 1 2 35 22 9 0 26 22 12 30 30 38 31 27 25 15 18
split_gain=29.5864 51.9868 53.7097 36.791 107.24 116.113 95.0865 90.8894 85.5024 132.758 84.8141 145.435 80.2604 73.5246 76.252 73.0932 67.2085 66.0385 104.003 65.459 150.121 75.6932 63.8023 63.6455 70.232 57.0139 54.4854 37.3088 36.2823 43.8096
threshold=-26.50971637113194 77.250000000000014 12.961645096916669 17.343114795000002 13.963141341166668 1.0535038733333304 9.1899999999999995 20.538073902107641 6.3500000000000005 -0.98296291314453399 42.053099332583336 0.12940952255126045 -6.8404337318333353 1.5000000000000002 114.50000000000001 41.350000000000001 14.644251258666692 -0.22252093395631442 3.5000000000000004 31.692572012767368 15.761524671861139 17.575758479083337 2.9127877360000007 6.5892215266666643 28.758333333333336 1.6859916671666666 4.466099883451597 31.266180923496528 9.6988647872500007 14.696483406583335
decision_type=2 2 2 2 2 2 2 2 2 2 2 2 2 2 2 2 2 2 2 2 2 2 2 2 2 2 2 2 2 2
left_child=1 -1 -3 6 5 16 7 8 15 -10 11 -9 17 14 -7 -2 26 18 -6 21 -21 -14 -19 28 -25 -12 -5 -15 -8 -30
right_child=3 2 -4 4 12 13 23 10 9 -11 25 -13 19 27 -16 -17 -18 22 -20 20 -22 -23 -24 24 -26 -27 -28 -29 29 -31
leaf_value=-0.0055889537354232742 0.0029205371950127169 -0.001785176157951355 -0.088974519486610698 0.037369314468661811 -0.060993706030505045 -0.062969456762075424 -0.040867829873011664 -0.0066166754104546822 0.096298400331288572 0.010848465021816084 -0.0061253609533898157 0.019818614661113405 -0.0089227743684467849 -0.071079678093171061 0.039292084564055717 -0.0093965701661825104 -0.040565335376140398 -0.0011917173642303888 -0.010788821302030509 0.076950431754191723 0.0035852620611943014 4.8188864723277426e-05 0.048307472474045224 -0.024153662142934094 -0.10252686413271088 0.026613467879289265 -0.03542031721345016 -0.012721056562094463 -0.031437309197450088 0.0065007496346122049
leaf_weight=320 1869 20 26 76 70 20 39 426 32 320 647 1525 1682 106 28 1312 39 562 1161 45 5360 14290 45 142 21 98 21 21 59 279
leaf_count=320 1869 20 26 76 70 20 39 426 32 320 647 1525 1682 106 28 1312 39 562 1161 45 5360 14290 45 142 21 98 21 21 59 279
internal_value=-1.27159e-11 -0.0113047 -0.0510661 0.000136574 -0.000611137 -0.0239441 0.00273528 0.00413115 -8.96571e-05 0.0186166 0.00966235 0.0140465 -0.000298557 -0.0454903 -0.00331689 -0.00215964 0.00378083 -0.00831953 -0.0136437 0.000391088 0.00419607 -0.000896537 0.00247791 -0.0133663 -0.0342508 -0.00181878 0.0216107 -0.0614298 -0.0043367 -0.000121574
internal_weight=30661 366 46 30295 23526 311 6769 6229 3533 352 2696 1951 23215 175 48 3181 136 1838 1231 21377 5405 15972 607 540 163 745 97 127 377 338
internal_count=30661 366 46 30295 23526 311 6769 6229 3533 352 2696 1951 23215 175 48 3181 136 1838 1231 21377 5405 15972 607 540 163 745 97 127 377 338
is_linear=0
shrinkage=0.04


Tree=240
num_leaves=31
num_cat=0
split_feature=32 30 27 32 0 12 32 30 30 37 30 22 13 37 22 2 15 12 13 15 31 1 22 33 0 26 16 13 16 21
split_gain=28.7733 65.3641 66.4108 86.1633 158.839 82.6291 65.3316 103.5 80.1945 63.8266 101.406 73.6911 57.583 52.2178 78.1977 124.752 86.42 50.6815 60.7697 60.1363 59.7886 49.8593 117.852 112.618 250.099 213.663 211.949 206.358 78.8676 120.413
threshold=-1.3466319736666674 1.1781577103333325 3.0938341225317227 -19.573595013333328 3.5000000000000004 8.9031817996666689 -10.417864919629743 5.8014905714166689 3.14338850075 129.11016550000002 8.9734752198333414 15.072286907194457 56.236897135583341 179.00156150000007 51.363494634444486 240.50000000000003 59.666266569166673 54.54882465883334 54.012135563416678 52.222968099000006 1.3674858599166699 3.5000000000000004 59.597974571416735 0.8641788475735307 3.5000000000000004 28.499320792170142 22.809860294583334 13.677909053500002 40.098809374750012 17.719936450583337
decision_type=2 2 2 2 2 2 2 2 2 2 2 2 2 2 2 2 2 2 2 2 2 2 2 2 2 2 2 2 2 2
left_child=1 12 3 4 -3 -4 8 -8 -5 10 -7 -11 17 14 16 -16 -14 18 -1 -20 -19 23 28 24 25 27 -27 -2 -23 -30
right_child=21 2 5 6 -6 9 7 -9 -10 11 -12 -13 13 -15 15 -17 -18 20 19 -21 -22 22 -24 -25 -26 26 -28 -29 29 -31
leaf_value=0.00056685268256392927 0.11081222987174988 -0.12699951964039957 0.057322771565781701 -0.013277997872422611 -0.01640035241132691 0.00086560335037681984 -0.01416610562752689 -0.10451604344305539 0.055763356825138666 0.038054691276379997 0.057269070871174339 -0.012313526299821591 0.061783675362666449 0.025108954231990013 -0.11034119579475374 -0.022742171393667191 -0.035926888297711103 0.0067872899335067148 0.021307895354926588 -0.060999658719009288 0.075396660720148403 -0.00063057099393408467 0.044409324291549375 0.0017742743669919717 0.0057464152698883334 0.23591985702514648 0.068901337740882751 -0.039654937982559202 -0.067218394204974177 -0.009261871512356766
leaf_weight=7576 25 31 36 63 63 340 597 21 47 49 60 902 30 38 32 139 28 59 20 49 31 7963 89 11089 370 20 31 35 62 766
leaf_count=7576 25 31 36 63 63 340 597 21 47 49 60 902 30 38 32 139 28 59 20 49 31 7963 89 11089 370 20 31 35 62 766
internal_value=9.5545e-12 -0.0017341 -0.00782521 -0.0168344 -0.0528745 -0.00248598 -0.0121808 -0.0172362 0.0162215 -0.0040797 0.00932612 -0.00971832 -5.261e-05 -0.018316 -0.0255219 -0.039135 0.0146131 0.000577815 0.000226508 -0.0371424 0.0304194 0.000865862 -0.00138862 0.00259618 0.0215445 0.0742047 0.134399 0.0230397 -0.00185228 -0.0136016
internal_weight=30661 10211 2209 822 94 1387 728 618 110 1351 400 951 8002 267 229 171 58 7735 7645 69 90 20450 8880 11570 481 111 51 60 8791 828
internal_count=30661 10211 2209 822 94 1387 728 618 110 1351 400 951 8002 267 229 171 58 7735 7645 69 90 20450 8880 11570 481 111 51 60 8791 828
is_linear=0
shrinkage=0.04


Tree=241
num_leaves=31
num_cat=0
split_feature=38 40 29 18 32 18 27 20 32 19 28 40 16 24 22 6 33 24 15 22 23 17 29 22 2 12 12 1 29 14
split_gain=28.7727 92.1785 127.183 133.834 102.045 100.404 94.9973 92.0137 95.1824 68.6841 64.4044 56.1276 115.619 114.25 125.712 55.6628 54.2945 44.6924 39.8462 154.675 76.5339 68.2942 48.1511 85.7057 41.0447 39.7588 45.8334 55.3041 45.3941 39.2141
threshold=33.591666666666676 16.250000000000004 12.835619994746581 50.563740136750006 2.6897333571666668 41.557317371937508 6.1299031267463375 30.222317097666672 4.060299658416672 29.540989603500005 13.205995839560703 15.35 46.65368971358334 39.055992652034725 52.521048855222254 -0.25881904510252113 1.1635765855102369 30.888509728055563 23.839326554333336 28.546940603555566 28.17359706611111 13.346342045166667 9.7583125046803207 24.249080829750056 208.50000000000003 40.615808512166673 34.567480590750009 2.5000000000000004 12.985549551968733 47.082611474750003
decision_type=2 2 2 2 2 2 2 2 2 2 2 2 2 2 2 2 2 2 2 2 2 2 2 2 2 2 2 2 2 2
left_child=1 11 6 4 5 -4 7 9 -9 -3 -8 -1 29 -14 -15 18 -6 -17 19 -2 -21 -20 23 -23 -24 26 28 -28 -19 -13
right_child=15 2 3 -5 16 -7 10 8 -10 -11 -12 12 13 14 -16 17 -18 25 21 20 -22 22 24 -25 -26 -27 27 -29 -30 -31
leaf_value=-0.00022198787141420562 -0.00089481965645595843 -0.051370808322514804 -0.037208977699279784 -0.072265915675409909 0.026998176534349719 0.045489445386863336 0.038581875852176123 -0.058148270790775614 0.02337141553448005 -0.13920176049758648 -0.050025143793651035 0.040359778824582027 -0.071289047425793062 0.10314963845979599 -0.011335542635959492 0.051106146179860645 0.11208205853899321 0.00061536818094875504 -0.068266436964273453 -0.1355347596463703 -0.027542598886149273 0.10443244724046617 0.0024352434127002122 0.014296561869424443 0.032878716768821079 0.049060206592847141 0.012852951274676757 -0.077898145232881813 0.051656784601509576 0.10300317412330991
leaf_weight=27862 405 28 55 29 24 41 35 75 33 29 21 67 31 21 57 62 24 92 20 21 21 21 1283 86 75 39 22 21 40 21
leaf_count=27862 405 28 55 29 24 41 35 75 33 29 21 67 31 21 57 62 24 92 20 21 21 21 1283 86 75 39 22 21 40 21
internal_value=-1.65657e-11 -0.000341344 -0.0195545 0.00613172 0.0219201 -0.00188986 -0.0396618 -0.05494 -0.0332395 -0.0960567 0.00535424 -7.15563e-05 0.0212042 -0.00632976 0.0194874 0.00439867 0.0695401 0.0212019 0.00199822 -0.0084721 -0.0815387 0.00514988 0.00615215 0.0319868 0.00411658 0.012538 0.0043988 -0.0314674 0.0160825 0.0553088
internal_weight=30661 28453 394 173 144 96 221 165 108 57 56 28059 197 109 78 2208 48 276 1932 447 42 1485 1465 107 1358 214 175 43 132 88
internal_count=30661 28453 394 173 144 96 221 165 108 57 56 28059 197 109 78 2208 48 276 1932 447 42 1485 1465 107 1358 214 175 43 132 88
is_linear=0
shrinkage=0.04


Tree=242
num_leaves=31
num_cat=0
split_feature=26 35 35 15 29 22 25 18 0 27 19 6 19 40 25 23 20 34 0 2 34 18 0 2 12 12 21 13 30 32
split_gain=27.5523 44.45 101.005 147.443 152.535 115.801 107.405 116.436 100.999 113.564 234.917 116.274 77.5061 137.45 179.112 219.087 84.4206 69.4707 83.948 106.452 78.7515 274.17 69.2899 67.5372 88.7198 54.8963 39.8665 39.3162 37.1116 66.1853
threshold=18.178351626971729 50.250000000000007 53.20000000000001 51.427190901166675 16.572467485081742 52.521048855222254 20.634874458854171 11.603083740166669 22.500000000000004 2.9035449354161167 15.567129561333335 0.60355339059327384 13.805918579083334 13.550000000000001 28.288191956298615 17.900134479569445 10.492458841750002 32.500000000000007 12.500000000000002 134.50000000000003 31.550000000000001 49.374502718333339 22.500000000000004 226.50000000000003 19.194468526000005 8.3570057209166695 15.082617220000003 29.525153434250004 2.3270337645833323 3.1784693845833289
decision_type=2 2 2 2 2 2 2 2 2 2 2 2 2 2 2 2 2 2 2 2 2 2 2 2 2 2 2 2 2 2
left_child=28 12 3 6 5 -5 25 -8 9 10 -4 -11 13 14 16 -16 -2 20 19 -19 22 -22 -14 24 -10 -3 -25 -20 -1 -30
right_child=1 2 8 4 -6 -7 7 -9 23 11 -12 -13 17 -15 15 -17 -18 18 27 -21 21 -23 -24 26 -26 -27 -28 -29 29 -31
leaf_value=-0.0025771540422518668 0.057723373376453918 0.034799972027540205 0.028916448738962187 -0.042579433236803327 -0.0035293647803758322 -0.16999275951385501 0.069527284999688466 -0.0038203508688485093 -0.05349436298251152 -0.0076391438704305082 0.0021530164361232428 0.002622230261234911 0.00025530111856980641 -0.086331084200314101 0.14699751414132842 0.030826560798574421 0.0022543822624630041 0.057417261803384162 0.013774024784064818 -0.012465499879754321 -0.0070843122246364758 -0.15829327936876905 0.016435718547838162 -0.024596956877244846 -0.013009949215350952 -0.030358148157000758 0.0081482241708519202 -0.0051127214897298979 -0.035592618730295553 0.010436645754073794
leaf_weight=1956 48 22 594 21 38 25 36 909 125 3570 4501 3498 11961 21 33 122 514 121 432 49 150 22 439 81 282 347 224 298 146 76
leaf_count=1956 48 22 594 21 38 25 36 909 125 3570 4501 3498 11961 21 33 122 514 121 432 49 150 22 439 81 282 347 224 298 146 76
internal_value=-4.74506e-12 0.000331575 -0.0012451 -0.0114567 -0.0628346 -0.111826 -0.00817229 -0.00102616 -0.000136298 0.000720868 0.00527323 -0.00256072 0.00191524 0.014537 0.0174913 0.0555597 0.00699195 0.00122382 0.0119594 0.0372746 0.000455285 -0.026425 0.00082814 -0.0147791 -0.0254437 -0.0264734 -0.000548037 0.00606409 -0.0043362 -0.0198349
internal_weight=30661 28483 14273 1398 84 46 1314 945 12875 12163 5095 7068 14210 738 717 155 562 13472 900 170 12572 172 12400 712 407 369 305 730 2178 222
internal_count=30661 28483 14273 1398 84 46 1314 945 12875 12163 5095 7068 14210 738 717 155 562 13472 900 170 12572 172 12400 712 407 369 305 730 2178 222
is_linear=0
shrinkage=0.04


Tree=243
num_leaves=24
num_cat=0
split_feature=40 22 16 16 18 30 40 33 17 40 23 4 20 16 24 15 21 25 16 15 17 17 18
split_gain=27.978 132.959 42.7178 55.4632 37.1882 68.4514 32.0916 93.8411 85.1704 71.7254 104.68 54.2691 50.6893 39.393 106.555 60.4451 92.2746 61.8196 52.2925 25.7053 33.3263 25.5733 9.48191
threshold=18.100000000000001 24.853935994472248 46.250810433000005 49.374502718333339 26.052002970666667 -2.9930514240833292 17.600000000000005 1.3806760371391607 12.961645096916669 17.350000000000005 28.319305151722222 19.500000000000004 28.380182837416669 33.18237646475 25.413165768618057 40.615808512166673 44.97019768858334 42.009754001309027 45.778945930500008 52.664129687500001 24.175421053250002 18.805511300000006 26.424088932666667
decision_type=2 2 2 2 2 2 2 2 2 2 2 2 2 2 2 2 2 2 2 2 2 2 2
left_child=6 -2 -3 -4 -5 -6 9 8 -8 13 -11 22 -13 15 -15 17 -17 -1 -16 20 -10 -21 -12
right_child=1 2 3 4 5 -7 7 -9 19 10 11 12 -14 14 18 16 -18 -19 -20 21 -22 -23 -24
leaf_value=8.5215782822211774e-05 0.10123356409072877 -0.043708283857063011 0.057545628282241523 -0.033684149552614263 0.077702589422464372 -0.0093738901959015773 -0.094475700855255126 0.06503229065374895 -0.047387015368297418 0.10043306137124697 -0.046406779942058378 0.036043769118347856 -0.0075654530501554889 -0.08075019387262207 -0.0062828873553986845 0.031031213448086913 0.0024606375406103689 0.034262439309674153 0.00085451782557864262 -0.011178790898993611 -0.0088880866253748542 0.046479960352182388 -0.0096024551180501783
leaf_weight=22381 25 27 32 39 20 52 23 22 53 24 21 132 63 28 3143 258 605 85 3440 32 112 20 24
leaf_count=22381 25 27 32 39 20 52 23 22 53 24 21 132 63 28 3143 258 605 85 3440 32 112 20 24
internal_value=1.66313e-11 0.0151031 0.00243685 0.0111496 -0.00222588 0.014814 -9.66685e-05 -0.0140356 -0.0212835 2.42427e-05 0.0207824 0.0128173 0.0219546 -0.000158795 -0.00288437 0.000613582 0.011002 0.000214525 -0.00255318 -0.0135258 -0.0212544 0.0109977 -0.0267778
internal_weight=30661 195 170 143 111 72 30466 262 240 30204 264 240 195 29940 6611 23329 863 22466 6583 217 165 52 45
internal_count=30661 195 170 143 111 72 30466 262 240 30204 264 240 195 29940 6611 23329 863 22466 6583 217 165 52 45
is_linear=0
shrinkage=0.04


Tree=244
num_leaves=31
num_cat=0
split_feature=33 25 25 12 34 13 12 35 13 25 30 35 19 21 6 12 19 12 15 20 15 35 18 16 31 21 15 17 30 23
split_gain=27.5314 67.1171 37.0119 36.0926 31.9308 30.7341 245.025 199.845 141.164 171.845 117.691 293.332 312.52 175.528 166.779 161.58 124.766 124.539 103.982 119.307 96.7592 66.7127 55.6555 114.011 79.0412 141.69 69.2068 59.2022 51.8386 32.8609
threshold=0.38517093345905734 30.230619231673614 28.867614143607643 16.196890128250004 31.950000000000003 17.259179093750003 15.846313060484045 88.750000000000014 20.677581128333337 33.929471666541673 6.1530865599166722 86.40000000000002 19.564947802833334 15.280320524000002 0.60355339059327384 15.472375081500003 11.238188142750003 19.11705696633334 17.164261885750005 9.6959199849166691 18.727345483500002 74.050000000000011 16.758390567833334 54.012135563416678 16.270333617750001 43.459400724333342 50.186352160982246 8.9031817996666689 3.8281432009166605 21.198445707069443
decision_type=2 2 2 2 2 2 2 2 2 2 2 2 2 2 2 2 2 2 2 2 2 2 2 2 2 2 2 2 2 2
left_child=1 2 4 -3 -1 10 7 8 9 -7 11 17 13 -13 15 16 -12 21 19 -16 -20 -2 23 26 27 -26 -8 -24 -14 -19
right_child=5 3 -4 -5 -6 6 22 -9 -10 -11 14 12 28 -15 18 -17 -18 29 20 -21 -22 -23 24 -25 25 -27 -28 -29 -30 -31
leaf_value=-0.0079060239976412854 0.00019455877746300077 -0.066677798173493813 0.047241729694333941 -0.0081789367066489333 0.042493921369314194 -0.025719350293899573 -0.0050453430421264411 -0.11833996186385283 -0.097314887444178266 0.047771056428551673 -0.072140382888152249 0.033635597747305165 -0.031670616134157718 0.13393966021252351 0.058206948960820841 -0.075226102984777776 0.0012188545953143728 0.025499708493974187 0.041260293249839118 -0.021286937332547762 0.0011546229993827737 0.015185384769793427 -0.027496831745832978 0.07958747799396515 0.038593229937823222 0.0019779147883280841 -0.041957862835732246 0.00045371555868854062 0.043907336473464967 0.072881062305890601
leaf_weight=476 4234 45 22 27 21 336 2499 37 36 60 47 46 53 71 33 101 176 236 140 357 308 535 122 25 243 556 84 19689 20 26
leaf_count=476 4234 45 22 27 21 336 2499 37 36 60 47 46 53 71 33 101 176 236 140 357 308 535 122 25 243 556 84 19689 20 26
internal_value=1.34763e-11 -0.00854976 -0.00352905 -0.0447407 -0.00577645 0.000168038 -0.000495798 -0.0291202 -0.0214786 -0.0145844 0.0026315 0.0051939 0.0539819 0.0945039 -0.00888163 -0.0332528 -0.0142425 0.00335138 0.000541119 -0.0145605 0.0136876 0.00187627 8.24094e-05 -0.00542296 0.000779062 0.0131137 -0.00624575 0.000281591 -0.0109643 0.0302017
internal_weight=30661 591 519 72 497 30070 23687 469 432 396 6383 5221 190 117 1162 324 223 5031 838 390 448 4769 23218 2608 20610 799 2583 19811 73 262
internal_count=30661 591 519 72 497 30070 23687 469 432 396 6383 5221 190 117 1162 324 223 5031 838 390 448 4769 23218 2608 20610 799 2583 19811 73 262
is_linear=0
shrinkage=0.04


Tree=245
num_leaves=31
num_cat=0
split_feature=37 37 32 30 0 27 35 35 1 30 12 2 34 12 12 26 32 15 13 12 18 19 43 43 0 2 27 1 19 19
split_gain=27.4589 41.7665 54.524 91.3747 127.556 190.162 38.9958 272.197 374.189 251.027 159.033 187.037 75.1257 68.7719 139.584 94.0455 91.8931 78.186 76.9085 72.0349 35.0228 97.5412 24.7235 35.0204 20.2115 13.582 10.7685 9.22256 6.07739 4.51796
threshold=57.171691500000016 65.469746000000029 6.7799722091666679 1.1781577103333325 11.500000000000002 2.0765177067105527 40.650000000000006 39.750000000000007 4.5000000000000009 2.1677736575000002 56.236897135583341 276.50000000000006 32.500000000000007 42.632460237333341 35.350159716916671 29.126496313985122 4.5268050574999998 15.002249324666668 19.719482516583337 55.653911214166676 41.557317371937508 48.540354152578239 768.50705102021925 716.13456551114166 16.500000000000004 357.50000000000006 2.1512133171912073 4.5000000000000009 18.233881791250003 16.501281998916671
decision_type=2 2 2 2 2 2 2 2 2 2 2 2 2 2 2 2 2 2 2 2 2 2 2 2 2 2 2 2 2 2
left_child=24 2 20 4 5 -4 7 10 9 -9 12 -12 -3 14 15 -8 18 -16 -15 -18 22 -22 23 -2 25 27 -24 28 -1 -26
right_child=1 6 3 -5 -6 -7 13 8 -10 -11 11 -13 -14 16 17 -17 19 -19 -20 -21 21 -23 26 -25 29 -27 -28 -29 -30 -31
leaf_value=0.024922941625118256 -0.0015523276477011556 0.0013735993922064282 -0.173117256462574 0.028538741946220397 0.014218878486464102 -0.02854658849839423 -0.004139415499364211 0.19078509849660538 -0.047437193513744411 0.052037661050756773 -0.088273412557866637 0.0062523330431995972 0.018267993089886241 0.073019252989603128 -0.038138144207286076 0.0024131222914932794 0.0064444807523426637 -0.010365179713427467 -0.00043436083308920662 0.028487207293612784 -0.079641139064774366 0.026340062816937765 0.0042066893548305543 -0.018482133371124209 -0.014163027643833473 0.046658560751062457 0.028511580790579322 0.037393437862396239 -0.00030956366121591557 0.0054804038226899535
leaf_weight=24 1074 8922 24 30 31 37 6872 34 36 54 68 66 442 23 188 7152 681 1181 2718 364 33 24 70 239 23 33 50 25 42 101
leaf_count=24 1074 8922 24 30 31 37 6872 34 36 54 68 66 442 23 188 7152 681 1181 2718 364 33 24 70 239 23 33 50 25 42 101
internal_value=4.81328e-12 -0.000108095 -0.00637374 -0.0320827 -0.0518506 -0.0854269 0.000242595 0.00232059 0.0612015 0.105645 0.00155188 -0.041716 0.00217105 -0.000799926 -0.00198783 -0.000797733 0.00402982 -0.0141791 0.000181996 0.0141225 -0.00426871 -0.0350175 -0.00304563 -0.00463399 0.013256 0.0246751 0.0143337 0.0167031 0.00886589 0.00183686
internal_weight=30661 30413 1612 122 92 61 28801 9622 124 88 9498 134 9364 19179 15393 14024 3786 1369 2741 1045 1490 57 1433 1313 248 124 120 91 66 124
internal_count=30661 30413 1612 122 92 61 28801 9622 124 88 9498 134 9364 19179 15393 14024 3786 1369 2741 1045 1490 57 1433 1313 248 124 120 91 66 124
is_linear=0
shrinkage=0.04


Tree=246
num_leaves=31
num_cat=0
split_feature=20 34 20 40 24 29 23 34 32 21 16 26 24 19 6 1 37 24 35 0 2 18 15 2 19 14 33 23 12 26
split_gain=27.9273 93.9893 44.2331 79.5934 81.0948 115.536 55.0754 46.7538 46.7701 56.5211 48.2849 41.6342 76.0801 73.5534 149.238 70.1176 69.0975 147.07 119.28 64.9592 71.9579 83.8079 69.5867 172.16 165.592 72.3302 70.2533 60.4733 170.661 148.276
threshold=48.540354152578239 35.150000000000013 49.798668049666674 14.900000000000004 35.463082712291673 14.937270742632185 42.967753392125012 13.700000000000001 1.394428261583337 62.611773307833339 50.939826074083335 26.229244750388393 46.201425230590282 38.250241064583342 0.78656609248549325 3.5000000000000004 175.34183500000003 31.682635056826395 64.450000000000017 16.500000000000004 313.50000000000006 16.413961885666669 33.511457511500005 230.50000000000003 30.7278017175 41.102814550666672 1.5850328367759958 17.900134479569445 14.91632326691667 34.553094464547321
decision_type=2 2 2 2 2 2 2 2 2 2 2 2 2 2 2 2 2 2 2 2 2 2 2 2 2 2 2 2 2 2
left_child=11 2 3 4 6 -6 -2 -4 10 -10 -9 12 13 16 15 -15 18 -18 -1 20 27 -22 26 25 -25 -24 -21 29 -29 -13
right_child=1 -3 7 -5 5 -7 -8 8 9 -11 -12 19 -14 14 -16 -17 17 -19 -20 22 21 -23 23 24 -26 -27 -28 28 -30 -31
leaf_value=-0.00038806579839325021 -0.019072576634615306 -0.087860482590539121 0.02005979562502715 0.061291131526231765 -0.13113684684038163 -0.0094310360688429611 0.035149986174176723 -0.004799091836463678 0.002038470487259544 0.048326722871173511 -0.03039399885921739 0.016964816624369869 0.05777613188539233 -0.013289304979597077 -0.00010374740087504954 -0.052096278557325147 -0.0061554525699003895 -0.063870181579142815 0.028628487836617929 -0.00047677410272300942 -0.096604054212570192 -0.010725705143250526 -0.0018788061133311498 -0.028200039201083795 -0.12901155226926009 0.062126746922731402 0.068150989562273029 -0.034829748846938485 0.0043803222100153583 -0.071964009704008222
leaf_weight=12096 253 21 155 20 24 26 34 1499 1036 44 128 929 35 132 539 171 604 80 231 4288 20 200 241 199 30 32 24 182 7357 31
leaf_count=12096 253 21 155 20 24 26 34 1499 1036 44 128 929 35 132 539 171 604 80 231 4288 20 200 241 199 30 32 24 182 7357 31
internal_value=-6.59648e-12 -0.00351197 -0.0029617 -0.0162379 -0.020839 -0.0678498 -0.012649 -0.00130565 -0.00252901 0.00392429 -0.0068127 0.000414966 -0.00112362 -0.00127243 -0.0127299 -0.0351903 -0.000530964 -0.0129057 0.000155686 0.00199391 0.00405313 -0.0185328 -0.0017357 -0.0158305 -0.0414068 0.00562368 -9.48014e-05 0.00463777 0.00343375 0.0140932
internal_weight=30661 3240 3219 357 337 50 287 2862 2707 1080 1627 27421 13888 13853 842 303 13011 684 12327 13533 8719 220 4814 502 229 273 4312 8499 7539 960
internal_count=30661 3240 3219 357 337 50 287 2862 2707 1080 1627 27421 13888 13853 842 303 13011 684 12327 13533 8719 220 4814 502 229 273 4312 8499 7539 960
is_linear=0
shrinkage=0.04


Tree=247
num_leaves=31
num_cat=0
split_feature=0 20 2 8 22 21 25 22 29 15 10 8 29 0 1 30 15 29 4 0 20 29 31 28 35 24 14 27 1 7
split_gain=27.0062 62.543 157.23 153.129 84.0107 95.1378 56.3538 51.5194 43.8959 43.4698 47.6509 45.2655 43.0423 41.0897 164.582 147.649 214.307 588.408 232.669 122.97 158.523 107.006 62.2644 58.0678 53.4665 61.2073 84.3163 67.6119 58.3673 106.461
threshold=1.0000000180025095e-35 10.492458841750002 168.50000000000003 0.6078576107927941 14.078020116722247 12.169542611000002 26.14148386340278 20.396116708611139 14.937270742632185 22.609494026750003 -0.93301270189221908 -0.8783796973249266 13.668681088797973 5.5000000000000009 5.5000000000000009 1.6363866945000007 20.747321899500005 16.781292879403534 44.500000000000007 1.5000000000000002 15.556395308583335 12.627629664245278 -1.3258461913333341 11.331413866508049 64.300000000000026 42.92694215007544 41.102814550666672 4.6278456665895211 5.5000000000000009 -0.9159756150367534
decision_type=2 2 2 2 2 2 2 2 2 2 2 2 2 2 2 2 2 2 2 2 2 2 2 2 2 2 2 2 2 2
left_child=1 2 -1 6 5 12 -4 9 -9 10 -6 -11 -3 14 15 16 18 -18 -2 20 -17 -21 -16 -24 28 -26 27 -27 -15 -30
right_child=13 4 3 -5 7 -7 -8 8 -10 11 -12 -13 -14 24 22 19 17 -19 -20 21 -22 -23 23 -25 25 26 -28 -29 29 -31
leaf_value=-0.05509653201060636 0.033919634883920712 -0.049694335436820981 -0.033689457909627393 0.13401928172661709 0.036817140913591152 -0.015644693446430293 0.056847400733015752 -0.010507260972307515 -0.056954996683159655 0.065758471245375968 -0.0076364800783973591 0.0088027442682275109 -0.12842229115962983 -0.00055594041047272438 -0.0062554255377946667 -0.08362157226585952 -0.017884393387772105 0.15919617221690716 -0.0030574601866656869 -0.0042794871014511298 0.013548752839366596 0.0097061348084889337 -0.035462777330621816 0.035621091961860654 -0.0055477473968457867 -0.073231891956180337 0.051963834915904034 0.025439850354194639 0.021752533758660337 0.0018482507704321066
leaf_weight=28 954 25 22 26 41 110 22 97 49 26 654 158 20 16232 667 61 486 32 381 1858 48 1655 228 20 3938 20 69 25 536 2173
leaf_count=28 954 25 22 26 41 110 22 97 49 26 654 158 20 16232 667 61 486 32 381 1858 48 1655 228 20 3938 20 69 25 536 2173
internal_value=-3.85205e-13 -0.00569221 0.025013 0.0570568 -0.00824231 -0.0356885 0.011579 -0.0040919 -0.0260959 -0.000437089 -0.00501404 0.0168508 -0.0846845 0.00024758 0.00308501 0.00570935 0.0148931 -0.00694505 0.0233666 0.00101099 -0.040831 0.00230924 -0.012618 -0.0297302 -0.000540973 -0.00471129 0.024183 -0.0184143 0.000351174 0.00578649
internal_weight=30661 1278 98 70 1180 155 44 1025 146 879 695 184 45 29383 6390 5475 1853 518 1335 3622 109 3513 915 248 22993 4052 114 45 18941 2709
internal_count=30661 1278 98 70 1180 155 44 1025 146 879 695 184 45 29383 6390 5475 1853 518 1335 3622 109 3513 915 248 22993 4052 114 45 18941 2709
is_linear=0
shrinkage=0.04


Tree=248
num_leaves=31
num_cat=0
split_feature=38 40 30 25 28 35 17 27 31 27 27 18 40 22 25 24 16 28 17 30 30 31 30 30 21 21 35 30 14 22
split_gain=26.726 80.4542 124.536 172.811 116.145 149.46 125.624 98.2063 87.0468 86.516 59.7095 53.4233 50.9227 109.151 95.96 78.3851 133.089 43.6467 55.673 43.525 44.8148 131.275 42.8823 41.3194 54.579 46.9814 39.2829 38.0424 37.7322 37.5174
threshold=33.591666666666676 16.250000000000004 -2.9216806067500012 34.805843879704867 9.0514895486907161 60.800000000000004 14.226316544500001 4.3732131882470284 -2.4758874997499984 2.2998925952145868 4.3732131882470284 35.350159716916671 15.35 52.129272591222254 33.817878332854171 39.055992652034725 46.65368971358334 14.658989595349823 17.344267740750002 -6.6287634407499985 -4.2168444700833341 2.834584130416673 5.8014905714166689 -13.674665991583332 29.563787337666671 43.459400724333342 39.20000000000001 -0.55249741983333134 36.499237467666674 38.135106760111171
decision_type=2 2 2 2 2 2 2 2 2 2 2 2 2 2 2 2 2 2 2 2 2 2 2 2 2 2 2 2 2 2
left_child=1 12 3 7 -4 -6 -7 9 -5 -3 -10 19 23 15 -15 16 -14 18 -13 -2 21 -21 29 24 26 -26 -1 -20 -29 -22
right_child=11 2 4 8 5 6 -8 -9 10 -11 -12 17 13 14 -16 -17 -18 -19 27 20 22 -23 -24 -25 25 -27 -28 28 -30 -31
leaf_value=-0.024677227932131954 0.025583761323121238 0.014668735980987549 0.024451331394910812 -0.024451773223422825 -0.14121767187660392 0.038298392146825788 -0.079569439077988649 0.00028950079211166927 0.11007359074304501 -0.081198631681379724 0.030267494718233742 0.083147661341675394 0.0498001445539114 -0.080653689549519458 0.015871656901306576 0.10757951977352301 -0.065282172441482544 -0.025819456084914833 -0.011095941769771087 0.006194311916828156 0.0021516036532035271 -0.11697037455439567 -0.037387197783520058 -7.2175297492852488e-05 0.010826088799776621 -0.032952368015707549 -0.085324118447303782 0.083141206786746066 0.021104359732520197 0.040857426509624574
leaf_weight=54 122 20 25 21 33 23 39 112 30 61 30 29 82 26 45 24 20 23 39 45 1763 20 43 27607 117 59 25 21 62 41
leaf_count=54 122 20 25 21 33 23 39 112 30 61 30 29 82 26 45 24 20 23 39 45 1763 20 43 27607 117 59 25 21 62 41
internal_value=1.12891e-11 -0.00032898 -0.0182787 -0.00339625 -0.0522604 -0.0724477 -0.0358443 -0.0239757 0.0456388 -0.0575277 0.0701705 0.00423934 -7.69325e-05 0.0201884 -0.0194757 0.0425387 0.027235 0.0255122 0.033331 0.00241954 0.000941485 -0.0317025 0.0020903 -0.000220219 -0.0162479 -0.00384964 -0.0438693 0.0214893 0.0368004 0.00303128
internal_weight=30661 28453 394 274 120 95 62 193 81 81 60 2208 28059 197 71 126 102 174 151 2034 1912 65 1847 27862 255 176 79 122 83 1804
internal_count=30661 28453 394 274 120 95 62 193 81 81 60 2208 28059 197 71 126 102 174 151 2034 1912 65 1847 27862 255 176 79 122 83 1804
is_linear=0
shrinkage=0.04


Tree=249
num_leaves=31
num_cat=0
split_feature=6 6 35 16 24 19 2 18 26 26 30 19 14 17 32 12 10 2 26 12 13 27 32 37 13 19 12 13 30 15
split_gain=26.364 106.895 76.4285 69.069 60.0578 58.7211 183.749 110.618 86.8405 98.902 81.1542 100.132 60.0168 70.9138 64.2823 55.2081 96.3598 125.799 53.3337 52.4797 56.2495 51.0413 50.6146 70.9634 56.0933 118.688 50.4599 49.8329 46.0132 43.2675
threshold=0.91597561503675362 0.78656609248549325 75.250000000000014 17.655211971083336 24.403901156944446 40.655455851333336 114.50000000000001 62.611773307833339 26.475458832395343 26.719915248811017 -2.7151522215833324 50.581183024333335 12.74171675191667 17.078550716500001 -14.41053780916666 21.047930517500003 0.93301270189221952 82.500000000000014 27.363021440620219 41.102814550666672 15.650732393250001 3.5840709673423592 0.18143992908332776 83.767053500000017 36.499237467666674 26.804403458916671 50.563740136750006 16.920669425583338 1.2142745931666623 13.807449219083336
decision_type=2 2 2 2 2 2 2 2 2 2 2 2 2 2 2 2 2 2 2 2 2 2 2 2 2 2 2 2 2 2
left_child=1 5 15 -2 27 7 10 12 -8 -10 21 -12 13 -1 -14 29 18 -18 -17 20 -4 -7 24 -24 25 -6 -25 28 -5 -3
right_child=3 2 19 4 22 6 8 -9 9 -11 11 -13 14 -15 -16 16 17 -19 -20 -21 -22 -23 23 26 -26 -27 -28 -29 -30 -31
leaf_value=0.0038961990946494549 -0.0067654463374232148 0.014811913653415569 0.0076595266648711493 0.018600954881478702 -0.12818553167581559 -0.13093529979387919 -0.028646454271530796 0.071299733208758487 0.075263659656047824 -0.00053146521991069345 -0.047791135143923268 0.0037289753128396403 -0.014949909557010338 0.033880690255265848 0.0001023822601492865 0.0047950460804400572 0.025172811060721872 0.12008773446083069 0.020745501692087286 0.010221603395950853 -0.028608541336283086 -0.045544378285606701 -0.064492145010403221 -0.0064117079704667582 -0.0054116115278884536 -0.013525311095783343 0.023385227950152264 0.023028788831787276 -0.029566176171486193 -0.007205672344029114
leaf_weight=446 2616 235 104 62 20 21 178 35 28 1695 150 101 464 176 20955 660 80 31 682 199 200 24 21 155 256 52 220 366 65 364
leaf_count=446 2616 235 104 62 20 21 178 35 28 1695 150 101 464 176 20955 660 80 31 682 199 200 24 21 155 256 52 220 366 65 364
internal_value=2.35621e-11 0.000443351 0.00822568 -0.00310311 0.00476926 -0.000375825 -0.00661232 0.00024483 -0.00204762 0.000700261 -0.0359282 -0.0270599 0.000131998 0.0123806 -0.000223696 0.0116509 0.0158635 0.0516806 0.012901 -0.00574755 -0.016201 -0.0853935 -0.00256326 0.00706212 -0.0141841 -0.0453754 0.0110692 0.0155375 -0.00605151 0.00143228
internal_weight=30661 26828 2555 3833 1217 24273 2197 22076 1901 1723 296 251 22041 622 21419 2052 1453 111 1342 503 304 45 724 396 328 72 375 493 127 599
internal_count=30661 26828 2555 3833 1217 24273 2197 22076 1901 1723 296 251 22041 622 21419 2052 1453 111 1342 503 304 45 724 396 328 72 375 493 127 599
is_linear=0
shrinkage=0.04


Tree=250
num_leaves=31
num_cat=0
split_feature=20 34 30 31 31 20 40 4 30 6 25 22 15 19 2 33 18 33 20 37 13 22 40 1 20 9 30 15 31 29
split_gain=26.4163 84.5627 48.5579 62.3678 47.5614 41.7541 76.5271 40.4998 39.5041 149.346 130.775 247.035 131.599 101.007 144.208 124.905 94.0598 86.5303 101.774 78.1195 213.18 362.619 268.049 221.512 179.219 177.877 57.6608 48.6176 45.122 105.275
threshold=48.540354152578239 35.150000000000013 15.4369643515 3.5608853224166652 42.780207633583345 49.798668049666674 14.900000000000004 34.500000000000007 6.1530865599166722 0.60355339059327384 20.325277851489588 15.072286907194457 16.415942362500004 11.238188142750003 265.50000000000006 0.76730953848108141 21.257521366416672 2.1554062210687537 27.688759749333339 211.43316250000001 16.920669425583338 17.205564941361139 9.6500000000000021 5.5000000000000009 14.690236157083335 -0.56174490092936669 7.653832255083338 18.647205965166673 15.154017017250004 14.689252359720621
decision_type=2 2 2 2 2 2 2 2 2 2 2 2 2 2 2 2 2 2 2 2 2 2 2 2 2 2 2 2 2 2
left_child=8 2 4 -4 5 6 -2 -7 19 13 17 -12 -13 14 -10 -15 -17 26 -19 28 23 25 -23 24 -21 -22 -11 -25 -1 -30
right_child=1 -3 3 -5 -6 7 -8 -9 9 10 11 12 -14 15 -16 16 -18 18 -20 20 21 22 -24 27 -26 -27 -28 -29 29 -31
leaf_value=0.00014952791160552365 -0.022211171039666695 -0.083422589557511473 -0.011315719518237389 0.073326457550128302 0.0237401685175119 0.0012797445643051336 0.058404678225517273 -0.0086567845579923249 -0.11487281989483605 -0.035581469908356665 0.14721848785877228 -0.01585400177930028 0.016411441842628563 0.073198607538057403 0.011545235528187319 0.0042708917623175717 -0.037512059658404671 0.05496086307934353 -0.035271879234883403 0.013863049548651491 -0.17737822453180951 0.0012170324845808662 0.12760790413979328 0.01188424741068194 0.10323899594275281 -0.042403572064931276 -0.11876374715318283 -0.063087864160537729 0.0029644743786918586 0.038911260770091528
leaf_weight=24523 325 21 26 30 99 1612 20 1107 42 30 20 312 575 23 22 133 245 28 70 56 21 144 33 31 100 61 24 25 745 158
leaf_count=24523 325 21 26 30 99 1612 20 1107 42 30 20 312 575 23 22 133 245 28 70 56 21 144 33 31 100 61 24 25 745 158
internal_value=-1.57167e-11 -0.00341564 -0.00289369 0.0340283 -0.00354738 -0.00442906 -0.0175378 -0.00276576 0.000403583 -0.00585494 0.00244249 0.0081968 0.00506215 -0.0247517 -0.0714166 -0.0173039 -0.0228107 -0.0318941 -0.0094911 0.000771888 0.0169134 -0.00743339 0.0247814 0.0466578 0.0711553 -0.0769703 -0.0725514 -0.0215854 0.000472878 0.00925417
internal_weight=30661 3240 3219 56 3163 3064 345 2719 27421 1524 1059 907 887 465 64 401 378 152 98 25897 471 259 177 212 156 82 54 56 25426 903
internal_count=30661 3240 3219 56 3163 3064 345 2719 27421 1524 1059 907 887 465 64 401 378 152 98 25897 471 259 177 212 156 82 54 56 25426 903
is_linear=0
shrinkage=0.04


Tree=251
num_leaves=31
num_cat=0
split_feature=17 23 26 6 25 24 37 7 11 28 22 20 29 22 17 34 13 33 7 40 7 29 7 6 25 2 17 25 15 19
split_gain=25.3358 141.224 151.974 175.172 107.193 87.6166 72.2904 57.9929 236.779 131.457 129.23 107.551 123.04 90.7521 55.0784 54.3062 100.919 54.0174 52.255 106.873 220.004 87.017 50.6326 97.9672 80.9667 43.8956 43.5477 42.9897 40.9393 30.8356
threshold=13.525336108416669 53.551454762013897 31.262128612751006 -1.0000000180025095e-35 31.331447259586984 18.272148624013891 175.34183500000003 -0.98296291314453399 0.6830127018922193 12.471451195136417 40.403528987777818 21.185375797583337 16.781292879403534 16.4635970880278 15.651550480166668 35.350000000000009 18.157234049166668 1.1766518363286804 -0.78656609248549325 0.89999999999999936 -0.9159756150367534 16.515936361377861 -0.37940952255126015 0.78656609248549325 12.405035386888889 132.50000000000003 17.344267740750002 16.813928760906254 38.659786328166668 30.962329528833337
decision_type=2 2 2 2 2 2 2 2 2 2 2 2 2 2 2 2 2 2 2 2 2 2 2 2 2 2 2 2 2 2
left_child=1 2 4 -4 5 -1 -7 8 9 10 13 29 -13 -2 27 18 -17 -6 19 20 -9 -21 23 -20 -24 28 -27 -10 -18 -11
right_child=7 -3 3 -5 17 6 -8 15 14 11 -12 12 -14 -15 -16 16 25 -19 22 21 -22 -23 24 -25 -26 26 -28 -29 -30 -31
leaf_value=0.0019754741986883796 0.10997076427394693 0.094565573256948726 -0.018129198431548938 -0.13209715242227238 0.022964329169346737 -0.012414001564836874 -0.073809101805090913 0.029053686744721603 -0.0091815581457579849 0.096032809161004554 0.1121413301399776 0.0044362770082763811 -0.076383842523608886 0.025957605425115639 -0.0080574874627576051 0.07664564094373158 0.029579199403524398 0.10381909956037998 0.00046979231505393549 -0.010896071960879126 -0.013141079539277902 0.010798030505359952 0.063032579359132798 0.013620654174794489 -0.00064907137606455892 0.024854958478180849 0.0034520072889980941 -0.065651630524356491 -0.036108521807288366 0.02899202129115229
leaf_weight=1322 22 23 71 31 39 747 32 401 34 21 35 217 35 317 211 35 20 20 3184 2530 390 335 32 1267 18457 227 461 59 63 23
leaf_count=1322 22 23 71 31 39 747 32 401 34 21 35 217 35 317 211 35 20 20 3184 2530 390 335 32 1267 18457 227 461 59 63 23
internal_value=-8.11029e-12 -0.00405197 -0.00505472 -0.0527665 -0.00280166 -0.00429489 -0.014936 0.000326288 0.00991772 0.0232024 0.0389649 0.00328629 -0.00678874 0.0314098 -0.019361 -1.46376e-05 0.0102144 0.0503727 -0.000324631 -0.00476592 0.00824969 -0.00835941 0.000383187 0.00421325 -0.000538854 0.0071987 0.0105137 -0.0450067 -0.0202802 0.0609888
internal_weight=30661 2285 2262 102 2160 2101 779 28376 974 670 374 296 252 339 304 27402 806 59 26596 3656 791 2865 22940 4451 18489 771 688 93 83 44
internal_count=30661 2285 2262 102 2160 2101 779 28376 974 670 374 296 252 339 304 27402 806 59 26596 3656 791 2865 22940 4451 18489 771 688 93 83 44
is_linear=0
shrinkage=0.04


Tree=252
num_leaves=26
num_cat=0
split_feature=30 32 35 13 33 31 26 17 29 22 0 30 25 2 26 37 13 31 18 30 8 12 7 31 16
split_gain=25.8248 25.5647 48.9703 46.4709 30.6289 196.801 294.742 74.7655 79.2336 72.3653 60.0193 46.7813 122.184 132.798 78.4504 56.9281 238.799 50.6907 27.5008 25.4244 23.5665 22.2651 39.9248 10.006 9.68558
threshold=-18.31747998925 -26.50971637113194 77.250000000000014 12.961645096916669 1.1937831664895979 2.834584130416673 25.207497234642354 54.012135563416678 12.598506235574702 12.518205734138901 17.500000000000004 7.0547153234999973 28.981887617305564 20.500000000000004 21.949257273984049 211.43316250000001 16.67303116441667 6.4364557136666631 55.653911214166676 2.0201633666666656 0.87837969732492682 57.809910758166673 -0.98296291314453399 -0.97775421124999784 20.460922225000001
decision_type=2 2 2 2 2 2 2 2 2 2 2 2 2 2 2 2 2 2 2 2 2 2 2 2 2
left_child=20 2 18 -4 11 6 9 8 -7 -6 -9 15 14 -14 -13 17 -17 -3 19 24 21 22 23 -1 -2
right_child=1 4 3 -5 5 7 -8 10 -10 -11 -12 12 13 -15 -16 16 -18 -19 -20 -21 -22 -23 -24 -25 -26
leaf_value=-0.016867513834010989 -0.0070963226734287177 -8.451979176374629e-05 -0.0031857440173625948 -0.08428705625236034 0.060390718735754495 -0.0021346130123644433 0.18390002017219861 0.0032364244029877034 0.0095921975618809118 -0.047212516188621524 -0.057126863226294518 0.0028994451675680467 0.067836685225012752 -0.0051082792770606724 -0.049408090540472377 0.048597896441737599 -0.011012494119230233 -0.030326526031065525 0.036293530564289543 -0.038772786361606498 0.014495164067656906 -0.065350033037364488 -0.057703950949586358 0.019947057476750126 0.014102457267482106
leaf_weight=21 217 24688 20 26 20 1988 24 47 1719 20 60 64 42 811 162 187 253 89 24 38 27 20 26 27 41
leaf_count=21 217 24688 20 26 20 1988 24 47 1719 20 60 64 42 811 162 187 253 89 24 38 27 20 26 27 41
internal_value=-1.0848e-12 7.30708e-05 -0.010435 -0.0490256 0.00020053 0.00351909 0.0730807 0.00235183 0.00330331 0.0065891 -0.0306121 -0.000288875 -0.00844506 -0.00151662 -0.0345953 6.01166e-05 0.0143219 -0.00019315 -0.00488757 -0.00822658 -0.0184428 -0.0279037 -0.0177831 0.00384068 -0.00372752
internal_weight=30661 30540 366 46 30174 3878 64 3814 3707 40 107 26296 1079 853 226 25217 440 24777 320 296 121 94 74 48 258
internal_count=30661 30540 366 46 30174 3878 64 3814 3707 40 107 26296 1079 853 226 25217 440 24777 320 296 121 94 74 48 258
is_linear=0
shrinkage=0.04


Tree=253
num_leaves=31
num_cat=0
split_feature=33 7 21 20 15 30 25 9 26 15 22 29 20 27 30 0 28 2 1 19 27 27 1 9 30 20 0 7 35 29
split_gain=25.2502 66.527 189.641 93.549 167.003 68.6897 60.5045 50.3506 49.8154 37.9548 48.9225 61.835 45.2049 42.0386 79.9908 37.2802 121.304 110.242 96.4105 126.587 120.437 78.1995 56.7752 50.7072 61.6923 47.2948 35.9036 30.8612 31.9812 50.634
threshold=0.55784343443692286 0.78656609248549303 30.490741023750001 14.339659442250001 14.600374084500002 -3.764597326583337 32.585082838715287 1.0000000180025095e-35 26.109138728465776 10.883099809083339 31.835826627638919 13.020153583158113 31.747347664583334 11.454350839713937 6.1530865599166722 8.5000000000000018 2.4000100339212298 44.500000000000007 4.5000000000000009 12.731313911833336 3.6269304047361648 0.19331082208901171 4.5000000000000009 -0.22252093395631442 0.11846376141666505 16.75114030366667 10.500000000000002 -0.98296291314453399 71.40000000000002 12.523372645161082
decision_type=2 2 2 2 2 2 2 2 2 2 2 2 2 2 2 2 2 2 2 2 2 2 2 2 2 2 2 2 2 2
left_child=1 5 3 4 -3 8 7 -5 -1 10 13 12 -12 14 26 16 17 -11 20 -20 -18 -17 -19 24 -23 -25 -2 -7 -29 -30
right_child=9 2 -4 6 -6 27 -8 -9 -10 15 11 -13 -14 -15 -16 21 18 22 19 -21 -22 23 -24 25 -26 -27 -28 28 29 -31
leaf_value=-0.090808229690248321 -0.0096638199415489991 -0.05828009591216133 -0.14435293740034102 0.015233074372281899 0.08688951848074794 0.029388952306299298 -0.081764934509992601 -0.060132524061786097 -0.017878226029111984 0.062510485887203524 -0.093992804377167311 -0.003346121910659746 -0.03182761418282009 0.041614125799387697 -0.080243676670572986 0.019450004881715059 0.012288926382168559 -0.040883578395432968 -0.032673429461872627 -0.00087045293446284854 0.0016681649236023374 -0.0014132338356268362 -0.0037210829608904368 -0.0051068720456422254 -0.0099390589963422211 0.0021299359487984989 0.014398812615933518 -0.004642758689685395 0.045152326798825353 0.0024553475934878527
leaf_weight=22 319 21 20 37 32 54 32 23 47 23 27 87 61 32 22 307 2648 196 223 1963 4814 5899 99 1736 1764 8617 144 1087 54 251
leaf_count=22 319 21 20 37 32 54 32 23 47 23 27 87 61 32 22 307 2648 196 223 1963 4814 5899 99 1736 1764 8617 144 1087 54 251
internal_value=1.05746e-11 -0.00476762 -0.0288871 -0.0129608 0.0293695 -0.00214074 -0.0373468 -0.0136571 -0.0411313 0.000276374 -0.00897896 -0.0272594 -0.050901 -0.00279118 -0.00572101 0.000502776 0.0024717 -0.0218359 0.00327288 -0.00411476 0.0054371 -0.000568132 -0.0284121 -0.000909249 -0.00337585 0.000916462 -0.00217998 -0.000280192 -0.00143115 0.0100148
internal_weight=30661 1680 165 145 53 1515 92 60 69 28981 692 175 88 517 485 28289 9966 318 9648 2186 7462 18323 295 18016 7663 10353 463 1446 1392 305
internal_count=30661 1680 165 145 53 1515 92 60 69 28981 692 175 88 517 485 28289 9966 318 9648 2186 7462 18323 295 18016 7663 10353 463 1446 1392 305
is_linear=0
shrinkage=0.04


Tree=254
num_leaves=31
num_cat=0
split_feature=7 30 20 2 22 24 17 2 22 17 27 28 14 12 30 33 30 23 6 32 24 30 9 22 22 27 43 33 7 26
split_gain=26.7299 62.5219 71.8198 197.074 80.6275 102.566 61.504 58.7677 46.0379 55.1473 38.3584 37.1494 35.9626 114.414 74.8191 71.699 70.0666 111.694 85.1517 90.9144 81.1656 280.742 192.08 139.226 64.6757 80.5176 62.2109 61.5765 96.532 78.761
threshold=0.98296291314453421 0.24699604475000128 10.492458841750002 222.50000000000003 15.658719973638904 23.080938975965282 34.978555118666677 168.50000000000003 20.253603051805566 46.250810433000005 3.4171826633078495 17.723320367910592 17.343114795000002 13.807449219083336 0.93824042166666743 1.3484402856308277 7.653832255083338 26.656679073737262 0.37940952255126054 -9.8289305749999993 17.771688423506948 -1.6176762738333303 -0.56174490092936669 31.835826627638919 14.644251258666692 4.466099883451597 614.9586928308056 0.59342519936683857 0.60355339059327384 26.910488267086311
decision_type=2 2 2 2 2 2 2 2 2 2 2 2 2 2 2 2 2 2 2 2 2 2 2 2 2 2 2 2 2 2
left_child=12 2 3 7 5 6 -4 -2 9 -6 -9 -10 16 14 24 -16 20 18 -18 -20 26 22 -22 -23 25 -14 -1 28 29 -15
right_child=1 -3 4 -5 8 -7 -8 10 11 -11 -12 -13 13 27 15 -17 17 -19 19 -21 21 23 -24 -25 -26 -27 -28 -29 -30 -31
leaf_value=-0.0015545720720240481 -0.052317539591874393 -0.064776510617562705 -0.023727710368930049 0.11821658662387304 0.0013309639543269227 -0.096606140362805334 0.041053469347266051 -0.015931115508079529 -0.013097319193184376 0.063025746519366904 0.062410088703036312 -0.071484003454446804 0.036316346687111839 -0.028655397910725973 -0.053765423098143111 0.027163692988455296 -0.059107189713898355 0.025727959293740017 -0.068707298346054865 -0.0060050472723069542 0.15797389091022554 0.012977245750403986 0.039831608639735928 -0.013934092358216759 -0.056607145784566042 -0.055139744441956282 0.011570180484617757 0.00017322588813700567 -0.055518111764159918 0.002716692845932166
leaf_weight=2960 28 28 239 28 680 29 26 20 136 24 20 20 67 184 141 20 59 141 39 721 31 1499 76 387 26 20 718 21800 73 421
leaf_count=2960 28 28 239 28 680 29 26 20 136 24 20 20 67 184 141 20 59 141 39 721 31 1499 76 387 26 20 718 21800 73 421
internal_value=-2.26322e-11 -0.00566302 -0.00433888 0.0289037 -0.00710429 -0.0251875 -0.0173718 -0.00787223 -0.000922375 0.0034342 0.0232395 -0.0205828 0.000246311 -0.00050916 -0.0262009 -0.0437121 0.00283845 -0.00715511 -0.0128163 -0.00922266 0.00453018 0.011031 0.0740597 0.00745514 -0.0012512 0.015292 0.00100757 -0.000195986 -0.0120674 -0.00682457
internal_weight=30661 1278 1250 96 1154 294 265 68 860 704 40 156 29383 22752 274 161 6631 960 819 760 5671 1993 107 1886 113 87 3678 22478 678 605
internal_count=30661 1278 1250 96 1154 294 265 68 860 704 40 156 29383 22752 274 161 6631 960 819 760 5671 1993 107 1886 113 87 3678 22478 678 605
is_linear=0
shrinkage=0.04


Tree=255
num_leaves=26
num_cat=0
split_feature=34 34 33 29 29 24 2 27 43 7 22 12 13 37 21 24 7 30 28 30 26 16 27 20 12
split_gain=24.7852 80.0241 58.919 45.7876 51.1878 41.19 36.2891 35.6162 78.1353 87.2133 97.8882 70.222 70.7205 64.432 53.4797 47.5679 117.973 124.2 43.9477 167.443 67.2135 29.255 24.5917 14.5437 5.68299
threshold=36.400000000000006 36.100000000000001 1.2255867975468144 11.865806909905862 13.09258191121272 42.292252380756949 174.50000000000003 8.0262836153491524 716.13456551114166 -0.37940952255126015 44.638239431416679 29.526380591166667 33.861912671000006 82.356980000000007 29.356254581916669 50.284520818486108 -0.9159756150367534 -2.5735644850000017 15.128279500664529 2.9127877360000007 31.692572012767368 46.250810433000005 3.2212940470013112 25.696204533000003 26.935721907750004
decision_type=2 2 2 2 2 2 2 2 2 2 2 2 2 2 2 2 2 2 2 2 2 2 2 2 2
left_child=1 7 3 -3 23 -6 21 15 9 10 -9 12 -10 -11 -13 18 17 -17 20 -20 -1 -2 -18 -5 -23
right_child=6 2 -4 4 5 -7 -8 8 11 13 -12 14 -14 -15 -16 16 22 -19 19 -21 -22 24 -24 -25 -26
leaf_value=0.00018687482945458676 -0.066766040846705441 0.078467749254778035 -0.0303294958293438 -0.015717205894299043 0.081047526254798441 0.015086931277598654 0.023694755069234155 0.0056200598944657265 -0.01302560400669737 -0.037007663296328652 0.046902091087574524 -0.017531722759376613 -0.047019176093581451 -0.0027029659502417697 0.0050219101758697364 0.026902422574890214 0.086721158368246898 -0.053960371689593542 -0.0067414959744622584 0.025890954662444576 0.0068954339997479028 -0.028533542439341548 0.037798331644265881 0.024387591818104619 0.0016206921488046647
leaf_weight=18777 28 32 25 39 33 28 22 853 272 90 103 293 153 3288 395 86 35 47 2955 275 2738 20 31 23 20
leaf_count=18777 28 32 25 39 33 28 22 853 272 90 103 293 153 3288 395 86 35 47 2955 275 2738 20 31 23 20
internal_value=-3.13703e-12 6.17062e-05 0.0266538 0.0358446 0.0247557 0.0507705 -0.0209602 -9.57933e-05 -0.00302612 -0.000598342 0.0100678 -0.0124798 -0.0252633 -0.00361695 -0.00458305 0.000544099 0.0200224 -0.00167315 0.000387454 -0.00396319 0.00104061 -0.0354074 0.0637423 -0.00083962 -0.0134564
internal_weight=30661 30571 180 155 123 61 90 30391 5447 4334 956 1113 425 3378 688 24944 199 133 24745 3230 21515 68 66 62 40
internal_count=30661 30571 180 155 123 61 90 30391 5447 4334 956 1113 425 3378 688 24944 199 133 24745 3230 21515 68 66 62 40
is_linear=0
shrinkage=0.04


Tree=256
num_leaves=31
num_cat=0
split_feature=20 34 30 31 31 20 40 18 26 17 34 30 20 20 1 6 25 0 34 37 3 35 13 32 15 22 30 29 25 30
split_gain=24.9929 77.9457 43.493 57.1541 42.2147 37.7603 71.0105 38.7527 36.2638 81.3503 153.954 107.854 142.609 89.2476 277.815 341.273 245.728 82.1252 62.879 56.1746 208.741 156.176 210.676 279.949 106.627 90.3703 240.923 57.6507 77.1057 73.8919
threshold=48.540354152578239 35.150000000000013 15.4369643515 3.5608853224166652 42.780207633583345 49.798668049666674 14.900000000000004 17.995212821750002 25.307352910211566 31.224278410028877 11.000000000000002 0.22456393691666857 10.064494355500001 19.644072062000003 1.0000000180025095e-35 0.25881904510252091 35.359068818184035 2.5000000000000004 10.600000000000001 166.39982000000003 4.5000000000000009 64.450000000000017 13.677909053500002 -6.5538835589999991 15.472375081500003 12.236663024583338 1.135044482916663 11.986761121056318 27.271268902899333 -1.4362153078333326
decision_type=2 2 2 2 2 2 2 2 2 2 2 2 2 2 2 2 2 2 2 2 2 2 2 2 2 2 2 2 2 2
left_child=8 2 4 -4 5 6 -2 -7 19 13 -11 12 -12 14 15 -10 -16 -13 -15 21 -21 27 23 -23 -24 26 -22 28 -1 -29
right_child=1 -3 3 -5 -6 7 -8 -9 9 10 11 17 -14 18 16 -17 -18 -19 -20 20 25 22 24 -25 -26 -27 -28 29 -30 -31
leaf_value=-0.001272893083106289 -0.021238374214447461 -0.080135277807712554 -0.011285248808562756 0.069741888366639609 0.022268147459535887 -0.02100824561863707 0.056417488826438787 -0.0014439880756545336 0.026358500646109683 -0.10282589896582067 0.061480358442171444 -0.033803425231017176 0.00045746921472441453 -0.058010222752179416 0.00052349569846423525 0.13791219935362989 0.042391832964893447 -0.0070999344062984276 0.0020593888440195935 -0.12589585421681404 -0.016546018317989682 -0.049267177522182466 0.060814179723913016 0.12186733478766222 -0.045529445760572954 -0.013209176496234548 0.14439381366426296 -0.027951641446938191 0.01128769523749531 -0.0038742234026984614
leaf_weight=9154 325 21 26 30 99 173 20 2546 217 24 62 224 5239 28 1762 55 257 1039 6588 25 46 20 22 65 48 582 22 272 855 815
leaf_count=9154 325 21 26 30 99 173 20 2546 217 24 62 224 5239 28 1762 55 257 1039 6588 25 46 20 22 65 48 582 22 272 855 815
internal_value=-1.14765e-11 -0.00332234 -0.00282123 0.0321221 -0.0034399 -0.00427054 -0.0167366 -0.00268879 0.00039256 0.00166872 -0.0017013 -0.00133156 0.00117119 0.00416134 0.0109655 0.0489153 0.00585295 -0.0118359 0.00180516 -0.00126551 -0.0124735 -0.000593093 0.0392809 0.0816004 -0.0121072 -0.00811107 0.0355228 -0.00115009 -0.000199928 -0.00989912
internal_weight=30661 3240 3219 56 3163 3064 345 2719 27421 15495 6588 6564 5301 8907 2291 272 2019 1263 6616 11926 675 11251 155 85 70 650 68 11096 10009 1087
internal_count=30661 3240 3219 56 3163 3064 345 2719 27421 15495 6588 6564 5301 8907 2291 272 2019 1263 6616 11926 675 11251 155 85 70 650 68 11096 10009 1087
is_linear=0
shrinkage=0.04


Tree=257
num_leaves=31
num_cat=0
split_feature=0 31 30 33 29 35 13 0 1 31 29 29 20 28 28 23 18 15 35 38 36 38 14 19 36 0 8 31 0 28
split_gain=25.4372 58.8483 59.2932 54.4671 47.9753 92.6534 78.6145 35.9382 148.564 228.714 275.093 162.726 422.551 129.076 107.55 135.513 121.016 89.4524 49.7076 56.9126 53.5741 131.364 114.601 89.5716 59.09 65.7109 52.3774 49.7247 48.7379 47.8978
threshold=1.0000000180025095e-35 -7.4649906531666614 0.20206057575000272 0.74951929470197742 15.845590908335227 75.250000000000014 17.077736035333334 5.5000000000000009 1.0000000180025095e-35 -0.18074518266666481 11.551607836018215 15.893465617996943 24.985440177583339 4.1026448355526748 19.090423901674722 17.900134479569445 34.968778153250007 20.902493986166672 64.300000000000026 25.333333333333339 10.500000000000002 27.183333333333341 62.611773307833339 12.209107970666667 7.3000000000000016 22.500000000000004 -0.8783796973249266 -1.3990059816666631 22.500000000000004 2.7074004684643804
decision_type=2 2 2 2 2 2 2 2 2 2 2 2 2 2 2 2 2 2 2 2 2 2 2 2 2 2 2 2 2 2
left_child=1 -1 3 -3 5 -5 -6 8 9 10 -2 17 -13 -10 15 -15 -16 -11 20 27 24 22 -22 -23 25 -9 -26 -20 -21 -30
right_child=7 2 -4 4 6 -7 -8 18 13 11 -12 12 -14 14 16 -17 -18 -19 19 28 21 23 -24 -25 26 -27 -28 -29 29 -31
leaf_value=0.062550470590591434 0.0030594008788466455 -0.070719931493978955 -0.062166474600632987 -0.0095693749208955407 -0.087393412987391145 0.015476084251054116 -0.011610970433544497 -0.00075429329892092182 -0.013975940500658326 0.010374577804300259 0.16424575754337842 0.21930138338179817 0.018453310422868616 0.011386917793979297 0.1190778944015503 -0.0030926565985607331 0.019597237865130106 -0.034650326166537744 -0.03376764630949175 -0.0011919017358941739 0.037393004132550714 -0.048155400476285387 -0.044970289786656695 0.0026983889780244508 -0.02531007159181781 0.012028643923422884 -0.0051376738547917597 -0.0070810061261876887 0.041032454730434854 -0.019755529839627816
leaf_weight=20 32 20 30 711 27 354 116 10846 845 664 36 21 83 1604 25 2911 90 79 185 3201 273 56 30 5324 239 684 1489 282 22 362
leaf_count=20 32 20 30 711 27 354 116 10846 845 664 36 21 83 1604 25 2911 90 79 185 3201 273 56 30 5324 239 684 1489 282 22 362
internal_value=-2.00079e-12 -0.00552439 -0.00660666 -0.00524934 -0.00416539 -0.00124441 -0.0259195 0.000240281 0.00289389 0.0178132 0.0883934 0.0121468 0.0590092 0.000400534 0.00302432 0.00205136 0.0412235 0.00558727 -0.000497186 -0.00451824 0.000363029 0.0036123 0.0292382 0.00216906 -0.00102976 4.03533e-06 -0.00792772 -0.0176528 -0.00280727 -0.0162729
internal_weight=30661 1278 1258 1228 1208 1065 143 29383 6390 915 68 847 104 5475 4630 4515 115 743 22993 4052 18941 5683 303 5380 13258 11530 1728 467 3585 384
internal_count=30661 1278 1258 1228 1208 1065 143 29383 6390 915 68 847 104 5475 4630 4515 115 743 22993 4052 18941 5683 303 5380 13258 11530 1728 467 3585 384
is_linear=0
shrinkage=0.04


Tree=258
num_leaves=25
num_cat=0
split_feature=22 1 35 30 12 30 13 2 14 10 13 13 13 29 28 21 10 28 30 38 15 32 13 13
split_gain=24.4858 112.913 178.294 88.8722 137.046 75.6228 60.292 56.015 55.3947 81.3088 72.8725 54.3895 50.7995 80.1774 41.2111 40.0495 170.927 175.395 66.6112 43.3387 131.221 69.204 30.1867 41.0663
threshold=11.711783301472229 1.0000000180025095e-35 52.250000000000007 4.3787227498333339 8.3570057209166695 -3.1575543129166674 14.600374084500002 297.50000000000006 10.06621396075 0.68301270189221941 12.961645096916669 14.088157735416667 8.3570057209166695 10.75807346576979 16.081701255998897 10.489384900166668 -0.24999999999999994 12.193117035314371 -3.253399251499999 16.150000000000002 54.54882465883334 9.8330276125833365 27.836549992083338 21.324476029750006
decision_type=2 2 2 2 2 2 2 2 2 2 2 2 2 2 2 2 2 2 2 2 2 2 2 2
left_child=1 2 -1 5 -5 7 11 -3 9 14 -11 -7 13 -10 22 16 17 -14 -18 20 -17 -21 23 -2
right_child=8 3 -4 4 -6 6 -8 -9 12 10 -12 -13 15 -15 -16 19 18 -19 -20 21 -22 -23 -24 -25
leaf_value=-0.039584342014221917 0.0035750689670230032 -0.10049942503804746 0.11041217118501663 -0.13839016551063174 0.002943669415038565 -0.0036730608554102974 -0.062779905001322439 -0.013143667578697204 0.02007395160198212 0.120091616440387 0.020740898516443042 0.06000359805470163 0.0094837948833861631 -0.084786678318466466 0.062508250304630822 0.0022874852913133802 -0.036250058713923679 0.085535492867599303 0.0041107443243506465 -0.0014255571920339658 0.052661476603576118 0.0079410629920008136 -0.040559974014759068 0.060551783523776319
leaf_weight=21 253 23 32 21 23 878 27 24 20 21 27 22 121 28 21 5511 89 81 247 21703 84 1340 22 22
leaf_count=21 253 23 32 21 23 878 27 24 20 21 27 22 121 28 21 5511 89 81 247 21703 84 1340 22 22
internal_value=-2.15322e-11 -0.00594158 0.0509796 -0.00890506 -0.0645111 -0.00639308 -0.00388342 -0.0558922 0.000215053 0.0156801 0.0642068 -0.00211652 2.137e-05 -0.0410947 0.0083553 8.90137e-05 0.0109015 0.0399798 -0.00658006 -0.000114112 0.00304377 -0.000880868 0.0045263 0.00813321
internal_weight=30661 1071 53 1018 44 974 927 47 29590 366 48 900 29224 48 318 29176 538 202 336 28638 5595 23043 297 275
internal_count=30661 1071 53 1018 44 974 927 47 29590 366 48 900 29224 48 318 29176 538 202 336 28638 5595 23043 297 275
is_linear=0
shrinkage=0.04


Tree=259
num_leaves=31
num_cat=0
split_feature=25 12 17 37 0 20 28 30 34 27 33 34 27 30 1 37 2 29 28 35 1 19 35 25 26 17 31 6 33 20
split_gain=23.8724 133.766 45.0443 64.7042 55.5436 42.6041 32.9676 93.2786 150.324 114.645 102.827 111.45 102.7 91.9751 138.097 176.907 124.703 146.012 137.763 116.647 163.37 198.536 91.6477 243.717 74.367 98.9308 71.7308 78.619 66.5065 62.869
threshold=42.009754001309027 21.929681632583335 38.677753653833335 150.79280450000005 12.500000000000002 63.889422705500003 15.128279500664529 2.8031257199166686 11.000000000000002 6.940400781079914 0.52324410028636659 20.550000000000004 3.3873383548237928 7.653832255083338 4.5000000000000009 207.29939850000002 124.50000000000001 16.572467485081742 4.1439011205662091 85.850000000000009 5.5000000000000009 15.203666231083334 85.850000000000009 39.171825156309033 32.297427769320912 13.346342045166667 0.082114762666666521 0.60355339059327384 0.78357938773394464 37.764688647833346
decision_type=2 2 2 2 2 2 2 2 2 2 2 2 2 2 2 2 2 2 2 2 2 2 2 2 2 2 2 2 2 2
left_child=6 -2 3 -3 -4 -5 13 8 -8 10 12 -12 -9 19 16 -16 18 -18 -15 24 21 -21 28 -24 -1 -26 -11 -28 -10 -22
right_child=1 2 4 5 -6 -7 7 9 22 26 11 -13 -14 14 15 -17 17 -19 -20 20 29 -23 23 -25 25 -27 27 -29 -30 -31
leaf_value=-0.00017694653919666522 0.11160900563001633 -0.0061918688525578807 -0.064980732110830455 0.09023569108159453 0.0013114601226298364 0.013209592282772065 -0.080553001736601196 -0.05837943010470447 -0.026301662297872119 -0.01433094090182691 0.090119424949562751 0.024785215506149875 0.054127204677178742 0.1153394169807434 -0.11776459387503564 0.0082114816156606523 -0.02152195740640285 0.066126842256635426 0.0067497635163835711 -0.0020606751350625866 -0.034687445160716472 0.056357957736425136 -0.071403418256955981 0.08076932884397961 -0.05514702667668462 0.0082879242216422882 -0.029778658945341499 0.027016949237017109 -0.002504614052512049 0.022333651383717856
leaf_weight=21276 20 56 26 27 91 20 42 34 197 282 63 124 21 20 42 31 612 32 286 155 99 233 85 21 40 2371 49 191 4070 45
leaf_count=21276 20 56 26 27 91 20 42 34 197 282 63 124 21 20 42 31 612 32 286 155 99 233 85 21 40 2371 49 191 4070 45
internal_value=1.36345e-11 0.012566 0.00356207 0.0228525 -0.0134201 0.0574586 -9.91366e-05 -0.00300621 -0.00523931 0.00989845 0.0326556 0.0467962 -0.0154224 0.000497319 -0.0112509 -0.0642679 -0.00717701 -0.0171667 0.0138471 0.00099356 0.0195168 0.0330206 -0.00451597 -0.041256 0.000577535 0.0072355 -0.000651805 0.0154212 -0.00360328 -0.0168684
internal_weight=30661 240 220 103 117 47 30421 5179 4415 764 242 187 55 25242 1023 73 950 644 306 24219 532 388 4373 106 23687 2411 522 240 4267 144
internal_count=30661 240 220 103 117 47 30421 5179 4415 764 242 187 55 25242 1023 73 950 644 306 24219 532 388 4373 106 23687 2411 522 240 4267 144
is_linear=0
shrinkage=0.04


Tree=260
num_leaves=31
num_cat=0
split_feature=35 35 15 17 17 25 25 27 19 27 16 17 31 22 0 26 29 23 26 34 40 29 4 34 31 30 31 15 7 30
split_gain=24.0767 82.4702 134.191 151.311 93.9425 183.874 93.0278 130.275 99.6785 91.5314 82.7947 112.008 72.3965 69.9879 67.8763 66.2457 59.1758 108.71 88.3094 61.078 65.6837 57.7694 50.2856 48.5417 44.9185 42.2678 41.4931 35.0019 34.6531 28.289
threshold=50.250000000000007 53.20000000000001 51.427190901166675 19.409413004499999 13.346342045166667 12.783162770003473 25.246233068689264 4.3732131882470284 31.233964574833333 3.0660252267674402 14.226316544500001 35.359210229750005 1.0042255047500011 36.415381564666724 22.500000000000004 33.30354733228473 17.587740240652696 59.8105923205 35.603946376611113 32.500000000000007 15.250000000000002 14.550062042263269 12.500000000000002 30.900000000000002 2.1916359131666678 1.319845386000001 3.0064301021666648 44.796684602583341 0.91597561503675351 -8.7748265215833303
decision_type=2 2 2 2 2 2 2 2 2 2 2 2 2 2 2 2 2 2 2 2 2 2 2 2 2 2 2 2 2 2
left_child=14 2 9 -4 6 -6 26 8 -8 15 25 -12 -5 22 16 21 17 19 27 23 -21 -2 -11 -1 -9 -7 28 -18 -3 -20
right_child=1 4 3 12 5 10 7 24 -10 13 11 -13 -14 -15 -16 -17 18 -19 29 20 -22 -23 -24 -25 -26 -27 -28 -29 -30 -31
leaf_value=0.00013552508194129739 -0.01528210540305599 -0.0021201973425202252 0.028220121549523393 -0.13794932028342938 0.1216599258184433 -0.0068062346209934099 -0.027917017738024394 -0.031593757508968819 -0.13375636870520455 -0.01745026786419852 0.0039719543311964997 -0.0042721262225303112 -0.050690436493605377 0.068565283649497571 0.014740603101772389 0.037932914141565563 0.018665699179876934 -0.067332583916814709 -0.025927444704704816 0.019665574914926574 -0.0020058468330938083 -0.067786544039845464 0.010383228096663137 -0.015008255536708261 0.037206845716996624 -0.027908344648071917 0.047902140929585411 0.080697869202771846 -0.034113078733829606 0.013026625108757945
leaf_weight=14094 798 210 23 29 20 603 24 49 35 145 7660 4021 32 27 560 36 22 38 36 525 390 35 366 347 22 203 21 43 73 174
leaf_count=14094 798 210 23 29 20 603 24 49 35 145 7660 4021 32 27 560 36 22 38 36 525 390 35 366 347 22 203 21 43 73 174
internal_value=-9.72782e-12 -0.00118863 -0.0100968 -0.0592091 -0.000162273 0.000472583 -0.0184575 -0.0467771 -0.0907031 -0.00716477 0.000278481 0.00113406 -0.0921742 0.00580155 0.00105702 -0.0151922 0.000567977 0.000239427 0.0189596 0.000406641 0.0104286 -0.0174882 0.00248527 -0.000228362 -0.0102753 -0.012121 -0.00634721 0.0597024 -0.0103728 0.00634878
internal_weight=30661 14432 1491 84 12941 12507 434 130 59 1407 12487 11681 61 538 16229 869 15669 15394 275 15356 915 833 511 14441 71 806 304 65 283 210
internal_count=30661 14432 1491 84 12941 12507 434 130 59 1407 12487 11681 61 538 16229 869 15669 15394 275 15356 915 833 511 14441 71 806 304 65 283 210
is_linear=0
shrinkage=0.04


Tree=261
num_leaves=31
num_cat=0
split_feature=20 34 30 27 31 20 40 11 30 17 0 23 32 38 19 25 13 35 1 18 12 37 19 13 12 35 37 40 12 22
split_gain=23.7024 72.5678 38.2609 50.8647 38.2032 34.8503 65.2738 37.1084 33.8199 112.713 123.559 126.309 118.843 112.824 116.949 72.3603 58.9812 233.321 245.432 274.71 224.311 198.452 200.4 151.389 119.827 61.3339 59.9333 274.419 60.8131 51.7749
threshold=48.540354152578239 35.150000000000013 15.4369643515 14.117914256762713 42.780207633583345 49.798668049666674 14.900000000000004 0.6830127018922193 6.1530865599166722 17.426599813166671 2.5000000000000004 13.971116485527778 -4.5236393665630024 27.183333333333341 11.238188142750003 29.094692714552085 17.259179093750003 86.40000000000002 5.5000000000000009 20.024785327000004 15.846313060484045 208.88048550000002 16.018330122833337 20.677581128333337 18.505840938500004 74.050000000000011 211.43316250000001 9.6500000000000021 19.039098172833338 17.755459818416714
decision_type=2 2 2 2 2 2 2 2 2 2 2 2 2 2 2 2 2 2 2 2 2 2 2 2 2 2 2 2 2 2
left_child=8 2 4 -4 5 6 -2 -7 16 12 13 -12 -10 14 -11 -13 17 24 19 -19 21 23 -23 -18 25 -1 28 -28 -22 -15
right_child=1 -3 3 -5 -6 7 -8 -9 9 10 11 15 -14 29 -16 -17 20 18 -20 -21 26 22 -24 -25 -26 -27 27 -29 -30 -31
leaf_value=-0.00039006835120634838 -0.020414541121744196 -0.077351160556787535 -0.0029922115942463278 0.074041674534479782 0.021123919279286356 -0.0042973514664701147 0.054038499593734746 0.010283409424031838 -0.13010219633934045 -0.070305871552810442 0.099414394590156996 -0.010065395725724843 -0.024199166739867495 -0.10767797741889953 0.0033030421801387723 0.011477476517078884 -0.0078450528108528917 0.10939887123345171 -0.026297955740581861 -0.0056552038661071237 -0.0053212655146987822 -0.12244151508808136 0.018691409230232239 -0.10168478586276372 0.02677185028648605 0.013850211035153204 0.0016373039536178113 0.13605261999985266 0.0010538507274390331 -0.041730348162353041
leaf_weight=4257 325 21 32 24 99 2403 20 316 21 41 22 426 88 25 219 602 331 103 55 49 2782 60 22 30 313 546 150 29 17170 80
leaf_count=4257 325 21 32 24 99 2403 20 316 21 41 22 426 88 25 219 602 331 103 55 49 2782 60 22 30 313 546 150 29 17170 80
internal_value=-3.6277e-12 -0.00323543 -0.00275192 0.0300223 -0.00333217 -0.00412237 -0.0160984 -0.00260279 0.000382291 -0.00540848 -0.0023893 0.00457971 -0.0446025 -0.0224371 -0.00830452 0.00255018 0.000723069 0.00447602 0.0461091 0.0723091 -0.000247913 -0.028403 -0.0845766 -0.0156434 0.00279149 0.00122875 0.000371664 0.0234141 0.000164939 -0.0574322
internal_weight=30661 3240 3219 56 3163 3064 345 2719 27421 1524 1415 1050 109 365 260 1028 25897 5323 207 152 20574 443 82 361 5116 4803 20131 179 19952 105
internal_count=30661 3240 3219 56 3163 3064 345 2719 27421 1524 1415 1050 109 365 260 1028 25897 5323 207 152 20574 443 82 361 5116 4803 20131 179 19952 105
is_linear=0
shrinkage=0.04


Tree=262
num_leaves=31
num_cat=0
split_feature=37 37 12 27 22 2 22 37 22 27 10 24 29 25 30 14 34 30 12 31 7 31 30 7 29 12 4 33 30 28
split_gain=23.6152 36.0817 49.7784 204.053 79.4453 52.3277 41.8867 33.9902 46.0743 36.4204 69.4057 64.9708 47.9389 41.9082 82.9444 80.5808 31.0935 38.0132 25.2776 19.3219 19.1701 17.5091 19.6274 16.3338 15.6931 14.8979 14.1355 12.7795 8.83853 7.35467
threshold=57.171691500000016 65.469746000000029 36.501839981821526 1.9317365023882724 48.787668673136615 26.500000000000004 48.787668673136615 66.677417500000004 33.351759190750066 7.4101440622371202 0.93301270189221952 24.843473504506949 7.7451776608984622 20.841255127715279 -4.8274720295833333 17.426361950833336 14.15 -2.9930514240833292 48.953036100166678 -5.6544990318333346 -0.98296291314453399 -5.2540661859999958 1.135044482916663 -0.78656609248549325 12.711798164629963 25.231331991000001 49.500000000000007 1.1086686270307708 -5.4686147665833333 5.3621473254555285
decision_type=2 2 2 2 2 2 2 2 2 2 2 2 2 2 2 2 2 2 2 2 2 2 2 2 2 2 2 2 2 2
left_child=21 2 16 4 -4 6 -5 8 19 13 11 -11 -12 14 -9 -15 20 -18 28 -3 26 -1 25 -22 -21 -23 -2 -19 -10 -27
right_child=1 7 3 5 -6 -7 -8 9 18 10 12 -13 -14 15 -16 -17 17 27 -20 24 23 22 -24 -25 -26 29 -28 -29 -30 -31
leaf_value=0.046358286047523671 -0.035054942450007877 0.037370142436027529 -0.16137986612319946 -0.002756196445956522 -0.048635699629783632 -0.050337108697580256 0.060871439507603653 -0.042438410613918676 0.079480070954277407 -0.010958261303525072 0.0075032890432102737 -0.0010150961666462851 0.056757049846649171 0.0094726022587465885 -0.0014409244137101999 0.0008583044827734209 -0.065963443145155912 -0.0067695790676926531 0.0064828148707747456 0.0071103269675875016 0.011333915882035701 0.006770553380971954 -0.026918371942910281 -0.00097001150272771482 -0.021425398190483627 0.04996790837319124 -0.0055383555582542536 -0.024476033112464043 0.04394633372624715 0.018653010402007827
leaf_weight=22 37 25 20 49 20 23 25 80 21 1363 86 4600 50 1977 6058 14339 20 398 20 116 240 155 22 615 42 21 87 78 24 28
leaf_count=22 37 25 20 49 20 23 25 80 21 1363 86 4600 50 1977 6058 14339 20 398 20 116 240 155 22 615 42 21 87 78 24 28
internal_value=-3.18606e-12 -0.000100244 -0.00592389 -0.0289878 -0.105008 0.00236061 0.0187396 0.000225707 0.0149703 9.76413e-05 -0.00264345 -0.00328787 0.0256113 0.000842183 -0.00197527 0.00190209 -0.00378168 -0.0119409 0.0438992 0.004695 0.000352107 0.0122932 0.00897718 0.00248372 -0.000475119 0.0128483 -0.0143457 -0.00967106 0.0605287 0.0320737
internal_weight=30661 30413 1612 137 40 97 74 28801 248 28553 6099 5963 136 22454 6138 16316 1475 496 65 183 979 248 226 855 158 204 124 476 45 49
internal_count=30661 30413 1612 137 40 97 74 28801 248 28553 6099 5963 136 22454 6138 16316 1475 496 65 183 979 248 226 855 158 204 124 476 45 49
is_linear=0
shrinkage=0.04


Tree=263
num_leaves=31
num_cat=0
split_feature=30 21 32 12 30 2 23 8 21 28 32 32 23 27 37 21 14 30 32 40 14 14 21 32 15 12 17 16 14 0
split_gain=23.9748 78.6125 43.3851 57.664 34.3932 132.78 164.167 126.561 144.09 112.302 152.381 112.763 106.47 73.3318 56.2676 175.799 175.643 185.875 179.382 130.258 311.6 92.4898 55.713 52.7908 45.1308 43.4165 75.1594 71.2337 70.5971 87.1179
threshold=24.399011852666671 43.935377392583334 8.2550504314999991 14.91632326691667 6.5892215266666643 124.50000000000001 23.649871975305551 -0.8783796973249266 43.935377392583334 12.193117035314371 -8.3431007333449383 -9.8289305749999993 17.900134479569445 13.811640501908185 211.43316250000001 15.184436124583334 20.390601399916669 -0.62560081383332988 2.6263190139166679 9.4000000000000021 21.551528426166673 19.485767370833333 54.565469254500009 3.345426179416672 19.270496582583334 11.241972367649302 25.928646370333336 17.746402132000004 17.343114795000002 1.0000000180025095e-35
decision_type=2 2 2 2 2 2 2 2 2 2 2 2 2 2 2 2 2 2 2 2 2 2 2 2 2 2 2 2 2 2
left_child=4 2 3 -2 14 7 9 -6 12 11 -11 -7 -9 -10 25 16 18 -18 -16 21 -21 -17 23 -8 -24 26 -1 -28 29 -27
right_child=1 -3 -4 -5 5 6 22 8 13 10 -12 -13 -14 -15 15 19 17 -19 -20 20 -22 -23 24 -25 -26 28 27 -29 -30 -31
leaf_value=-0.005448722331101892 0.010199753134338945 0.061141231742709183 0.034178306857744853 -0.077040576074611067 -0.064461773257935423 -0.1197316577079995 -0.016528281595821332 0.078594920577541472 -0.06097019209464391 0.075026246552666029 -0.019384869572856733 -0.036620861571777907 0.020151402779288733 0.0061102554487485082 -0.012136831306001192 0.040685134763055936 -0.00050994455814361577 -0.1348258925185484 0.11487540971149099 0.02572372709416474 0.19626004219055176 -0.010420123267611232 0.012133009270698365 0.014529543412718804 0.068305645637652457 -0.014507813149509181 -0.085751411898716073 0.0064858361369087578 -0.00061625695844443767 0.0062855969057726722
leaf_weight=948 27 43 27 22 32 29 198 62 45 30 310 263 255 62 93 118 32 34 22 60 24 109 70 157 34 348 37 21 22769 4380
leaf_count=948 27 43 27 22 32 29 198 62 45 30 310 263 255 62 93 118 32 34 22 60 24 109 70 157 34 348 37 21 22769 4380
internal_value=1.15536e-12 0.0179192 -0.00653533 -0.0289694 -6.98182e-05 -0.00588099 -0.0134572 0.0122454 0.0180346 -0.0266804 -0.0110545 -0.044875 0.031582 -0.0221011 0.000240231 0.0136521 -0.0176899 -0.069703 0.0121612 0.031893 0.0744484 0.0161456 0.00474998 -0.00279285 0.0304971 8.72372e-06 -0.00815307 -0.0523552 0.00030733 0.00475512
internal_weight=30661 119 76 49 30542 1547 1091 456 424 632 340 292 317 107 28995 492 181 66 115 311 84 227 459 355 104 28503 1006 58 27497 4728
internal_count=30661 119 76 49 30542 1547 1091 456 424 632 340 292 317 107 28995 492 181 66 115 311 84 227 459 355 104 28503 1006 58 27497 4728
is_linear=0
shrinkage=0.04


Tree=264
num_leaves=31
num_cat=0
split_feature=30 34 38 2 2 24 16 15 12 14 17 35 17 30 25 27 16 13 17 42 42 26 2 4 40 8 31 8 12 42
split_gain=23.2202 24.243 151.264 99.9176 134.545 67.5702 58.7165 57.3021 164.872 52.3595 54.376 51.7119 141.569 254.344 100.531 78.1551 93.2811 59.0548 50.7818 131.956 106.522 101.125 201.399 80.8647 62.8492 37.3037 31.5808 21.4432 19.9828 36.321
threshold=-18.31747998925 28.850000000000005 27.183333333333341 264.50000000000006 256.50000000000006 30.407324323187499 33.511457511500005 54.54882465883334 56.996833138166672 57.809910758166673 16.920962841583336 39.20000000000001 14.916822933250003 -3.5524379843333356 41.614262989906258 10.117160468074003 49.374502718333339 37.740786002250005 11.605515443750003 786.37033051562742 732.78049202940292 31.262128612751006 238.50000000000003 18.500000000000004 14.900000000000004 1.0000000180025095e-35 0.67092513758333372 0.87837969732492682 57.809910758166673 786.37033051562742
decision_type=2 2 2 2 2 2 2 2 2 2 2 2 2 2 2 2 2 2 2 2 2 2 2 2 2 2 2 2 2 2
left_child=27 6 3 4 5 -3 7 9 -9 10 -2 15 13 -13 -14 16 -8 -17 21 20 -20 24 -23 -21 -4 -11 -10 28 29 -1
right_child=1 2 18 -5 -6 -7 11 8 26 25 -12 12 14 -15 -16 17 -18 -19 19 23 -22 22 -24 -25 -26 -27 -28 -29 -30 -31
leaf_value=-0.055001294756164915 -0.0041629129043510996 0.055119039141351273 0.0057682764115941114 -0.027341630198061465 0.13148466690891872 -0.0043737305328249935 -0.0033782036830451211 0.12997317143848963 -0.025163759738206865 0.0038532783269882203 0.001186699440583162 0.13647976656045233 -0.01902901006319245 -0.0099150375886109931 0.02566906955735437 -0.0067987108173459265 0.020284195516578226 -0.041915377231100497 0.002771763817009647 0.064934068339211601 -0.011345853012315929 -0.16030628488177345 -0.00088666162453591827 0.016356971991706729 -0.030436893923020146 -0.057591673108034355 0.025445021306105119 0.013931035978926554 -0.06198792983591557 0.0036999568032721683
leaf_weight=26 3763 84 259 32 27 48 974 21 34 25 15824 28 1079 59 87 238 367 113 5903 70 1000 21 32 253 109 43 47 27 20 48
leaf_count=26 3763 84 259 32 27 48 974 21 34 25 15824 28 1079 59 87 238 367 113 5903 70 1000 21 32 253 109 43 47 27 20 48
internal_value=-1.06192e-11 6.9288e-05 0.00198728 0.0371477 0.0501267 0.0334853 -0.000592912 0.000192487 0.0300959 3.73025e-05 0.000158947 -0.00586188 -0.0120213 0.0372005 -0.0156939 -0.00130059 0.00309764 -0.0181041 0.00110908 0.00189587 0.000726622 -0.0123954 -0.0640529 0.0268845 -0.00495554 -0.0350016 0.00420183 -0.0174881 -0.0265127 -0.0169248
internal_weight=30661 30540 7838 191 159 132 22702 19757 102 19655 19587 2945 1253 87 1166 1692 1341 351 7647 7226 6903 421 53 323 368 68 81 121 94 74
internal_count=30661 30540 7838 191 159 132 22702 19757 102 19655 19587 2945 1253 87 1166 1692 1341 351 7647 7226 6903 421 53 323 368 68 81 121 94 74
is_linear=0
shrinkage=0.04


Tree=265
num_leaves=30
num_cat=0
split_feature=33 7 21 20 14 30 32 21 13 14 30 0 30 22 20 2 23 12 28 25 25 13 1 7 0 14 30 38 30
split_gain=22.919 59.0214 171.025 77.2294 188.619 59.8043 54.5065 39.3901 32.2915 52.8595 32.2452 27.9323 56.017 51.4073 60.801 53.6461 46.9652 218.95 254.928 217.454 209.636 99.8431 76.7496 26.3599 28.9673 138.029 31.9627 19.4489 13.0902
threshold=0.55784343443692286 0.78656609248549303 30.490741023750001 14.339659442250001 14.485208708000002 -3.764597326583337 -9.2800196127499976 19.546931054666668 7.737544311833334 9.6988647872500007 0.43768530633333308 1.0000000180025095e-35 0.20206057575000272 13.776118175799555 11.578169857000001 241.50000000000003 17.900134479569445 15.753435201083335 18.085017819953297 29.517579493291674 29.729650670090283 13.346342045166667 1.0000000180025095e-35 -0.98296291314453399 3.5000000000000004 11.898896533583335 1.2652249554999966 28.100000000000005 -1.0000000180025095e-35
decision_type=2 2 2 2 2 2 2 2 2 2 2 2 2 2 2 2 2 2 2 2 2 2 2 2 2 2 2 2 2
left_child=1 5 3 4 -3 7 -5 -1 9 -2 -8 12 13 15 -15 -10 19 18 -18 22 -21 -19 -13 28 25 -25 -26 -9 -7
right_child=8 2 -4 6 -6 23 10 27 11 -11 -12 16 -14 14 -16 -17 17 21 -20 20 -22 -23 -24 24 26 -27 -28 -29 -30
leaf_value=-0.078543887734413148 0.005012214361010371 -0.056623079329729084 -0.13691264981031417 0.020626639283516188 0.09497215307992081 0.045373768898947481 -0.020205247908830645 -0.04349979590801966 -0.0037972943269344701 -0.065797730790030567 -0.075064651835709817 0.017520642781103227 -0.05949853128194809 0.033173496075845382 -0.0037151981387121905 -0.050980736964330496 -0.032012237055034629 -0.031640559416506196 0.079514604598283772 0.14542549257095044 0.026705888238871385 0.0006788721346477121 0.00020879328081738362 0.075807892177687131 0.00023602138474589608 -0.0086050488095025766 -0.014696460675515577 0.0097429713120926985 0.0058771126817911872
leaf_weight=25 37 24 20 22 29 29 30 21 83 31 40 456 30 77 999 72 520 154 35 26 281 22141 4039 43 934 111 304 23 25
leaf_count=25 37 24 20 22 29 29 30 21 83 31 40 456 30 77 999 72 520 154 35 26 281 22141 4039 43 934 111 304 23 25
internal_value=-4.36119e-12 -0.00454221 -0.0272604 -0.012136 0.0263253 -0.00206795 -0.034293 -0.0384493 0.000263307 -0.0272688 -0.0515535 0.00032806 -0.00549395 -0.00417783 -0.00107539 -0.0257148 0.000593558 -0.000162148 -0.024979 0.00418953 0.0367603 0.00045563 0.00196501 -0.000331905 -0.00139562 0.0149648 -0.00343076 -0.0156683 0.0270883
internal_weight=30661 1680 165 145 53 1515 92 69 28981 68 70 28913 1261 1231 1076 155 27652 22850 555 4802 307 22295 4495 1446 1392 154 1238 44 54
internal_count=30661 1680 165 145 53 1515 92 69 28981 68 70 28913 1261 1231 1076 155 27652 22850 555 4802 307 22295 4495 1446 1392 154 1238 44 54
is_linear=0
shrinkage=0.04


Tree=266
num_leaves=31
num_cat=0
split_feature=40 22 27 34 20 30 27 43 7 22 4 33 37 13 22 19 12 13 25 23 17 22 33 28 25 17 27 7 17 23
split_gain=23.3548 118.456 53.4126 49.4839 49.4748 42.2365 32.7979 71.2836 73.8344 85.0015 90.3535 64.0303 59.5356 253.778 61.7738 56.5492 52.1477 55.928 44.6274 119.772 188.865 124.684 85.5243 76.1342 124.555 170.344 102.268 132.173 97.0772 94.9412
threshold=18.100000000000001 24.853935994472248 8.3557972386515917 36.400000000000006 22.718676473000006 -3.987355537749997 8.0262836153491524 716.13456551114166 -0.37940952255126015 44.638239431416679 4.5000000000000009 1.7881095120795925 82.356980000000007 54.54882465883334 25.296493159833364 42.082249658666676 29.526380591166667 33.861912671000006 39.171825156309033 20.532414951882298 42.682637141583335 19.147581477694455 0.83841158092932189 15.367290940606182 34.384040437940975 17.078550716500001 5.2367966182133818 -0.98296291314453399 15.930548489833336 48.968450672763886
decision_type=2 2 2 2 2 2 2 2 2 2 2 2 2 2 2 2 2 2 2 2 2 2 2 2 2 2 2 2 2 2
left_child=6 -2 -3 4 -4 -6 18 8 9 15 -11 16 13 -10 -14 -8 17 -9 23 20 -20 -21 -23 24 29 -26 27 -25 -28 -1
right_child=1 2 3 -5 5 -7 7 11 12 10 -12 -13 14 -15 -16 -17 -18 -19 19 21 -22 22 -24 26 25 -27 28 -29 -30 -31
leaf_value=0.00055573341918402114 0.095096082091331482 -0.059559335052967073 0.08323816758394241 -0.020602192657965198 0.062427840888500209 -0.0052897829163287367 0.0067170824785216122 -0.013449821563311638 0.0027546995483777102 0.095766961604356771 0.016669484442647767 0.054180543111718223 -0.017642081697128321 -0.15353921221061187 -0.00049307413787335111 -0.059740502399702862 -0.0062312591923163393 -0.043505078508074287 0.12275336808628506 -0.082792858964204796 -0.014411088217949045 0.074179293555518 0.0053635216072100891 -0.093669854601224276 0.073214536896893681 0.0094824310890726637 0.060577272219317302 -0.0090655842404128197 0.0038661577165699924 -0.01962672920199111
leaf_weight=20042 25 20 20 54 20 56 837 281 68 35 68 23 380 22 2908 21 667 153 36 25 29 30 785 30 71 1222 56 1946 351 380
leaf_count=20042 25 20 20 54 20 56 837 281 68 35 68 23 380 22 2908 21 667 153 36 25 29 30 785 30 71 1222 56 1946 351 380
internal_value=-3.93759e-12 0.0137989 0.00184345 0.0100305 0.0272614 0.0125306 -8.83211e-05 -0.00289606 -0.000570495 0.0092123 0.0435473 -0.0118735 -0.00335358 -0.0354505 -0.00247502 0.0050905 -0.0132533 -0.0240453 0.000525151 0.00924544 0.0615569 0.00519753 0.00789662 0.000197661 0.000942464 0.012982 -0.00658933 -0.0103501 0.0116692 0.000180191
internal_weight=30661 195 170 150 96 76 30466 5463 4339 961 103 1124 3378 90 3288 858 1101 434 25003 905 65 840 815 24098 21715 1293 2383 1976 407 20422
internal_count=30661 195 170 150 96 76 30466 5463 4339 961 103 1124 3378 90 3288 858 1101 434 25003 905 65 840 815 24098 21715 1293 2383 1976 407 20422
is_linear=0
shrinkage=0.04


Tree=267
num_leaves=31
num_cat=0
split_feature=31 33 0 17 22 10 15 20 38 38 20 1 25 20 16 30 15 2 30 7 10 18 40 33 28 28 19 23 28 34
split_gain=23.5895 103.526 85.3901 99.957 296.84 294.602 251.19 179.575 108.312 206.793 103.263 103.098 99.644 94.8622 94.6042 91.1254 86.9719 99.3249 66.2982 87.8229 258.121 280.661 201.057 63.9715 63.0782 62.4761 90.4847 62.1814 52.5075 123.351
threshold=1.870717382499999 1.1696644841719701 5.5000000000000009 22.812862556916674 17.291127198666686 -0.6830127018922193 17.575758479083337 15.089919202000003 25.533333333333335 24.883333333333336 10.879836214500001 5.5000000000000009 24.039974060248777 14.339659442250001 18.805511300000006 5.8014905714166689 20.535179907333333 363.50000000000006 1.6363866945000007 0.78656609248549303 0.68301270189221941 23.844587427250005 6.2500000000000009 1.1054344496020658 7.9744395802432155 4.1439011205662091 36.889633251916671 20.856249135319445 15.070093286205489 11.000000000000002
decision_type=2 2 2 2 2 2 2 2 2 2 2 2 2 2 2 2 2 2 2 2 2 2 2 2 2 2 2 2 2 2
left_child=1 18 3 8 5 6 -5 13 9 14 -10 -9 -7 -6 -2 -12 24 -18 23 25 21 -21 -22 28 -4 -20 -27 -25 -1 -30
right_child=2 -3 16 4 7 12 -8 11 10 -11 15 -13 -14 -15 -16 -17 17 -19 19 20 22 -23 -24 27 -26 26 -28 -29 29 -31
leaf_value=0.0013369911666781112 0.011132824758748452 0.076246464337621417 -0.0054187077076227365 0.062976475298404694 -0.011537652933870308 -0.022363826559158043 0.26105095681690033 0.021029015618895315 -0.091682199282305574 0.12960040902807599 0.020793701563030481 -0.066912390725179155 0.070855735789897831 -0.08541133868130478 -0.022703175153583287 -0.050830489921349066 0.0018163808922444504 -0.079762003620465594 -0.015457164758973033 0.025933152642185334 -0.039964943528175353 -0.03872394943422678 -0.1536335688544547 -0.014028735917124002 -0.031137926556087204 0.0074527451288748736 -0.0076457007003866689 -0.082594299723083769 -0.083741653616870609 -0.0035471112490549606
leaf_weight=16391 498 28 474 20 112 32 21 700 35 21 60 22 43 37 180 54 4762 24 535 221 93 209 34 179 225 1218 1327 24 31 3051
leaf_count=16391 498 28 474 20 112 32 21 700 35 21 60 22 43 37 180 54 4762 24 535 221 93 209 34 179 225 1218 1327 24 31 3051
internal_value=-2.84554e-11 -0.00062133 0.00198121 0.00945048 0.0181039 0.0782134 0.164429 0.0100985 -0.000621365 0.0059788 -0.0315846 0.0183494 0.0310821 -0.0298821 0.00214982 -0.0131335 -0.000517627 0.0014073 -0.000713651 -0.0056751 -0.0202915 -0.00549321 -0.0703959 0.000203445 -0.0136974 -0.00303181 -0.000419804 -0.022135 0.000436317 -0.00435374
internal_weight=30661 23341 7320 1835 987 116 41 871 848 699 149 722 75 149 678 114 5485 4786 23313 3637 557 430 127 19676 699 3080 2545 203 19473 3082
internal_count=30661 23341 7320 1835 987 116 41 871 848 699 149 722 75 149 678 114 5485 4786 23313 3637 557 430 127 19676 699 3080 2545 203 19473 3082
is_linear=0
shrinkage=0.04


Tree=268
num_leaves=29
num_cat=0
split_feature=30 21 26 11 30 28 3 23 29 18 28 31 33 35 4 27 21 17 1 33 12 30 14 7 27 14 35 15
split_gain=22.6234 70.177 84.3425 86.4576 29.851 117.396 122.822 130.13 122.951 206.415 99.2137 59.7818 50.709 46.4935 173.531 252.919 175.149 101.667 128.39 115.749 49.5648 143.004 207.73 121.715 54.6835 83.0297 79.8766 26.8416
threshold=24.399011852666671 43.935377392583334 33.441898917100552 0.25000000000000017 6.5892215266666643 19.610933104458628 4.5000000000000009 23.649871975305551 8.6908880042774843 41.557317371937508 12.193117035314371 10.311778540250002 1.094574674034932 76.250000000000014 36.500000000000007 2.375064718061576 20.595653536500006 34.190762662916676 5.5000000000000009 1.3484402856308277 19.407811466500004 1.1781577103333325 18.727345483500002 -0.98296291314453399 11.679314648672216 17.343114795000002 32.350000000000009 20.976559928583338
decision_type=2 2 2 2 2 2 2 2 2 2 2 2 2 2 2 2 2 2 2 2 2 2 2 2 2 2 2 2
left_child=4 2 3 -2 13 6 8 10 12 -10 -8 -9 -6 20 17 -16 -17 18 -15 -19 21 23 -23 -1 25 -22 -26 -3
right_child=1 27 -4 -5 5 -7 7 11 9 -11 -12 -13 -14 14 15 16 -18 19 -20 -21 24 22 -24 -25 26 -27 -28 -29
leaf_value=0.045455530989186269 0.072871740185297448 0.092134677171707161 -0.076209190785884853 -0.026785391477247077 -0.052454596290593604 0.088449479894978658 -0.04265883250630835 -0.0053012626229606589 0.048320689012508584 -0.015564977659119501 -0.011013958690644697 0.029778370352834465 0.0043468005342615973 0.015079702708021137 0.16110315909752479 -0.0090208620780412065 0.099154984907192337 -0.010966797398072641 -0.010633986461840137 0.067730690798451829 0.016002274698082117 -0.0059368012792547229 -0.040480704006184358 -0.00088085501789387664 -0.03009933909674781 0.0010749874587139394 -0.0027792553997889368 0.028774082443636394
leaf_weight=92 26 20 20 30 57 21 294 349 202 135 344 100 45 1245 26 81 34 845 414 31 620 1280 356 6430 189 15531 1821 23
leaf_count=92 26 20 20 30 57 21 294 349 202 135 344 100 45 1245 26 81 34 845 414 31 620 1280 356 6430 189 15531 1821 23
internal_value=1.09746e-11 0.0174069 -0.00569843 0.019484 -6.78219e-05 -0.00548168 -0.00677431 -0.013986 0.0110825 0.0227285 -0.0255964 0.00251157 -0.0273952 0.000221029 0.00524429 0.0484345 0.0229616 0.002842 0.00866291 -0.00818184 -0.000289714 -0.00287965 -0.0134537 -0.000227229 0.000873699 0.00164801 -0.00534816 0.0582441
internal_weight=30661 119 76 56 30542 1547 1526 1087 439 337 638 449 102 28995 2676 141 115 2535 1659 876 26319 8158 1636 6522 18161 16151 2010 43
internal_count=30661 119 76 56 30542 1547 1526 1087 439 337 638 449 102 28995 2676 141 115 2535 1659 876 26319 8158 1636 6522 18161 16151 2010 43
is_linear=0
shrinkage=0.04


Tree=269
num_leaves=31
num_cat=0
split_feature=32 35 30 13 22 14 1 18 6 17 21 30 7 28 28 7 2 20 4 21 25 16 31 29 13 29 11 29 38 2
split_gain=22.3902 51.99 27.4352 24.1455 204.206 64.8218 62.6876 146.514 136.369 210.047 107.665 62.5174 170.538 224.186 127.678 77.2304 132.061 74.0329 57.4186 53.6648 48.1434 45.7587 39.5324 28.4656 25.6163 17.8962 15.21 12.6558 15.191 7.25938
threshold=-29.476601297999995 77.250000000000014 2.0910209798333317 27.211156196964968 24.425325147666733 13.525336108416669 1.0000000180025095e-35 28.178470743333339 0.12940952255126045 23.743871744833339 11.875902673500002 1.6363866945000007 0.78656609248549303 12.648483899123709 3.6665895962265713 -0.98296291314453399 291.50000000000006 10.492458841750002 52.500000000000007 51.474331607416673 23.870224595986112 34.561618074833341 1.8229048583333365 11.700072817259469 38.236772334666675 13.069276180548369 -0.5 14.089857380645414 20.475000000000005 295.50000000000006
decision_type=2 2 2 2 2 2 2 2 2 2 2 2 2 2 2 2 2 2 2 2 2 2 2 2 2 2 2 2 2 2
left_child=1 2 25 6 20 19 7 8 10 -10 -2 15 14 -14 -13 16 -8 -17 21 22 -5 -7 -6 -22 -20 29 -25 -27 -29 -1
right_child=3 -3 -4 4 5 18 11 -9 9 -11 -12 12 13 -15 -16 17 -18 -19 24 -21 23 -23 -24 26 -26 27 -28 28 -30 -31
leaf_value=-0.023782007531159454 -0.077447192216741623 -0.061382801294326779 -0.040624985257784525 -0.10234196751014046 -0.082972248371909654 0.0024400635366645918 0.04167252955770881 0.1032732494354248 0.0094265266339103784 0.060935612493104509 0.00035349508333334018 -0.019187607551804712 -0.044721219165653185 -0.0012438974964881001 0.0037844810252111527 0.016563678728496335 -0.032909606679969901 0.0003584462493485667 -0.017841061768324479 0.016062967475503682 -0.011134927904424377 -0.0029016064142766123 -0.021974736149696743 -0.074737908676747344 -0.079738635897636412 0.037554389480501417 -0.038643262050253278 -0.013041296985286933 0.023258385343211039 -0.00051390898118658759
leaf_weight=45 29 30 30 23 34 4981 169 25 693 155 1527 465 354 409 2311 467 49 13215 23 25 39 5292 34 31 20 24 47 39 35 41
leaf_count=45 29 30 30 23 34 4981 169 25 693 155 1527 465 354 409 2311 467 49 13215 23 25 39 5292 34 31 20 24 47 39 35 41
internal_value=-9.06233e-13 -0.0120687 -0.00515548 9.68128e-05 -0.00144984 -0.000804408 0.000918013 0.00693835 0.00593653 0.0188415 -0.00109652 7.9467e-05 -0.00466696 -0.0214156 -6.35093e-05 0.00128793 0.0249087 0.00091157 -0.000504698 -0.0340497 -0.0494374 -0.000311627 -0.0524735 -0.0390374 -0.0466306 0.000627596 -0.0529886 0.0123137 0.00412747 -0.0126891
internal_weight=30661 244 214 30417 10549 10409 19868 2429 2404 848 1556 17439 3539 763 2776 13900 218 13682 10316 93 140 10273 68 117 43 184 78 98 74 86
internal_count=30661 244 214 30417 10549 10409 19868 2429 2404 848 1556 17439 3539 763 2776 13900 218 13682 10316 93 140 10273 68 117 43 184 78 98 74 86
is_linear=0
shrinkage=0.04


Tree=270
num_leaves=31
num_cat=0
split_feature=20 36 30 31 27 27 25 2 16 0 24 26 17 38 22 20 20 1 30 37 35 14 17 2 8 22 30 40 16 29
split_gain=22.8587 72.4724 40.8997 41.6103 37.505 40.8997 53.9624 40.0949 61.2561 39.4318 36.116 34.1557 75.8519 143.892 91.3746 85.4981 107.765 227.45 82.4647 65.1068 196.504 213.065 332.433 175.303 101.224 69.423 223.197 65.2516 57.8316 52.8001
threshold=47.999657291166677 17.150000000000006 15.4369643515 3.5608853224166652 16.971731225755935 9.0994967718062458 26.360837377352436 114.50000000000001 20.241306665333337 8.5000000000000018 29.627191940631942 25.538326478308797 31.224278410028877 13.233333333333333 11.031904999583345 9.3242283631666698 19.644072062000003 1.0000000180025095e-35 0.13979292774999766 166.39982000000003 64.450000000000017 14.698724552166668 17.078550716500001 128.50000000000003 1.0000000180025095e-35 12.236663024583338 1.135044482916663 17.350000000000005 18.071703499000005 11.986761121056318
decision_type=2 2 2 2 2 2 2 2 2 2 2 2 2 2 2 2 2 2 2 2 2 2 2 2 2 2 2 2 2 2
left_child=11 2 4 -4 5 9 -7 10 -9 -2 -6 19 15 -14 -15 28 17 -17 -16 20 29 22 -22 -21 -23 26 -25 -27 -13 -1
right_child=1 -3 3 -5 7 6 -8 8 -10 -11 -12 12 13 14 18 16 -18 -19 -20 23 21 24 -24 25 -26 27 -28 -29 -30 -31
leaf_value=-0.00015147818774749496 0.0029418746232690793 -0.073873723408450248 -0.0049631268823785444 0.062307685637666338 0.053818210308253768 -0.039686368701753218 -0.008549359472443941 -0.008925678306278946 0.027679197876802029 -0.0077026325161526259 -0.0097820681631565105 -0.009944837461320721 -0.1014647576601609 -0.082617004811763761 0.0013236620107351309 0.047469504152768044 0.0019173636814954933 0.0074613961484045503 -0.0099714036981961816 -0.11471103532956196 -0.0089652793658407115 0.026310884905132382 0.14431630571904991 -0.01795069090875925 -0.074481826341152191 -0.01691279111153958 0.13447891862554984 0.030682427978515624 -0.079753377108323961 -0.0091666256162744007
leaf_weight=10311 1134 23 28 31 50 107 531 236 106 1094 20 49 23 22 5120 259 6272 1861 1296 26 38 44 56 51 25 589 22 50 31 1156
leaf_count=10311 1134 23 28 31 50 107 531 236 106 1094 20 49 23 22 5120 259 6272 1861 1296 26 38 44 56 51 25 589 22 50 31 1156
internal_value=-1.42591e-12 -0.00311323 -0.00262552 0.0303826 -0.00321963 -0.00484185 -0.0137714 0.00806506 0.00241969 -0.00228483 0.0356467 0.000383153 0.00167075 -0.00159372 -0.00123693 0.00416033 0.00455267 0.0123492 -0.000957885 -0.00117147 -0.000440399 0.0431697 0.0823514 -0.0126923 -0.0102082 -0.00896694 0.027987 -0.0131886 -0.0369956 -0.0010603
internal_weight=30661 3360 3337 59 3278 2866 638 412 342 2228 70 27301 14933 6461 6438 8472 8392 2120 6416 12368 11630 163 94 738 69 712 73 639 80 11467
internal_count=30661 3360 3337 59 3278 2866 638 412 342 2228 70 27301 14933 6461 6438 8472 8392 2120 6416 12368 11630 163 94 738 69 712 73 639 80 11467
is_linear=0
shrinkage=0.04


Tree=271
num_leaves=31
num_cat=0
split_feature=19 0 13 24 35 16 17 25 24 17 20 18 17 29 17 23 25 30 15 2 20 29 18 31 15 30 7 22 34 13
split_gain=23.2072 88.08 78.2979 71.5491 57.2153 42.6976 52.327 40.9629 166.695 138.138 201.643 93.0622 164.966 91.9559 64.197 59.0268 41.6186 35.8267 78.3696 101.573 86.3858 260.807 94.0296 78.0481 59.3784 49.2229 148.745 214.452 91.8983 50.945
threshold=58.638192382500002 10.500000000000002 50.186352160982246 48.855947724784727 35.550000000000004 58.638192382500002 19.488202311000006 37.417015610618058 23.97252913854167 34.580139273916679 16.013394234250004 16.758390567833334 41.112218850765757 16.654140658936743 13.807449219083336 20.856249135319445 39.339398014760427 -1.184472232749999 15.20592301516667 38.500000000000007 11.578169857000001 14.018501324680503 9.3273076578333356 -0.51335806875000134 12.463435888916669 1.0139536132499976 0.91597561503675351 15.271804397305599 5.3000000000000016 25.922615421833338
decision_type=2 2 2 2 2 2 2 2 2 2 2 2 2 2 2 2 2 2 2 2 2 2 2 2 2 2 2 2 2 2
left_child=7 3 -3 4 -2 6 -6 17 9 10 -9 12 -10 -12 -13 -16 -14 18 19 23 21 -20 -22 -1 -21 29 28 -28 -27 -19
right_child=1 2 -4 -5 5 -7 -8 8 11 -11 13 14 16 -15 15 -17 -18 25 20 24 22 -23 -24 -25 -26 26 27 -29 -30 -31
leaf_value=-0.034719491692823033 0.05339843322451298 0.0031254338530393752 -0.086038720995187765 0.066719450665556859 -0.05233626205060217 -0.064626842975616466 -0.0028307776597310385 0.18547001101753929 -0.10410875306917089 -0.020353155295763696 0.098461792295177791 0.071522680443266165 0.032216878263013705 -0.0082388055537428173 0.053047754925030929 0.0033553396187612802 -0.023015941362306155 0.0036279353594420223 -0.0024608310493432098 0.021039997439464213 -0.072100703639368866 0.075595709960097845 -0.0022880124155426691 -0.12734964533285661 -0.021077803153066187 -0.060926656352310649 0.044717548813138691 -0.068596192938564102 -0.00084715052375169129 -0.0020031123142960276
leaf_weight=43 26 26 40 23 36 20 669 22 35 28 24 23 35 28 39 1979 58 9495 268 71 31 92 7278 22 218 41 35 113 6318 3525
leaf_count=43 26 26 40 23 36 20 669 22 35 28 24 23 35 28 39 1979 58 9495 268 71 31 92 7278 22 218 41 35 113 6318 3525
internal_value=1.58398e-11 -0.00655692 -0.0509134 -0.00277458 -0.00490289 -0.0069937 -0.00535872 0.000184696 0.00534822 0.055322 0.0839559 0.00299814 -0.030087 0.0410076 0.00507305 0.0043157 -0.0022294 -0.000240944 -0.0024913 -0.020892 -0.00164193 0.017487 -0.00258411 -0.0660712 -0.0107305 0.000683655 -0.00215715 -0.041799 -0.00123452 0.0021034
internal_weight=30661 840 66 774 751 725 705 29821 2271 102 74 2169 128 52 2041 2018 93 27550 8023 354 7669 360 7309 65 289 19527 6507 148 6359 13020
internal_count=30661 840 66 774 751 725 705 29821 2271 102 74 2169 128 52 2041 2018 93 27550 8023 354 7669 360 7309 65 289 19527 6507 148 6359 13020
is_linear=0
shrinkage=0.04


Tree=272
num_leaves=31
num_cat=0
split_feature=38 36 29 32 18 17 21 30 15 22 29 0 40 22 24 16 24 24 21 12 12 13 40 29 15 32 30 32 20 30
split_gain=22.391 70.2386 104.537 108.728 134.389 80.2203 100.537 90.7436 76.3463 74.0905 52.4505 47.6006 46.3359 100.357 72.6045 121.319 60.3008 38.9844 38.7972 52.5764 47.246 37.054 129.46 151.733 120.053 103.638 63.5116 51.2908 31.8479 30.751
threshold=33.591666666666676 16.250000000000004 12.812054611862736 6.5477694500000014 50.563740136750006 13.525336108416669 38.833639534583341 -3.764597326583337 50.939826074083335 44.638239431416679 10.9518453949534 13.500000000000002 15.35 52.129272591222254 39.055992652034725 46.65368971358334 41.673772149076399 33.439668768972233 24.506797501666671 40.615808512166673 35.350159716916671 25.693188443666674 17.150000000000006 10.340969591923795 20.460456396166673 1.1761689531666664 -7.4043781490833327 5.6355930178333322 26.183987076416667 -13.674665991583332
decision_type=2 2 2 2 2 2 2 2 2 2 2 2 2 2 2 2 2 2 2 2 2 2 2 2 2 2 2 2 2 2
left_child=1 12 5 4 9 10 8 -8 -7 -4 -3 17 29 14 15 -14 -15 -2 28 20 -20 22 -13 -24 -23 -25 -26 -28 -19 -1
right_child=11 2 3 -5 -6 6 7 -9 -10 -11 -12 21 13 16 -16 -17 -18 18 19 -21 -22 24 23 25 26 -27 27 -29 -30 -31
leaf_value=-0.01406833622678523 0.042542100908325581 -0.094698145906864234 -0.017665449864820604 0.067707972526550295 -0.097898811063040853 0.011332817131350205 -0.011547453575409377 -0.09628066291300845 -0.070909435124624345 0.031833542681288449 -0.017863773448126657 0.00086937471489754547 0.047555947322852732 -0.052115040283936723 0.10333686387787262 -0.062320142507553106 0.021972173852846028 0.0040487250783998105 0.021013053736413819 0.065081012375427016 -0.044917484250935641 -0.079494745470583439 0.1420656462510427 5.8186888331320228e-05 0.043616741445599773 0.079266930940823682 -0.0074473921704232265 0.015102268309090332 -0.058905986607074738 -3.1355278474015759e-05
leaf_weight=252 82 44 109 37 23 129 39 42 21 87 21 689 82 39 24 20 32 36 83 33 22 32 21 82 49 39 819 201 20 27452
leaf_count=252 82 44 109 37 23 129 39 42 21 87 21 689 82 39 24 20 32 36 83 33 22 32 21 82 49 39 819 201 20 27452
internal_value=2.50125e-11 -0.000301119 -0.0144305 0.00428713 -0.0064278 -0.0306188 -0.0195727 -0.0554832 -0.000181098 0.00430604 -0.0698747 0.00388032 -2.15796e-05 0.0193091 0.0407402 0.0260116 -0.0187236 0.0194191 0.00964539 0.0210404 0.00719904 0.0016605 0.00803677 0.0428138 -0.00315211 0.0255883 -0.000866827 -0.00300378 -0.0184351 -0.000159038
internal_weight=30661 28453 552 256 219 296 231 81 150 196 65 2208 27901 197 126 102 71 276 194 138 105 1932 831 142 1101 121 1069 1020 56 27704
internal_count=30661 28453 552 256 219 296 231 81 150 196 65 2208 27901 197 126 102 71 276 194 138 105 1932 831 142 1101 121 1069 1020 56 27704
is_linear=0
shrinkage=0.04


Tree=273
num_leaves=31
num_cat=0
split_feature=25 30 33 30 37 32 15 18 28 18 26 35 28 25 7 30 18 15 23 12 28 16 32 13 7 18 6 26 20 25
split_gain=22.3082 79.6058 82.1277 75.6835 149.145 87.2879 79.809 86.0477 68.094 59.4819 285.283 74.815 57.835 94.9806 107.684 119.805 101.913 92.6339 87.3182 186.794 274.211 145.138 140.075 88.6622 73.5923 67.454 86.2246 80.9315 50.7766 47.0237
threshold=20.538073902107641 -2.8553449709999952 0.7380071357931437 5.8014905714166689 212.23726500000001 -9.2800196127499976 15.20592301516667 14.224177527166669 3.8611272642807712 8.9031817996666689 20.919722324124507 41.350000000000001 7.8727370307457676 24.281605970065975 -0.78656609248549325 -2.3448148398333326 25.356867496750002 42.035888118500004 17.900134479569445 15.846313060484045 18.085017819953297 25.357911702750005 1.6317482909166652 13.173270829500003 0.91597561503675351 14.224177527166669 1.0000000180025095e-35 29.213482185656254 11.578169857000001 15.513866046149309
decision_type=2 2 2 2 2 2 2 2 2 2 2 2 2 2 2 2 2 2 2 2 2 2 2 2 2 2 2 2 2 2
left_child=1 2 -1 4 9 -5 7 -7 -8 10 -3 -11 17 14 15 -14 -17 25 21 20 -20 22 -15 -21 28 26 -2 -28 -16 -4
right_child=12 3 29 5 -6 6 8 -9 -10 11 -12 -13 13 18 24 16 -18 -19 19 23 -22 -23 -24 -25 -26 -27 27 -29 -30 -31
leaf_value=-0.09902538213133813 -0.03839937690893809 -0.0035061428009325428 0.0081110203157489496 -0.093119615888595589 0.10893423148989678 0.027143608693794539 -0.00025146177411079404 -0.041837544008379891 -0.066983238877285092 0.002110398056729911 0.10624478780043622 -0.0070115818606861493 -0.0024202566212343595 0.0069691086738021112 0.037966441068384385 -0.044023871206279312 -0.13640689339103371 -0.076393248516580331 -0.037033964816003274 -0.038766278668128429 0.072936002194881444 -0.037065610765604322 0.041134764903123136 0.00020985213566471301 -0.046182166728324127 0.0032465223425617441 0.023466521897486277 0.092651222571730613 -0.0060480565225891469 -0.024897675392164934
leaf_weight=20 30 180 96 25 20 93 40 42 63 3961 48 2259 62 960 45 56 29 23 390 94 40 97 240 14192 70 6417 175 32 616 246
leaf_count=20 30 180 96 25 20 93 40 42 63 3961 48 2259 62 960 45 56 29 23 390 94 40 97 240 14192 70 6417 175 32 616 246
internal_value=-4.46694e-12 -0.00196673 -0.0202394 -0.000984009 -0.000128718 -0.0220183 -0.0145497 0.00568281 -0.041068 -0.000467003 0.0195993 -0.00120255 0.000591906 -0.000653919 -0.0134636 -0.044702 -0.0755428 0.00374351 4.84424e-05 -0.00082846 -0.0268042 0.00999794 0.0138022 -4.66057e-05 -0.00718176 0.0040205 0.0249768 0.0341617 -0.00305161 -0.0156321
internal_weight=30661 7093 362 6731 6468 263 238 135 103 6448 228 6220 23568 16891 878 147 85 6677 16013 14716 430 1297 1200 14286 731 6654 237 207 661 342
internal_count=30661 7093 362 6731 6468 263 238 135 103 6448 228 6220 23568 16891 878 147 85 6677 16013 14716 430 1297 1200 14286 731 6654 237 207 661 342
is_linear=0
shrinkage=0.04


Tree=274
num_leaves=31
num_cat=0
split_feature=31 33 0 27 26 24 20 24 16 34 21 15 2 32 12 22 30 29 28 30 7 10 18 40 13 0 26 32 12 7
split_gain=21.5513 93.4447 73.5358 88.9179 202.423 449.117 227.734 112.462 165.301 140.734 80.9161 80.6566 89.1692 75.7418 65.9363 109.775 65.4861 77.6649 56.3989 54.8694 72.7168 207.339 235.12 189.099 65.0158 68.3909 110.457 75.3879 64.1487 62.0709
threshold=1.870717382499999 1.1696644841719701 5.5000000000000009 2.2602801371603376 24.775693668466772 21.688974050180558 16.338717765250006 24.754654690263891 23.066687084416667 27.250000000000004 12.437464985750003 20.535179907333333 363.50000000000006 3.2569903199166661 17.996380244750004 20.911268064972241 -0.35461358233333046 6.1794916804246069 7.9744395802432155 1.6843234007499979 0.78656609248549303 0.68301270189221941 23.844587427250005 6.2500000000000009 50.939826074083335 10.500000000000002 29.022686845122021 -9.8289305749999993 54.54882465883334 -0.9159756150367534
decision_type=2 2 2 2 2 2 2 2 2 2 2 2 2 2 2 2 2 2 2 2 2 2 2 2 2 2 2 2 2 2
left_child=1 19 3 4 16 6 -6 8 10 -10 -5 18 -13 -7 -9 -16 -2 -18 -4 24 -21 22 -22 -23 28 27 -27 -26 29 -1
right_child=2 -3 11 7 5 13 -8 14 9 -11 -12 12 -14 -15 15 -17 17 -19 -20 20 21 23 -24 -25 25 26 -28 -29 -30 -31
leaf_value=0.0075279277220458834 -0.04152702676615893 0.072435519865580972 -0.0052893555633731597 0.040341014304999694 0.20045733019327508 0.042678645185885891 0.050937058244432717 0.080030059978879728 -0.07522612239047885 0.035213536148269976 -0.00024492885718511791 0.0018161028089696161 -0.075479241112867995 -0.039343022988286125 -0.069331008859656068 0.022330454737657594 -0.018758937067901479 0.067677265058817535 -0.029608792175285309 -0.0028327332294187202 0.024000407614058732 -0.033569965663171095 -0.035789055911680828 -0.14500118299003911 0.073038424594061721 0.034249150294065472 -0.028984320830147996 -0.0038218698371201756 0.058214381058369916 -0.00015027576841680231
leaf_weight=1874 52 28 474 86 39 31 28 29 80 24 913 4762 24 43 22 420 39 29 225 3013 213 86 208 34 21 50 381 737 31 16665
leaf_count=1874 52 28 474 86 39 31 28 29 80 24 913 4762 24 43 22 420 39 29 225 3013 213 86 208 34 21 50 381 737 31 16665
internal_value=4.72534e-12 -0.000593881 0.00189368 0.00882513 0.0304483 0.0629458 0.137971 0.0052396 -0.00174729 -0.04974 0.00324896 -0.000425224 0.0014285 -0.00498259 0.0216017 0.0177681 -0.00773636 0.0181036 -0.0131175 -0.000681592 -0.00525721 -0.0187599 -0.00553928 -0.0651421 0.000141412 -0.00892639 -0.0216487 -0.00169249 0.000722005 0.000625869
internal_weight=30661 23341 7320 1835 261 141 67 1574 1103 104 999 5485 4786 74 471 442 120 68 699 23313 3554 541 421 120 19759 1189 431 758 18570 18539
internal_count=30661 23341 7320 1835 261 141 67 1574 1103 104 999 5485 4786 74 471 442 120 68 699 23313 3554 541 421 120 19759 1189 431 758 18570 18539
is_linear=0
shrinkage=0.04


Tree=275
num_leaves=29
num_cat=0
split_feature=25 17 23 29 17 25 20 12 27 30 13 27 28 30 26 12 13 30 27 1 37 2 23 30 16 2 2 18
split_gain=22.4249 99.1279 72.4349 219.177 186.383 245.958 121.568 94.4892 144.587 87.7941 63.8345 49.193 47.5466 81.8156 66.0612 62.1056 74.8919 61.5669 116.47 130.139 80.1361 230.924 53.1921 38.7496 34.8025 33.0287 32.5552 13.136
threshold=35.611093912739584 12.463435888916669 20.934581318624996 13.538693107441398 34.978555118666677 37.417015610618058 10.064494355500001 18.505840938500004 4.9589103947678543 21.454257568250004 15.098333479750002 21.038372051080064 15.070093286205489 9.9654447824166699 29.77089316119903 10.503400270583336 10.503400270583336 7.653832255083338 3.496329091302941 4.5000000000000009 212.23726500000001 176.50000000000003 49.94498747141666 17.402088350500005 18.506779077500003 244.50000000000003 272.50000000000006 20.825905159083337
decision_type=2 2 2 2 2 2 2 2 2 2 2 2 2 2 2 2 2 2 2 2 2 2 2 2 2 2 2 2
left_child=11 -2 3 -3 5 -5 -6 8 -4 10 -9 12 17 15 24 -14 -17 20 -19 -20 22 -22 -1 -16 -15 -11 -10 -13
right_child=1 2 7 4 6 -7 -8 9 26 25 -12 27 13 14 23 16 -18 18 19 -21 21 -23 -24 -25 -26 -27 -28 -29
leaf_value=0.0003497617880551471 0.079004474558212148 0.11741600914434953 -0.11656057156049288 -0.0052980167937429646 0.076893265336751948 0.097674533690725054 -0.027268799731583266 -0.056982407619555787 -0.022400820471115947 0.09620326882600784 0.0015874718039221298 0.021232528133051737 -0.058997429256866643 0.034131454741582273 0.032849890381097792 0.062862966122726599 -0.0082693683942563732 0.085437097206711776 -0.0079931016550687344 -0.066699043129140947 0.11048960837721826 0.0070054322225876547 -0.015169457537965191 -0.044079432953149082 0.10139451563358307 0.025918565846007803 0.031493965712460603 0.066528480909764764
leaf_weight=22524 27 33 26 79 20 70 173 30 97 20 3940 21 38 32 20 24 1788 20 857 65 40 251 359 22 20 23 22 20
leaf_count=22524 27 33 26 79 20 70 173 30 97 20 3940 21 38 32 20 24 1788 20 857 65 40 251 359 22 20 23 22 20
internal_value=-2.88795e-11 0.00258808 0.00213292 0.01897 0.00947087 0.0430783 -0.0164748 0.000614423 -0.0311075 0.00176062 0.00114488 -0.000452154 -0.000521033 -0.00653882 0.0298654 -0.00838855 -0.00732722 -3.59362e-05 -0.0100603 -0.0121318 0.000371543 0.0212301 0.000106288 -0.00744642 0.0600019 0.0586091 -0.0124371 0.0433281
internal_weight=30661 4560 4533 375 342 149 193 4158 145 4013 3970 26101 26060 1944 94 1850 1812 24116 942 922 23174 291 22883 42 52 43 119 41
internal_count=30661 4560 4533 375 342 149 193 4158 145 4013 3970 26101 26060 1944 94 1850 1812 24116 942 922 23174 291 22883 42 52 43 119 41
is_linear=0
shrinkage=0.04


Tree=276
num_leaves=31
num_cat=0
split_feature=37 22 23 4 7 4 29 32 22 28 32 22 28 3 34 20 1 23 19 31 7 7 17 7 12 37 33 7 17 12
split_gain=21.7955 147.18 93.8606 121.055 80.8179 198.903 205.076 111.929 107.591 105.038 123.794 114.997 96.7799 67.6969 193.199 379.954 272.97 74.5416 87.3219 68.0151 54.4671 84.3414 78.8876 64.7609 57.8822 51.7954 104.046 81.6196 191.593 60.1014
threshold=78.059530000000024 54.566427213666692 51.813220845638895 3.5000000000000004 -0.98296291314453399 18.500000000000004 14.866621316760471 10.9774327576002 55.941250520888914 14.005779182384368 6.3035919754999989 43.123731581138919 15.240850428133848 1.5000000000000002 10.600000000000001 18.411760921000003 4.5000000000000009 13.971116485527778 12.956871179416668 -1.6757911100833327 -0.98296291314453399 -0.9159756150367534 16.197074731000004 -0.60355339059327384 35.721899674500008 80.652656000000007 0.8071572688914822 -0.9159756150367534 15.753881545250001 17.575758479083337
decision_type=2 2 2 2 2 2 2 2 2 2 2 2 2 2 2 2 2 2 2 2 2 2 2 2 2 2 2 2 2 2
left_child=1 2 20 -4 5 12 9 8 -8 11 -11 -7 -2 14 15 16 -6 19 -19 -16 22 24 -1 -23 -22 26 -15 28 -27 -29
right_child=4 -3 3 -5 13 6 7 -9 -10 10 -12 -13 -14 25 17 -17 -18 18 -20 -21 21 23 -24 -25 -26 27 -28 29 -30 -31
leaf_value=-0.033715595631864652 0.057390911604677686 -0.099200715970993031 0.10763361347040959 -0.019412465719949631 0.13534240411200993 -0.013263799263103331 0.036492039087725567 0.11587014625901761 -0.039914465695619586 -0.022738717074518081 -0.11852329095204672 0.060708391437163715 -0.033430642512449552 0.07750628123157903 -0.0083429011865095663 -0.064505837588540976 -0.025914418805729259 0.044934722472151571 0.0030154131102184674 -0.087914172112941738 0.0069306698615721378 -0.01047490071472929 -0.00035579742480730336 0.00037513411046252043 0.041664018239392794 0.0059176102343257778 0.0072640996560395582 -0.0035367187226073705 -0.02172958223582664 0.0012789275239731674
leaf_weight=209 177 25 28 21 71 244 163 23 36 77 30 39 21 38 55 31 22 88 824 25 715 1395 248 2385 86 730 301 5588 890 16076
leaf_count=209 177 25 28 21 71 244 163 23 36 77 30 39 21 38 55 31 22 88 824 25 715 1395 248 2385 86 730 301 5588 890 16076
internal_value=-1.62229e-11 -0.00238419 -0.00190839 0.0531853 0.000477044 0.01291 0.00163558 0.0323257 0.0226698 -0.0158342 -0.0495942 -0.00306975 0.0477583 6.99652e-05 0.00969691 0.0567703 0.0971956 0.00381274 0.00706026 -0.0332089 -0.00244423 -0.0011306 -0.0156122 -0.00362905 0.0106598 -0.000384832 0.0151379 -0.000610832 -0.00927128 3.67824e-05
internal_weight=30661 5112 5087 49 25549 810 612 222 199 390 107 283 198 24739 1116 124 93 992 912 80 5038 4581 457 3780 801 23623 339 23284 1620 21664
internal_count=30661 5112 5087 49 25549 810 612 222 199 390 107 283 198 24739 1116 124 93 992 912 80 5038 4581 457 3780 801 23623 339 23284 1620 21664
is_linear=0
shrinkage=0.04


Tree=277
num_leaves=31
num_cat=0
split_feature=0 31 29 17 21 21 21 22 0 0 29 19 1 0 27 16 20 25 17 31 0 37 32 37 18 19 18 27 0 32
split_gain=21.6685 51.1729 50.6725 65.3268 61.2234 44.2919 74.8707 32.6713 29.9103 103.038 92.5562 103.316 211.095 67.2274 59.6639 54.5869 62.8472 56.4276 51.6436 51.0664 94.5864 88.7506 67.8221 47.2703 43.7318 59.1355 56.9117 36.3325 30.4275 30.0088
threshold=1.0000000180025095e-35 -7.4649906531666614 15.740668918249161 43.806053459000012 11.875902673500002 8.3570057209166695 9.6959199849166691 20.253603051805566 8.5000000000000018 7.5000000000000009 5.4360712629181576 27.217428181333336 4.5000000000000009 2.5000000000000004 0.36031138597948958 36.499237467666674 16.188112052500003 24.039974060248777 18.42178851333334 -3.8169159584999997 10.500000000000002 169.32649700000005 13.793929309000005 136.00051650000003 59.666266569166673 34.981472322750001 58.638192382500002 1.7352788927659157 10.500000000000002 -3.1291244186666627
decision_type=2 2 2 2 2 2 2 2 2 2 2 2 2 2 2 2 2 2 2 2 2 2 2 2 2 2 2 2 2 2
left_child=1 -1 3 5 -4 -3 -7 -6 9 10 23 12 -12 -13 28 16 17 -11 -18 20 22 -22 -16 27 26 -26 -21 -2 -10 -17
right_child=8 2 4 -5 7 6 -8 -9 14 15 11 13 -14 -15 19 29 18 -19 -20 24 21 -23 -24 -25 25 -27 -28 -29 -30 -31
leaf_value=0.058381675362586975 -0.028476307869634846 -0.050557169747171983 -0.085954220012451205 0.046516016623595863 -0.0029720698442796002 0.063535083240041368 -0.005223182203589383 -0.04425872405586035 -0.011763952623556059 0.01446056842658436 0.011742613039186823 -0.020009528978107857 -0.012278364130434306 -0.00085512308356221081 -0.014708818289150669 0.025901947062123908 0.0047063390867595999 -0.039305201690705095 0.024047009258775922 -0.00033526669142945728 0.0040439523452505026 -0.01636632092002329 -0.067445753812789916 -0.037754063687978255 0.068795309879563074 0.0076131220049811179 -0.053733455762267117 -0.0050895019272849543 0.01556154212510774 -0.02684876202791929
leaf_weight=20 121 33 24 41 92 26 996 46 75 64 2906 317 733 3901 807 22 316 61 734 15752 1359 455 41 93 33 108 32 874 499 80
leaf_count=20 121 33 24 41 92 26 996 46 75 64 2906 317 733 3901 807 22 316 61 734 15752 1359 455 41 93 33 108 32 874 499 80
internal_value=-9.23812e-13 -0.00509875 -0.00610798 -0.00302154 -0.0269891 -0.0049467 -0.00347395 -0.0167343 0.000221768 0.00196905 0.000451666 0.00196578 0.00690409 -0.00229466 -0.000710373 0.0125979 0.0150345 -0.0117771 0.0182264 -0.00110262 -0.00623074 -0.00107549 -0.0172586 -0.0104825 -0.000245408 0.0219324 -0.000443525 -0.00793353 0.0119911 -0.0154712
internal_weight=30661 1278 1258 1096 162 1055 1022 138 29383 10222 8945 7857 3639 4218 19161 1277 1175 125 1050 18587 2662 1814 848 1088 15925 141 15784 995 574 102
internal_count=30661 1278 1258 1096 162 1055 1022 138 29383 10222 8945 7857 3639 4218 19161 1277 1175 125 1050 18587 2662 1814 848 1088 15925 141 15784 995 574 102
is_linear=0
shrinkage=0.04


Tree=278
num_leaves=24
num_cat=0
split_feature=25 12 32 38 23 34 34 12 14 19 2 34 19 33 34 35 27 25 20 31 6 27 28
split_gain=21.4577 119.778 36.2023 44.9178 32.0569 27.0109 74.1535 42.8351 91.5345 47.8934 37.0287 34.9865 89.4264 40.6457 33.2377 55.673 33.9412 30.9141 27.6962 26.5201 32.9393 24.8845 19.667
threshold=42.009754001309027 21.929681632583335 12.272296646916672 25.333333333333339 49.94498747141666 36.400000000000006 36.100000000000001 27.358913689773839 33.858630151250004 27.689810139833337 174.50000000000003 35.800000000000004 33.525696452083345 1.2255867975468144 35.350000000000009 60.250000000000007 8.1906854782286427 27.181638567881944 34.974507047083343 -2.8716262037499969 0.12940952255126045 10.117160468074003 12.518336038092885
decision_type=2 2 2 2 2 2 2 2 2 2 2 2 2 2 2 2 2 2 2 2 2 2 2
left_child=5 -2 3 19 -5 6 11 8 17 21 22 14 13 -13 16 -16 -1 -8 -14 -3 -21 -9 -7
right_child=1 2 -4 4 -6 10 7 9 -10 -11 -12 12 18 -15 15 -17 -18 -19 -20 20 -22 -23 -24
leaf_value=0.00034488898599133422 0.10563487684726715 -0.020442425673827529 0.050881632462791773 -0.0064335101078718138 -0.063773628639487129 -0.062459123243710828 0.038929966557770972 -0.046343236798825467 0.10102189790337317 0.047547827612969183 0.022927860929207369 -0.011281723913720303 -0.038163219586662626 0.04927636302652813 0.00066067484262529569 0.027462949560334286 -0.0033125103441759502 -0.023152456460964112 -0.10252458018064499 -0.00066202621799535486 0.045288974630335974 0.0061162882164502753 -0.018519590126398283
leaf_weight=24554 20 32 23 39 26 28 33 23 31 31 22 114 23 21 372 186 4864 21 20 52 48 39 39
leaf_count=24554 20 32 23 39 26 28 33 23 31 31 22 114 23 21 372 186 4864 21 20 52 48 39 39
internal_value=-1.09739e-11 0.0119135 0.00339338 -0.00215093 -0.0293696 -9.39891e-05 -2.94255e-05 0.0257123 0.0462372 0.00695294 -0.0220978 -0.00018138 -0.0178627 -0.00186158 -7.63867e-05 0.00959477 -0.000259829 0.0147868 -0.0680987 0.0112522 0.0213945 -0.0133445 -0.0368824
internal_weight=30661 240 220 197 65 30421 30332 178 85 93 89 30154 178 135 29976 558 29418 54 43 132 100 62 67
internal_count=30661 240 220 197 65 30421 30332 178 85 93 89 30154 178 135 29976 558 29418 54 43 132 100 62 67
is_linear=0
shrinkage=0.04


Tree=279
num_leaves=31
num_cat=0
split_feature=25 17 24 1 25 17 21 16 14 29 22 23 14 34 34 30 27 28 30 26 30 27 1 37 2 22 26 13 27 30
split_gain=20.731 90.7252 83.1286 178.467 139.639 196.841 150.981 76.7191 106.262 66.2269 237.166 104.434 234.264 59.087 51.341 46.4358 45.3109 43.9886 74.6875 59.9696 57.4078 106.146 118.094 74.7864 212.822 55.5519 169.036 94.6867 51.952 35.8095
threshold=35.611093912739584 13.807449219083336 23.97252913854167 4.5000000000000009 38.269318964937504 31.224278410028877 17.553469881333339 22.023745670333337 20.460456396166673 13.668681088797973 18.944499006972251 22.22545013301389 23.151640919459044 17.600000000000005 27.550000000000004 -4.8274720295833333 21.038372051080064 15.070093286205489 9.9654447824166699 29.77089316119903 7.653832255083338 3.496329091302941 4.5000000000000009 212.23726500000001 176.50000000000003 32.997456305638941 28.882540306270339 29.965062491916665 14.117914256762713 17.402088350500005
decision_type=2 2 2 2 2 2 2 2 2 2 2 2 2 2 2 2 2 2 2 2 2 2 2 2 2 2 2 2 2 2
left_child=16 15 3 4 5 -3 -6 -5 -9 10 -4 12 -11 -13 -12 -2 17 20 25 -20 23 -22 -23 28 -25 27 -27 -19 -1 -21
right_child=1 2 9 7 6 -7 -8 8 -10 11 14 13 -14 -15 -16 -17 -18 18 19 29 21 22 -24 24 -26 26 -28 -29 -30 -31
leaf_value=0.00045646934361515243 0.1051186313405633 0.067619678743183614 0.14329536892118908 -0.072595630954293638 0.18106123902580953 -0.026093391340512497 0.032869403633204376 0.075240923270583154 -0.050826649050349774 -0.014793213496401475 -0.012070446221530438 0.022686307241266732 -0.15341749175673439 -0.0011139390502612563 0.012298932729514711 0.02090450953353535 0.041582550515488884 -0.010477330811637084 0.05720654797825353 0.031680655926465989 0.0814526405353099 -0.0077491374630176725 -0.063672464438355891 0.10619921201467515 0.0068537581895674726 0.021357842242251807 -0.015216036854876937 -0.052835681635826345 -0.010173031951860083 -0.04227261116220192
leaf_weight=22122 20 80 21 34 22 65 22 20 23 274 175 177 21 2924 660 22 41 917 52 20 20 857 65 40 251 339 501 93 761 22
leaf_count=22122 20 80 21 34 22 65 22 20 23 274 175 177 21 2924 660 22 41 917 52 20 20 857 65 40 251 339 501 93 761 22
internal_value=3.62429e-12 0.00248842 0.00194443 0.0236373 0.0445501 0.0256104 0.106965 -0.0276941 0.00780943 0.000587343 0.0105306 -0.00191896 -0.0246614 0.00024454 0.00719158 0.0610065 -0.000434741 -0.000500847 -0.00628909 0.0284932 -3.4254e-05 -0.00971409 -0.0116917 0.000359222 0.0205095 -0.00805641 -0.000455864 -0.0143777 0.000102973 -0.00705677
internal_weight=30661 4560 4518 266 189 145 44 77 43 4252 856 3396 295 3101 835 42 26101 26060 1944 94 24116 942 922 23174 291 1850 840 1010 22883 42
internal_count=30661 4560 4518 266 189 145 44 77 43 4252 856 3396 295 3101 835 42 26101 26060 1944 94 24116 942 922 23174 291 1850 840 1010 22883 42
is_linear=0
shrinkage=0.04


Tree=280
num_leaves=31
num_cat=0
split_feature=18 16 28 25 24 16 26 13 25 37 8 26 29 32 32 24 31 37 29 18 7 18 18 6 13 22 23 25 30 14
split_gain=21.5929 89.1921 126.431 218.987 396.083 106.693 105.177 97.6812 132.536 121.842 96.4225 91.8029 199.592 82.2349 64.7462 61.8154 61.6064 94.2244 126.699 107.95 67.9575 120.884 54.0512 53.0584 32.3013 170.516 89.7031 68.1169 100.162 58.5604
threshold=16.839159916500005 54.012135563416678 15.632336198468229 34.282807641756953 23.546881287312505 22.17481329766667 31.100095521710816 17.744449524250005 29.517579493291674 209.42780400000004 1.0000000180025095e-35 32.818971596459484 16.418284054907044 0.42285987133333341 6.5477694500000014 24.580191931499964 16.270333617750001 74.835481000000016 12.732978633802452 32.02320174150001 -0.9159756150367534 19.939009672166673 35.350159716916671 0.37940952255126054 25.693188443666674 24.249080829750056 31.88444551034722 42.009754001309027 -0.63969364441666865 14.485208708000002
decision_type=2 2 2 2 2 2 2 2 2 2 2 2 2 2 2 2 2 2 2 2 2 2 2 2 2 2 2 2 2 2
left_child=1 2 3 7 -5 6 13 8 -1 -9 -8 14 -13 -4 -7 -6 24 18 -18 20 21 -19 -21 -22 26 -26 27 -2 -29 -27
right_child=16 -3 5 4 15 11 10 9 -10 -11 -12 12 -14 -15 -16 -17 17 19 -20 22 23 -23 -24 -25 25 29 -28 28 -30 -31
leaf_value=0.00013274101487128427 0.0010214675974970157 0.071840518168531931 -0.053879628254343635 0.20633939964430675 -0.031490948852793924 -0.013379924481956183 0.0084192898557070763 -0.0065469477813747132 0.033770110357608928 -0.049385445678739676 0.11942887090501332 -0.1165201129578054 -0.0092402984662489467 0.033065673198018758 -0.086792498003868832 0.03337911872854156 0.0055967746355703894 0.023594698308408261 0.13084266121188798 0.10324888120889664 0.055239794318740432 -0.057598992267125095 0.028273369476199149 0.0057547490434213125 -0.031065480255279013 -0.030048953253149151 0.038666496233092353 0.11698645654320718 -0.0042177210003137592 -0.00029991734363487606
leaf_weight=3220 12964 26 46 21 29 227 31 2062 199 112 21 56 55 28 21 124 28 50 24 25 37 71 40 550 303 107 103 20 24 10037
leaf_count=3220 12964 26 46 21 29 227 31 2062 199 112 21 56 55 28 21 124 28 50 24 25 37 71 40 550 303 107 103 20 24 10037
internal_value=-2.60407e-11 -0.00209197 -0.00239943 -0.000749852 0.043442 -0.0220141 0.00965381 -0.00212467 0.00209058 -0.0087539 0.0532501 -0.0331288 -0.0633634 -0.0209814 -0.0195963 0.0210835 0.000538629 0.0112828 0.0634026 0.00777665 0.00324744 -0.0240479 0.0571101 0.00887391 0.00016237 -0.00149692 0.00148451 0.0011901 0.0508751 -0.000613713
internal_weight=30661 6278 6252 5767 174 485 126 5593 3419 2174 52 359 111 74 248 153 24383 825 52 773 708 121 65 587 23558 10447 13111 13008 44 10144
internal_count=30661 6278 6252 5767 174 485 126 5593 3419 2174 52 359 111 74 248 153 24383 825 52 773 708 121 65 587 23558 10447 13111 13008 44 10144
is_linear=0
shrinkage=0.04


Tree=281
num_leaves=26
num_cat=0
split_feature=19 6 13 24 35 16 33 23 37 21 24 25 25 23 17 26 22 23 28 7 23 30 15 30 12
split_gain=21.1895 76.8105 69.6551 64.6175 51.1241 39.6774 47.8463 36.3356 144.905 90.3647 78.395 49.8683 26.2872 144.011 247.169 168.33 144.513 170.58 70.9611 63.8949 53.9013 32.4123 64.651 45.8967 24.7836
threshold=58.638192382500002 0.37940952255126054 50.186352160982246 48.855947724784727 35.550000000000004 58.638192382500002 1.0318363088580511 61.466500321411026 169.32649700000005 53.110150455500005 48.281617473944458 39.171825156309033 37.417015610618058 20.934581318624996 39.229078645750015 33.128346123825402 19.147581477694455 21.849650987305555 17.120240348277353 -0.98296291314453399 59.8105923205 -1.2061106446666672 15.20592301516667 1.0139536132499976 63.889422705500003
decision_type=2 2 2 2 2 2 2 2 2 2 2 2 2 2 2 2 2 2 2 2 2 2 2 2 2
left_child=7 2 -2 4 -3 6 -6 12 9 -9 -10 -11 20 14 15 -14 17 -15 -16 -18 21 22 -1 -23 -4
right_child=1 3 24 -5 5 -7 -8 8 10 11 -12 -13 13 16 18 -17 19 -19 -20 -21 -22 23 -24 -25 -26
leaf_value=-0.019257278429085894 0.0032819834810036879 0.050354692018949071 -0.11230278316140176 0.063308736656023101 -0.0098282767699165129 -0.062289712607860565 0.018085499423224544 -0.055963608129984799 0.028652119517326352 -0.0055456697060303249 0.1406485699415207 0.072201623591509737 0.18778009298443796 -0.15278557658195496 0.053507292598485946 0.055985979187315786 0.037113797022473242 0.0018549563944339753 -0.033677870710932853 0.0014563401592992658 -0.047857737313759953 0.0020501329131235192 -0.0015745251919341019 -0.0020630309529234602 -0.049331575512886049
leaf_weight=346 26 26 20 23 587 20 118 36 20 33 20 22 20 21 20 69 84 25 59 1879 38 13094 7542 6493 20
leaf_count=346 26 26 20 23 587 20 118 36 20 33 20 22 20 21 20 69 84 25 59 1879 38 13094 7542 6493 20
internal_value=-2.82775e-12 -0.0062654 -0.0476872 -0.00273331 -0.0047559 -0.00673228 -0.00515618 0.000176484 0.0211966 -0.00669518 0.0846503 0.0255532 8.37381e-05 0.00431497 0.0398916 0.0856026 0.00133992 -0.0687418 -0.0116057 0.00298218 -0.000251063 -0.00018522 -0.00235016 0.000686638 -0.0808172
internal_weight=30661 840 66 774 751 725 705 29821 131 91 40 55 29690 2177 168 89 2009 46 79 1963 27513 27475 7888 19587 40
internal_count=30661 840 66 774 751 725 705 29821 131 91 40 55 29690 2177 168 89 2009 46 79 1963 27513 27475 7888 19587 40
is_linear=0
shrinkage=0.04


Tree=282
num_leaves=31
num_cat=0
split_feature=32 0 1 14 40 25 29 24 33 35 26 20 17 34 0 21 14 38 40 34 40 21 26 17 23 0 31 27 1 27
split_gain=20.9776 44.2073 43.1806 27.2496 76.6771 75.5303 164.53 185.6 67.8283 68.3956 76.3849 80.9178 55.7467 52.9281 49.9779 62.6128 106.48 47.927 46.2706 166.46 72.0162 43.7415 43.062 44.1086 35.1029 28.8175 26.3131 20.6414 17.7248 27.5929
threshold=-26.50971637113194 3.5000000000000004 2.5000000000000004 17.343114795000002 9.1899999999999995 28.647342150038199 13.432977782826066 19.101503842409727 0.78357938773394464 86.40000000000002 28.035789475293157 15.089919202000003 16.502177820083336 5.3000000000000016 11.500000000000002 25.595513297416669 15.846313060484045 11.825000000000001 6.3500000000000005 24.500000000000004 6.1600000000000001 15.734411059333336 19.034063288467667 7.737544311833334 20.934581318624996 22.500000000000004 16.270333617750001 4.881576192737902 1.5000000000000002 2.3973098376791189
decision_type=2 2 2 2 2 2 2 2 2 2 2 2 2 2 2 2 2 2 2 2 2 2 2 2 2 2 2 2 2 2
left_child=1 2 -1 4 5 18 7 -7 9 10 12 -12 -5 21 15 16 -6 -8 20 -20 -2 -10 26 -24 -17 -16 -15 28 29 -3
right_child=3 27 -4 8 14 6 17 -9 13 -11 11 -13 -14 22 25 24 -18 -19 19 -21 -22 -23 23 -25 -26 -27 -28 -29 -30 -31
leaf_value=-0.08624480133706873 0.00065883003166802541 -0.001572101659754791 -0.012465587536493936 -0.036543919140991026 -0.089445541222044761 0.09701606729818929 0.04661072333369936 0.021846799006064736 -0.0067726745689388138 -0.065007351239522296 -0.077208596510546554 0.0021510681520837049 -0.010636787392857432 -0.0064822483414349735 0.010907083566999064 0.010613775118314602 0.014108868129551411 -0.0014714820387594003 0.084432690929859236 0.0058637891609235864 -0.061519851982593535 -0.079775582502285641 -0.039401234139434319 0.00069106849990785847 -0.020979596295852981 -0.036976839109607369 -0.045093263901513199 0.030271240919828416 -0.0010548065133182936 -0.050309016809743999
leaf_weight=22 4550 41 30 169 47 62 35 345 29 33 21 975 622 1078 160 77 24 634 47 526 30 24 44 20502 209 23 29 26 213 34
leaf_count=22 4550 41 30 169 47 62 35 345 29 33 21 975 622 1078 160 77 24 634 47 526 30 24 44 20502 209 23 29 26 213 34
internal_value=1.99591e-11 -0.00951895 -0.0436799 0.000115 0.00235149 0.00360497 0.013244 0.0332976 -0.000528492 -0.00794579 -0.00689205 0.000477822 -0.0161719 9.34323e-05 -0.0121077 -0.0208202 -0.0544412 0.00104403 0.00159223 0.0123084 0.000251546 -0.0398306 0.000191154 0.000605209 -0.0124737 0.00488889 -0.00749374 -0.00386173 -0.00694318 -0.0236662
internal_weight=30661 366 52 30295 6769 6229 1076 407 23526 1820 1787 996 791 21706 540 357 71 669 5153 573 4580 53 21653 20546 286 183 1107 314 288 75
internal_count=30661 366 52 30295 6769 6229 1076 407 23526 1820 1787 996 791 21706 540 357 71 669 5153 573 4580 53 21653 20546 286 183 1107 314 288 75
is_linear=0
shrinkage=0.04


Tree=283
num_leaves=29
num_cat=0
split_feature=37 37 32 20 30 18 38 35 30 26 12 21 26 32 17 19 0 2 13 29 30 29 17 16 2 32 12 32
split_gain=20.3444 30.7599 49.2077 78.3247 49.8465 68.2754 38.8863 126.256 131.251 151.279 131.23 100.718 74.3643 52.0166 90.5937 74.9252 55.1884 63.5529 54.7076 30.305 22.508 20.0873 15.0057 16.0441 8.92411 10.5572 6.83734 2.47116
threshold=57.171691500000016 65.469746000000029 6.7799722091666679 37.294714933000002 1.1781577103333325 23.066270686583337 16.150000000000002 27.600000000000005 -2.3983328199166665 27.436222398751095 49.374502718333339 50.615990755833344 27.183891125749472 9.8330276125833365 54.012135563416678 43.321350993000003 22.500000000000004 82.500000000000014 28.009536092000005 15.353234048863058 3.6787357829166685 14.414316118551801 12.463435888916669 15.388283109000001 357.50000000000006 -2.7786386719166685 24.491496891166666 1.394428261583337
decision_type=2 2 2 2 2 2 2 2 2 2 2 2 2 2 2 2 2 2 2 2 2 2 2 2 2 2 2 2
left_child=22 2 19 4 5 -4 7 11 9 -9 -10 12 -3 16 15 -15 18 -18 -8 20 21 -2 -1 -24 25 -25 -26 -27
right_child=1 6 3 -5 -6 -7 13 8 10 -11 -12 -13 -14 14 -16 -17 17 -19 -20 -21 -22 -23 23 24 26 27 -28 -29
leaf_value=-0.021810924038290977 -0.002769089486331866 0.020881906556231632 0.0011562288458848936 -0.10227287846803666 0.032106144485565334 -0.075334315169038199 0.00094804635187325929 -0.0073277831494725186 0.0023229556343626972 -0.065584428643577553 0.036647591046231956 -0.053216330558061603 0.064000244252821983 0.014131682210918536 -0.077697626031935224 -0.0055466072876960504 0.011846098372621872 -0.015706237106273148 -0.0032735476684864124 -0.046276618865533518 -0.040338727997243411 0.029281027847900987 0.042682978138327603 0.027379491344160799 0.012787284476216883 0.0038770981779299584 0.042160862632805392 -0.0086714611109346158
leaf_weight=20 1407 259 43 20 26 33 14110 359 3793 89 187 24 85 997 20 449 164 731 7534 26 25 32 28 28 32 83 21 36
leaf_count=20 1407 259 43 20 26 33 14110 359 3793 89 187 24 85 997 20 449 164 731 7534 26 25 32 28 28 32 83 21 36
internal_value=-3.27455e-11 -9.30434e-05 -0.00547009 -0.0298935 -0.0157015 -0.0320568 0.000207912 0.00349617 0.0016252 -0.0189011 0.0039357 0.0260088 0.0315361 -0.000449055 0.00685192 0.00802134 -0.000923931 -0.0106575 -0.000521437 -0.00347032 -0.0027101 -0.00205637 0.0114102 0.0143243 0.0103541 0.00528063 0.0244259 8.08954e-05
internal_weight=30661 30413 1612 122 102 76 28801 4796 4428 448 3980 368 344 24005 1466 1446 22539 895 21644 1490 1464 1439 248 228 200 147 53 119
internal_count=30661 30413 1612 122 102 76 28801 4796 4428 448 3980 368 344 24005 1466 1446 22539 895 21644 1490 1464 1439 248 228 200 147 53 119
is_linear=0
shrinkage=0.04


Tree=284
num_leaves=31
num_cat=0
split_feature=25 30 33 30 16 28 25 7 40 15 18 31 23 16 12 28 33 12 34 30 27 18 6 30 30 7 31 1 31 19
split_gain=20.376 67.6007 74.4235 73.2995 61.8471 50.9621 88.7354 92.4063 138.854 86.4804 84.4522 87.1937 78.0259 223.856 199.62 258.856 155.108 77.1104 70.3059 78.8557 64.0943 58.9612 78.0854 57.7036 49.1 51.6103 49.4242 48.3445 103.426 67.4264
threshold=20.538073902107641 -2.8553449709999952 0.7380071357931437 0.97814606108333291 23.066687084416667 7.8727370307457676 28.17023319798264 -0.78656609248549325 17.350000000000005 42.035888118500004 11.894879048833335 14.035588828750004 17.900134479569445 23.629231201083339 15.846313060484045 18.085017819953297 1.0058497299115434 16.196890128250004 5.3000000000000016 1.4644236081666719 5.4563131476588405 14.224177527166669 1.0000000180025095e-35 -0.83523956324999904 -0.73735129400000143 -0.9159756150367534 -0.82114353791666506 1.0000000180025095e-35 1.9778820882500023 17.895624483166671
decision_type=2 2 2 2 2 2 2 2 2 2 2 2 2 2 2 2 2 2 2 2 2 2 2 2 2 2 2 2 2 2
left_child=1 2 -1 24 27 9 7 10 20 18 -7 -12 13 16 15 -14 -8 -16 19 -2 -9 22 -20 -15 -3 26 -26 28 -5 -29
right_child=5 3 -4 4 -6 6 12 8 -10 -11 11 -13 14 23 17 -17 -18 -19 21 -21 -22 -23 -24 -25 25 -27 -28 29 -30 -31
leaf_value=-0.093717797815799711 0.010898746699094772 -0.0049249256829104896 -0.014332294025681695 0.08817234284498475 -0.053700215437627853 -0.07597039047724162 0.01156328218770033 0.00026981972172149423 0.075176595515675015 -0.073905252995698348 -0.020636849332015143 0.023525372305769978 -0.039672916991015279 -0.075436786614844334 0.03562970631547923 0.067918784245848657 0.059404018489747412 0.00086957188827570437 -0.036157213091850278 -0.097701756837575329 -0.011786456972785762 0.0034061669433027653 0.033047103305906059 -0.012079353449137315 0.03027932411024593 0.0023454445562508357 -0.0038351792573928832 -0.030128569506153828 -0.00063314207269510639 -0.0062985726062201527
leaf_weight=20 20 1441 342 22 47 39 439 2075 36 23 612 81 339 46 103 40 144 11822 30 23 1069 6381 200 46 212 3395 100 248 454 812
leaf_count=20 20 1441 342 22 47 39 439 2075 36 23 612 81 339 46 103 40 144 11822 30 23 1069 6381 200 46 212 3395 100 248 454 812
internal_value=-6.08689e-12 -0.00187963 -0.0187182 -0.000974034 -0.00850151 0.000565692 -0.000603768 -0.00588459 -0.00293506 0.00352411 -0.0186981 -0.015475 0.000987926 0.0142292 0.000261506 -0.0283176 0.0233799 0.00116981 0.00379175 -0.0471899 -0.00382947 0.00412335 0.0240205 -0.0437581 0.00134065 0.00377623 0.0193452 -0.00711848 0.00347131 -0.0118739
internal_weight=30661 7093 362 6731 1583 23568 16891 3912 3180 6677 732 693 12979 675 12304 379 583 11925 6654 43 3144 6611 230 92 5148 3707 312 1536 476 1060
internal_count=30661 7093 362 6731 1583 23568 16891 3912 3180 6677 732 693 12979 675 12304 379 583 11925 6654 43 3144 6611 230 92 5148 3707 312 1536 476 1060
is_linear=0
shrinkage=0.04


Tree=285
num_leaves=23
num_cat=0
split_feature=22 1 35 31 31 13 30 14 10 13 28 13 17 18 21 10 1 30 38 15 32 30
split_gain=20.4912 83.183 150.105 78.948 196.192 74.1937 59.2886 53.9225 64.6386 64.4582 39.1043 34.0537 53.6977 33.4175 32.8325 142.347 149.404 55.1326 36.2003 101.811 56.221 23.1788
threshold=11.711783301472229 1.0000000180025095e-35 52.250000000000007 2.834584130416673 1.1733672648333331 14.600374084500002 -3.1575543129166674 10.06621396075 0.68301270189221941 12.961645096916669 16.081701255998897 8.3570057209166695 18.648804525083339 44.302603010666679 10.489384900166668 -0.24999999999999994 4.5000000000000009 -3.253399251499999 16.150000000000002 54.54882465883334 9.8330276125833365 13.89867375425
decision_type=2 2 2 2 2 2 2 2 2 2 2 2 2 2 2 2 2 2 2 2 2 2
left_child=1 2 -1 4 5 6 -3 8 10 -10 13 12 -9 21 15 16 -13 -17 19 -16 -20 -2
right_child=7 3 -4 -5 -6 -7 -8 11 9 -11 -12 14 -14 -15 18 17 -18 -19 20 -21 -22 -23
leaf_value=-0.039676212381039348 0.01386705825347923 -0.053444338455086664 0.097953049987554552 -0.082929546304724447 0.11180096794258465 -0.069880538577994991 -0.0048243983172680813 0.010450340146603792 0.11128144202487809 0.017842477791839177 0.061674577764102394 0.066308049138473435 -0.074238199996948251 -0.032122902298236597 0.0020970608633513661 -0.033095129812031651 -0.0031636192683858434 0.0036238365874508853 -0.0013146075119663484 0.04646840874648963 0.0071278003351206874 -0.02662083372473717
leaf_weight=21 238 42 32 22 22 31 901 23 21 27 21 115 25 34 5511 89 87 247 21703 84 1340 25
leaf_count=21 238 42 32 22 22 31 901 23 21 27 21 115 25 34 5511 89 87 247 21703 84 1340 25
internal_value=-2.18159e-11 -0.00543536 0.0434207 -0.00797895 -0.00632341 -0.00899152 -0.00698987 0.000196731 0.0154549 0.058722 0.00892398 5.63883e-06 -0.0336583 0.00519414 6.10223e-05 0.00985095 0.0363871 -0.00610232 -0.000122894 0.00276323 -0.000823663 0.0100184
internal_weight=30661 1071 53 1018 996 974 943 29590 366 48 318 29224 48 297 29176 538 202 336 28638 5595 23043 263
internal_count=30661 1071 53 1018 996 974 943 29590 366 48 318 29224 48 297 29176 538 202 336 28638 5595 23043 263
is_linear=0
shrinkage=0.04


Tree=286
num_leaves=31
num_cat=0
split_feature=34 38 15 25 30 2 19 7 38 18 7 2 2 15 24 22 35 35 12 23 0 28 35 4 18 38 12 38 26 12
split_gain=20.6699 107.757 90.7845 69.2695 95.1003 90.0116 69.2308 84.4819 44.4065 51.4686 46.1146 71.271 100.029 55.2549 48.3724 53.1887 38.342 66.2085 256.53 96.6548 61.7646 73.0318 38.0109 128.169 91.8897 79.3499 151.255 85.6376 37.839 34.0628
threshold=28.850000000000005 27.183333333333341 62.611773307833339 37.553056729604172 -5.2141865522500002 256.50000000000006 12.455544624833335 -0.9159756150367534 30.541666666666668 16.267003637250003 -0.98296291314453399 290.50000000000006 38.500000000000007 42.632460237333341 44.419549514645837 40.403528987777818 39.20000000000001 41.95000000000001 49.779445540166677 61.466500321411026 12.500000000000002 14.316810989989042 77.250000000000014 38.500000000000007 21.549409228750005 25.025000000000002 9.3273076578333356 24.883333333333336 29.442147347434183 29.079799658333339
decision_type=2 2 2 2 2 2 2 2 2 2 2 2 2 2 2 2 2 2 2 2 2 2 2 2 2 2 2 2 2 2
left_child=8 2 3 4 5 -2 7 -3 10 -10 11 12 13 -1 15 -13 20 18 -18 -19 21 -8 25 24 -24 27 -27 -12 -22 -11
right_child=1 6 -4 -5 -6 -7 16 -9 9 29 22 14 -14 -15 -16 -17 17 19 -20 -21 28 -23 23 -25 -26 26 -28 -29 -30 -31
leaf_value=-0.0039718846382277313 -0.056457550860941411 -0.082584059110709609 -0.049136983198778968 0.10891912800073623 0.05093423399889585 0.046018535358210405 0.064935634312082519 0.0046901041683223513 -0.043129802901049459 -0.0096982701473726871 0.00016337946169813481 -0.02549372091746795 0.027427401894136616 -0.056800499280293786 -0.082117780379273669 0.040705386371839618 0.0013464727997779845 0.00046358117324418741 -0.11744400981108885 0.043900441591998185 0.00050016988988179679 -0.018706836724734825 0.012023305325358287 0.084323854595422743 -0.0041715790660032505 -0.082914416266650692 -0.0055548425959065584 0.028137882257375006 0.021394749422687837 0.043863120019435889
leaf_weight=107 32 35 21 20 116 24 61 36 75 379 16220 258 138 45 22 21 136 6571 37 83 545 23 1091 32 1153 41 2956 177 186 20
leaf_count=107 32 35 21 20 116 24 61 36 75 379 16220 258 138 45 22 21 136 6571 37 83 545 23 1091 32 1153 41 2956 177 186 20
internal_value=-1.89629e-13 0.00175896 0.0298248 0.0384612 0.0302685 -0.0125392 0.000983904 -0.0383324 -0.000613219 -0.0127281 -0.000355259 -0.0113793 0.0027723 -0.0196119 -0.0250138 -0.020511 0.00134918 0.000370239 -0.0240596 0.0010054 0.00954949 0.0420335 -5.46021e-05 0.00483566 0.00370214 -0.000628503 -0.00661315 0.000465355 0.00581671 -0.00701349
internal_weight=30661 7926 213 192 172 56 7713 71 22735 474 22261 591 290 152 301 279 7642 6827 173 6654 815 84 21670 2276 2244 19394 2997 16397 731 399
internal_count=30661 7926 213 192 172 56 7713 71 22735 474 22261 591 290 152 301 279 7642 6827 173 6654 815 84 21670 2276 2244 19394 2997 16397 731 399
is_linear=0
shrinkage=0.04


Tree=287
num_leaves=31
num_cat=0
split_feature=19 0 13 24 35 16 32 26 20 31 19 16 19 26 40 18 21 21 16 18 35 35 20 1 22 37 35 22 26 25
split_gain=19.8366 70.0468 63.6264 59.2774 45.2192 37.1424 44.9055 33.2186 53.8685 188.965 136.364 148.089 120.212 80.8915 53.9144 52.6648 291.557 64.9666 103.626 54.0112 39.1446 218.245 347.374 246.792 87.1295 202.431 77.7546 64.2011 95.2337 113.902
threshold=58.638192382500002 10.500000000000002 50.186352160982246 48.855947724784727 35.550000000000004 58.638192382500002 16.991794359004906 32.136927820532257 16.493957515666668 -2.1472913526666662 13.960840380750001 29.084094157166671 17.257020756166671 32.94594157528919 4.5300000000000011 14.224177527166669 25.71239944633334 15.082617220000003 24.981519205833337 14.798726696666668 40.650000000000006 39.750000000000007 18.411760921000003 4.5000000000000009 55.318189615722268 84.470553500000008 35.250000000000007 42.607233013277821 27.789027115279271 34.902888381930559
decision_type=2 2 2 2 2 2 2 2 2 2 2 2 2 2 2 2 2 2 2 2 2 2 2 2 2 2 2 2 2 2
left_child=7 3 -3 4 -2 6 -6 20 9 12 13 -12 14 -11 -9 16 -10 18 -17 -19 21 24 23 -23 26 -26 -1 -22 -29 -30
right_child=1 2 -4 -5 5 -7 -8 8 15 10 11 -13 -14 -15 -16 17 -18 19 -20 -21 27 22 -24 -25 25 -27 -28 28 29 -31
leaf_value=-0.0011270691217991288 0.047204014475529014 0.0030954544016948116 -0.077281959353014837 0.060565235537031421 -0.0026527885959150076 -0.060238401591777804 -0.049129244949136466 -0.0028422321733974276 0.16289028758555651 -0.0094755639632542934 0.029781429058081711 -0.045944374763965609 0.16170282649993897 -0.10486460022926331 0.086761369325897925 -0.0043309041060274464 -0.027589767144785986 -0.063539162054657941 -0.097773102234911036 0.002330643845297881 -0.003063493339175701 0.12899186765643914 -0.06189311375541072 -0.024337864116003569 -0.11955464055461269 0.020809478444712506 0.0063924506033990313 0.018069613999368402 -0.0083898716213213504 0.017616432234262028
leaf_weight=7857 26 26 40 23 670 20 35 21 20 33 238 50 20 25 22 64 36 20 27 4818 11387 71 31 22 31 35 3056 599 964 374
leaf_count=7857 26 26 40 23 670 20 35 21 20 33 238 50 20 25 22 64 36 20 27 4818 11387 71 31 22 31 35 3056 599 964 374
internal_value=-1.3653e-11 -0.00606209 -0.0456181 -0.00268909 -0.00462631 -0.00648505 -0.00496013 0.000170757 0.00301175 0.0169672 0.00536547 0.0166346 0.0806844 -0.0505915 0.0430015 0.00186676 0.0404388 0.00142853 -0.0320555 0.00205834 -0.000456593 0.00129752 0.054067 0.0927203 0.000701529 -0.0451191 0.000978644 -0.00191831 0.00481384 -0.00112055
internal_weight=30661 840 66 774 751 725 705 29821 5394 409 346 288 63 58 43 4985 56 4929 91 4838 24427 11103 124 93 10979 66 10913 13324 1937 1338
internal_count=30661 840 66 774 751 725 705 29821 5394 409 346 288 63 58 43 4985 56 4929 91 4838 24427 11103 124 93 10979 66 10913 13324 1937 1338
is_linear=0
shrinkage=0.04


Tree=288
num_leaves=31
num_cat=0
split_feature=0 30 20 2 22 24 17 2 22 17 28 0 1 23 29 12 12 26 38 30 31 20 16 17 13 8 0 30 17 18
split_gain=19.5255 48.404 54.9178 171.393 64.6372 88.3333 79.228 44.3505 41.0041 52.6138 31.9162 27.2788 120.202 115.194 208.559 229.001 174.749 499.544 165.49 80.7367 49.3764 43.8165 72.1851 99.5149 51.6613 45.8241 120.603 67.082 65.0522 44.2476
threshold=1.0000000180025095e-35 0.24699604475000128 10.492458841750002 222.50000000000003 15.658719973638904 22.616228943236113 34.978555118666677 168.50000000000003 20.253603051805566 46.250810433000005 17.723320367910592 5.5000000000000009 5.5000000000000009 17.900134479569445 8.6908880042774843 13.525336108416669 15.753435201083335 34.083204416375501 29.408333333333339 1.4146980834166671 -0.91813687333333138 16.338717765250006 52.222968099000006 16.197074731000004 53.532147770083348 -0.8783796973249266 10.500000000000002 1.319845386000001 21.328305777750003 18.156215894000002
decision_type=2 2 2 2 2 2 2 2 2 2 2 2 2 2 2 2 2 2 2 2 2 2 2 2 2 2 2 2 2 2
left_child=1 2 3 7 5 6 -4 -1 9 -6 -10 12 13 14 19 -16 17 -15 -18 -2 -14 22 24 -24 -13 26 28 -28 -23 -27
right_child=11 -3 4 -5 8 -7 -8 -9 10 -11 -12 21 20 16 15 -17 18 -19 -20 -21 -22 25 23 -25 -26 29 27 -29 -30 -31
leaf_value=-0.047512806451746395 0.012691767455310261 -0.056852959820202421 -0.021068786376883756 0.10868472783693246 0.0014990389759049697 -0.082915336209184981 0.058270117803053419 0.018125124875456096 -0.012174346797058689 0.061760015077888968 -0.066292589889839298 -0.0055983073141781872 -0.0058573629822640631 -0.036456921682261008 0.0093459077682836282 0.048769955857314022 0.0029707825553726155 0.12344288489397835 0.10242016743730617 -0.01181573515183074 -0.028028547453622404 -0.025211183972379529 0.098733273327350629 -0.014129062628746032 -0.057549418037937533 -0.00379874193763842 0.0031228675603584316 -0.020477108549518147 -0.0028387384101034641 0.0018415278851484358
leaf_weight=28 378 28 238 28 680 34 22 40 136 24 20 2541 707 388 570 402 3177 34 27 499 208 551 25 25 31 2622 1937 214 334 14713
leaf_count=28 378 28 238 28 680 34 22 40 136 24 20 2541 707 388 570 402 3177 34 27 499 208 551 25 25 31 2622 1937 214 334 14713
internal_value=1.67217e-11 -0.00484005 -0.00367497 0.0253939 -0.00609318 -0.0222842 -0.0143555 -0.00890226 -0.000558112 0.00355339 -0.0191126 0.000210516 0.00252243 0.00476519 0.0128903 0.0256509 0.000621978 -0.023574 0.00380884 -0.00125264 -0.0108974 -0.00043199 -0.00529909 0.0423021 -0.00622447 0.000194467 -0.0043388 0.000774939 -0.0167678 0.000988411
internal_weight=30661 1278 1250 96 1154 294 260 68 860 704 156 29383 6390 5475 1849 972 3626 422 3204 877 915 22993 2622 50 2572 20371 3036 2151 885 17335
internal_count=30661 1278 1250 96 1154 294 260 68 860 704 156 29383 6390 5475 1849 972 3626 422 3204 877 915 22993 2622 50 2572 20371 3036 2151 885 17335
is_linear=0
shrinkage=0.04


Tree=289
num_leaves=31
num_cat=0
split_feature=32 35 24 18 14 12 30 40 25 29 30 30 30 35 31 22 1 21 15 18 30 0 21 14 21 26 22 12 23 35
split_gain=19.879 42.3383 29.0118 24.8991 24.6588 74.3448 79.8907 68.6055 62.6972 149.612 178.607 97.83 62.6295 59.201 49.777 54.7544 105.547 73.0114 49.66 47.8383 86.555 47.824 59.3569 119.72 44.7344 42.4643 124.32 61.1649 41.0217 34.591
threshold=-26.50971637113194 77.250000000000014 17.771688423506948 55.653911214166676 17.343114795000002 13.963141341166668 1.0535038733333304 9.1899999999999995 28.647342150038199 13.432977782826066 2.6915600868333356 -2.9216806067500012 2.4202369951666829 64.750000000000014 -6.8404337318333353 19.745629975166683 1.5000000000000002 13.790694986833335 19.861790478749999 47.971638427750001 4.9999727698333354 11.500000000000002 30.490741023750001 15.846313060484045 9.3242283631666698 31.342813206072901 15.761524671861139 17.575758479083337 20.934581318624996 64.750000000000014
decision_type=2 2 2 2 2 2 2 2 2 2 2 2 2 2 2 2 2 2 2 2 2 2 2 2 2 2 2 2 2 2
left_child=1 3 -3 -1 7 6 18 8 19 10 -10 -11 -8 -14 15 16 -7 -17 29 24 -21 22 23 -9 -2 27 -27 -16 -24 -6
right_child=4 2 -4 -5 5 14 12 21 9 11 -12 -13 13 -15 25 17 -18 -19 -20 20 -22 -23 28 -25 -26 26 -28 -29 -30 -31
leaf_value=-0.0072854042805910639 -0.011062585261064356 -0.010488793700933457 -0.074263272750377654 0.035076500599582991 0.0039769779801092763 0.05427700264586343 -0.073145796824585316 -0.084263743118003567 0.072552703434304033 0.061230079094413671 0.014297185428052519 -0.00328389466771377 -0.039265029850350908 0.023083539815510021 -0.0080951618649370075 -0.063134433617815372 -0.028314228436140808 -0.0020652444692278891 -0.026715721711516382 -0.0053757524838851344 -0.10107361954450607 0.0051887649514577531 0.01579152793787858 0.020209220510262711 0.0031552731311691724 0.063052151556719435 0.0026310387752951393 6.9788482989034472e-05 -0.019975174451558785 0.058763367831706999
leaf_weight=296 383 21 25 24 54 27 55 54 119 40 288 629 86 34 1642 32 298 1481 54 62 20 183 68 26 4688 55 5830 13850 209 28
leaf_count=296 383 21 25 24 54 27 55 54 119 40 288 629 86 34 1642 32 298 1481 54 62 20 183 68 26 4688 55 5830 13850 209 28
internal_value=-2.4583e-12 -0.00926637 -0.0451488 -0.00410826 0.000111949 -0.000500189 -0.0199276 0.00223946 0.00342514 0.0122072 0.0313301 0.000573443 -0.0377998 -0.0215996 -0.000239929 -0.00655663 -0.0214528 -0.00335686 0.00306972 0.00159134 -0.0287167 -0.0114375 -0.0199602 -0.05031 0.00208143 0.000303183 0.00319572 -0.000795616 -0.0111949 0.0226845
internal_weight=30661 366 46 320 30295 23526 311 6769 6229 1076 407 669 175 120 23215 1838 325 1513 136 5153 82 540 357 80 5071 21377 5885 15492 277 82
internal_count=30661 366 46 320 30295 23526 311 6769 6229 1076 407 669 175 120 23215 1838 325 1513 136 5153 82 540 357 80 5071 21377 5885 15492 277 82
is_linear=0
shrinkage=0.04


Tree=290
num_leaves=31
num_cat=0
split_feature=37 37 12 27 26 2 38 15 7 30 12 0 2 4 38 7 40 32 37 30 1 32 15 31 30 12 14 32 1 28
split_gain=18.81 27.1495 46.7121 171.782 103.645 42.4513 35.3271 134.152 126.254 99.1859 62.4473 45.4933 61.3865 76.2851 48.977 74.3885 69.0491 30.7303 29.2586 27.6321 19.3693 17.7799 16.6823 15.3746 15.8432 13.2296 13.2048 13.1716 7.0263 6.40795
threshold=57.171691500000016 65.469746000000029 36.501839981821526 1.9317365023882724 23.805696527970102 26.500000000000004 16.150000000000002 55.653911214166676 -0.9159756150367534 -2.3983328199166665 48.953036100166678 22.500000000000004 82.500000000000014 20.500000000000004 16.791666666666671 -0.98296291314453399 0.83999999999999952 0.94471067750000082 59.102617500000015 -3.253399251499999 4.5000000000000009 2.0533180870833339 28.699276953416668 -5.2540661859999958 1.135044482916663 25.114237467416668 11.241972367649302 3.5002130249166652 5.5000000000000009 5.3057616417163604
decision_type=2 2 2 2 2 2 2 2 2 2 2 2 2 2 2 2 2 2 2 2 2 2 2 2 2 2 2 2 2 2
left_child=23 2 18 4 -4 17 7 8 10 -10 -3 14 27 -14 16 -16 -8 -5 20 -20 22 -21 -2 -1 25 28 -22 -13 -25 -27
right_child=1 6 3 5 -6 -7 11 -9 9 -11 -12 12 13 -15 15 -17 -18 -19 19 21 26 -23 -24 24 -26 29 -28 -29 -30 -31
leaf_value=0.042892608100717718 -0.005774759255152302 0.039187710401556879 -0.16162124031782149 -0.020055313539505005 -0.032845728367567065 -0.046185277498975073 -0.0040202635435315857 0.099699395888525513 -0.015831890091424446 0.003414083125002223 -0.023505161482969234 0.008447711487836523 -0.03748355872127726 -0.0070962635738130468 0.011575805463923431 -0.00011411138798262973 -0.031125446779133623 0.034444041296231506 -0.055064262062311173 -0.0041141719848609868 0.039685933589935302 -0.019446383790875023 0.010132810977897769 0.0015983334284891762 -0.024385997151786631 0.046757009789347652 0.0091687514026926598 0.042328316014969634 0.024068168937056156 0.017526997824509939
leaf_weight=22 387 206 20 25 20 23 1196 23 479 4059 29 146 172 571 909 20818 172 49 20 565 26 154 145 127 22 20 178 21 27 30
leaf_count=22 387 206 20 25 20 23 1196 23 479 4059 29 146 172 571 909 20818 172 49 20 565 26 154 145 127 22 20 178 21 27 30
internal_value=4.88326e-12 -8.94658e-05 -0.00514111 -0.0274834 -0.0972335 0.00127952 0.000193276 0.00332744 0.00286304 0.00138261 0.0314511 -0.000432904 -0.00920536 -0.0141307 -8.72473e-05 0.000374964 -0.00742823 0.0160321 -0.00306592 -0.00868814 0.00257921 -0.00739812 -0.00143905 0.0109715 0.0078641 0.0113421 0.0130582 0.0127081 0.00553785 0.029219
internal_weight=30661 30413 1612 137 40 97 28801 4796 4773 4538 235 24005 910 743 23095 21727 1368 74 1475 739 736 719 532 248 226 204 204 167 154 50
internal_count=30661 30413 1612 137 40 97 28801 4796 4773 4538 235 24005 910 743 23095 21727 1368 74 1475 739 736 719 532 248 226 204 204 167 154 50
is_linear=0
shrinkage=0.04


Tree=291
num_leaves=31
num_cat=0
split_feature=7 31 30 31 18 35 26 35 33 7 21 32 32 35 8 31 7 7 27 21 1 23 38 21 35 29 18 37 18 34
split_gain=18.8957 47.0388 47.0814 50.2217 56.1466 40.4022 87.055 46.8209 25.9114 83.4733 130.567 66.8702 118.934 47.5499 65.2702 126.385 50.3153 45.286 42.1878 37.8891 174.284 178.637 170.89 70.3637 126.9 127.461 69.9432 89.2172 68.8077 66.6523
threshold=0.98296291314453421 -7.4649906531666614 0.20206057575000272 -2.7264846929166651 16.099159151166671 75.250000000000014 27.363021440620219 50.250000000000007 0.6072090839664378 0.78656609248549303 30.25146352754528 -11.803114701916664 -2.5335078409166658 71.40000000000002 -0.8783796973249266 -20.006962800666667 -0.98296291314453399 -0.37940952255126015 4.160563714946286 13.32511482791667 4.5000000000000009 12.514740604611111 25.533333333333335 15.184436124583334 88.750000000000014 13.24701841735231 10.88261694741667 200.69197800000003 42.685488118333332 5.3000000000000016
decision_type=2 2 2 2 2 2 2 2 2 2 2 2 2 2 2 2 2 2 2 2 2 2 2 2 2 2 2 2 2 2
left_child=8 -2 3 4 -3 7 -7 -5 9 13 11 -11 -13 16 15 -15 -1 -16 -18 20 21 -10 -23 24 28 -26 -22 -28 -21 -25
right_child=1 2 -4 5 -6 6 -8 -9 19 10 -12 12 -14 14 17 -17 18 -19 -20 23 26 22 -24 29 25 -27 27 -29 -30 -31
leaf_value=0.026633212483887163 0.056100923597812651 -0.092628702478749422 -0.055237796435753508 0.0026703945165957137 -0.012835138869840047 0.047092952302450107 -0.00091748637355309223 -0.017869350137666634 0.10602222428531261 0.039803199270883431 -0.12733761030435564 -0.11050442832211653 -0.010628851623304429 0.017075845215718567 0.046771486060959953 0.12713460205215962 -0.0035455769818372724 -0.0074615543484687812 -0.022251697314984126 -0.0052527411478356682 -0.031866727981844853 0.024711641152687248 -0.027442093295437738 -0.053711722426944317 -0.00075439783930778513 -0.13748168865839641 -0.0042530803153813914 0.070128639252097516 -0.079987402178347114 0.0007556669381057953
leaf_weight=77 20 21 30 326 43 72 376 390 37 26 20 24 93 101 28 20 1196 205 230 1365 145 594 121 36 20 24 581 27 20 24393
leaf_count=77 20 21 30 326 43 72 376 390 37 26 20 24 93 101 28 20 1196 205 230 1365 145 594 121 36 20 24 581 27 20 24393
internal_value=-9.94866e-12 -0.00476135 -0.00572896 -0.00451946 -0.0390174 -0.00262266 0.00679848 -0.00851746 0.000207093 -0.00416474 -0.0316102 -0.0182217 -0.0311161 -0.00175569 0.0114332 0.0352674 -0.00486204 -0.000944279 -0.00656269 0.000529831 0.00669954 0.0203205 0.0158856 0.000170739 -0.00845653 -0.0753329 -0.00690338 -0.000949945 -0.00633194 0.000675401
internal_weight=30661 1278 1258 1228 64 1164 448 716 29383 2020 163 143 117 1857 354 121 1503 233 1426 27363 1505 752 715 25858 1429 44 753 608 1385 24429
internal_count=30661 1278 1258 1228 64 1164 448 716 29383 2020 163 143 117 1857 354 121 1503 233 1426 27363 1505 752 715 25858 1429 44 753 608 1385 24429
is_linear=0
shrinkage=0.04


Tree=292
num_leaves=31
num_cat=0
split_feature=40 22 27 20 12 27 21 37 18 7 34 27 30 31 37 13 19 24 19 7 37 13 28 30 34 27 30 6 37 13
split_gain=18.7992 101.688 51.6801 57.0877 49.1749 28.919 57.0898 70.9863 118.994 67.8468 73.1747 55.4823 50.8094 50.4924 50.669 47.3804 46.7386 36.5053 97.4435 96.1326 127.14 33.2604 32.9568 111.06 99.6132 79.7877 52.0253 105.148 54.8953 28.6914
threshold=18.100000000000001 24.425325147666733 8.6564069538930557 22.608348511083335 30.448823787333335 8.0262836153491524 29.356254581916669 73.844906000000023 36.132150098155797 -0.78656609248549325 10.800000000000002 9.937971090664373 -7.4043781490833327 0.82076694158333441 87.901968500000024 59.666266569166673 33.191283666583338 50.284520818486108 20.974187825666672 -0.9159756150367534 169.32649700000005 40.615808512166673 15.128279500664529 2.9127877360000007 11.000000000000002 6.940400781079914 3.0171580197499961 0.60355339059327384 212.23726500000001 49.374502718333339
decision_type=2 2 2 2 2 2 2 2 2 2 2 2 2 2 2 2 2 2 2 2 2 2 2 2 2 2 2 2 2 2
left_child=5 -2 -3 -4 -5 17 9 8 -8 16 11 -11 -12 15 -15 -9 -7 22 -19 20 -20 -18 26 24 -24 -25 28 -28 -1 -21
right_child=1 2 3 4 -6 6 7 13 -10 10 12 -13 -14 14 -16 -17 21 18 19 29 -22 -23 23 25 -26 -27 27 -29 -30 -31
leaf_value=0.001273191251302699 0.09782416094839573 -0.050629793310165407 0.064158451755841575 -0.015070230330412205 0.042578318910673263 -0.014758378457027866 0.00727260967095693 -0.0040893664780607651 0.097764603327358923 -0.093122774809598921 -0.055370539816526274 -0.012113964182715263 0.0012453184741219538 -0.021725380520400562 0.0056132093548857207 -0.032310181412071287 -0.01402407303067117 0.091404488611221316 -0.031516081474721437 0.014070388376712799 0.076748013609931581 -0.068280256496121489 -0.06540675548328595 0.030052968965195791 -0.0047680848489584432 -0.029842198778476034 -0.016807918230849185 0.0028694061355932477 0.02013643167346716 0.074786167397643585
leaf_weight=19554 20 25 27 91 32 605 93 1654 31 24 26 31 1034 116 1671 101 29 25 100 20 21 48 44 233 2911 42 766 1004 250 33
leaf_count=19554 20 25 27 91 32 605 93 1654 31 24 26 31 1034 116 1671 101 29 25 100 20 21 48 44 233 2911 42 766 1004 250 33
internal_value=2.28891e-11 0.0123802 0.00261513 0.0114893 -7.22338e-05 -7.92402e-05 -0.00271572 0.000147148 0.0298956 -0.00855616 -0.00247754 -0.0474633 -0.000143372 -0.0008943 0.00383857 -0.00571347 -0.0184941 0.000496814 0.0175606 0.00695087 -0.0127264 -0.0478461 0.000359913 -0.0034083 -0.005671 0.0209053 0.00092408 -0.00564632 0.00151132 0.0518746
internal_weight=30661 195 175 150 123 30466 5463 3666 124 1797 1115 55 1060 3542 1787 1755 682 25003 199 174 121 77 24804 3230 2955 275 21574 1770 19804 53
internal_count=30661 195 175 150 123 30466 5463 3666 124 1797 1115 55 1060 3542 1787 1755 682 25003 199 174 121 77 24804 3230 2955 275 21574 1770 19804 53
is_linear=0
shrinkage=0.04


Tree=293
num_leaves=31
num_cat=0
split_feature=32 35 27 30 12 20 13 12 29 26 34 33 13 1 21 24 1 26 21 12 30 12 7 32 30 4 17 7 38 27
split_gain=18.5512 42.8978 24.8909 24.2142 20.5954 27.7386 19.4855 152.26 138.828 232.071 178.243 184.631 174.305 155.964 98.0505 82.7372 70.8274 103.234 249.626 88.5094 83.3455 95.0134 85.4991 33.301 70.2136 93.0473 44.0107 92.4281 41.5859 39.7022
threshold=-29.476601297999995 83.550000000000011 0.82054309264725489 0.46378353733333283 16.841788871833334 21.038263957166674 17.259179093750003 16.502043681333337 12.058512063637073 25.307352910211566 26.750000000000004 0.96754582643283837 20.677581128333337 4.5000000000000009 14.679982101000002 32.344236966686552 1.5000000000000002 26.109138728465776 10.064494355500001 8.3570057209166695 1.6363866945000007 7.737544311833334 -0.98296291314453399 9.8330276125833365 0.93824042166666743 51.500000000000007 13.525336108416669 -0.98296291314453399 30.933333333333341 11.679314648672216
decision_type=2 2 2 2 2 2 2 2 2 2 2 2 2 2 2 2 2 2 2 2 2 2 2 2 2 2 2 2 2 2
left_child=1 2 -1 -4 5 -5 15 8 9 14 12 -12 -10 -11 -8 16 17 19 -19 -2 22 -22 -18 26 25 -25 27 -9 -26 -28
right_child=6 -3 3 4 -6 -7 7 23 10 13 11 -13 -14 -15 -16 -17 20 18 -20 -21 21 -23 -24 24 28 -27 29 -29 -30 -31
leaf_value=0.027049474671948702 0.064016249716281892 -0.062974804283484162 0.0019841848651977996 -0.013060670611448586 -0.0042406706240128832 -0.073264545831084257 0.015244100994120043 -0.032595692875621904 -0.0050066051824537465 0.090183754804588498 -0.025428573316703104 -0.11635087645692485 -0.12510376192274547 -0.013282990963072391 -0.037632338222675581 0.077723929286003121 0.05092743795428236 0.14768024420738221 0.017930528202114167 -0.00088644062247599518 -0.076848564128721916 -0.0062016502681336572 0.002370318559243505 0.0019651216207134817 0.014651359433447125 -0.07186896366200278 0.00082193375658258755 -0.0028131860401685231 0.056246295596162482 -0.0046240529307554658
leaf_weight=32 35 23 103 24 37 25 84 199 244 63 73 70 21 37 169 23 59 25 465 852 31 1746 3492 1107 456 28 17630 1028 42 2438
leaf_count=32 35 23 103 24 37 25 84 199 244 63 73 70 21 37 169 23 59 25 465 852 31 1746 3492 1107 456 28 17630 1028 42 2438
internal_value=8.31979e-12 -0.0109854 -0.00557475 -0.0110984 -0.0267671 -0.0437769 8.81231e-05 -0.000451421 -0.0180537 0.000313726 -0.0339452 -0.069936 -0.0145237 0.0519011 -0.0200765 0.00198784 0.00172804 0.00981483 0.0245504 0.00167454 -0.000361959 -0.0074341 0.0031771 0.000132815 0.00563774 0.000143664 -0.000289328 -0.00764344 0.0181594 0.000160317
internal_weight=30661 244 221 189 86 49 30417 23689 761 353 408 143 265 100 253 6728 6705 1377 490 887 5328 1777 3551 22928 1633 1135 21295 1227 498 20068
internal_count=30661 244 221 189 86 49 30417 23689 761 353 408 143 265 100 253 6728 6705 1377 490 887 5328 1777 3551 22928 1633 1135 21295 1227 498 20068
is_linear=0
shrinkage=0.04


Tree=294
num_leaves=31
num_cat=0
split_feature=0 33 29 21 17 32 10 29 12 22 0 28 0 16 1 2 25 20 20 16 27 20 2 29 31 20 37 25 1 26
split_gain=18.404 43.2675 44.3567 53.4379 51.7928 72.9655 44.8576 122.456 43.8766 28.9041 28.2627 111.848 90.9926 86.5622 97.0753 76.2278 58.5249 50.3868 57.5899 55.766 49.1372 47.5541 56.751 76.5328 69.8782 47.3152 41.06 39.9378 38.2347 64.0325
threshold=1.0000000180025095e-35 0.57586636968216143 15.740668918249161 11.875902673500002 43.806053459000012 1.0797515620833347 -0.93301270189221908 13.959407208208468 17.426361950833336 20.253603051805566 8.5000000000000018 2.4000100339212298 7.5000000000000009 16.02176965366667 1.0000000180025095e-35 54.500000000000007 12.405035386888889 14.339659442250001 12.945838212083336 36.499237467666674 0.36031138597948958 47.108004866500011 114.50000000000001 13.041059723242091 -3.4674465860000008 46.287899430500005 179.00156150000007 28.288191956298615 3.5000000000000004 31.899229099087989
decision_type=2 2 2 2 2 2 2 2 2 2 2 2 2 2 2 2 2 2 2 2 2 2 2 2 2 2 2 2 2 2
left_child=1 -1 4 -4 6 -6 7 -3 -8 -5 11 15 13 16 -15 -2 -13 18 -14 -19 -12 25 23 -23 -24 26 -22 -27 29 -17
right_child=10 2 3 9 5 -7 8 -9 -10 -11 20 12 17 14 -16 28 -18 19 -20 -21 21 22 24 -25 -26 27 -28 -29 -30 -31
leaf_value=0.053672477036714551 0.035922939714509994 0.10254855009642513 -0.080252033751457938 -0.0026384127188635908 -0.014475176274776458 0.09108912909572775 -0.016500825038371175 -0.026846488112211228 0.00054824127105434139 -0.041471934292627417 0.01082497340457462 0.040542662466565772 0.0008333247381489019 0.016897158103409287 0.0018767348714331053 -0.026661684471633165 -0.0054523362155826554 0.017580988138896164 -0.075667526602745061 -0.01504353248156034 5.9738823042258068e-05 -0.062702658867490463 -0.017386071443633768 -0.0071026039668308791 0.0036317898975199198 -0.00072402088089600308 -0.0058839727359140826 0.056381765160449716 -0.0095099089030157204 -0.083806747442909654
leaf_weight=20 32 22 24 92 20 22 402 25 605 46 574 45 74 795 5136 124 2702 1064 20 91 15192 69 441 93 594 36 2119 43 97 42
leaf_count=20 32 22 24 92 20 22 402 25 605 46 574 45 74 795 5136 124 2702 1064 20 91 15192 69 441 93 594 36 2119 43 97 42
internal_value=-1.2065e-11 -0.004699 -0.00562701 -0.0251635 -0.00273931 0.0408204 -0.00447509 0.0337214 -0.00625784 -0.0155829 0.000204381 0.00190286 0.00262414 0.00117128 0.00389009 -0.022369 -0.00469887 0.0127186 -0.0154435 0.0150106 -0.000701722 -0.00105769 -0.00876942 -0.0307841 -0.00532365 -0.000526868 -0.000667817 0.0303589 -0.0294616 -0.0411201
internal_weight=30661 1278 1258 162 1096 42 1054 47 1007 138 29383 10222 9927 8678 5931 295 2747 1249 94 1155 19161 18587 1197 162 1035 17390 17311 79 263 166
internal_count=30661 1278 1258 162 1096 42 1054 47 1007 138 29383 10222 9927 8678 5931 295 2747 1249 94 1155 19161 18587 1197 162 1035 17390 17311 79 263 166
is_linear=0
shrinkage=0.04


Tree=295
num_leaves=31
num_cat=0
split_feature=30 38 24 2 12 18 35 23 15 17 12 17 15 35 2 27 21 20 13 12 1 17 40 19 25 12 13 30 37 7
split_gain=18.626 89.5514 93.397 86.7554 96.1236 92.6584 131.268 102.091 85.1582 82.9019 82.8331 54.2101 45.4573 40.3776 152.468 218.103 129.772 152.621 95.3226 236.807 174.941 199.471 159.404 82.2893 46.0149 39.7387 146.159 108.025 139.627 90.9649
threshold=6.5892215266666643 28.758333333333336 26.445025366368061 122.50000000000001 10.503400270583336 42.053099332583336 62.750000000000007 26.44775492859722 17.496751115250003 17.579131473916672 21.466109000833335 27.217428181333336 19.039098172833338 76.250000000000014 254.50000000000003 2.375064718061576 20.737509456583336 16.493957515666668 17.164261885750005 14.801877441333335 5.5000000000000009 31.495473160583334 8.7500000000000018 14.344693367583334 29.517579493291674 19.407811466500004 20.606687605666668 1.1781577103333325 165.96743050000001 -0.98296291314453399
decision_type=2 2 2 2 2 2 2 2 2 2 2 2 2 2 2 2 2 2 2 2 2 2 2 2 2 2 2 2 2 2
left_child=13 2 3 5 9 6 -2 -7 -6 -5 11 -3 -4 25 18 -16 17 -17 20 22 21 -15 -20 -21 -22 26 27 29 -29 -1
right_child=1 10 12 4 8 7 -8 -9 -10 -11 -12 -13 -14 14 15 16 -18 -19 19 23 24 -23 -24 -25 -26 -27 -28 28 -30 -31
leaf_value=0.041597286340320248 0.0041042364790019664 -0.12097081524985177 0.002297684215769476 -0.034396665303603462 -0.029158041219914627 -0.044990374245459125 0.061676358383023343 0.034755136821721051 -0.0038356645623633307 0.055801504494489305 0.014182406876768385 -0.041940407136954912 0.039085606225147972 0.052891256606285408 0.15899974512017293 0.064553482152761951 0.095233542651965708 -0.050275679553008601 -0.0092079184894208552 -0.028913578681058164 -0.007309565012184222 -0.0002878381290502148 -0.14117903590202333 0.0031236952282188736 -0.068183831978927967 0.00080208138115679965 -0.02701863045095099 -0.006811390194792797 -0.046798490333460993 0.00040656884983766877
leaf_weight=87 220 21 98 23 428 84 89 37 422 56 28 41 119 259 23 31 29 46 27 139 205 200 32 1663 22 18161 373 1417 155 6126
leaf_count=87 220 21 98 23 428 84 89 37 422 56 28 41 119 259 23 31 29 46 27 139 205 200 32 1663 22 18161 373 1417 155 6126
internal_value=-6.12925e-12 -0.00411292 -0.00189676 -0.00578783 -0.0126637 0.00906715 0.0206865 -0.0206054 -0.0165862 0.0295413 -0.0429204 -0.0687088 0.0224717 0.000236321 0.00491756 0.047343 0.0231156 -0.00404576 0.0027688 -0.00192941 0.0155142 0.0297195 -0.0807855 0.000652452 -0.0132093 -0.000239646 -0.0025587 -0.00138676 -0.0107541 0.000983358
internal_weight=30661 1666 1576 1359 929 430 309 121 850 79 90 62 217 28995 2676 129 106 77 2547 1861 686 459 59 1802 227 26319 8158 7785 1572 6213
internal_count=30661 1666 1576 1359 929 430 309 121 850 79 90 62 217 28995 2676 129 106 77 2547 1861 686 459 59 1802 227 26319 8158 7785 1572 6213
is_linear=0
shrinkage=0.04


Tree=296
num_leaves=31
num_cat=0
split_feature=38 34 26 30 15 26 31 30 16 15 30 13 15 20 12 28 0 1 29 24 26 24 30 21 34 7 30 7 16 15
split_gain=18.4741 56.8128 102.4 92.3736 180.799 142.113 90.1948 84.068 78.973 70.0188 44.3173 52.4401 145.218 131.38 51.9954 46.0808 43.8322 48.1536 33.7754 36.8801 52.9022 26.8313 26.6781 41.2791 29.6487 177.133 115.011 90.336 42.3966 49.8002
threshold=33.591666666666676 34.250000000000007 25.851138861596638 -2.9216806067500012 52.664129687500001 32.569667278867065 -1.4395222050833334 -2.3983328199166665 47.494132682500009 37.262943896416672 -6.1604992920833359 25.693188443666674 20.976559928583338 39.255051058000006 20.535179907333333 11.331413866508049 13.500000000000002 1.5000000000000002 13.140363797585088 41.462578063684035 24.828861731243517 44.419549514645837 -13.674665991583332 19.546931054666668 28.850000000000005 -0.98296291314453399 -5.2141865522500002 -0.9159756150367534 33.511457511500005 41.102814550666672
decision_type=2 2 2 2 2 2 2 2 2 2 2 2 2 2 2 2 2 2 2 2 2 2 2 2 2 2 2 2 2 2
left_child=1 22 9 5 7 8 -7 -5 -4 -3 18 13 -13 16 -14 -16 -12 -18 19 20 -2 -20 23 -1 28 26 -26 -27 29 -24
right_child=10 2 3 4 -6 6 -8 -9 -10 -11 11 12 14 -15 15 -17 17 -19 21 -21 -22 -23 24 -25 25 27 -28 -29 -30 -31
leaf_value=-0.061760921943187719 0.054145949676632887 -0.016792045819262663 0.026059453367040707 -0.087971462068103606 -0.13356629070056522 0.0073035813442298347 0.10362168768474034 -0.0019818253185161774 -0.02318259326183492 -0.094638750203149893 0.049009217529704698 -0.10085150375962258 -0.047470549392072778 0.10829815052804494 0.01167073427186335 -0.005553228964381993 0.023572360021273862 -6.8737397046537144e-05 0.07640900104210295 0.056897775341163984 -0.02146585979351872 0.016185617670416833 -0.00020875148163501366 -0.0076054095406401174 0.0031892313941858197 -0.013984306587359743 0.052172888156904441 0.0029882738907006092 -0.0050496745679025068 0.011688256045658912
leaf_weight=25 20 36 78 21 23 28 35 136 157 38 38 24 38 21 370 757 176 636 29 22 57 20 19159 227 131 571 185 4137 2886 580
leaf_count=25 20 36 78 21 23 28 35 136 157 38 38 24 38 21 370 757 176 636 29 22 57 20 19159 227 131 571 185 4137 2886 580
internal_value=3.13192e-12 -0.000273517 -0.012981 -0.00620235 -0.0288275 0.00746386 0.0608136 -0.0134836 -0.00683842 -0.0567674 0.00352463 0.00200567 -0.00345664 0.00946226 -0.00145022 0.000101488 0.00702043 0.00505544 0.0246668 0.0112234 -0.00182643 0.051828 -2.21092e-05 -0.012978 9.59739e-05 0.00287564 0.0318664 0.00092979 -0.000521266 0.000140824
internal_weight=30661 28453 552 478 180 298 63 157 235 74 2208 2060 1189 871 1165 1127 850 812 148 99 77 49 27901 252 27649 5024 316 4708 22625 19739
internal_count=30661 28453 552 478 180 298 63 157 235 74 2208 2060 1189 871 1165 1127 850 812 148 99 77 49 27901 252 27649 5024 316 4708 22625 19739
is_linear=0
shrinkage=0.04


Tree=297
num_leaves=31
num_cat=0
split_feature=19 6 13 24 33 31 33 37 27 25 24 20 27 13 18 17 4 21 17 16 20 12 37 24 17 27 34 33 25 14
split_gain=18.3425 62.9286 59.1492 51.2104 34.64 41.2061 51.1082 34.7633 29.9086 29.1033 112.806 108.576 106.153 105.285 74.2682 111.27 242.646 84.0251 48.818 35.9418 28.0806 48.5289 129.358 143.467 105.47 41.4998 82.2417 24.159 56.2196 28.8684
threshold=58.638192382500002 0.37940952255126054 50.186352160982246 48.855947724784727 1.0318363088580511 -1.9462275184999995 0.9364642952637684 194.31035450000005 2.0421877367332999 37.417015610618058 23.804923935118058 16.013394234250004 2.7086512589707006 16.100936633500002 16.758390567833334 45.786781168666671 31.500000000000004 15.734411059333336 14.916822933250003 33.511457511500005 60.444142236333342 55.653911214166676 84.470553500000008 44.419549514645837 20.326355700500006 1.8217592679522525 29.850000000000005 0.44830189007764393 29.517579493291674 17.343114795000002
decision_type=2 2 2 2 2 2 2 2 2 2 2 2 2 2 2 2 2 2 2 2 2 2 2 2 2 2 2 2 2 2
left_child=9 2 -2 4 5 6 -3 -6 -7 20 11 -11 -13 -14 15 16 -12 -16 -19 -17 21 27 24 -24 -23 -22 -27 28 -1 -29
right_child=1 3 -4 -5 7 8 -8 -9 -10 10 14 12 13 -15 17 19 -18 18 -20 -21 25 22 23 -25 -26 26 -28 29 -30 -31
leaf_value=-0.0027891642326499273 0.0036467029612797957 -0.0070119468807359874 -0.073851164460182195 0.056160584247630575 0.0039983038126843642 0.010430057147783894 0.032324260737626787 0.055760169430420954 -0.030236886899686885 0.11203627943992615 0.054110603520646693 -0.05230609687891874 -0.0078106127381324768 0.12198002910986543 0.071027461310227719 0.050954066385393564 -0.11223842942968329 0.045259686840528793 0.0026593627576813367 -0.010994886277286812 -0.015261040036380291 -0.021398849440248391 0.0082457379393527149 -0.045224134151665672 -0.12371041085038867 0.01152491363057611 0.09121868365086043 0.0025703065275960069 -0.033830290765405814 -0.00058439431486798153
leaf_weight=732 26 358 40 23 103 35 62 26 167 29 20 22 20 20 30 23 47 44 1973 43 50 38 331 106 28 102 26 6045 107 19985
leaf_count=732 26 358 40 23 103 35 62 26 167 29 20 22 20 20 30 23 47 44 1973 43 50 38 331 106 28 102 26 6045 107 19985
internal_value=-7.992e-12 -0.00582932 -0.0433217 -0.0026323 -0.00443288 -0.00834515 -0.00120517 0.0144309 -0.0231906 0.000164201 0.00451653 0.0481506 0.0182686 0.0570847 0.00269511 -0.0262694 -0.062582 0.00457703 0.00358867 0.0105934 -0.000194571 -0.000297552 -0.0126073 -0.00472407 -0.0648038 0.0156414 0.0277127 -6.71081e-05 -0.00674793 0.000148228
internal_weight=30661 840 66 774 751 622 420 129 202 29821 2271 91 62 40 2180 133 67 2047 2017 66 27550 27372 503 437 66 178 128 26869 839 26030
internal_count=30661 840 66 774 751 622 420 129 202 29821 2271 91 62 40 2180 133 67 2047 2017 66 27550 27372 503 437 66 178 128 26869 839 26030
is_linear=0
shrinkage=0.04


Tree=298
num_leaves=31
num_cat=0
split_feature=25 30 32 15 18 30 35 28 23 30 18 24 33 31 26 40 34 18 26 19 25 30 29 7 37 22 37 25 18 19
split_gain=18.6179 63.2359 79.5462 75.594 72.8219 66.7685 89.0115 59.7166 57.2596 49.3409 101.404 48.0045 136.407 142.407 180.999 122.257 121.951 113.422 98.1703 91.2982 221.545 85.4163 80.7553 80.3137 79.4007 141.516 95.7762 219.217 289.245 71.147
threshold=20.538073902107641 5.8014905714166689 -9.2800196127499976 15.20592301516667 14.224177527166669 -1.0078682286666714 86.40000000000002 3.8611272642807712 15.466991646958336 0.90179811183333325 8.9031817996666689 22.616228943236113 1.1425638149043313 3.695769726833332 25.159727363061084 7.4000000000000012 24.850000000000005 9.3273076578333356 31.834766044720734 13.960840380750001 33.817878332854171 -0.15743972966666495 11.822942314464088 0.91597561503675351 212.23726500000001 17.205564941361139 211.43316250000001 34.282807641756953 40.629594091666668 17.895624483166671
decision_type=2 2 2 2 2 2 2 2 2 2 2 2 2 2 2 2 2 2 2 2 2 2 2 2 2 2 2 2 2 2
left_child=1 5 -3 4 8 -1 9 -5 -4 -7 -11 12 17 14 21 18 -16 22 -15 20 -19 -14 -2 -21 26 -26 -13 -28 -29 -27
right_child=11 2 3 7 -6 6 -8 -9 -10 10 -12 24 13 15 16 -17 -18 19 -20 23 -22 -23 -24 -25 25 29 27 28 -30 -31
leaf_value=-0.0089545431208633182 -0.0079546136426371199 -0.088918638199567787 0.081904465285214501 -0.0014989834129810334 -0.037938916249910283 0.00281423236152564 0.083117934082235612 -0.063991177745518227 0.0080485954691826463 0.043188702376792211 -0.0083828020471651016 -0.00032647965935388249 -0.017163234500491873 0.029386098156593599 0.15776135597058705 -0.051205952141020035 0.049722139006480578 0.012145750636167392 -0.059466654279015277 0.0033304033666975009 0.14402954198774839 0.072108818723095797 -0.088558393740976182 -0.010369253807188348 -0.093721845314690938 0.016239716085664772 -0.026731668212696125 0.20186930490576704 -0.0061235643029212954 -0.029589855212252589
leaf_weight=1369 43 25 22 40 42 4073 21 63 71 64 1303 17787 47 208 35 45 32 690 22 3374 21 27 37 859 38 94 38 23 20 128
leaf_count=1369 43 25 22 40 42 4073 21 63 71 64 1303 17787 47 208 35 45 32 690 22 3374 21 27 37 859 38 94 38 23 20 128
internal_value=2.43795e-11 -0.00179671 -0.0210436 -0.0139138 0.00577714 -0.00105558 0.00092458 -0.0397224 0.0255199 0.000607289 -0.00596834 0.000540737 0.00383619 0.0258481 0.0585321 0.00909009 0.106161 0.00201355 0.0208871 0.00277807 0.0160411 0.015409 -0.0452339 0.000550341 -0.000448189 -0.0223938 -0.000128855 0.0432681 0.105128 -0.0101845
internal_weight=30661 7093 263 238 135 6830 5461 103 93 5440 1367 23568 5440 416 141 275 67 5024 230 4944 711 74 80 4233 18128 260 17868 81 43 222
internal_count=30661 7093 263 238 135 6830 5461 103 93 5440 1367 23568 5440 416 141 275 67 5024 230 4944 711 74 80 4233 18128 260 17868 81 43 222
is_linear=0
shrinkage=0.04


Tree=299
num_leaves=30
num_cat=0
split_feature=12 13 2 31 29 33 27 21 1 29 25 25 14 15 32 19 26 1 34 21 13 12 25 25 26 38 23 21 31
split_gain=18.5191 122.492 77.45 75.7151 75.6244 318.696 219.6 85.7136 80.9714 144.223 126.729 59.2053 56.1698 54.784 47.2323 46.2805 44.7553 36.3262 35.8353 40.1973 31.7364 39.3554 30.0061 28.7678 36.9523 28.3735 112.952 63.2993 28.0208
threshold=12.463435888916669 15.20592301516667 362.50000000000006 -1.7201054785999987 13.140363797585088 1.0226563803269937 4.466099883451597 12.437464985750003 3.5000000000000004 12.007909112378028 23.186430117545143 25.149643177493058 10.883099809083339 15.098333479750002 -1.3088686205833342 8.3570057209166695 26.655738988506947 2.5000000000000004 5.3000000000000016 15.734411059333336 26.934702750500005 44.286017366833342 30.442115944708338 27.837603285489585 21.784471369393852 12.550000000000002 50.427162737305558 10.489384900166668 5.6488653237500026
decision_type=2 2 2 2 2 2 2 2 2 2 2 2 2 2 2 2 2 2 2 2 2 2 2 2 2 2 2 2 2
left_child=1 2 4 11 8 7 -7 -6 9 -1 -10 -3 13 20 -5 16 23 -16 19 -17 22 -22 28 24 -14 26 -20 -27 -2
right_child=12 3 -4 14 5 6 -8 -9 10 -11 -12 -13 15 -15 17 18 -18 -19 25 -21 21 -23 -24 -25 -26 27 -28 -29 -30
leaf_value=-0.0099275212947214989 0.0055875090490250532 -0.037450777615819657 0.075753210300490967 -0.050327317806390617 -0.02222478003594382 0.15810621754291493 0.011095604526585546 0.017365441815610127 -0.0046584063052754008 -0.072830401023160921 0.054326373538933694 -0.11628596398565505 -0.0098168883275952228 0.065477364342058864 0.034644443558698355 -0.0017219126121751193 -0.07191915373007457 -0.026172208786010741 0.0030721141720907313 -0.072532374029574187 -0.061330527010418127 0.016109827629157476 0.059368242533369503 0.028111806881168617 -0.068806079455784389 0.019880307945102333 0.09613312409037636 -0.00046991199708225996 0.033036531228820484
leaf_weight=290 288 35 21 39 174 37 29 176 652 73 64 27 89 31 33 29 24 30 3318 23 21 21 22 23 21 247 21 24728 75
leaf_count=290 288 35 21 39 174 37 29 176 652 73 64 27 89 31 33 29 24 30 3318 23 21 21 22 23 21 247 21 24728 75
internal_value=1.30517e-11 -0.00408299 -0.000530519 -0.0369217 -0.00160206 0.0128868 0.0935106 -0.00231655 -0.00718813 -0.0225774 0.000613976 -0.0717822 0.000236687 0.0141336 -0.015732 1.35408e-05 -0.0216441 0.00568413 0.000133411 -0.0330419 0.0104061 -0.0226103 0.0140079 -0.0125719 -0.0210785 0.000194339 0.0036574 -0.000268651 0.0112588
internal_weight=30661 1680 1516 164 1495 416 66 350 1079 363 716 62 28981 458 102 28523 157 63 28366 52 427 42 385 133 110 28314 3339 24975 363
internal_count=30661 1680 1516 164 1495 416 66 350 1079 363 716 62 28981 458 102 28523 157 63 28366 52 427 42 385 133 110 28314 3339 24975 363
is_linear=0
shrinkage=0.04


Tree=300
num_leaves=31
num_cat=0
split_feature=25 23 9 32 21 28 21 32 21 21 20 13 2 31 22 18 8 6 25 24 18 17 27 23 26 21 21 18 26 17
split_gain=18.1113 105.318 41.3536 44.0774 29.6426 23.5173 72.3421 111.168 172.705 92.638 132.411 92.0681 88.1023 81.8772 119.166 107.942 76.1512 76.3606 64.1706 224.715 203.959 123.887 134.3 88.3727 104.202 97.5753 77.868 75.5527 41.4699 72.3903
threshold=42.009754001309027 24.490277615000004 -0.56174490092936669 9.2533975784166689 51.474331607416673 15.070093286205489 18.772011092250004 0.29893888291666931 10.489384900166668 12.169542611000002 11.578169857000001 20.606687605666668 14.500000000000002 -6.8404337318333353 18.541646305444491 34.184768041583339 0.87837969732492682 0.60355339059327384 33.688242720253477 23.383236938444444 17.338612666583337 17.078550716500001 6.0264526500472355 48.968450672763886 27.549095182253186 48.141560563083338 15.184436124583334 38.239589957416676 32.297427769320912 13.346342045166667
decision_type=2 2 2 2 2 2 2 2 2 2 2 2 2 2 2 2 2 2 2 2 2 2 2 2 2 2 2 2 2 2
left_child=5 -2 4 -4 -3 18 7 9 -9 -7 -11 -10 16 15 -15 -14 17 -8 23 20 -20 22 -21 28 25 -25 -23 -26 -1 -30
right_child=1 2 3 -5 -6 6 12 8 11 10 -12 -13 13 14 -16 -17 -18 -19 19 21 -22 26 -24 24 27 -27 -28 -29 29 -31
leaf_value=-0.00040144433845309816 0.096514596328848887 -0.032397820423283277 0.008213911958081627 0.074068412542343143 0.009084067892055122 -0.08924143055403555 -0.011536442826191585 0.086346164867281916 0.010299043033278521 0.074694268845376513 -0.028912370888908145 -0.023995623121261595 -0.091259320635576707 0.050587822021664799 -0.00065920493493878257 -0.012998503979626827 0.092285755916878029 0.061527638515910588 0.17782512387503746 0.091198583151455279 0.020613782826450561 -0.030791142143238828 0.0061396682217265616 -0.032435976383941516 0.020027599914910949 -0.13029155666413514 0.0044402475367925198 -0.025828591926413513 -0.047928937877982095 0.0071758729788806083
leaf_weight=20855 21 63 87 20 49 37 60 34 251 21 328 250 31 74 3836 312 27 37 23 54 31 106 66 56 94 23 1891 148 39 1737
leaf_count=20855 21 63 87 20 49 37 60 34 251 21 328 250 31 74 3836 312 27 37 23 54 31 106 66 56 94 23 1891 148 39 1737
internal_value=-1.38067e-11 0.0109452 0.00273989 0.0205232 -0.0142495 -8.63496e-05 -0.0025082 -0.0126978 -0.000893601 -0.0290586 -0.0226782 -0.00681406 -0.000364115 -0.00133313 0.000310688 -0.0200716 0.0328714 0.0163334 0.000424375 0.00699751 0.0875742 0.00494218 0.0444162 -0.000197369 -0.0210379 -0.0609256 0.00257018 -0.00801668 9.82343e-05 0.0059658
internal_weight=30661 240 219 107 112 30421 5298 921 535 386 349 501 4377 4253 3910 343 124 97 25123 2171 54 2117 120 22952 321 79 1997 242 22631 1776
internal_count=30661 240 219 107 112 30421 5298 921 535 386 349 501 4377 4253 3910 343 124 97 25123 2171 54 2117 120 22952 321 79 1997 242 22631 1776
is_linear=0
shrinkage=0.04


Tree=301
num_leaves=31
num_cat=0
split_feature=30 6 24 27 28 25 32 34 28 33 19 19 13 12 29 25 29 33 30 35 19 19 27 12 19 26 26 28 31 30
split_gain=18.3688 90.4624 96.6297 70.6387 172.864 197.168 179.585 124.17 134.936 58.0004 57.3301 41.5488 37.0836 144.107 181.915 272.568 223.14 163.473 149.512 138.513 202.391 136.149 129.227 103.238 78.0194 69.368 59.8503 58.8682 55.0692 54.7966
threshold=6.5892215266666643 0.37940952255126054 26.445025366368061 5.9094519785043156 11.90078916716133 29.729650670090283 -8.8170125001666637 10.600000000000001 4.2378461721059901 1.317702325965352 11.891399670500002 24.625971215916667 17.259179093750003 15.846313060484045 12.058512063637073 29.094692714552085 15.083972505794202 0.89320011826721235 1.2142745931666623 86.40000000000002 19.564947802833334 13.671487947333334 3.3134810256662028 19.11705696633334 16.574829837833338 35.383493713495675 33.499734351743903 13.299243967875434 -0.027863571083331703 1.8047110355000042
decision_type=2 2 2 2 2 2 2 2 2 2 2 2 2 2 2 2 2 2 2 2 2 2 2 2 2 2 2 2 2 2
left_child=12 10 3 4 6 -6 -3 -5 -9 -4 -2 -12 19 14 15 18 17 -16 -14 23 21 28 -18 25 -23 29 27 -22 -21 -1
right_child=1 2 9 7 5 -7 -8 8 -10 -11 11 -13 13 -15 16 -17 22 -19 -20 20 26 24 -24 -25 -26 -27 -28 -29 -30 -31
leaf_value=0.003017747401328842 -0.094039840957392817 -0.107172882910128 0.013242705531374237 -0.093467861243656691 0.16162851163319178 0.025512537188000152 0.004352661170531064 0.089904657995158982 -0.01025988245971607 0.065765623074202306 0.0012718665738608323 -0.050305114272905856 0.021039330754429101 -3.7482831326434834e-05 -0.011449473513662815 0.11749518279371592 0.058426238948979033 -0.097859276979843271 -0.050307358937558312 -0.023161657837033275 -0.015659236288987674 0.14746802861349925 -0.060033294325289525 0.025542007734716338 0.063009717191968642 -0.058095761612057685 -0.066217605309052907 0.059032746064662939 0.060795803678035734 -0.0071932870747750148
leaf_weight=4206 23 27 169 28 21 90 160 22 984 42 51 49 95 22759 50 29 41 117 93 25 52 35 23 280 35 32 22 25 25 1051
leaf_count=4206 23 27 169 28 21 90 160 22 984 42 51 49 95 22759 50 29 41 117 93 25 52 35 23 280 35 32 22 25 25 1051
internal_value=2.25829e-11 -0.00408443 -0.0014528 -0.00543681 0.0117218 0.0512642 -0.01175 -0.0103819 -0.00806941 0.0236975 -0.0370976 -0.0240009 0.000234684 -0.00047972 -0.022946 0.00335259 -0.0476506 -0.0719881 -0.0142545 0.00309909 0.0343029 0.0692298 0.0158548 0.00187201 0.105239 0.000618914 -0.00803282 0.00859141 0.0188171 0.000976317
internal_weight=30661 1666 1543 1332 298 111 187 1034 1006 211 123 100 28995 23207 448 217 231 167 188 5788 219 120 64 5569 70 5289 99 77 50 5257
internal_count=30661 1666 1543 1332 298 111 187 1034 1006 211 123 100 28995 23207 448 217 231 167 188 5788 219 120 64 5569 70 5289 99 77 50 5257
is_linear=0
shrinkage=0.04


Tree=302
num_leaves=31
num_cat=0
split_feature=20 34 31 34 26 25 2 12 12 26 12 13 40 35 21 34 27 24 16 34 37 13 14 2 2 31 22 27 27 20
split_gain=17.971 54.3107 29.1981 29.5616 52.381 45.9008 42.2698 34.2717 73.3112 36.6913 26.5117 197.799 77.1957 107.607 66.6472 60.6629 56.8244 111.618 94.4093 167.913 83.2505 161.343 83.0824 74.3525 73.3362 67.2188 52.5757 48.1518 65.5905 46.2572
threshold=48.540354152578239 35.150000000000013 42.780207633583345 16.050000000000004 23.734972074242563 19.99445718980903 314.50000000000006 47.971638427750001 55.135410139833333 24.664961890334826 27.358913689773839 29.311549910833339 17.350000000000005 60.250000000000007 35.795493741750001 36.100000000000001 14.117914256762713 24.310378462020832 28.703831811166669 12.400000000000002 103.08381750000001 52.222968099000006 20.902493986166672 20.500000000000004 84.500000000000014 4.6228476079999981 24.249080829750056 12.834645418970085 6.6936767315446293 16.262150883583335
decision_type=2 2 2 2 2 2 2 2 2 2 2 2 2 2 2 2 2 2 2 2 2 2 2 2 2 2 2 2 2 2
left_child=10 2 3 7 5 -5 -6 9 -9 -2 11 12 27 15 26 -14 18 23 29 -20 21 -19 -21 -18 -25 -22 -13 28 -1 -12
right_child=1 -3 -4 4 6 -7 -8 8 -10 -11 16 14 13 -15 -16 -17 17 20 19 22 25 -23 -24 24 -26 -27 -28 -29 -30 -31
leaf_value=0.00043349752522319645 0.03446055353432894 -0.066935386175201061 0.018767818573050866 -0.0041827328179193579 -0.00412261389424889 -0.081756984862284027 0.04527436897158623 0.056232320152480031 -0.019965965632469423 -0.0081668011534826029 -0.0027172157942112135 -0.057767294498912075 -0.0056089578031264633 0.098472074397972648 -0.088593796396255503 0.048277742869914597 0.022680579160942748 -0.0090467780325203563 -0.10104138864920689 -0.069074860179313913 -0.00096713841614819813 -0.12827872190963138 0.0012940606569060826 -0.10395772616719255 -0.031525990848662332 0.028446686246927502 -0.016911570586178495 0.026334613379937682 -0.0090450873455413267 0.012684870553536403
leaf_weight=17236 40 21 101 23 2744 26 28 58 31 168 372 57 97 28 25 51 34 104 26 27 583 22 4683 26 160 158 435 110 1253 1934
leaf_count=17236 40 21 101 23 2744 26 28 58 31 168 372 57 97 28 25 51 34 104 26 27 583 22 4683 26 160 158 435 110 1253 1934
internal_value=-2.08613e-12 -0.00281723 -0.00239894 -0.00308458 -0.00434834 -0.0453446 -0.00362365 0.00891895 0.0296913 3.07671e-05 0.000332877 -0.000474483 0.000197624 0.0265643 -0.0248822 0.0129601 0.00224893 -0.00626328 0.00356287 0.000331079 0.000193469 -0.0298651 0.000890672 -0.0317087 -0.0416509 0.00530464 -0.0216449 -5.18804e-05 -0.000208866 0.0102002
internal_weight=30661 3240 3219 3118 2821 49 2772 297 89 208 27421 19292 18775 176 517 148 8129 1087 7042 4736 867 126 4710 220 186 741 492 18599 18489 2306
internal_count=30661 3240 3219 3118 2821 49 2772 297 89 208 27421 19292 18775 176 517 148 8129 1087 7042 4736 867 126 4710 220 186 741 492 18599 18489 2306
is_linear=0
shrinkage=0.04


Tree=303
num_leaves=31
num_cat=0
split_feature=6 6 28 20 15 16 29 20 2 24 26 17 12 20 26 16 30 35 35 2 28 26 14 35 2 12 13 6 25 36
split_gain=17.889 65.3219 54.2854 58.7575 57.1506 83.2616 54.2554 50.4517 124.545 86.3582 92.1084 77.4143 66.5062 178.662 48.2395 47.2651 73.0441 92.5752 58.2617 44.9183 43.1292 43.0987 42.7705 50.0732 196.023 42.9752 161.083 80.7996 41.6287 41.4903
threshold=0.91597561503675362 0.78656609248549325 2.1503996855030221 14.076460412666668 21.117562939666673 18.648804525083339 15.404505486667741 39.668042317750015 114.50000000000001 48.281617473944458 34.348628637093263 12.212221988750004 49.374502718333339 50.968449463000006 22.76340814815163 15.002941532500001 4.3787227498333339 41.350000000000001 31.100000000000005 18.500000000000004 13.379225654239987 34.553094464547321 12.74171675191667 64.450000000000017 126.50000000000001 29.729326090083337 34.184768041583339 -0.91597561503675329 26.446607411576398 4.6000000000000005
decision_type=2 2 2 2 2 2 2 2 2 2 2 2 2 2 2 2 2 2 2 2 2 2 2 2 2 2 2 2 2 2
left_child=1 7 -3 6 -5 -6 -4 22 12 11 -11 -10 14 -14 -9 19 18 -18 -17 20 -2 -20 23 -1 -25 26 -24 -27 -19 -23
right_child=15 2 3 4 5 -7 -8 8 9 10 -12 -13 13 -15 -16 16 17 28 21 -21 -22 29 25 24 -26 27 -28 -29 -30 -31
leaf_value=0.0041317986931237909 0.00064879015088081359 -0.034820261637866501 -0.006208361191253866 0.0041094784940548853 0.029433730095075845 0.0049905829242288145 -0.075321744322776801 -0.076928514949090435 -0.048827495070609954 0.057948014240960286 0.0005662309574718411 -0.003366357967309067 -0.12154201375750395 0.0029456021445138114 -0.013358150116781488 -0.047261197318633395 -0.087503385275602349 -0.046080603309166739 0.0061261254464187878 -0.0095785526000344984 0.062196077616126451 0.013418939220653455 -0.00029843995145902236 0.12627852377481757 0.0091005724845754522 -0.014737031104999545 -0.030667763218336121 0.0059160673802995303 0.0019599658465600227 -0.023217935823132658
leaf_weight=450 56 50 199 1394 441 451 20 21 62 75 111 1797 39 35 211 36 30 39 1836 1464 27 71 17428 28 124 334 284 3274 111 163
leaf_count=450 56 50 199 1394 441 451 20 21 62 75 111 1797 39 35 211 36 30 39 1836 1464 27 71 17428 28 124 334 284 3274 111 163
internal_value=2.31999e-11 0.000365204 0.00644882 0.00727255 0.0091687 0.0170751 -0.0125201 -0.000275164 -0.00584381 -0.00228249 0.023704 -0.00488254 -0.0296442 -0.0626627 -0.0191124 -0.00255614 0.00109785 -0.0233594 0.00318822 -0.00795564 0.0206702 0.0040656 0.00032204 0.0108365 0.030686 2.51492e-05 -0.000785392 0.00400417 -0.0105306 -0.0121016
internal_weight=30661 26828 2555 2505 2286 892 219 24273 2351 2045 186 1859 306 74 232 3833 2286 180 2106 1547 83 2070 21922 602 152 21320 17712 3608 150 234
internal_count=30661 26828 2555 2505 2286 892 219 24273 2351 2045 186 1859 306 74 232 3833 2286 180 2106 1547 83 2070 21922 602 152 21320 17712 3608 150 234
is_linear=0
shrinkage=0.04


Tree=304
num_leaves=31
num_cat=0
split_feature=38 34 26 2 21 32 2 20 4 28 21 26 40 22 25 24 23 0 24 21 12 12 1 29 22 13 29 15 20 12
split_gain=18.026 52.4004 95.2901 139.182 119.996 95.0636 94.5268 80.743 71.8012 62.2346 54.4964 51.4242 43.2513 93.7602 80.7658 65.8815 72.0058 42.202 35.6904 34.8751 43.5005 43.8958 34.731 34.7125 31.4264 31.2552 114.805 96.8647 54.0568 49.6725
threshold=33.591666666666676 34.250000000000007 28.326088799156253 198.50000000000003 41.290704700145838 1.6317482909166652 132.50000000000003 30.222317097666672 25.500000000000004 10.64930799786112 32.92841794433334 26.475458832395343 15.35 52.129272591222254 33.817878332854171 39.055992652034725 48.528134932666667 13.500000000000002 33.439668768972233 24.506797501666671 40.615808512166673 35.350159716916671 3.5000000000000004 13.766320101574367 34.654238949954973 25.693188443666674 9.4047168395913747 20.024785327000004 39.668042317750015 28.011475691083337
decision_type=2 2 2 2 2 2 2 2 2 2 2 2 2 2 2 2 2 2 2 2 2 2 2 2 2 2 2 2 2 2
left_child=1 12 5 4 6 9 -4 -7 -6 10 -3 -11 -1 15 -15 16 -14 18 -2 24 21 -21 -5 -16 -20 26 -19 -27 29 -29
right_child=17 2 3 22 8 7 -8 -9 -10 11 -12 -13 13 14 23 -17 -18 25 19 20 -22 -23 -24 -25 -26 27 -28 28 -30 -31
leaf_value=-0.00016153567630409121 0.040237258260831146 -0.07351955679204801 0.069986565272013343 0.08013813846251544 -0.070444036411742378 -0.055356087876217708 -0.0059188654779323514 0.048401975503989628 -0.0036036874130368234 -0.1381366743768255 0.015604842518057143 -0.054437139345251996 0.043466069807734674 -0.074239991444807793 0.047176872889200853 0.098990295057495445 -0.036954349642214564 0.093460332055886594 0.0062415108829736712 0.020289856859718462 0.059624196923140325 -0.043260168514468456 0.018724049504917975 -0.023242764664547787 -0.055113593692129315 -0.088113226777031317 0.0046836447479408766 -0.0084925101038683722 -0.063433111540295864 0.008849671155778914
leaf_weight=27704 82 23 30 34 72 21 210 28 40 24 21 23 79 26 24 24 23 24 34 83 33 22 26 21 22 21 807 545 22 513
leaf_count=27704 82 23 30 34 72 21 210 28 40 24 21 23 79 26 24 24 23 24 34 83 33 22 26 21 22 21 807 545 22 513
internal_value=3.24509e-12 -0.000270179 -0.0124742 -0.00278631 -0.0123849 -0.0409843 0.00356931 0.00393423 -0.0465725 -0.0651712 -0.0309829 -0.0971773 -2.87316e-05 0.0186474 -0.018114 0.0393622 0.0253321 0.00348162 0.0181127 0.00876106 0.0195647 0.00697461 0.0535254 0.0143144 -0.0178623 0.00139146 0.00724759 -0.00302856 -0.00137413 -8.36831e-05
internal_weight=30661 28453 552 412 352 140 240 49 112 91 44 47 27901 197 71 126 102 2208 276 194 138 105 60 45 56 1932 831 1101 1080 1058
internal_count=30661 28453 552 412 352 140 240 49 112 91 44 47 27901 197 71 126 102 2208 276 194 138 105 60 45 56 1932 831 1101 1080 1058
is_linear=0
shrinkage=0.04


Tree=305
num_leaves=31
num_cat=0
split_feature=34 38 14 29 16 19 40 21 32 38 20 24 13 22 29 0 30 21 17 13 34 38 24 8 40 4 24 30 17 21
split_gain=17.413 85.3239 79.3543 80.8034 135.938 59.7694 75.1237 51.841 39.0357 38.187 106.121 100.27 97.9087 93.9052 105.144 71.0337 68.2147 63.3212 58.8105 53.6221 53.3001 133.453 272.564 65.8887 59.3263 51.257 45.8984 43.0733 37.9093 34.5371
threshold=28.850000000000005 27.183333333333341 62.611773307833339 15.583605055094658 47.494132682500009 12.455544624833335 13.550000000000001 34.660469622510504 -1.6514052448333343 25.025000000000002 9.3242283631666698 46.748360568208341 15.002249324666668 34.654238949954973 16.572467485081742 22.500000000000004 1.6363866945000007 14.894015210000001 23.335538476500002 65.558564078166683 25.900000000000002 24.883333333333336 19.53854720545139 -0.8783796973249266 6.8500000000000005 38.500000000000007 21.338905396868061 -3.4572433434999925 18.805511300000006 63.889422705500003
decision_type=2 2 2 2 2 2 2 2 2 2 2 2 2 2 2 2 2 2 2 2 2 2 2 2 2 2 2 2 2 2
left_child=9 2 3 4 8 6 -3 -5 -2 19 12 15 17 -13 -15 16 -12 -11 -14 20 21 24 -23 28 -1 -25 -17 -20 -22 -7
right_child=1 5 -4 7 -6 29 -8 -9 -10 10 11 13 18 14 -16 26 -18 -19 27 -21 23 22 -24 25 -26 -27 -28 -29 -30 -31
leaf_value=-0.00015111502969393276 0.0094241211274448712 0.0085461075965202211 -0.03749256231718593 0.034558438152074815 -0.075608279958367344 0.0011196812662519278 -0.073949153901715026 0.12095929565429688 0.055706870115051668 -0.12534851803229405 0.002494352475077447 0.016350996093503361 -0.048636842227794908 -0.1465190994143486 -0.036292166259553699 -0.04242663491705663 -0.0091249570740467838 -0.036189940056204795 -0.024246447682380677 0.036317038138707479 -0.079136340272042069 0.12250980983509921 0.0081044898318076448 -0.0018184242077726633 0.015022786889251665 -0.042967148503219636 -0.010545881739283988 0.044859513102039214 -0.024002580211630892 0.051309759752316914
leaf_weight=16239 49 33 27 20 20 7620 38 25 72 26 3427 29 44 20 45 89 1058 25 27 66 31 43 148 470 423 54 384 31 56 22
leaf_count=16239 49 33 27 20 20 7620 38 25 72 26 3427 29 44 20 45 89 1058 25 27 66 31 43 148 470 423 54 384 31 56 22
internal_value=1.19527e-11 0.00161445 0.0265886 0.0358907 0.0209965 0.000924769 -0.0356063 0.0825589 0.0369643 -0.000562837 -0.00357134 -0.00257739 -0.0363911 -0.0435037 -0.0702081 -0.00180146 -0.000246613 -0.0816433 -0.013765 0.000330447 0.000194446 0.000615206 0.0338607 -0.0114112 0.000234106 -0.00605894 -0.0165446 0.0126895 -0.0436479 0.00126417
internal_weight=30661 7926 213 186 141 7713 71 45 121 22735 5205 5052 153 94 65 4958 4485 51 102 17530 17464 16853 191 611 16662 524 473 58 87 7642
internal_count=30661 7926 213 186 141 7713 71 45 121 22735 5205 5052 153 94 65 4958 4485 51 102 17530 17464 16853 191 611 16662 524 473 58 87 7642
is_linear=0
shrinkage=0.04


Tree=306
num_leaves=26
num_cat=0
split_feature=22 1 35 31 31 28 27 13 14 26 26 28 17 8 13 29 32 13 1 12 13 13 30 22 28
split_gain=17.1096 62.296 129.202 70.1626 172.748 62.9301 98.3458 50.959 44.8888 37.4026 114.309 45.7815 29.9546 36.6052 25.9682 70.1488 26.2227 55.5949 57.7007 53.7259 46.7252 43.5448 20.2656 25.8932 12.549
threshold=11.711783301472229 1.0000000180025095e-35 52.250000000000007 2.834584130416673 1.1733672648333331 14.868567759871667 2.8771536151275181 14.226316544500001 10.06621396075 22.548563710985121 21.175272627858195 16.081701255998897 16.416256701833337 0.6078576107927941 8.3570057209166695 10.75807346576979 -5.4576022624166614 15.568483227500003 4.5000000000000009 8.9031817996666689 16.502043681333337 16.100936633500002 3.14338850075 15.072286907194457 4.7199080406318989
decision_type=2 2 2 2 2 2 2 2 2 2 2 2 2 2 2 2 2 2 2 2 2 2 2 2 2
left_child=1 2 -1 4 5 7 -7 -3 9 10 22 12 -11 -14 15 -10 17 18 -16 -18 -19 -21 24 -24 -2
right_child=8 3 -4 -5 -6 6 -8 -9 14 11 -12 -13 13 -15 16 -17 19 20 -20 21 -22 -23 23 -25 -26
leaf_value=-0.039781294372819721 0.017564299061464578 -0.0037740746678673995 0.087906071767210964 -0.077825186391445728 0.10523495609110052 0.00099149124962942948 -0.10815929878950119 -0.052322742245418746 0.027823845759034155 -0.036235018019136547 0.10512603537967571 0.058244475988405091 0.015914371950587012 -0.031265195866780622 -0.026711621443569963 -0.070259802405323299 0.062950815937735827 0.021046144047515911 0.0050399446362783583 0.0047487092342119921 -0.002529719015504354 -0.00020183498409527201 0.034714993009609833 -0.018889563451318637 0.053602849353443498
leaf_weight=21 52 885 32 22 22 28 25 36 20 37 26 21 106 35 294 28 22 142 133 3248 2548 22789 21 46 22
leaf_count=21 52 885 32 22 22 28 25 36 20 37 26 21 106 35 294 28 22 142 133 3248 2548 22789 21 46 22
internal_value=-1.96563e-11 -0.00496666 0.037313 -0.00716786 -0.00560716 -0.00811078 -0.0504947 -0.00567174 0.000179767 0.0141013 0.0280597 0.00238734 -0.00420255 0.00420313 5.41455e-06 -0.0293916 5.37782e-05 -0.00341356 -0.0168218 0.000468518 -0.00128519 0.000415723 0.0138489 -0.00208814 0.0282785
internal_weight=30661 1071 53 1018 996 974 53 921 29590 366 167 199 178 141 29224 48 29176 3117 427 26059 2690 26037 141 67 74
internal_count=30661 1071 53 1018 996 974 53 921 29590 366 167 199 178 141 29224 48 29176 3117 427 26059 2690 26037 141 67 74
is_linear=0
shrinkage=0.04


Tree=307
num_leaves=31
num_cat=0
split_feature=30 7 22 20 20 18 0 32 31 0 4 28 22 12 27 18 28 35 13 13 34 20 25 13 25 22 40 8 17 15
split_gain=17.6161 102.658 143.928 138.878 136.258 98.7997 76.7974 71.8931 65.8673 97.8681 125.807 89.6702 142.493 79.3584 52.9414 43.4518 43.3503 81.0513 216.927 228.892 75.7769 70.5353 161.018 73.4682 61.3092 150.826 166.155 100.184 98.1484 90.185
threshold=1.0139536132499976 0.91597561503675351 15.271804397305599 16.013394234250004 18.22590043133334 16.413961885666669 16.500000000000004 6.7799722091666679 0.31169125208333176 2.5000000000000004 29.500000000000004 14.005779182384368 19.590439800444504 8.3570057209166695 9.5596864961462842 17.492838236250005 15.128279500664529 85.850000000000009 20.535179907333333 18.803288183833338 11.000000000000002 10.064494355500001 33.469375266788198 15.753435201083335 33.591669782279403 19.513867059944474 9.4000000000000021 -0.8783796973249266 17.344267740750002 55.653911214166676
decision_type=2 2 2 2 2 2 2 2 2 2 2 2 2 2 2 2 2 2 2 2 2 2 2 2 2 2 2 2 2 2
left_child=16 6 -3 5 -5 -4 8 15 9 10 -2 13 -13 -10 -11 -8 24 20 19 -19 -18 22 -22 -23 29 26 27 -26 -27 -1
right_child=1 2 3 4 -6 -7 7 -9 11 14 -12 12 -14 -15 -16 -17 17 18 -20 -21 21 23 -24 -25 25 28 -28 -29 -30 -31
leaf_value=0.00051597311584899335 -0.041888249711174032 0.039245540133544379 -0.13842412865824169 0.074959258288145064 -0.048935489189259863 -0.036095820883145703 -0.078463112142953012 0.053959343964233998 0.066133860801828329 0.0017891309899840319 0.00082793446222566205 0.08355934794437378 0.011658810201146595 -0.00043513904311610565 -0.0099658926595181524 -0.020196421971683063 -0.067959352806210516 -0.097409069878714422 -0.12832672079404195 0.071520531816464492 -0.029329333692789079 -0.040402608932927249 0.13117873620986939 -0.0016760576115242929 -0.039926286858540994 0.037572275422237539 0.1412601888537407 0.047492754049301943 0.0019413568174731952 0.083458646319451796
leaf_weight=17489 230 35 36 20 49 26 22 20 29 2329 212 47 715 2394 832 296 28 21 30 33 20 80 20 3869 27 135 25 94 1477 21
leaf_count=17489 230 35 36 20 49 26 22 20 29 2329 212 47 715 2394 832 296 28 21 30 33 20 80 20 3869 27 135 25 94 1477 21
internal_value=-3.21405e-12 -0.0017164 -0.0328122 -0.0520642 -0.013024 -0.0955123 -0.000992023 -0.019601 -6.54116e-05 -0.00377006 -0.0213999 0.00412543 0.0160936 0.000361601 -0.00130488 -0.0242275 0.00053558 -0.00319872 -0.0420859 0.00582569 -0.00238555 -0.00192527 0.0509247 -0.00246059 0.00133039 0.00845134 0.0473823 0.027986 0.00492534 0.000615447
internal_weight=30661 7292 166 131 69 62 7126 338 6788 3603 442 3185 762 2423 3161 318 23369 4101 84 54 4017 3989 40 3949 19268 1758 146 121 1612 17510
internal_count=30661 7292 166 131 69 62 7126 338 6788 3603 442 3185 762 2423 3161 318 23369 4101 84 54 4017 3989 40 3949 19268 1758 146 121 1612 17510
is_linear=0
shrinkage=0.04


Tree=308
num_leaves=31
num_cat=0
split_feature=25 30 33 30 35 32 15 18 28 18 26 35 24 33 31 26 34 40 18 34 12 19 25 12 13 28 26 27 26 24
split_gain=17.6946 57.7211 64.3702 59.8694 99.6268 69.3376 69.2092 65.2707 53.4177 46.3495 242.491 59.4097 45.3424 121.18 130.299 161.915 114.643 108.303 98.0557 96.2154 90.9539 86.147 200.207 83.1733 218.284 153.382 144.239 189.661 123.768 102.17
threshold=20.538073902107641 -2.8553449709999952 0.7380071357931437 5.8014905714166689 86.40000000000002 -9.2800196127499976 15.20592301516667 14.224177527166669 3.8611272642807712 8.9031817996666689 20.919722324124507 41.350000000000001 22.616228943236113 1.1425638149043313 3.695769726833332 25.159727363061084 24.850000000000005 7.4000000000000012 9.3273076578333356 10.600000000000001 14.600374084500002 13.960840380750001 33.817878332854171 17.575758479083337 20.606687605666668 16.227366984951274 34.17961244107812 3.3134810256662028 31.413235853675598 22.760182932284724
decision_type=2 2 2 2 2 2 2 2 2 2 2 2 2 2 2 2 2 2 2 2 2 2 2 2 2 2 2 2 2 2
left_child=1 2 -1 4 9 -5 7 -7 -8 10 -3 -11 13 18 15 20 -17 19 -2 -16 -15 22 -20 24 26 28 29 -28 -26 -14
right_child=12 3 -4 5 -6 6 8 -9 -10 11 -12 -13 23 14 17 16 -18 -19 21 -21 -22 -23 -24 -25 25 -27 27 -29 -30 -31
leaf_value=-0.087061464250087733 -0.041918433034792549 -0.0038226706149677436 -0.013232204342922688 -0.082993085455894469 0.082947770188684058 0.024565813951194285 -0.0015096165835857393 -0.035512789991639912 -0.060614166370933024 0.0018526236898575128 0.098209039404037149 -0.0062784134457919442 -0.078383473112727656 0.078962160001198461 -0.041515781958188329 0.15081925765531404 0.046067159702943172 -0.048303489685058598 0.011903300100896994 0.030511155483814389 -0.015769649829715491 0.00055890897531594801 0.13727518051153137 0.00020072719478811968 -0.060446557635441427 -0.13920281817173136 0.12635260322690012 0.0017164317944220134 0.03363477651278178 -0.0063060390674736094
leaf_weight=20 80 180 342 25 23 93 40 42 63 3961 47 2257 33 24 35 35 32 45 690 195 50 4233 21 17185 88 29 30 56 30 677
leaf_count=20 80 180 342 25 23 93 40 42 63 3961 47 2257 33 24 35 35 32 45 690 195 50 4233 21 17185 88 29 30 56 30 677
internal_value=2.19451e-12 -0.00175159 -0.0173112 -0.000914785 -0.000154081 -0.0196229 -0.0129664 0.00587469 -0.0376609 -0.000450643 0.0173028 -0.00109877 0.000527158 0.00372993 0.0244769 0.0557407 0.100788 0.00844715 0.00201203 0.0195505 0.0149542 0.00272288 0.0156063 -0.000433958 -0.0120003 -0.0567832 -0.00373008 0.0451942 -0.0365276 -0.00965612
internal_weight=30661 7093 362 6731 6468 263 238 135 103 6445 227 6218 23568 5440 416 141 67 275 5024 230 74 4944 711 18128 943 147 796 86 118 710
internal_count=30661 7093 362 6731 6468 263 238 135 103 6445 227 6218 23568 5440 416 141 67 275 5024 230 74 4944 711 18128 943 147 796 86 118 710
is_linear=0
shrinkage=0.04


Tree=309
num_leaves=31
num_cat=0
split_feature=37 22 23 2 7 2 29 30 29 24 28 27 2 34 20 32 20 20 27 2 2 34 34 4 22 38 27 16 17 23
split_gain=17.2085 115.289 74.0713 130.348 55.5208 162.213 196.741 87.6675 101.986 81.1985 64.8603 75.5933 57.3089 156.944 267.183 180.178 80.5708 97.9911 49.1214 48.7693 54.9988 94.8949 48.8834 46.7852 46.1668 45.3974 60.7903 47.5115 84.887 52.4211
threshold=78.059530000000024 54.566427213666692 51.813220845638895 20.500000000000004 -0.98296291314453399 134.50000000000003 12.789027523447077 -12.013320246999996 15.785479892560859 41.462578063684035 12.74602646041347 6.8182501075476454 24.500000000000004 10.600000000000001 18.411760921000003 1.1409289469166704 10.879836214500001 13.800257291250004 7.1796354164404725 26.500000000000004 28.500000000000004 11.000000000000002 11.000000000000002 52.500000000000007 39.509413900027816 6.9166666666666679 6.3616768215458857 17.82167073983334 17.164481608250004 47.060406616208333
decision_type=2 2 2 2 2 2 2 2 2 2 2 2 2 2 2 2 2 2 2 2 2 2 2 2 2 2 2 2 2 2
left_child=1 2 25 -4 5 9 10 18 -9 -2 24 -12 13 14 15 -6 -15 -18 -8 22 21 -21 -14 -22 -7 26 -1 29 -29 -27
right_child=4 -3 3 -5 12 6 7 8 -10 -11 11 -13 19 16 -16 -17 17 -19 -20 20 23 -23 -24 -25 -26 27 -28 28 -30 -31
leaf_value=-0.01165064809835137 0.049868937854704108 -0.087806490838527693 0.10613529590544878 -0.025029448541727933 0.14780704499677172 -0.030215472924043831 -0.054259598827920856 0.011644984379899305 0.064667860483421991 -0.017249494418501855 -0.12253288378715516 -0.029047258224698808 -0.079761719504992168 -0.052606135387659861 -0.063960389427163394 0.021300743068418195 0.045255688584033164 0.0015012340764031867 0.0023494972340274783 0.099669352754329643 -0.00035546789032000461 0.0022553199017420413 -0.0098450784569528577 0.045278979593680962 0.033618232716213572 0.0040600588902497872 -0.080450615034653589 -0.012643158333434648 0.00036273600781886324 0.067790549695491795
leaf_weight=98 190 25 27 22 43 103 32 183 85 34 25 31 24 38 22 31 94 636 105 24 23695 48 48 36 22 1241 26 1192 2460 21
leaf_count=98 190 25 27 22 43 103 32 183 85 34 25 31 24 38 22 31 94 636 105 24 23695 48 48 36 22 1241 26 1192 2460 21
internal_value=2.86759e-12 -0.00211851 -0.0016974 0.047245 0.000423884 0.0107289 -0.000338207 0.015156 0.0284619 0.0396813 -0.0350076 -0.0707819 8.64784e-05 0.0102068 0.058426 0.0948112 0.00417941 0.00713537 -0.0108731 -0.000279761 -0.000180332 0.0347267 -0.0331506 -0.00028624 -0.0189807 -0.00217341 -0.0260764 -0.00157024 -0.00388234 0.00512055
internal_weight=30661 5112 5087 49 25549 810 586 405 268 224 181 56 24739 864 96 74 768 730 137 23875 23803 72 72 23731 125 5038 124 4914 3652 1262
internal_count=30661 5112 5087 49 25549 810 586 405 268 224 181 56 24739 864 96 74 768 730 137 23875 23803 72 72 23731 125 5038 124 4914 3652 1262
is_linear=0
shrinkage=0.04


Tree=310
num_leaves=31
num_cat=0
split_feature=30 7 23 19 40 24 27 34 32 1 30 23 21 25 25 13 28 35 13 13 34 25 24 1 26 23 24 34 30 33
split_gain=17.1767 95.2891 130.17 98.9492 151.657 87.9552 92.6385 64.0291 58.9131 70.6279 119.564 87.138 52.4776 50.8515 58.1396 55.7997 39.9348 72.9786 190.777 208.218 70.2667 56.5989 190.323 248.118 64.8468 57.64 148.572 113.307 53.5023 76.8055
threshold=1.0139536132499976 0.91597561503675351 15.363046577750003 15.567129561333335 6.8500000000000005 22.536786823364867 2.5752098986468672 5.3000000000000016 0.84074410025000124 4.5000000000000009 7.653832255083338 13.392483660208333 15.462408349166667 39.68747733046181 38.826429899326392 17.654167329833339 15.128279500664529 85.850000000000009 20.535179907333333 18.803288183833338 11.000000000000002 33.591669782279403 23.804923935118058 4.5000000000000009 26.583077478827224 48.968450672763886 34.654570445402783 17.150000000000002 -0.35461358233333046 2.9149900005668195
decision_type=2 2 2 2 2 2 2 2 2 2 2 2 2 2 2 2 2 2 2 2 2 2 2 2 2 2 2 2 2 2
left_child=16 7 -3 4 -4 -5 -7 12 13 11 -11 -10 -2 14 -9 -15 21 20 19 -19 -18 25 23 -23 -24 28 -27 -28 29 -1
right_child=1 2 3 5 -6 6 -8 8 9 10 -12 -13 -14 15 -16 -17 17 18 -20 -21 -22 22 24 -25 -26 26 27 -29 -30 -31
leaf_value=-0.00056811114312218397 -0.006676730485189528 0.050539793601402871 -0.036119651024376878 -0.06120934499406231 -0.16625668271728183 -0.038346861083991823 0.081941363385745467 -0.004292436639359346 0.080846403115987772 -0.0024773703579735692 -0.05916627134371083 0.0057927459809992976 -0.097211237549781795 0.077217220473289494 -0.046897641211891411 0.0037787497651820281 -0.06542838219021048 -0.093486122630891344 -0.12083118172486623 0.067633767236362816 -0.0018404682957952857 0.15259469503536821 -0.045832061073497722 -0.027003184407949448 0.0070129625949834429 -0.10727669692701763 0.082956258952617642 -0.017087501698406414 0.0036552554013790446 -0.03527959097936316
leaf_weight=10421 21 26 38 38 23 20 21 3538 25 852 64 2480 20 25 52 49 28 21 30 33 3989 32 38 20 1668 27 20 192 6747 103
leaf_count=10421 21 26 38 38 23 20 21 3538 25 852 64 2480 20 25 52 49 28 21 30 33 3989 32 38 20 1668 27 20 192 6747 103
internal_value=6.93267e-12 -0.00169486 -0.0316539 -0.0469184 -0.0851877 -0.0173687 0.0232642 -0.000996963 -0.000708528 0.0030663 -0.00643817 0.00654178 -0.0508399 -0.004233 -0.00490956 0.028589 0.000528859 -0.00305532 -0.0399551 0.00497603 -0.0022837 0.00129171 0.00813366 0.0835186 0.00583588 0.000604785 -0.0189044 -0.00764941 0.000874757 -0.000907838
internal_weight=30661 7292 166 140 61 79 41 7126 7085 3421 916 2505 41 3664 3590 74 23369 4101 84 54 4017 19268 1758 52 1706 17510 239 212 17271 10524
internal_count=30661 7292 166 140 61 79 41 7126 7085 3421 916 2505 41 3664 3590 74 23369 4101 84 54 4017 19268 1758 52 1706 17510 239 212 17271 10524
is_linear=0
shrinkage=0.04


Tree=311
num_leaves=25
num_cat=0
split_feature=25 23 9 32 32 19 34 34 33 17 17 2 34 19 17 33 34 2 27 30 18 16 2 23
split_gain=17.0582 98.9912 37.4364 40.8283 26.9416 31.8278 21.6534 59.957 38.2535 38.1662 61.8333 33.6803 32.1327 80.6454 38.3697 36.5479 26.2122 51.3059 27.1422 21.1247 18.3209 14.1548 13.4904 12.1177
threshold=42.009754001309027 24.490277615000004 -0.56174490092936669 9.2533975784166689 4.260895300583333 50.968449463000006 36.400000000000006 36.100000000000001 1.2255867975468144 35.359210229750005 15.002941532500001 174.50000000000003 35.800000000000004 33.525696452083345 18.582828291666672 1.2255867975468144 35.350000000000009 132.50000000000003 8.1906854782286427 -3.253399251499999 27.682500718665278 46.250810433000005 258.50000000000006 29.331354893625001
decision_type=2 2 2 2 2 2 2 2 2 2 2 2 2 2 2 2 2 2 2 2 2 2 2 2
left_child=6 -2 4 19 5 22 7 12 9 10 -9 21 16 15 -15 -14 18 -18 -1 -4 -11 -8 -3 -21
right_child=1 2 3 -5 -6 -7 11 8 -10 20 -12 -13 13 14 -16 -17 17 -19 -20 23 -22 -23 -24 -25
leaf_value=0.00031585216021292863 0.093581502246005199 -0.041782965002388796 -0.024194124247878791 0.071121205449104302 -0.053177600611339922 0.025335261192586691 -0.055583605031882019 0.0058336092497027195 -0.025017060596171928 -0.02342638728618622 0.067475816456205914 0.023156751942905514 -0.010844940496118446 -0.10004814331946166 -0.024293492376804351 0.046579432970001583 -0.016666647605597974 0.014365875424044185 -0.0029547754139560459 -0.0040426750641993506 0.027253104943028163 -0.018306891157841072 -0.0016870434403419496 0.032756404020800822
leaf_weight=24554 21 29 24 20 22 36 28 43 23 25 66 22 114 23 20 21 105 453 4864 22 21 39 25 41
leaf_count=24554 21 29 24 20 22 36 28 43 23 25 66 22 114 23 20 21 105 453 4864 22 21 39 25 41
internal_value=-2.63089e-11 0.0106222 0.00266721 0.0195873 -0.0134975 -0.00379792 -8.38017e-05 -2.59947e-05 0.0231209 0.0302639 0.0431582 -0.019785 -0.000162631 -0.0171075 -0.0648134 -0.00191226 -6.20113e-05 0.00852642 -0.000224917 0.0077404 -0.000290097 -0.0338852 -0.02322 0.0199059
internal_weight=30661 240 219 107 112 90 30421 30332 178 155 109 89 30154 178 43 135 29976 558 29418 87 46 67 54 63
internal_count=30661 240 219 107 112 90 30421 30332 178 155 109 89 30154 178 43 135 29976 558 29418 87 46 67 54 63
is_linear=0
shrinkage=0.04


Tree=312
num_leaves=31
num_cat=0
split_feature=0 30 23 26 20 2 8 40 30 22 27 22 20 0 1 30 28 28 0 20 29 15 31 20 16 17 8 0 27 17
split_gain=17.1432 38.3148 45.7055 75.9618 73.9221 126.325 88.9583 50.4053 43.1882 36.1154 43.6262 35.3504 26.8348 26.6374 101.475 109.123 168.045 185.078 86.7509 109.809 69.405 44.6334 43.2801 37.8737 61.8751 87.8384 41.9753 105.551 69.6676 57.8557
threshold=1.0000000180025095e-35 0.24699604475000128 15.363046577750003 26.655738988506947 11.578169857000001 168.50000000000003 0.6078576107927941 2.9600000000000009 -0.61216533191666389 15.658719973638904 2.7086512589707006 20.253603051805566 11.578169857000001 5.5000000000000009 5.5000000000000009 1.6363866945000007 2.4000100339212298 15.943332355826431 1.5000000000000002 16.013394234250004 12.627629664245278 19.33931160491667 -0.88525265341667125 16.338717765250006 52.222968099000006 16.197074731000004 -0.8783796973249266 10.500000000000002 3.8301720166386928 19.118410771000004
decision_type=2 2 2 2 2 2 2 2 2 2 2 2 2 2 2 2 2 2 2 2 2 2 2 2 2 2 2 2 2 2
left_child=1 2 3 7 5 -4 -7 8 -1 10 -6 -11 -5 14 15 16 21 -18 19 -17 -20 -2 -16 24 -15 -26 27 29 -29 -25
right_child=13 -3 4 12 9 6 -8 -9 -10 11 -12 -13 -14 23 22 18 17 -19 20 -21 -22 -23 -24 26 25 -27 -28 28 -30 -31
leaf_value=-0.046671064969371345 -0.0017442527055448176 -0.050810987842934474 -0.041214008871465924 -0.026092080876231192 -0.011673743516751907 0.024034753893360947 0.12296648419820345 0.03726136354785977 0.0010392439676448703 0.0033826689446417231 -0.074012397475864578 -0.017740141748420656 -0.085155862150713801 -0.00581942155152933 -0.0052179302758802396 -0.068946800409328365 0.021002969601106918 -0.017130678646519022 -0.0037125224910866455 0.012344382042470186 0.0075509592836477948 -0.04951360076297949 -0.026192563623604871 -0.028526041473906978 0.092125517368316659 -0.01390901107788086 0.00090464580959025555 0.0037255295442890652 -0.015937458059612022 -0.0075883879203408324
leaf_weight=51 51 28 24 20 82 33 26 33 75 696 23 155 32 2572 713 63 1485 236 1858 46 1655 81 202 348 25 25 17335 1808 343 537
leaf_count=51 51 28 24 20 82 33 26 33 75 696 23 155 32 2572 713 63 1485 236 1858 46 1655 81 202 348 25 25 17335 1808 343 537
internal_value=3.09307e-11 -0.00453519 -0.00349861 -0.0204715 -5.17587e-05 0.0361583 0.0676318 -0.00674626 -0.0182721 -0.00319552 -0.0253289 -0.000464611 -0.062439 0.000197256 0.00248183 0.0045425 0.0124377 0.0157737 0.000503358 -0.0346404 0.00159379 -0.0310573 -0.0098484 -0.000437652 -0.00496268 0.0391083 0.000144775 -0.00419395 0.000590055 -0.0158215
internal_weight=30661 1278 1250 211 1039 83 59 159 126 956 105 851 52 29383 6390 5475 1853 1721 3622 109 3513 132 915 22993 2622 50 20371 3036 2151 885
internal_count=30661 1278 1250 211 1039 83 59 159 126 956 105 851 52 29383 6390 5475 1853 1721 3622 109 3513 132 915 22993 2622 50 20371 3036 2151 885
is_linear=0
shrinkage=0.04


Tree=313
num_leaves=28
num_cat=0
split_feature=19 0 13 24 35 17 32 23 21 4 30 30 14 20 17 35 24 27 35 13 23 17 31 32 32 31 24
split_gain=16.3528 56.7708 53.3036 44.7276 40.1156 33.5129 40.3247 29.8821 88.8851 81.4996 48.2004 66.8716 27.4086 34.0937 57.6599 42.7961 32.3821 134.074 73.0255 61.4348 29.3984 38.0292 26.6148 22.5849 20.0287 17.9595 14.4944
threshold=58.638192382500002 10.500000000000002 50.186352160982246 48.855947724784727 35.550000000000004 19.488202311000006 -4.0265524414166647 61.466500321411026 40.75955469738583 34.500000000000007 -5.2141865522500002 -1.2751566972500006 62.611773307833339 32.88784392116667 17.496939087416671 58.650000000000013 50.284520818486108 6.2404813102719059 48.800000000000004 45.778945930500008 59.8105923205 21.850483601916668 4.1166297201666682 18.087880412166673 -1.4244921105833315 -0.33111491691666822 52.211970941006946
decision_type=2 2 2 2 2 2 2 2 2 2 2 2 2 2 2 2 2 2 2 2 2 2 2 2 2 2 2
left_child=7 3 -3 4 -2 24 -7 12 -9 -10 -11 -12 16 22 -15 -16 20 18 -18 -19 23 -22 26 -1 -6 -4 -14
right_child=1 2 25 -5 5 6 -8 8 9 10 11 -13 13 14 15 -17 17 19 -20 -21 21 -23 -24 -25 -26 -27 -28
leaf_value=-0.00011122532877622031 0.044667656971858101 0.0034722983493254735 -0.096899079024791723 0.052478142095648724 -0.068310822255554654 0.015435852410687175 -0.0087002936349199114 -0.058404799327254293 0.090837967046375936 -0.041175485178828242 0.088283546254748393 0.00050769070572242504 0.012752655631019957 -0.089789917313534279 -0.05054366367203849 0.031214192295446992 0.021808609393509953 0.015225775937942996 0.12173144693374634 -0.020311296384687684 -0.061565056847674507 0.0087119467895139351 0.038765083508832114 0.0075337718955397351 -0.012379623383283616 -0.043293906688690188 -0.028854119620613152
leaf_weight=28474 26 26 20 23 21 139 545 20 29 20 21 41 21 23 21 20 22 225 25 119 28 22 21 632 20 20 37
leaf_count=28474 26 26 20 23 21 139 545 20 29 20 21 41 21 23 21 20 22 225 25 119 28 22 21 632 20 20 37
internal_value=4.00089e-12 -0.00550407 -0.0411148 -0.00246749 -0.00415025 -0.00590096 -0.00379543 0.000155039 0.0192173 0.0332033 0.0128202 0.0302382 7.09315e-05 -0.0173988 -0.0390985 -0.0106618 0.000155481 0.0115904 0.0749591 0.00293243 2.13181e-06 -0.0306432 0.000180634 5.47761e-05 -0.0410273 -0.0700965 -0.0137896
internal_weight=30661 840 66 774 751 725 684 29821 131 111 82 62 29690 143 64 41 29547 391 47 344 29156 50 79 29106 41 40 58
internal_count=30661 840 66 774 751 725 684 29821 131 111 82 62 29690 143 64 41 29547 391 47 344 29156 50 79 29106 41 40 58
is_linear=0
shrinkage=0.04


Tree=314
num_leaves=31
num_cat=0
split_feature=37 37 12 27 26 19 28 38 15 7 30 12 38 17 23 7 2 30 18 37 30 1 15 2 29 14 14 31 0 28
split_gain=16.639 25.1154 43.0996 149.174 92.5049 37.6489 42.7973 29.2779 114.024 119.459 89.1527 52.4532 38.0053 72.0696 71.3629 60.7806 110.334 47.4352 47.1071 26.8014 24.1861 17.1492 16.0146 14.1712 12.1202 11.9438 10.6333 10.0675 9.1043 8.10044
threshold=57.171691500000016 65.469746000000029 36.501839981821526 1.9317365023882724 23.805696527970102 19.564947802833334 15.128279500664529 16.150000000000002 55.653911214166676 -0.9159756150367534 -2.3983328199166665 46.65368971358334 16.791666666666671 16.02176965366667 20.669787428097219 -0.98296291314453399 134.50000000000003 -9.8324575689166682 12.457340869166666 59.102617500000015 -3.253399251499999 4.5000000000000009 28.699276953416668 357.50000000000006 6.4525555329898632 11.241972367649302 18.240654712083337 -3.4674465860000008 16.500000000000004 2.8616588606454587
decision_type=2 2 2 2 2 2 2 2 2 2 2 2 2 2 2 2 2 2 2 2 2 2 2 2 2 2 2 2 2 2
left_child=23 2 19 4 -4 -5 -7 8 9 11 -11 -3 13 14 -9 16 -14 -17 -15 21 -21 22 -2 24 26 -23 29 -22 -25 -1
right_child=1 7 3 5 -6 6 -8 12 -10 10 -12 -13 15 18 -16 17 -18 -19 -20 20 27 25 -24 28 -26 -27 -28 -29 -30 -31
leaf_value=0.0050041743740439418 -0.0055756628019037321 0.037924086250906139 -0.15223141068220139 -0.045612240943380379 -0.030572933942079543 -0.006199170345297227 0.059329797651456753 -0.008103155473628167 0.091889401479907651 -0.015147771593261052 0.0030988382251024814 -0.017176596513018012 0.028913247251981185 0.037978930823331654 -0.056901793364216302 -0.016512260788497372 -0.00020377022411305546 -0.00019794126812954749 -0.0046769539466399732 -0.051718541920185095 -0.017294137642020362 0.037637979733542756 0.010010303026643293 0.041053466303556253 -0.024020445061226688 0.0086144355187464626 0.0016883984783239532 -0.0049208330123743605 0.011340817052193664 0.038590807804354914
leaf_weight=20 387 203 20 22 20 52 23 110 23 479 4059 32 323 43 85 289 586 21439 1130 20 128 26 145 33 21 178 114 591 33 27
leaf_count=20 387 203 20 22 20 52 23 110 23 479 4059 32 323 43 85 289 586 21439 1130 20 128 26 145 33 21 178 114 591 33 27
internal_value=-2.3652e-12 -8.41448e-05 -0.00494286 -0.0264039 -0.0914022 0.000399579 0.0138964 0.000187799 0.00304103 0.00261289 0.00117285 0.030421 -0.000382254 -0.00685663 -0.0293744 9.00576e-06 0.0101425 -0.000414935 -0.00311327 -0.00294953 -0.00833049 0.00245336 -0.00132761 0.0103189 0.0045609 0.0123135 0.0082889 -0.00712359 0.0261971 0.0242986
internal_weight=30661 30413 1612 137 40 97 75 28801 4796 4773 4538 235 24005 1368 195 22637 909 21728 1173 1475 739 736 532 248 182 204 161 719 66 47
internal_count=30661 30413 1612 137 40 97 75 28801 4796 4773 4538 235 24005 1368 195 22637 909 21728 1173 1475 739 736 532 248 182 204 161 719 66 47
is_linear=0
shrinkage=0.04


Tree=315
num_leaves=30
num_cat=0
split_feature=25 30 30 35 27 20 2 23 30 30 6 33 29 13 16 25 35 30 35 30 19 28 25 15 19 30 19 35 28
split_gain=16.8216 54.2398 52.1929 66.7211 53.5176 52.5179 92.5533 40.6005 107.007 94.4307 93.6818 123.354 73.5529 65.2719 102.177 61.1805 38.1689 70.283 51.2973 34.7466 46.4627 35.1302 90.0514 76.6972 29.9206 23.6035 19.5306 19.3398 14.2427
threshold=20.538073902107641 -5.0128002280833313 5.8014905714166689 86.40000000000002 11.679314648672216 38.712576674083344 36.500000000000007 16.113031871305555 -3.8756598344166648 -3.3607457415833335 1.0000000180025095e-35 0.42930586992205849 12.441442691150344 10.06621396075 17.078550716500001 31.558002229664897 41.350000000000001 4.7727540773333326 37.750000000000007 24.399011852666671 42.718355761333349 7.8727370307457676 27.949218189187501 42.035888118500004 28.904617972666667 -5.0128002280833313 12.731313911833336 62.750000000000007 3.9272087665375639
decision_type=2 2 2 2 2 2 2 2 2 2 2 2 2 2 2 2 2 2 2 2 2 2 2 2 2 2 2 2 2
left_child=1 26 3 16 5 6 -4 8 12 -10 15 -12 25 14 -9 -11 18 -18 -3 21 24 23 -23 -15 -21 -2 28 -6 -1
right_child=7 2 4 -5 27 -7 -8 13 9 10 11 -13 -14 19 -16 -17 17 -19 -20 20 -22 22 -24 -25 -26 -27 -28 -29 -30
leaf_value=-0.039474444298871925 -0.031492729148139123 -0.00038492501330236419 0.056463608955117789 0.064567234706878654 -0.013352262763814493 -0.080227576000615961 -0.031105759738461126 0.00021085476709736719 0.078497505467949494 -0.0066981362836596404 -0.0070984572597057463 0.027302953337457511 -0.075004490827902767 0.0029148108373235988 -0.1077203864377478 -0.073927614340186118 -0.0057826922873870515 0.036993920555456528 0.012121551995913653 0.03535726107400039 0.066693094403579317 -0.0069505628627889865 0.00063711770156338842 -0.070260048664134475 -0.019949359530035186 0.023649929640469729 -0.062388705103485674 0.034779194930897039 0.0030068421363830568
leaf_weight=28 23 3542 22 25 22 27 158 36 33 162 249 505 39 6423 23 25 2506 63 616 29 29 3111 12797 23 34 27 27 34 23
leaf_count=28 23 3542 22 25 22 27 158 36 33 162 249 505 39 6423 23 25 2506 63 616 29 29 3111 12797 23 34 27 27 34 23
internal_value=6.33741e-12 -0.00170784 -0.001339 -0.000658051 -0.018821 -0.0282061 -0.0204028 0.000513989 0.00815301 0.0119893 0.00965695 0.0159423 -0.033831 0.000153168 -0.041864 -0.015686 -0.000900452 -0.00473367 0.00146789 0.000263612 0.0247955 0.000162648 -0.000846744 0.00265372 0.00550924 -0.00171569 -0.0348798 0.0158704 -0.0203162
internal_weight=30661 7093 7015 6752 263 207 180 23568 1063 974 941 754 89 22505 59 187 6727 2569 4158 22446 92 22354 15908 6446 63 50 78 56 51
internal_count=30661 7093 7015 6752 263 207 180 23568 1063 974 941 754 89 22505 59 187 6727 2569 4158 22446 92 22354 15908 6446 63 50 78 56 51
is_linear=0
shrinkage=0.04


Tree=316
num_leaves=31
num_cat=0
split_feature=12 13 2 25 17 13 23 15 27 26 25 26 2 13 19 2 25 15 31 26 23 13 14 30 33 34 30 19 0 28
split_gain=17.3299 107.29 70.023 68.3035 57.707 50.0116 131.349 132.213 123.621 52.0446 48.9279 112.452 141.506 119.757 45.9544 43.2062 67.0302 63.1087 38.6283 36.8159 33.5168 36.2133 33.0414 67.6709 40.9811 31.3933 62.4998 24.65 21.9545 76.4474
threshold=12.463435888916669 15.20592301516667 362.50000000000006 27.378408617690976 23.335538476500002 11.605515443750003 16.209239981472226 15.098333479750002 3.6269304047361648 22.946103300574439 23.870224595986112 23.734972074242563 114.50000000000001 12.212221988750004 8.3570057209166695 174.50000000000003 25.846142469159727 15.568483227500003 -0.053695638250008663 26.655738988506947 14.611527913986111 16.576447322833335 15.098333479750002 4.0034515787500009 1.5850328367759958 5.3000000000000016 1.4644236081666719 17.158247042166668 8.5000000000000018 2.3351072694179846
decision_type=2 2 2 2 2 2 2 2 2 2 2 2 2 2 2 2 2 2 2 2 2 2 2 2 2 2 2 2 2 2
left_child=1 2 10 4 20 6 7 9 -9 27 22 13 -13 -12 19 16 -8 -17 -5 -7 -3 -22 24 -24 -1 26 -16 -2 29 -27
right_child=5 3 -4 18 -6 14 15 8 -10 -11 11 12 -14 -15 25 17 -18 -19 -20 -21 21 -23 23 -25 -26 28 -28 -29 -30 -31
leaf_value=-0.0047604763196509451 0.067689246635418393 -0.077809285640716555 0.071909015416389416 -0.10372382858703877 0.038837345074052398 -0.013075302386432197 -0.029967852521401186 0.030483015435082569 0.16773285013579187 -0.006221158323206113 -0.0006299081775877211 -0.089476919078826905 0.011244906480782307 0.11296212005795855 0.0037822775752283633 -0.0075546248420141635 0.060860971854283255 -0.077864731679360075 -0.031463986694812776 -0.06591994018554688 0.0046994293503285871 -0.052841265300909684 -0.011955038752406834 -0.091942398965358732 0.030095617088832353 -0.019890336969640019 -0.086356360256671913 0.024341121081446038 -0.0005792138992404992 0.002346941508604304
leaf_weight=1015 32 20 21 29 23 135 26 21 21 71 27 25 208 33 32 64 26 30 20 25 42 30 110 20 57 254 20 61 18709 9454
leaf_count=1015 32 20 21 29 23 135 26 21 21 71 27 25 208 33 32 64 26 30 20 25 42 30 110 20 57 254 20 61 18709 9454
internal_value=2.14101e-11 -0.00394973 -0.000624991 -0.0346833 -0.0178329 0.000228962 0.0152144 0.0357849 0.0991079 0.0195681 -0.00164386 0.0130128 0.000437844 0.0618457 4.47123e-05 -0.0138097 0.0154466 -0.029994 -0.07423 -0.0213323 -0.0320005 -0.0192759 -0.00521659 -0.0242608 -0.00290712 0.000164854 -0.0308864 0.0392566 0.000221675 0.00176513
internal_weight=30661 1680 1516 164 115 28981 352 206 42 164 1495 293 233 60 28629 146 52 94 49 160 92 72 1202 130 1072 28469 52 93 28417 9708
internal_count=30661 1680 1516 164 115 28981 352 206 42 164 1495 293 233 60 28629 146 52 94 49 160 92 72 1202 130 1072 28469 52 93 28417 9708
is_linear=0
shrinkage=0.04


Tree=317
num_leaves=31
num_cat=0
split_feature=30 0 32 0 27 20 20 25 29 0 16 23 30 13 15 28 35 13 13 34 20 25 13 25 18 17 22 18 33 23
split_gain=17.5251 81.233 85.2876 67.7202 132.749 131.258 110.604 94.2372 63.4226 115.974 73.694 141.859 65.884 42.5541 37.5505 36.4366 66.3671 175.567 191.178 63.7824 61.5276 146.219 63.8595 52.3924 140.297 141.938 108.314 103.844 90.9798 88.191
threshold=1.0139536132499976 16.500000000000004 7.027286474333347 1.5000000000000002 2.8556706280497264 16.412277771250004 13.800257291250004 31.447282145559033 5.7748466372121312 2.5000000000000004 14.600374084500002 13.971116485527778 15.4369643515 16.347677242083336 18.071300390333338 15.128279500664529 85.850000000000009 20.535179907333333 18.803288183833338 11.000000000000002 10.064494355500001 33.469375266788198 15.753435201083335 34.475023410204869 17.338612666583337 34.978555118666677 42.195038321833358 52.664129687500001 1.2039368626732025 48.968450672763886
decision_type=2 2 2 2 2 2 2 2 2 2 2 2 2 2 2 2 2 2 2 2 2 2 2 2 2 2 2 2 2 2
left_child=15 3 14 4 7 6 -6 -2 9 13 12 -12 -10 -5 -3 23 19 18 -18 -17 21 -21 -22 29 25 -25 28 -28 -26 -1
right_child=1 2 -4 8 5 -7 -8 -9 10 -11 11 -13 -14 -15 -16 16 17 -19 -20 20 22 -23 -24 24 26 -27 27 -29 -30 -31
leaf_value=0.0010464347825136337 0.090488921687716536 -0.075653854933652009 0.05795254607995351 -0.024440921915902032 -0.049985896523405869 0.0078029835224151609 -0.16116201780059122 -0.023437293424056125 -0.013283377811009134 -0.0051926816444611184 0.036808250136088329 0.0016838531525785482 0.050437927378548519 -0.078584271293948404 -0.021606878412510213 -0.062314217079963 -0.089322546436673117 -0.11566317329804102 0.065063983563220865 -0.028848310582339765 -0.037605204299092296 0.12410611176490784 -0.0014998192459541768 0.12011058876911798 -0.00084121485553120866 0.023946757262262204 0.037580043455009843 -0.0038790699304376221 -0.064248744123860405 -0.02154009576502432
leaf_weight=17646 21 22 21 45 41 35 22 26 675 800 191 5002 27 48 316 28 21 30 33 20 80 20 3869 33 767 96 249 158 38 281
leaf_count=17646 21 22 21 45 41 35 22 26 675 800 191 5002 27 48 316 28 21 30 33 20 80 20 3869 33 767 96 249 158 38 281
internal_value=-2.18168e-11 -0.00171196 -0.0202651 -0.000751257 -0.0277999 -0.0543049 -0.0888093 0.0274659 -0.000173465 -0.0101075 0.00133139 0.00297574 -0.0108326 -0.0523859 -0.0251247 0.000534196 -0.0028894 -0.0380781 0.00502478 -0.00215356 -0.00173128 0.0476289 -0.00223125 0.00126287 0.0088892 0.0485468 0.00466821 0.0214854 -0.00383437 0.000692398
internal_weight=30661 7292 359 6933 145 98 63 47 6788 893 5895 5193 702 93 338 23369 4101 84 54 4017 3989 40 3949 19268 1341 129 1212 407 805 17927
internal_count=30661 7292 359 6933 145 98 63 47 6788 893 5895 5193 702 93 338 23369 4101 84 54 4017 3989 40 3949 19268 1341 129 1212 407 805 17927
is_linear=0
shrinkage=0.04


Tree=318
num_leaves=25
num_cat=0
split_feature=25 12 17 0 37 20 37 34 34 16 15 18 33 2 34 33 17 34 2 27 1 28 27 27
split_gain=16.4625 98.5046 34.3072 42.6904 38.1409 35.6225 25.7136 19.8212 56.0733 37.3798 82.5137 50.9253 32.7954 30.9407 29.7022 48.0238 39.896 24.6119 47.37 26.6303 15.9867 15.853 14.8162 13.2711
threshold=42.009754001309027 21.929681632583335 38.677753653833335 12.500000000000002 150.79280450000005 63.889422705500003 136.95161700000003 36.400000000000006 36.100000000000001 49.374502718333339 44.286017366833342 26.424088932666667 0.92953180181299067 174.50000000000003 35.800000000000004 1.2922450502574041 12.961645096916669 35.350000000000009 132.50000000000003 8.1906854782286427 3.5000000000000004 12.518336038092885 11.912766589402354 6.6936767315446293
decision_type=2 2 2 2 2 2 2 2 2 2 2 2 2 2 2 2 2 2 2 2 2 2 2 2
left_child=7 -2 4 -4 6 -6 -3 8 14 10 12 -11 -10 21 17 16 -16 19 -19 -1 23 -9 -13 -5
right_child=1 2 3 20 5 -7 -8 13 9 11 -12 22 -14 -15 15 -17 -18 18 -20 -21 -22 -23 -24 -25
leaf_value=0.00031537508963163388 0.095427266716957088 0.02339782263569791 -0.05731502827543479 -0.0033509621616357411 0.076084385889547843 0.0056516819596290589 -0.030846576955583363 -0.055409332343510219 0.04513966836035252 -0.036254236129197211 0.09391521906852722 0.054985628791153429 -0.0091888079121708859 0.02222660809078 -0.069132003142283516 0.041946562021970751 -0.014921986009699828 -0.015947709106263662 0.013870733794704838 -0.0029242629261247394 -0.025705712964901557 -0.015959843005507419 0.0079113246188701487 0.033542620085466365
leaf_weight=24554 20 29 26 39 27 20 27 28 32 33 30 20 40 22 26 20 132 105 453 4864 26 39 23 26
leaf_count=24554 20 29 26 39 27 20 27 28 32 33 30 20 40 22 26 20 132 105 453 4864 26 39 23 26
internal_value=3.9581e-12 0.0104351 0.00270851 -0.0121121 0.0195436 0.046113 -0.00275573 -8.23253e-05 -2.70179e-05 0.0223576 0.0381801 0.00112215 0.0149572 -0.0189316 -0.000159155 -0.0164506 -0.0238426 -6.24153e-05 0.00825974 -0.00022027 0.00080299 -0.0324462 0.0298063 0.0114065
internal_weight=30661 240 220 117 103 47 56 30421 30332 178 102 76 72 89 30154 178 158 29976 558 29418 91 67 43 65
internal_count=30661 240 220 117 103 47 56 30421 30332 178 102 76 72 89 30154 178 158 29976 558 29418 91 67 43 65
is_linear=0
shrinkage=0.04


Tree=319
num_leaves=30
num_cat=0
split_feature=22 1 29 31 31 28 27 25 13 37 35 2 27 16 13 25 8 16 13 35 12 13 15 13 12 22 31 35 16
split_gain=16.4952 50.8753 120.035 63.7142 148.393 53.3783 89.758 48.5918 29.6765 94.4504 89.3098 266.036 122.754 64.1483 31.3278 33.5162 26.8641 89.1368 53.5965 164.77 65.4906 38.0142 36.2525 31.91 71.5602 71.5517 26.4606 25.1744 9.04163
threshold=11.711783301472229 1.0000000180025095e-35 12.959608234375734 2.834584130416673 1.1733672648333331 14.868567759871667 2.8771536151275181 26.892377531475699 12.463435888916669 212.23726500000001 62.750000000000007 114.50000000000001 8.1906854782286427 16.673444925916673 9.3273076578333356 25.529690655156255 -0.8783796973249266 10.883099809083339 15.098333479750002 83.550000000000011 13.807449219083336 19.570099617083336 7.737544311833334 14.088157735416667 11.241972367649302 12.236663024583338 1.6374251478333302 71.40000000000002 8.9031817996666689
decision_type=2 2 2 2 2 2 2 2 2 2 2 2 2 2 2 2 2 2 2 2 2 2 2 2 2 2 2 2 2
left_child=1 2 -1 4 5 7 -7 -3 9 10 14 -12 -13 -11 26 -16 17 21 19 -19 -20 28 -18 24 -24 -25 -2 -23 -10
right_child=8 3 -4 -5 -6 6 -8 -9 16 13 11 12 -14 -15 15 -17 22 18 20 -21 -22 27 23 25 -26 -27 -28 -29 -30
leaf_value=-0.013532133872310321 -0.0027282852730874359 -0.007510721432127403 0.11065612721443177 -0.074198055538264182 0.097353138923645027 0.0024528172931500844 -0.10182347693443297 0.035566259229725061 0.0054341598243817036 0.0063830008290030743 0.16066567045838936 0.050936730260751684 -0.0092905641304067352 -0.084195987921336604 0.0026904387876857073 0.050236306524276735 -0.038076221381242455 0.0039307386996109547 -0.040492192880312604 0.096491870731115342 -0.0027201712858016015 -0.07954315226721137 -0.055400184564133904 0.047198979247291134 -0.0044133324490843477 0.00067098899101428286 -0.060903000450608404 -0.025776653763922779 -0.027666417658329012
leaf_weight=33 29 877 20 22 22 28 25 44 23 22 23 98 121 29 464 25 39 324 75 34 3541 38 47 53 700 23830 22 22 31
leaf_count=33 29 877 20 22 22 28 25 44 23 22 23 98 121 29 464 25 39 324 75 34 3541 38 47 53 700 23830 22 22 31
internal_value=-8.09271e-12 -0.00487668 0.0333314 -0.0068659 -0.00537864 -0.00769907 -0.0467341 -0.00545275 0.00017651 0.00761942 0.0110591 0.0312519 0.0176605 -0.0451227 0.00200979 0.00512121 -3.90882e-05 -0.00304236 -0.00204196 0.0127215 -0.00350361 -0.0379158 0.000458596 0.000519613 -0.00762134 0.000774242 -0.0278233 -0.0598288 -0.013568
internal_weight=30661 1071 53 1018 996 974 53 921 29590 833 782 242 219 51 540 489 28757 4088 3974 358 3616 114 24669 24630 747 23883 51 60 54
internal_count=30661 1071 53 1018 996 974 53 921 29590 833 782 242 219 51 540 489 28757 4088 3974 358 3616 114 24669 24630 747 23883 51 60 54
is_linear=0
shrinkage=0.04


Tree=320
num_leaves=31
num_cat=0
split_feature=0 21 21 20 25 21 19 22 38 38 34 15 35 22 12 20 0 2 2 38 17 7 0 2 20 24 0 30 16 31
split_gain=16.4919 37.9541 98.3426 49.3399 106.901 82.9055 81.5912 37.7625 22.9208 41.1759 96.3916 108.902 96.981 96.4783 51.9932 38.5784 37.3628 53.1216 69.2297 40.2623 64.876 51.378 36.8047 38.6292 138.874 43.2832 40.3375 71.1848 45.2343 29.5988
threshold=1.0000000180025095e-35 8.3570057209166695 9.3242283631666698 10.064494355500001 28.981887617305564 12.169542611000002 11.238188142750003 14.078020116722247 9.1000000000000014 16.150000000000002 18.100000000000005 54.54882465883334 24.750000000000004 55.318189615722268 46.65368971358334 41.581852947166674 22.500000000000004 82.500000000000014 138.50000000000003 16.791666666666671 16.02176965366667 -0.98296291314453399 1.5000000000000002 359.50000000000006 12.196427913250002 24.668092477381947 2.5000000000000004 0.90179811183333325 17.997025700022149 1.229684719748031
decision_type=2 2 2 2 2 2 2 2 2 2 2 2 2 2 2 2 2 2 2 2 2 2 2 2 2 2 2 2 2 2
left_child=1 -1 -3 4 -4 7 -7 -5 22 10 11 13 -13 -10 15 -12 19 -18 -19 20 -11 -21 29 26 -25 -26 27 -24 -28 -2
right_child=8 2 3 5 -6 6 -8 -9 9 16 14 12 -14 -15 -16 -17 17 18 -20 21 -22 -23 23 24 25 -27 28 -29 -30 -31
leaf_value=-0.044936888526297278 -0.016904782064295572 0.080543627847324717 -0.012789446569738849 -0.071135850316140711 0.10582587576657534 0.064104603337390084 -0.0050855556187580867 -0.020418968449939384 0.0022487840649078397 -0.027978163543300561 0.030596563353731825 0.014318947976543791 0.11148649932333717 -0.06093204852098074 -0.014085117473434178 0.089076686561107635 0.012153106910918287 -0.035402443782271198 -0.0062139188475258981 0.0097700519453041562 -0.0030621380736544817 4.8280638144835211e-05 -0.006612061210094936 0.09218302870665987 0.0066176806331763195 -0.053513783108104354 -0.0095034706335236745 -0.079872615206986672 0.013887428864941336 -0.068060744757002051
leaf_weight=36 102 22 31 41 20 28 1045 55 4576 195 185 42 27 39 39 20 167 168 575 909 1173 20156 63 30 148 22 515 32 178 22
leaf_count=36 102 22 31 41 20 28 1045 55 4576 195 185 42 27 39 39 20 167 168 575 909 1173 20156 63 30 148 22 515 32 178 22
internal_value=2.60286e-11 -0.00444821 -0.00327463 -0.0047861 0.0337264 -0.00646629 -0.00328003 -0.0420793 0.000193473 0.000415042 0.00373746 0.00246064 0.052341 0.00171486 0.0282483 0.0363019 -0.000286362 -0.00823192 -0.0128137 3.59511e-05 -0.00661376 0.000467796 -0.00543959 -0.00286154 0.012838 -0.00116404 -0.0068462 -0.0312893 -0.00349542 -0.0259808
internal_weight=30661 1278 1242 1220 51 1169 1073 96 29383 28271 4928 4684 69 4615 244 205 23343 910 743 22433 1368 21065 1112 988 200 170 788 95 693 124
internal_count=30661 1278 1242 1220 51 1169 1073 96 29383 28271 4928 4684 69 4615 244 205 23343 910 743 22433 1368 21065 1112 988 200 170 788 95 693 124
is_linear=0
shrinkage=0.04


Tree=321
num_leaves=31
num_cat=0
split_feature=30 38 22 4 17 28 22 27 27 32 35 2 27 13 1 13 12 1 6 40 14 0 12 13 30 16 13 16 7 12
split_gain=16.0363 72.6693 77.8195 77.3266 68.7035 155.738 119.966 70.7163 61.5311 51.6553 35.7874 134.889 194.482 117.563 253.608 78.0058 189.987 150.889 219.728 139.101 71.3558 41.6679 33.9911 130.316 99.949 157.34 75.8751 72.2929 67.448 47.2379
threshold=6.5892215266666643 28.758333333333336 24.959646831694503 45.500000000000007 17.426599813166671 4.1026448355526748 16.557048426583375 4.881576192737902 5.3411072489573828 -3.4515349606666663 76.250000000000014 254.50000000000003 2.375064718061576 20.024785327000004 4.5000000000000009 17.164261885750005 14.801877441333335 5.5000000000000009 0.37940952255126054 8.7500000000000018 20.747321899500005 2.5000000000000004 18.964073294750005 20.606687605666668 1.1781577103333325 20.977204573250003 18.240654712083337 28.541562467166667 -0.98296291314453399 17.575758479083337
decision_type=2 2 2 2 2 2 2 2 2 2 2 2 2 2 2 2 2 2 2 2 2 2 2 2 2 2 2 2 2 2
left_child=10 3 -3 4 9 7 -7 -6 -5 -2 22 15 -13 14 -14 17 19 18 -12 -17 -18 -19 23 24 28 -26 27 -24 -1 -25
right_child=1 2 -4 8 5 6 -8 -9 -10 -11 11 12 13 -15 -16 16 20 21 -20 -21 -22 -23 26 29 25 -27 -28 -29 -30 -31
leaf_value=0.036868411798666165 -0.09101327848434447 -0.065736069941924796 0.012538107759169033 -0.0087024121218257488 0.026580384635925294 0.057171328389751058 -0.0026155749334424291 0.1237669762580291 -0.078862835052940575 -0.017366794417612255 0.00089072741071383166 0.14996830059134442 0.13812591326236726 -0.048655759862491064 -0.010128369036441048 -0.0054126852971536146 0.013637917809146806 -0.036460190719211256 0.056299853305158014 -0.12869309797883033 -0.0042170370951559212 -0.0002623567253506432 0.013450735435366283 -0.053778663787149621 -0.0051485181698186101 -0.040710028363549602 0.0002831557541788467 0.091248113662004471 0.00033093583605918231 -0.017400428487642391
leaf_weight=82 20 59 31 45 25 56 1307 23 36 64 240 23 30 28 48 27 493 77 219 32 1309 150 430 93 1272 236 18337 20 5701 148
leaf_count=82 20 59 31 45 25 56 1307 23 36 64 240 23 30 28 48 27 493 77 219 32 1309 150 430 93 1272 236 18337 20 5701 148
internal_value=-1.07919e-11 -0.00381631 -0.038775 -0.00181994 0.00024244 0.00233465 -0.00015918 0.073149 -0.0398848 -0.0349017 0.000219278 0.0046264 0.0445312 0.0216533 0.0468925 0.00260531 -0.00164478 0.0141351 0.0273278 -0.0722766 0.000667809 -0.0125409 -0.000228819 -0.00249911 -0.00154253 -0.0107138 0.000681376 0.0169084 0.000849019 -0.0314385
internal_weight=30661 1666 90 1576 1495 1411 1363 48 81 84 28995 2676 129 106 78 2547 1861 686 459 59 1802 227 26319 7532 7291 1508 18787 450 5783 241
internal_count=30661 1666 90 1576 1495 1411 1363 48 81 84 28995 2676 129 106 78 2547 1861 686 459 59 1802 227 26319 7532 7291 1508 18787 450 5783 241
is_linear=0
shrinkage=0.04


Tree=322
num_leaves=31
num_cat=0
split_feature=32 0 24 13 22 40 29 32 26 12 13 38 14 4 21 14 30 21 20 30 7 37 27 22 14 31 22 27 30 15
split_gain=16.3421 40.5237 22.4122 19.1141 143.687 72.4089 162.08 96.6474 103.949 58.1892 97.4826 62.3006 57.933 54.6522 46.7897 40.8518 38.3796 59.4374 94.9714 51.9608 103.57 63.6957 51.5125 30.1647 29.3991 26.9533 18.7176 17.8224 29.7112 19.7059
threshold=-26.50971637113194 3.5000000000000004 17.771688423506948 27.211156196964968 24.425325147666733 17.150000000000006 10.145433674048563 1.1761689531666664 27.743557900595242 27.505503352416671 34.184768041583339 32.625000000000007 13.525336108416669 1.5000000000000002 51.474331607416673 28.537613451833334 -1.4940345858333328 8.3570057209166695 11.578169857000001 1.095822717416665 0.91597561503675351 211.43316250000001 2.9596813121282426 27.288379315888935 24.060011385083335 0.28056463225 23.201653732555584 4.881576192737902 1.7476950843333265 14.226316544500001
decision_type=2 2 2 2 2 2 2 2 2 2 2 2 2 2 2 2 2 2 2 2 2 2 2 2 2 2 2 2 2 2
left_child=1 2 -1 5 15 16 -7 24 -9 10 23 -12 14 -14 -11 -5 17 22 -19 21 -21 -18 -2 -6 -8 -17 -27 28 -3 -30
right_child=3 27 -4 4 9 6 7 8 -10 12 11 -13 13 -15 -16 25 19 18 -20 20 -22 -23 -24 -25 -26 26 -28 -29 29 -31
leaf_value=-0.018620337170859178 -0.0096426561563762274 -0.00061417056598251892 -0.071773903207345446 -0.091570195589553233 -0.00042505315464434897 0.12956410916078659 -0.044594990158081049 0.11985798140366873 0.0081714911883076034 -0.048280351584886805 -0.063852606555208177 -0.013296465680767328 -0.02353838859366722 0.001050185186213631 0.015715543943643571 -0.047208415466051375 0.0025254145955427706 0.018305031128800834 -0.0044308343950944665 -0.0010176610742879965 -0.03457467024177803 0.027487598035248917 -0.064975326961941193 -0.015999788842711818 0.0033792831525871797 -0.03669240389764309 0.015224234291911125 0.028731420925603463 -0.010319951545624506 -0.065798523843288423
leaf_weight=30 67 247 22 22 741 21 25 24 30 68 78 78 147 8974 25 73 11106 325 3078 4621 152 166 45 272 112 20 25 26 21 20
leaf_count=30 67 247 22 22 741 21 25 24 30 68 78 78 147 8974 25 73 11106 325 3078 4621 152 166 45 272 112 20 25 26 21 20
internal_value=4.65693e-12 -0.00840166 -0.0411084 0.000101502 -0.00127573 0.000834488 0.0240858 0.0124887 0.0578099 -0.000732976 -0.00913989 -0.0385745 0.000333627 0.0006539 -0.0310772 -0.0415286 0.00058248 -0.00320311 -0.00225947 0.00141179 -0.00208631 0.00289303 -0.0318745 -0.00460702 -0.00537515 -0.0321988 -0.00784983 -0.00298526 -0.00584857 -0.0373827
internal_weight=30661 366 52 30295 10523 19772 212 191 54 10383 1169 156 9214 9121 93 140 19560 3515 3403 16045 4773 11272 112 1013 137 118 45 314 288 41
internal_count=30661 366 52 30295 10523 19772 212 191 54 10383 1169 156 9214 9121 93 140 19560 3515 3403 16045 4773 11272 112 1013 137 118 45 314 288 41
is_linear=0
shrinkage=0.04


Tree=323
num_leaves=31
num_cat=0
split_feature=20 34 20 21 31 12 31 34 12 30 32 0 32 26 17 34 30 20 20 33 31 13 34 37 35 32 30 2 7 32
split_gain=15.9796 48.9123 27.7659 56.4806 79.1491 50.6871 45.299 32.4504 33.0754 43.2206 30.6801 50.733 31.505 25.007 52.2608 112.961 86.7539 74.2215 90.8023 247.377 72.3458 57.722 45.4316 44.949 146.791 189.51 191.649 144.347 47.2889 58.2784
threshold=48.540354152578239 35.150000000000013 49.798668049666674 30.747863175500004 0.70694566650000124 33.866717773500007 1.4146480711666671 13.700000000000001 26.796236246500001 4.7727540773333326 1.394428261583337 10.500000000000002 1.2101396814166689 25.538326478308797 31.224278410028877 11.000000000000002 0.13979292774999766 9.3242283631666698 19.644072062000003 1.1937831664895979 7.3618848015833374 13.963141341166668 10.600000000000001 166.39982000000003 64.450000000000017 -6.5538835589999991 -1.9416158410000006 128.50000000000003 -0.9159756150367534 -2.655535758909719
decision_type=2 2 2 2 2 2 2 2 2 2 2 2 2 2 2 2 2 2 2 2 2 2 2 2 2 2 2 2 2 2
left_child=13 2 3 4 -2 -5 -7 8 -4 -10 12 -12 -9 23 17 -16 21 -15 19 -19 -18 -17 -20 24 -1 -26 -27 -25 29 -29
right_child=1 -3 7 5 -6 6 -8 10 9 -11 11 -13 -14 14 15 16 20 18 22 -21 -22 -23 -24 27 25 26 -28 28 -30 -31
leaf_value=-0.00094666257258001684 -0.019729302656256928 -0.063504691209111896 -0.0051809696829877797 0.034723560941219332 -0.10310195370407944 -0.030179410511127082 0.010095992148962132 -0.0047408494034423942 0.047446988642215734 -0.017981595868865649 0.00064600576715299278 0.032013400021526549 -0.049993312322348354 -0.034887393561541108 -0.089790962675343394 -0.061860743165016177 -0.012585631900970659 0.0066675434489038522 -0.050343203919905204 0.05416694434132871 0.025778662934899332 0.0016492639221123841 0.0016540425669095708 -0.10315950152965693 -0.055607278223695426 -0.0060441008787982323 0.093069471775792362 0.0066547197017532136 -0.003944722109411004 -0.070658083558082577
leaf_weight=11483 106 21 64 50 22 93 86 1602 70 21 990 90 25 80 23 23 1234 1927 27 193 84 5108 6336 26 29 49 86 26 648 39
leaf_count=11483 106 21 64 50 22 93 86 1602 70 21 990 90 25 80 23 23 1234 1927 27 193 84 5108 6336 26 29 49 86 26 648 39
internal_value=4.29302e-12 -0.00265655 -0.00225959 -0.0127782 -0.034059 -0.000883196 -0.0108292 -0.000947529 0.0168522 0.0323481 -0.00196672 0.00325996 -0.00543619 0.000313892 0.00141028 -0.00130235 -0.000986761 0.00346051 0.00382215 0.0109918 -0.0101406 0.00136458 0.0014334 -0.00101698 -0.000410005 0.0371659 0.0570949 -0.0105832 -0.00720732 -0.039733
internal_weight=30661 3240 3219 357 128 229 179 2862 155 91 2707 1080 1627 27421 15035 6472 6449 8563 8483 2120 1318 5131 6363 12386 11647 164 135 739 713 65
internal_count=30661 3240 3219 357 128 229 179 2862 155 91 2707 1080 1627 27421 15035 6472 6449 8563 8483 2120 1318 5131 6363 12386 11647 164 135 739 713 65
is_linear=0
shrinkage=0.04


Tree=324
num_leaves=31
num_cat=0
split_feature=25 24 7 32 14 2 32 30 30 33 24 26 13 14 13 12 13 1 35 30 32 16 27 31 24 0 16 21 9 30
split_gain=15.8981 63.3521 57.7908 77.2795 44.3736 60.3208 43.8893 105.774 50.5367 43.45 128.551 109.077 89.0663 96.0265 73.273 43.1003 44.1567 42.4641 125.52 48.5304 40.5305 40.2469 56.3243 102.016 36.5321 35.7997 33.9682 44.8621 28.546 35.5705
threshold=22.939011564041667 24.058789877256945 -0.70710678118654757 6.3035919754999989 8.3570057209166695 190.50000000000003 -8.3431007333449383 5.538512133916667 -5.0128002280833313 0.38517093345905734 15.367649815991859 23.805696527970102 9.3273076578333356 11.605515443750003 11.605515443750003 26.796236246500001 27.358264135166667 1.0000000180025095e-35 64.450000000000017 1.2652249554999966 0.18143992908332776 10.06621396075 6.2404813102719059 34.793531977750014 19.013705188361111 11.500000000000002 16.673444925916673 17.797316076500003 -0.22252093395631442 -0.060519836666665931
decision_type=2 2 2 2 2 2 2 2 2 2 2 2 2 2 2 2 2 2 2 2 2 2 2 2 2 2 2 2 2 2
left_child=1 6 3 28 5 -2 7 15 -8 20 11 -11 13 -12 -14 25 -17 18 -10 -19 26 -4 -23 -24 -22 -1 -6 -28 29 -3
right_child=4 2 21 -5 9 -7 8 -9 17 10 12 -13 14 -15 -16 16 -18 19 -20 -21 24 22 23 -25 -26 -27 27 -29 -30 -31
leaf_value=-0.01353301467303919 0.076178619733144506 -0.024994997534819922 0.042238606550441739 -0.10001073092931793 -0.025471677666299798 -0.0077266111855323494 -0.028806529531395564 -0.071468804296923844 0.00085576316154920148 0.13760845889151097 0.024019826352596283 0.014361086355315314 0.033150675457877081 -0.07242021585832227 0.00056225167695356639 0.075147064328193666 0.0034655890376730399 0.0011681124947603573 0.032233363150140033 -0.007693949547042887 -0.017464327213282768 0.0019296082457414088 -0.077332212938202749 0.0032335767663378076 -0.087500069154934454 0.0048676458032441737 0.060597801265262423 -0.0065262254214648041 -0.0099883822226409045 -0.081612684611569758
leaf_weight=585 29 92 29 21 89 26 93 41 909 20 24 27 111 53 20150 20 44 5869 263 1189 26 312 45 57 22 238 21 66 168 22
leaf_count=585 29 92 29 21 89 26 93 41 909 20 24 27 111 53 20150 20 44 5869 263 1189 26 312 45 57 22 238 21 66 168 22
internal_value=2.14282e-11 -0.00130952 -0.0125227 -0.0259845 0.000633531 0.0365143 -0.000405287 -0.00865637 0.000514694 0.000537774 0.000730303 0.0668068 0.000577604 -0.042361 0.000740788 -0.00575297 0.0258661 0.000846028 0.00789698 -0.000324802 -0.0169832 -0.0033153 -0.00650628 -0.0323102 -0.049564 -0.0082118 -0.00809748 0.00967613 -0.0204719 -0.0359212
internal_weight=30661 9997 746 303 20664 55 9251 928 8323 20609 20385 47 20338 77 20261 887 64 8230 1172 7058 224 443 414 102 48 823 176 87 282 114
internal_count=30661 9997 746 303 20664 55 9251 928 8323 20609 20385 47 20338 77 20261 887 64 8230 1172 7058 224 443 414 102 48 823 176 87 282 114
is_linear=0
shrinkage=0.04


Tree=325
num_leaves=31
num_cat=0
split_feature=19 0 26 15 24 35 16 32 25 23 17 26 12 27 20 29 12 30 9 30 27 15 4 14 25 24 25 14 23 32
split_gain=15.6281 53.3413 51.4567 58.1079 40.8384 35.265 34.896 40.4158 27.373 118.825 203.406 143.53 121.422 152.669 88.0263 70.2701 62.7484 49.3344 26.5835 25.4026 78.9064 126.677 62.7955 89.9458 62.6278 33.1072 27.5972 73.7347 97.2092 27.0448
threshold=58.638192382500002 10.500000000000002 33.941148480855517 59.666266569166673 48.855947724784727 35.550000000000004 58.638192382500002 16.991794359004906 37.417015610618058 20.934581318624996 39.229078645750015 33.128346123825402 18.727345483500002 5.3411072489573828 16.013394234250004 16.418284054907044 19.270496582583334 21.454257568250004 1.0000000180025095e-35 -9.8324575689166682 5.5592694892391155 51.427190901166675 29.500000000000004 54.54882465883334 31.91766554227431 34.433992759020839 37.26985234318056 56.996833138166672 23.060753413833329 19.587232804166671
decision_type=2 2 2 2 2 2 2 2 2 2 2 2 2 2 2 2 2 2 2 2 2 2 2 2 2 2 2 2 2 2
left_child=8 4 -3 -4 5 -2 7 -7 19 10 11 -10 13 -11 -13 -12 -14 -18 -15 20 21 24 25 -24 -1 -22 29 28 -28 -21
right_child=1 2 3 -5 -6 6 -8 -9 9 12 15 14 16 18 -16 -17 17 -19 -20 26 22 -23 23 -25 -26 -27 27 -29 -30 -31
leaf_value=-0.042164257436990739 0.041726187880222615 -0.09346310327947141 0.028346694863360861 -0.061567600447198619 0.050065177717934485 -0.0020196392994040429 -0.057789188504219054 -0.046111521133886918 0.17256290170550348 -0.13748848415556408 -0.048177535915986093 0.10721253392872987 0.069577835778827243 -0.031804942861199378 0.014639559927440824 0.027278918445110323 0.0023861567288357335 0.056827473728745075 0.0192462990184625 -0.00011028203900825648 -0.013624069008482509 -0.12200164581338564 -0.046478944553434848 0.011692412906401866 0.044526773273944852 0.015731010884979843 -0.076834266659888351 -0.089567744076251996 0.020633610342629255 0.0094217776783079524
leaf_weight=40 26 20 23 23 23 670 20 35 20 21 39 27 23 51 42 40 1957 27 24 26381 83 24 100 74 20 237 22 20 64 485
leaf_count=40 26 20 23 23 23 670 20 35 20 21 39 27 23 51 42 40 1957 27 24 26381 83 24 100 74 20 237 22 20 64 485
internal_value=-5.39979e-12 -0.00538072 -0.0398991 -0.0166105 -0.00243729 -0.00404523 -0.00568668 -0.0042086 0.000151565 0.00437254 0.0367446 0.0782119 0.00178647 -0.0421604 0.0508638 -0.00997174 0.00388856 0.00312704 -0.0154685 -0.000196378 -0.00849356 -0.0443342 -0.0023992 -0.0217394 -0.0132672 0.00811704 -1.85728e-05 -0.0203883 -0.00430003 6.1796e-05
internal_weight=30661 840 66 46 774 751 725 705 29821 2271 168 89 2103 96 69 79 2007 1984 75 27550 578 84 494 174 60 320 26972 106 86 26866
internal_count=30661 840 66 46 774 751 725 705 29821 2271 168 89 2103 96 69 79 2007 1984 75 27550 578 84 494 174 60 320 26972 106 86 26866
is_linear=0
shrinkage=0.04


Tree=326
num_leaves=31
num_cat=0
split_feature=30 28 2 29 27 20 22 15 28 26 21 27 33 33 27 13 35 20 20 24 15 30 22 14 18 15 30 2 9 26
split_gain=15.5789 71.5643 69.294 96.3312 167.1 175.905 95.031 94.1575 90.9782 108.823 71.3645 67.0909 43.7643 48.8815 40.0199 32.153 109.934 178.917 285.882 77.6035 64.7823 63.687 56.3909 88.7556 152.156 130.036 87.9127 132.185 80.4848 79.5898
threshold=6.5892215266666643 19.610933104458628 124.50000000000001 8.6908880042774843 7.1796354164404725 35.727382706166672 25.296493159833364 19.940431730083336 13.656757047999946 31.036211810407526 40.75955469738583 7.7673242669072611 1.094574674034932 1.7028905129135283 10.117160468074003 17.259179093750003 86.40000000000002 18.31255718566667 16.412277771250004 32.344236966686552 20.024785327000004 2.0201633666666656 18.373966771166724 20.902493986166672 14.914294535333335 22.809082958666671 1.3729814612499995 34.500000000000007 -0.56174490092936669 35.603946376611113
decision_type=2 2 2 2 2 2 2 2 2 2 2 2 2 2 2 2 2 2 2 2 2 2 2 2 2 2 2 2 2 2
left_child=15 2 3 12 5 -5 8 14 10 -10 -4 -6 -2 -14 -8 16 19 18 20 -1 -18 -19 23 26 25 -25 29 -28 -26 -17
right_child=1 -3 6 4 11 -7 7 -9 9 -11 -12 -13 13 -15 -16 22 17 21 -20 -21 -22 -23 -24 24 28 -27 27 -29 -30 -31
leaf_value=0.0014927630527854156 -0.048879679970700168 0.063405346953868874 -0.02824883527452561 0.086905265518699801 -0.066023041375658731 -0.042683372852348141 -0.059604379311203957 0.02500444313521321 0.034260762980597659 -0.024199113414287567 -0.094634317468569096 0.0069478689464141478 0.042988213598728182 -0.038615857320635216 -0.0063202236937657799 -0.0013264048476448376 0.0057130852503488299 -0.034484097699324291 0.17335872465423471 0.076767446574839679 0.080131896334113897 0.029738080771196457 0.00022739898960719759 -0.10731413270126688 0.02481320874356642 -0.01721758796212574 0.041418928210623561 -0.049474369315139488 -0.02179355626943234 0.073540614350982345
leaf_weight=5547 58 25 347 83 22 21 24 185 86 125 28 241 24 23 374 1862 61 60 29 22 27 42 20763 55 82 48 32 128 214 23
leaf_count=5547 58 25 347 83 22 21 24 185 86 125 28 241 24 23 374 1862 61 60 29 22 27 42 20763 55 82 48 32 128 214 23
internal_value=7.10469e-12 -0.00376149 -0.00478475 0.00815095 0.0178167 0.0607383 -0.0100077 0.00142633 -0.0213832 -0.000371865 -0.0332056 0.000843838 -0.025633 0.00305431 -0.00953334 0.000216128 0.00288332 0.0306823 0.0644398 0.00179013 0.0285461 -0.00803967 -0.000449089 -0.0061962 -0.0234533 -0.0653274 -0.00282917 -0.0312957 -0.00888222 -0.000412908
internal_weight=30661 1666 1641 472 367 104 1169 583 586 211 375 263 105 47 398 28995 5788 219 117 5569 88 102 23207 2444 399 103 2045 160 296 1885
internal_count=30661 1666 1641 472 367 104 1169 583 586 211 375 263 105 47 398 28995 5788 219 117 5569 88 102 23207 2444 399 103 2045 160 296 1885
is_linear=0
shrinkage=0.04


Tree=327
num_leaves=31
num_cat=0
split_feature=0 33 29 15 16 10 1 12 24 32 0 1 30 13 26 29 38 4 38 32 14 30 28 38 35 38 17 24 1 7
split_gain=15.4091 37.302 39.279 48.085 64.1857 48.6442 43.965 43.5611 38.5031 36.7385 23.5606 89.7717 100.667 169.111 247.582 177.082 89.9783 270.53 136.537 42.2163 54.6743 54.0599 39.1686 35.2773 35.2973 45.9357 43.2953 40.8524 35.9503 71.7287
threshold=1.0000000180025095e-35 0.57586636968216143 15.740668918249161 22.609494026750003 27.682500718665278 -0.93301270189221908 4.5000000000000009 14.600374084500002 24.754654690263891 2.4566456659999996 5.5000000000000009 5.5000000000000009 1.6363866945000007 17.996380244750004 23.469724559904765 16.896298041264462 25.025000000000002 17.500000000000004 24.883333333333336 7.2952799316666672 20.827367325583335 4.3787227498333339 7.689691080692767 6.9166666666666679 64.300000000000026 24.375000000000004 28.547250944000002 42.92694215007544 5.5000000000000009 -0.9159756150367534
decision_type=2 2 2 2 2 2 2 2 2 2 2 2 2 2 2 2 2 2 2 2 2 2 2 2 2 2 2 2 2 2
left_child=1 -1 3 4 5 -3 -5 -4 -8 -9 11 12 13 14 -2 -15 18 -18 -14 20 21 -13 -21 -12 28 26 -26 -27 -25 -30
right_child=10 2 7 6 -6 -7 8 9 -10 -11 23 19 16 15 -16 -17 17 -19 -20 22 -22 -23 -24 24 25 27 -28 -29 29 -31
leaf_value=0.049898624271154407 0.0062943753548240855 0.037140554079697248 -0.078814612425863739 0.0043690652888431977 -0.066379502729645795 -0.0070339156853651275 0.018862562842214176 -0.0059028369913930482 0.08961142620444297 -0.05775109360615413 -0.015414782999714296 -0.0073715838739263255 0.0019729268477899813 -0.0031404823106499277 0.050068024240063701 0.071974370771983889 -0.096121702158992947 -0.0048233493199642073 0.040669543319892504 -0.0096621229803120646 -0.053381414850975605 -0.073958883762359623 0.057860528549977711 -0.00022971005341816718 -0.015073415603711858 -0.0032893910781334806 -0.07278886841043182 0.021021979763581042 0.017864486579261998 0.00150082612822077
leaf_weight=20 482 42 20 182 28 792 32 115 20 27 248 793 2482 956 362 53 55 930 155 27 47 20 28 16018 217 3698 23 114 536 2139
leaf_count=20 482 42 20 182 28 792 32 115 20 27 248 793 2482 956 362 53 55 930 155 27 47 20 28 16018 217 3698 23 114 536 2139
internal_value=-1.20373e-12 -0.00429969 -0.00516135 -0.00244396 -0.00680926 -0.0048093 0.0136368 -0.0235457 0.0460737 -0.0157613 0.000187013 0.0023356 0.0042738 0.0118569 0.0250693 0.000805095 0.000394306 -0.00992123 0.00424747 -0.00926181 -0.0114346 -0.00900965 0.024713 -0.000410102 -0.000246498 -0.00363098 -0.0206045 -0.00256235 0.000487142 0.00477968
internal_weight=30661 1278 1258 1096 862 834 234 162 52 142 29383 6390 5475 1853 844 1009 3622 985 2637 915 860 813 55 22993 22745 4052 240 3812 18693 2675
internal_count=30661 1278 1258 1096 862 834 234 162 52 142 29383 6390 5475 1853 844 1009 3622 985 2637 915 860 813 55 22993 22745 4052 240 3812 18693 2675
is_linear=0
shrinkage=0.04


Tree=328
num_leaves=30
num_cat=0
split_feature=37 37 32 16 17 32 38 7 23 12 12 20 32 17 19 26 19 20 24 29 30 19 31 30 12 17 1 29 17
split_gain=15.2782 23.1375 41.9053 64.2376 144.952 28.5339 27.3794 93.7904 140.428 80.1122 48.3347 38.6232 34.1455 85.6866 61.0726 37.4254 89.0129 59.5409 32.457 24.9932 19.1722 18.3199 13.9827 12.3456 12.5133 5.89536 5.72851 3.68747 3.3348
threshold=57.171691500000016 65.469746000000029 6.7799722091666679 23.532137280416674 16.502177820083336 12.905140836833331 16.150000000000002 -0.9159756150367534 50.427162737305558 56.236897135583341 48.953036100166678 41.581852947166674 9.8330276125833365 54.012135563416678 40.143266765 24.025358592133639 11.238188142750003 48.540354152578239 36.314595434409732 15.353234048863058 3.6787357829166685 49.798668049666674 -5.2540661859999958 1.135044482916663 25.114237467416668 15.207415600833334 5.5000000000000009 5.3785217596028723 14.226316544500001
decision_type=2 2 2 2 2 2 2 2 2 2 2 2 2 2 2 2 2 2 2 2 2 2 2 2 2 2 2 2 2
left_child=22 2 19 25 -5 -6 7 10 9 -9 11 -3 15 14 -14 17 -17 -8 -10 20 21 -2 -1 24 26 -4 28 -26 -24
right_child=1 6 3 4 5 -7 12 8 18 -11 -12 -13 13 -15 -16 16 -18 -19 -20 -21 -22 -23 23 -25 27 -27 -28 -29 -30
leaf_value=0.040329895507205615 -0.0022290412039207099 0.028730381281578288 0.023995621136643667 -0.12039623792829185 -0.034206526285409926 0.029893990918993949 -0.0035578861709950529 0.0014317533675108516 0.1074143598193214 -0.055429435752332216 -0.015693151229578588 0.085942144507453549 0.012832690391151041 -0.076683367095887661 -0.0043046608993196804 0.018928109407056675 -0.0003453427120818574 -0.056684917706777069 0.040554286115444621 -0.041772855824002857 -0.036936726373434071 0.031033308688137265 -0.014199666989501565 -0.021544042988256976 0.038243722736835482 -0.004138797154793373 0.021081539690494536 0.016518257474899291 0.0035949972059542892
leaf_weight=22 1412 187 22 29 25 20 4634 4465 21 40 36 21 927 20 519 392 17479 34 26 26 25 27 20 22 25 26 27 25 107
leaf_count=22 1412 187 22 29 25 20 4634 4465 21 40 36 21 927 20 519 392 17479 34 26 26 25 27 20 22 25 26 27 25 107
internal_value=-1.86724e-11 -8.06304e-05 -0.00474411 -0.0272826 -0.0506591 -0.00571741 0.000180386 0.00293956 0.00164449 0.000926882 0.0271001 0.0345066 -0.000370874 0.00554442 0.00668173 -0.000755622 7.742e-05 -0.00394484 0.0704279 -0.00289867 -0.00220828 -0.00160494 0.00988795 0.00692457 0.00999472 0.00875614 0.00434982 0.027381 0.000792688
internal_weight=30661 30413 1612 122 74 45 28801 4796 4552 4505 244 208 24005 1466 1446 22539 17871 4668 47 1490 1464 1439 248 226 204 48 154 50 127
internal_count=30661 30413 1612 122 74 45 28801 4796 4552 4505 244 208 24005 1466 1446 22539 17871 4668 47 1490 1464 1439 248 226 204 48 154 50 127
is_linear=0
shrinkage=0.04


Tree=329
num_leaves=30
num_cat=0
split_feature=22 30 30 16 19 29 35 19 29 24 14 10 18 13 13 27 32 12 38 22 30 20 23 35 38 12 26 13 25
split_gain=15.6853 45.9482 48.2516 61.4744 53.2086 135.996 128.483 46.253 48.1664 47.2052 35.617 46.4676 49.7237 25.2703 31.2021 26.0722 21.3332 42.0499 37.3415 77.7694 50.7395 35.5069 31.205 105.22 319.261 102.688 86.8859 81.3773 70.6443
threshold=11.711783301472229 -3.8756598344166648 4.3787227498333339 15.388283109000001 9.6988647872500007 14.314871101985775 77.250000000000014 14.083850805750002 13.24701841735231 17.656848320868061 10.06621396075 0.68301270189221941 21.929681632583335 27.836549992083338 16.100936633500002 7.8954203069102062 -3.6289339515833361 10.883099809083339 11.275000000000002 19.366379086861137 1.1781577103333325 20.899188395083332 17.900134479569445 64.450000000000017 21.083333333333339 15.753435201083335 34.083204416375501 13.346342045166667 30.798053163468754
decision_type=2 2 2 2 2 2 2 2 2 2 2 2 2 2 2 2 2 2 2 2 2 2 2 2 2 2 2 2 2
left_child=1 -1 4 -4 5 6 -3 8 -6 -9 11 13 -13 14 15 -2 17 21 19 -19 -20 -12 23 28 -25 26 -24 -27 -18
right_child=10 2 3 -5 7 -7 -8 9 -10 -11 16 12 -14 -15 -16 -17 22 18 20 -21 -22 -23 25 24 -26 27 -28 -29 -30
leaf_value=-0.047952858119418747 0.014440885519919296 -0.0085409491435094621 -0.0014643477069007026 -0.091540916480801329 -0.036848779272658228 0.11699339032173157 0.097979427008401787 0.00087350172287218805 0.026470963384794152 -0.056255738188823061 -0.079099760878653766 0.088307165706157695 0.006812632579518401 -0.028560593333737602 0.043884120965615302 -0.013073363854754261 0.0013807760228190435 -0.012538852832103905 -0.00086009812539029602 0.024729155706249936 -0.011381322662470441 -0.0046294044554233546 -0.022404092741515884 0.093130402640451346 0.008302388015535794 -0.03498848222196102 0.044740778677391284 0.0004875719383210211 -0.041718029254867187
leaf_weight=38 168 132 27 22 117 20 21 647 23 24 21 25 23 29 39 82 3283 148 3388 227 936 20 470 79 700 104 33 19753 62
leaf_count=38 168 132 27 22 117 20 21 647 23 24 21 25 23 29 39 82 3283 148 3388 227 936 20 470 79 700 104 33 19753 62
internal_value=-1.03222e-11 -0.00475544 -0.00316637 -0.0419069 -0.00123722 0.0189019 0.00607949 -0.00553324 -0.0264463 -0.00116987 0.000172121 0.0125728 0.0492577 0.00703546 0.0106074 0.00541621 1.68158e-05 -0.00243942 -0.0020875 0.0100207 -0.00313759 -0.0427728 0.000492333 0.00366526 0.016905 -0.000150357 -0.017999 0.000301768 0.000581934
internal_weight=30661 1071 1033 49 984 173 153 811 140 671 29590 366 48 318 289 250 29224 4740 4699 375 4324 41 24484 4124 779 20360 503 19857 3345
internal_count=30661 1071 1033 49 984 173 153 811 140 671 29590 366 48 318 289 250 29224 4740 4699 375 4324 41 24484 4124 779 20360 503 19857 3345
is_linear=0
shrinkage=0.04


Tree=330
num_leaves=31
num_cat=0
split_feature=34 38 15 29 16 19 7 26 32 37 37 23 23 0 28 17 38 20 7 29 31 33 17 7 34 17 31 7 26 16
split_gain=15.2146 65.189 65.3217 59.1978 118.064 54.337 81.6449 54.1721 34.5475 33.5769 56.8414 226.21 76.6694 38.0342 64.077 54.6505 32.7515 36.956 32.7012 50.7945 50.6005 43.187 33.09 30.9535 146.368 83.0002 65.4152 57.2722 65.1428 38.8827
threshold=28.850000000000005 27.183333333333341 62.611773307833339 15.583605055094658 47.494132682500009 12.209107970666667 -0.9159756150367534 35.014705978871532 -1.6514052448333343 127.38998700000002 132.08790350000004 48.528134932666667 61.466500321411026 12.500000000000002 14.316810989989042 24.069790128416674 30.541666666666668 16.5707997845 -0.98296291314453399 14.689252359720621 3.096264135749998 1.7028905129135283 15.651550480166668 -0.9159756150367534 24.500000000000004 15.753881545250001 -6.0894857584166644 -0.78656609248549325 31.413235853675598 35.717049292000006
decision_type=2 2 2 2 2 2 2 2 2 2 2 2 2 2 2 2 2 2 2 2 2 2 2 2 2 2 2 2 2 2
left_child=16 2 3 4 8 6 -3 -5 -2 13 11 -11 -12 14 -7 -15 18 -18 19 21 -21 22 -1 24 26 -26 -20 28 -25 -29
right_child=1 5 -4 7 -6 9 -8 -9 -10 10 12 -13 -14 15 -16 -17 17 -19 23 20 -22 -23 -24 27 25 -27 -28 29 -30 -31
leaf_value=-0.024592122150194018 0.0067708360479802497 -0.083893823266029358 -0.043640697910672141 0.10972988538742065 -0.070065544261818838 0.055991688788731085 0.006640759287949871 0.026459076309204105 0.050311641077019485 0.0011082672376702301 0.00040340105246786876 -0.11156663070122401 0.039089522990117594 -0.0013087543992391663 -0.021160787896563612 0.02244495779148516 -0.034996475242300047 -0.0057468970091714977 0.039301865675240862 0.0014329202380031348 0.075552873432636267 -0.071719032138586047 -0.0034264181998713561 -0.011291673495196337 0.0037890862534669311 -0.031117281154298262 0.010057073583518065 0.00061474620802954856 0.016449381289023318 -0.0066669327289569629
leaf_weight=195 49 30 21 25 21 61 34 25 72 137 6577 36 83 508 24 223 84 390 144 56 20 20 300 1243 220 216 815 17623 152 1257
leaf_count=195 49 30 21 25 21 61 34 25 72 137 6577 36 83 508 24 223 84 390 144 56 20 20 300 1243 220 216 815 17623 152 1257
internal_value=-1.04421e-11 0.0015091 0.0233385 0.0306644 0.0174847 0.000906264 -0.0357973 0.0680945 0.0326794 0.00121337 0.000297532 -0.0223385 0.000885525 0.00888237 0.0342075 0.00593759 -0.00052611 -0.0109304 -0.000304574 -0.00958793 0.0209382 -0.0140928 -0.0117644 -5.13916e-05 0.00571201 -0.013504 0.0144484 -0.000447936 -0.00826899 0.000129944
internal_weight=30661 7926 213 192 142 7713 64 50 121 7649 6833 173 6660 816 85 731 22735 474 22261 591 76 515 495 21670 1395 436 959 20275 1395 18880
internal_count=30661 7926 213 192 142 7713 64 50 121 7649 6833 173 6660 816 85 731 22735 474 22261 591 76 515 495 21670 1395 436 959 20275 1395 18880
is_linear=0
shrinkage=0.04


Tree=331
num_leaves=31
num_cat=0
split_feature=25 18 33 25 23 6 33 10 12 16 31 16 16 25 35 35 38 0 34 13 16 23 31 2 31 18 18 27 0 35
split_gain=14.885 42.4469 113.541 78.931 64.2019 75.045 124.742 241.798 72.3045 92.207 49.6026 47.2851 45.9721 73.7776 42.0345 47.5904 51.0781 68.3076 61.5075 41.7731 63.3874 42.0758 40.6439 91.8128 104.187 46.4037 47.0924 40.6334 34.5928 68.4779
threshold=20.538073902107641 9.3273076578333356 0.99246942470931765 32.142754849083857 16.113031871305555 1.0000000180025095e-35 0.44830189007764393 -0.6830127018922193 13.677909053500002 18.071703499000005 0.63993103050000155 19.272341658333335 19.785460022416672 29.517579493291674 41.350000000000001 38.500000000000007 26.425000000000004 12.500000000000002 25.900000000000002 10.06621396075 16.673444925916673 17.900134479569445 2.834584130416673 50.500000000000007 20.394728139666672 10.50174412841667 12.958054284916669 8.3557972386515917 11.500000000000002 62.250000000000007
decision_type=2 2 2 2 2 2 2 2 2 2 2 2 2 2 2 2 2 2 2 2 2 2 2 2 2 2 2 2 2 2
left_child=14 2 -2 -4 5 12 11 -8 9 10 -6 -7 13 -3 15 16 18 -18 27 20 -10 -21 25 24 -24 -17 -27 -1 29 -16
right_child=1 4 3 -5 8 6 7 -9 19 -11 -12 -13 -14 -15 28 22 17 -19 -20 21 -22 -23 23 -25 -26 26 -28 -29 -30 -31
leaf_value=-0.00088944200261134154 -0.083710349446960861 -0.0095231882426485732 -0.017563276617851072 0.062985982075333596 0.076356681346893315 -0.010185678469441165 0.094088850401632201 0.016572514966653979 0.0044963655792749843 -0.035089569059317649 -0.0106816643205556 0.046536453486635133 -0.041613886413249104 0.072644023746252062 -0.014169745344509432 -0.043764058367482254 0.05838339471753607 0.0067309578743450886 -0.032660222738452899 0.0085630182449951218 -0.088939570798760373 0.00012224315130494716 0.11508053589950908 -0.00032011622533438701 0.0011088788367453076 0.050743730276124555 0.0053129511239086774 -0.041460897099226721 0.00041987962128990977 0.002486932073463924
leaf_weight=3140 35 139 103 24 20 246 77 393 26 179 22 26 55 20 1211 28 47 319 104 989 21 21193 33 63 21 40 418 40 1043 586
leaf_count=3140 35 139 103 24 20 246 77 393 26 179 22 26 55 20 1211 28 47 319 104 989 21 21193 33 63 21 40 418 40 1043 586
internal_value=4.61762e-12 0.000483498 -0.0199211 -0.00234137 0.000624725 0.0107767 0.0167953 0.029272 0.000192419 -0.0225742 0.0307652 -0.00476371 -0.0100916 0.00081231 -0.00160653 0.000909756 -0.000810069 0.0133639 -0.00238975 0.000418764 -0.0372516 0.000498581 0.01132 0.0324853 0.0707582 0.00622463 0.0092807 -0.00139977 -0.00537475 -0.00873802
internal_weight=30661 23568 162 127 23406 956 742 470 22450 221 42 272 214 159 7093 4253 3650 366 3284 22229 47 22182 603 117 54 486 458 3180 2840 1797
internal_count=30661 23568 162 127 23406 956 742 470 22450 221 42 272 214 159 7093 4253 3650 366 3284 22229 47 22182 603 117 54 486 458 3180 2840 1797
is_linear=0
shrinkage=0.04


Tree=332
num_leaves=31
num_cat=0
split_feature=30 28 2 29 27 22 12 15 31 31 27 13 34 40 21 35 2 27 21 29 33 12 18 14 19 18 22 12 13 30
split_gain=14.9068 65.6741 64.2047 88.1637 154.833 87.0159 89.4291 85.7066 85.3266 76.3315 61.9123 41.557 77.2504 39.2547 38.3191 29.9734 118.121 178.345 110.203 109.743 65.1337 170.961 146.256 129.812 93.2352 88.6163 71.3301 30.8429 114.168 82.9509
threshold=6.5892215266666643 19.610933104458628 124.50000000000001 8.6908880042774843 7.1796354164404725 25.296493159833364 19.940431730083336 19.940431730083336 -1.0384832112499998 -5.474852026083334 7.7673242669072611 14.600374084500002 16.300000000000001 2.5500000000000012 53.566235661000007 76.250000000000014 254.50000000000003 2.375064718061576 20.737509456583336 16.471700432257894 1.1155485077561542 15.387575671000002 15.386450232000001 20.606687605666668 14.696483406583335 9.3273076578333356 17.984983428333347 18.964073294750005 20.606687605666668 1.1781577103333325
decision_type=2 2 2 2 2 2 2 2 2 2 2 2 2 2 2 2 2 2 2 2 2 2 2 2 2 2 2 2 2 2
left_child=15 2 3 11 8 6 9 14 -5 -4 -6 13 -13 -2 -7 27 20 -18 19 -19 22 25 23 -17 -23 -22 -24 28 29 -1
right_child=1 -3 5 4 10 7 -8 -9 -10 -11 -12 12 -14 -15 -16 16 17 18 -20 -21 21 24 26 -25 -26 -27 -28 -29 -30 -31
leaf_value=0.00071279482424511172 -0.08308788476166902 0.060663950198888782 0.023630080952032194 0.012525478035211564 -0.063533595421097488 -0.015863285131630427 -0.0567817340110955 0.023749171557206964 0.086998464979697016 -0.020428931003769062 0.00656454941953428 0.057887280014428229 -0.041512440648572201 -0.014879340828154926 0.013924274283011309 -0.0098895613596755305 0.14255503799604333 -0.044552706888188486 0.08613707891825971 0.052819384913290704 0.032743628802506822 -0.041819323476117394 0.016944225746971308 -0.064902806663523535 0.016198162763689957 0.14261795038978259 -0.00072672802958628562 0.00066834868591709041 -0.029448344897308788 -0.0098210455558966538
leaf_weight=5783 27 25 74 40 22 309 92 185 64 420 241 22 29 27 89 289 23 46 29 31 23 52 516 90 300 24 1253 18787 241 1508
leaf_count=5783 27 25 74 40 22 309 92 185 64 420 241 22 29 27 89 289 23 46 29 31 23 52 516 90 300 24 1253 18787 241 1508
internal_value=1.37699e-11 -0.00367945 -0.0046597 0.00779191 0.0170388 -0.0096872 -0.0205724 0.00125403 0.058355 -0.013829 0.000700826 -0.0245281 0.00136587 -0.0489836 -0.00920225 0.000211414 0.00424469 0.041587 0.0196788 -0.00535096 0.00235339 0.0171949 -0.000403494 -0.0229534 0.0076274 0.0888497 0.00442772 -0.000198671 -0.00236127 -0.00146592
internal_weight=30661 1666 1641 472 367 1169 586 583 104 494 263 105 51 54 398 28995 2676 129 106 77 2547 399 2148 379 352 47 1769 26319 7532 7291
internal_count=30661 1666 1641 472 367 1169 586 583 104 494 263 105 51 54 398 28995 2676 129 106 77 2547 399 2148 379 352 47 1769 26319 7532 7291
is_linear=0
shrinkage=0.04


Tree=333
num_leaves=24
num_cat=0
split_feature=13 24 38 12 19 2 4 21 37 25 15 17 20 37 15 28 32 28 20 21 30 27 37
split_gain=15.1259 61.139 81.7706 60.4754 58.5843 50.5469 46.1376 93.023 80.0404 22.3591 62.5793 91.6033 101.835 75.2639 63.7318 66.2411 53.7105 32.8468 61.7306 99.011 38.3281 89.2859 42.3775
threshold=56.996833138166672 33.439668768972233 15.450000000000001 61.43620750358334 18.233881791250003 230.50000000000003 36.500000000000007 60.444142236333342 132.08790350000004 35.474872469045145 17.426361950833336 35.359210229750005 22.104828019750002 156.37719250000001 16.760486421250004 16.485136251247479 -3.6289339515833361 15.18455359804747 8.9011728072500009 10.489384900166668 7.653832255083338 3.496329091302941 212.23726500000001
decision_type=2 2 2 2 2 2 2 2 2 2 2 2 2 2 2 2 2 2 2 2 2 2 2
left_child=3 5 -3 9 -4 -2 8 -8 -6 17 14 12 -12 -13 16 -16 -11 20 -19 -20 22 -22 -1
right_child=1 2 4 -5 6 -7 7 -9 -10 10 11 13 -14 -15 15 -17 -18 18 19 -21 21 -23 -24
leaf_value=0.00017073428603411289 -0.083349339983292997 0.077662638351321228 0.046821320682764053 0.051276348925925586 -0.04888421766877097 -0.0073441495506891188 -0.035643899712692662 0.0058529658831184272 0.0048994852122319701 0.046597859327282221 0.029902267329767349 0.010350333519137909 0.0051836533958965446 -0.0051250326324487998 -0.010211278984944026 -0.09499064966522415 -0.012380061375952902 -0.065943173721984577 0.081325632575012394 -0.0061407653077878693 0.075787856936454776 -0.0096316008426284069 0.015479782261335808
leaf_weight=22955 28 20 35 37 48 28 197 154 570 28 400 738 800 1578 30 29 210 27 21 1485 20 930 293
leaf_count=22955 28 20 35 37 48 28 197 154 570 28 400 738 800 1578 30 29 210 27 21 1485 20 930 293
internal_value=-2.35183e-11 -0.00464967 -0.00242405 0.000169759 -0.0040194 -0.0453467 -0.00585576 -0.0174373 0.00072211 0.000105755 0.00296432 0.00445366 0.0134232 -0.000193763 -0.0146671 -0.0518825 -0.00544148 -0.000317847 -0.00599587 -0.00492111 4.18692e-05 -0.0078333 0.000363678
internal_weight=30661 1080 1024 29581 1004 56 969 351 618 29544 3813 3516 1200 2316 297 59 238 25731 1533 1506 24198 950 23248
internal_count=30661 1080 1024 29581 1004 56 969 351 618 29544 3813 3516 1200 2316 297 59 238 25731 1533 1506 24198 950 23248
is_linear=0
shrinkage=0.04


Tree=334
num_leaves=31
num_cat=0
split_feature=13 12 23 31 26 23 14 21 24 4 12 12 6 21 19 30 13 13 21 21 26 1 0 17 32 30 7 20 31 23
split_gain=14.9537 125.089 68.5241 83.2914 69.1582 56.2491 50.1648 43.153 41.5774 41.3595 40.0094 35.8742 35.2562 126.628 48.3497 34.6533 59.9213 67.182 173.359 58.4644 45.9045 43.1398 147.007 305.8 63.918 59.8246 113.707 73.9938 32.5692 32.5288
threshold=27.211156196964968 24.980122713000004 28.978895847777782 4.4192899856666665 36.52227328145883 32.362061091583335 13.525336108416669 51.474331607416673 25.517776490833334 52.500000000000007 22.514570972000005 27.358913689773839 -0.91597561503675329 29.770214729333336 18.958561983166671 -2.8553449709999952 14.088157735416667 15.472375081500003 10.064494355500001 8.3570057209166695 24.71772534645784 1.0000000180025095e-35 2.5000000000000004 22.975336222583341 14.682172001166668 1.6363866945000007 0.78656609248549303 10.492458841750002 1.8229048583333365 32.832524588513884
decision_type=2 2 2 2 2 2 2 2 2 2 2 2 2 2 2 2 2 2 2 2 2 2 2 2 2 2 2 2 2 2
left_child=2 8 15 4 -4 11 7 28 -2 12 29 -5 13 -8 -14 16 20 18 -18 -19 -1 22 23 -17 -24 27 -27 -23 -3 -10
right_child=1 6 3 5 -6 -7 9 -9 10 -11 -12 -13 14 -15 -16 21 17 19 -20 -21 -22 25 24 -25 -26 26 -28 -29 -30 -31
leaf_value=-0.020492219828542262 -0.079472482711076736 -0.073806332818725534 0.0054222571587556256 -0.0087290779352188104 0.077973088486628095 0.11208713550120593 -0.0015322014835347944 0.01533501491546631 -0.024874250319826863 -0.039700371992020381 -0.0092978444587100643 0.060907123700298112 0.0081629315306781785 -0.048105019035689332 -0.0003705559847567262 0.0058568772983831402 -0.026492487586150734 -0.055461043668420695 0.066894861641677392 -0.0050391123627535062 -0.086516357815783956 0.02083869358297246 0.00017711091366724865 0.083295460392071516 0.067296451796656082 -0.00079578665784257733 -0.018286184420448322 0.00079573612706451973 -0.018440837789984312 -0.066371105124310756
leaf_weight=63 20 34 473 20 22 20 653 25 115 42 220 29 1224 109 8043 287 59 38 69 1159 23 302 1747 114 23 2684 764 12205 34 41
leaf_count=63 20 34 473 20 22 20 653 25 115 42 220 29 1224 109 8043 287 59 38 69 1159 23 302 1747 114 23 2684 764 12205 34 41
internal_value=-2.43244e-11 -0.00121876 0.000640272 0.0143858 0.00864674 0.0555575 -0.000359442 -0.0296025 -0.0232746 -8.93996e-05 -0.0202853 0.0324842 7.64854e-05 -0.00819419 0.000756561 0.000243461 -0.00579451 -0.00369446 0.0238491 -0.00663981 -0.0381498 0.00071348 0.00600361 0.0278718 0.00104928 -6.34857e-06 -0.00467127 0.0012797 -0.0461236 -0.0357805
internal_weight=30661 10560 20101 564 495 69 10164 93 396 10071 376 49 10029 762 9267 19537 1411 1325 128 1197 86 18126 2171 401 1770 15955 3448 12507 68 156
internal_count=30661 10560 20101 564 495 69 10164 93 396 10071 376 49 10029 762 9267 19537 1411 1325 128 1197 86 18126 2171 401 1770 15955 3448 12507 68 156
is_linear=0
shrinkage=0.04


Tree=335
num_leaves=25
num_cat=0
split_feature=19 0 26 15 24 35 16 17 23 37 21 30 4 14 26 27 4 25 30 0 23 23 30 32
split_gain=14.792 48.3612 47.0044 53.1189 36.4648 31.7652 33.3625 39.8497 25.2825 107.292 78.0567 72.2118 31.3549 24.8173 46.0847 98.7767 43.1479 30.9939 119.456 119.441 117.328 43.0072 29.3602 22.9577
threshold=58.638192382500002 10.500000000000002 33.941148480855517 59.666266569166673 48.855947724784727 35.550000000000004 58.638192382500002 19.488202311000006 61.466500321411026 169.32649700000005 48.649168342500005 -1.2521739504999994 37.500000000000007 62.611773307833339 33.499734351743903 9.4202211904976565 33.500000000000007 37.417015610618058 -6.1604992920833359 13.500000000000002 20.934581318624996 59.8105923205 -9.8324575689166682 1.0441395789999961
decision_type=2 2 2 2 2 2 2 2 2 2 2 2 2 2 2 2 2 2 2 2 2 2 2 2
left_child=8 4 -3 -4 5 -2 7 -7 13 10 -10 -11 -12 17 16 -16 -15 21 19 -19 -20 22 -1 -17
right_child=1 2 3 -5 -6 6 -8 -9 9 11 12 -13 -14 14 15 23 -18 18 20 -21 -22 -23 -24 -25
leaf_value=-0.0091454380665053018 0.039489297958520742 -0.089296665914356713 0.02713985456072766 -0.058827872379966409 0.047179371588256053 -0.045060020093288689 -0.056454250663518904 -0.0018581386018260446 -0.071927152628248392 0.12602671888470648 -0.011976744063198565 0.0185377279818058 0.041957413037033646 -0.01755623975625405 -0.11139191818237304 0.0083193330670751284 0.060591582365334039 0.073239418257696504 0.034347161423592343 -0.0059575986713171006 -0.00063354231924214939 -0.049752840756305629 3.6423096244337024e-05 -0.03554492714149611
leaf_weight=569 26 20 23 23 23 36 20 669 22 20 35 20 34 26 20 42 20 78 168 50 1767 28 26887 35
leaf_count=569 26 20 23 23 23 36 20 669 22 20 35 20 34 26 20 42 20 78 168 50 1767 28 26887 35
internal_value=-6.75812e-12 -0.00523482 -0.0381024 -0.015844 -0.00243216 -0.00395156 -0.00550944 -0.00406419 0.000147455 0.0176814 -0.00631903 0.0722822 0.0145995 7.00907e-05 -0.0165534 -0.0321907 0.0164211 0.000150544 0.00487913 0.0423031 0.00240354 -0.000204393 -0.000153862 -0.011619
internal_weight=30661 840 66 46 774 751 725 705 29821 131 91 40 69 29690 143 97 46 29547 2063 128 1935 27484 27456 77
internal_count=30661 840 66 46 774 751 725 705 29821 131 91 40 69 29690 143 97 46 29547 2063 128 1935 27484 27456 77
is_linear=0
shrinkage=0.04


Tree=336
num_leaves=31
num_cat=0
split_feature=18 16 28 25 35 24 13 12 19 40 40 31 19 20 10 7 18 7 20 30 2 29 31 13 34 34 32 20 12 30
split_gain=14.9596 78.1352 102.328 165.458 132.258 91.3081 80.7902 132.901 114.142 63.4131 64.7358 47.2419 70.9167 87.5717 90.1569 66.6605 64.9686 51.4919 129.04 65.2232 38.3969 38.3855 36.7268 33.2817 62.7118 88.8755 98.6913 46.8727 31.5099 29.5821
threshold=16.839159916500005 54.012135563416678 14.378303318404869 34.384040437940975 88.750000000000014 26.445025366368061 20.677581128333337 18.803288183833338 17.338267997333336 17.150000000000006 8.7500000000000018 16.270333617750001 36.145252748941608 22.426494262333339 -0.6830127018922193 -0.9159756150367534 34.184768041583339 -0.9159756150367534 33.871089892750014 -1.6842413159166687 196.50000000000003 16.654140658936743 2.02855037766667 53.532147770083348 14.600000000000001 17.600000000000005 3.5889033974999998 16.664917435750002 59.666266569166673 0.13979292774999766
decision_type=2 2 2 2 2 2 2 2 2 2 2 2 2 2 2 2 2 2 2 2 2 2 2 2 2 2 2 2 2 2
left_child=1 2 3 9 6 20 8 -8 -4 10 -1 23 13 14 -13 -14 21 18 -15 -19 -5 -17 -7 28 -25 26 -26 -27 29 -2
right_child=11 -3 4 5 -6 22 7 -9 -10 -11 -12 12 15 17 -16 16 -18 19 -20 -21 -22 -23 -24 24 25 27 -28 -29 -30 -31
leaf_value=0.00032716634343212295 0.0015894440581087591 0.06745706005738332 -0.0093223261923399744 0.13724206715822221 -0.1098104710423428 -0.02445741752535105 -0.095987113023676532 -0.01831117306028927 0.052768633414833052 0.063883884362876411 -0.013386326655435812 0.0035926037033398943 -0.062968252592816437 -0.091149827873706818 0.103137254457216 -0.012662764523726689 0.052571694572620536 0.061902327350541658 0.01396270519399361 0.013008236390516998 0.05886156520247459 0.033090625352719248 0.042820559635355665 -0.058719215699604581 0.087569215893745431 -0.044194826159407112 -0.021159092729741875 -0.0050821562617678531 0.050682610511779788 -0.0014285269261847542
leaf_weight=4693 13793 26 446 20 23 20 41 251 53 24 624 24 29 25 37 214 34 51 74 303 20 34 37 35 34 51 22 1265 20 8338
leaf_count=4693 13793 26 446 20 23 20 41 251 53 24 624 24 29 25 37 214 34 51 74 303 20 34 37 35 34 51 22 1265 20 8338
internal_value=-4.96885e-13 -0.00174124 -0.00202902 -4.91317e-05 -0.0152558 0.0517246 -0.0125064 -0.0292177 -0.00272749 -0.000989415 -0.00128224 0.000448326 0.00985687 0.0189792 0.0639721 -0.00521991 0.000718749 0.0129205 -0.0125809 0.0200523 0.0980518 -0.00639012 0.0192143 0.000118839 -0.00584661 -0.00449782 0.0448545 -0.00659792 0.000497756 0.000452404
internal_weight=30661 6278 6252 5438 814 97 791 292 499 5341 5317 24383 825 514 61 311 282 453 99 354 40 248 57 23558 1407 1372 56 1316 22151 22131
internal_count=30661 6278 6252 5438 814 97 791 292 499 5341 5317 24383 825 514 61 311 282 453 99 354 40 248 57 23558 1407 1372 56 1316 22151 22131
is_linear=0
shrinkage=0.04


Tree=337
num_leaves=31
num_cat=0
split_feature=0 31 31 18 30 35 26 2 0 28 0 2 16 1 26 20 16 30 9 31 0 38 30 21 31 30 1 26 20 33
split_gain=14.5552 34.695 39.9368 44.3142 39.3072 36.6426 77.7145 41.5338 22.6142 88.6574 68.8739 65.6168 65.1331 76.6292 48.3315 42.1392 50.9695 45.4808 38.7218 48.2708 66.5287 63.5212 52.2887 60.9431 48.172 36.5638 36.1147 56.5495 30.2647 67.1227
threshold=1.0000000180025095e-35 -7.4649906531666614 -2.7264846929166651 16.099159151166671 0.20206057575000272 75.250000000000014 27.363021440620219 347.50000000000006 8.5000000000000018 2.4000100339212298 7.5000000000000009 54.500000000000007 16.02176965366667 1.0000000180025095e-35 27.183891125749472 16.188112052500003 36.499237467666674 -1.4107220545833348 -0.22252093395631442 -4.0438227788333299 10.500000000000002 16.533333333333339 0.13979292774999766 28.402336848916672 -1.2551675922499974 0.97814606108333291 3.5000000000000004 31.899229099087989 16.75114030366667 1.7881095120795925
decision_type=2 2 2 2 2 2 2 2 2 2 2 2 2 2 2 2 2 2 2 2 2 2 2 2 2 2 2 2 2 2
left_child=1 -1 3 -3 5 7 -7 -4 9 11 12 -2 14 -14 -11 17 -17 -12 19 20 25 -22 23 -21 -24 -10 27 -13 29 -20
right_child=8 2 4 -5 -6 6 -8 -9 18 10 15 26 13 -15 -16 16 -18 -19 28 22 21 -23 24 -25 -26 -27 -28 -29 -30 -31
leaf_value=0.048091251641511921 0.034174238219857218 -0.083421819053945079 -0.01090394054027382 -0.012532990692659868 -0.0485672821799914 0.044848888578514261 -0.00051287640751824972 0.022175455528742342 -0.027405614849805048 -0.00025077431236242948 -0.055632179060152602 -0.024232350822740924 0.014994001148280296 0.0016488060177888828 -0.01149575483236843 0.016126098301262565 -0.015423936117231177 0.0019819841762580494 -0.0051405891131105297 -0.0015381143625732793 0.026718430113792421 -0.0068842473300949119 0.0043933998898796319 0.0093395354150384875 -0.01232929393405954 0.0014062792448134259 -0.0070983519163174726 -0.077934644605432243 0.0018667543269229032 0.038957983472368174
leaf_weight=20 32 21 649 43 30 72 376 67 371 1828 28 124 795 5136 919 1031 89 101 1774 4273 100 901 371 1021 1072 87 97 42 9134 57
leaf_count=20 32 21 649 43 30 72 376 67 371 1828 28 124 795 5136 919 1031 89 101 1774 4273 100 901 371 1021 1072 87 97 42 9134 57
internal_value=2.41576e-11 -0.00417887 -0.00500987 -0.0357934 -0.00335983 -0.00219469 0.00677741 -0.00780852 0.000181758 0.00170106 0.00234323 -0.0199086 0.00107922 0.00343762 -0.00401275 0.0111255 0.013619 -0.0105234 -0.000628757 -0.00270861 -0.009305 -0.00352734 -0.00128006 0.000559747 -0.00802983 -0.0219326 -0.026489 -0.0378197 0.000925867 -0.00376778
internal_weight=30661 1278 1258 64 1194 1164 448 716 29383 10222 9927 295 8678 5931 2747 1249 1120 129 19161 8196 1459 1001 6737 5294 1443 458 263 166 10965 1831
internal_count=30661 1278 1258 64 1194 1164 448 716 29383 10222 9927 295 8678 5931 2747 1249 1120 129 19161 8196 1459 1001 6737 5294 1443 458 263 166 10965 1831
is_linear=0
shrinkage=0.04


Tree=338
num_leaves=31
num_cat=0
split_feature=37 22 15 12 29 12 30 29 33 35 4 1 12 20 30 31 27 30 14 20 35 7 20 24 6 12 14 35 15 38
split_gain=15.0569 73.4392 119.818 65.3235 97.3143 86.8804 75.5402 94.3893 77.4991 64.0179 74.9628 242.018 320.979 357.929 80.8405 51.21 47.0531 46.9504 77.9136 53.6845 45.8982 60.5024 55.4137 53.681 48.6009 49.8305 48.5283 43.5616 58.8383 102.171
threshold=87.901968500000024 55.318189615722268 53.532147770083348 51.427190901166675 14.632069903064389 50.563740136750006 -2.7833336345833337 11.915807807893822 1.0201520865918421 39.20000000000001 5.5000000000000009 4.5000000000000009 17.820832214833334 19.479316760416669 2.0201633666666656 -3.3735801516666659 5.7972563379386308 -5.0128002280833313 42.632460237333341 17.150034769500003 35.250000000000007 -0.98296291314453399 13.953798360333336 15.367649815991859 -0.25881904510252113 39.200967977416674 56.996833138166672 44.150000000000006 34.968293595250003 23.891666666666669
decision_type=2 2 2 2 2 2 2 2 2 2 2 2 2 2 2 2 2 2 2 2 2 2 2 2 2 2 2 2 2 2
left_child=1 3 -3 5 6 17 7 -5 -8 20 11 12 13 -11 15 -13 -14 19 -19 -1 21 -2 -22 -24 -23 -26 -25 28 -12 -30
right_child=9 2 -4 4 -6 -7 8 -9 -10 10 27 14 16 -15 -16 -17 -18 18 -20 -21 22 24 23 26 25 -27 -28 -29 29 -31
leaf_value=-0.022549125515114593 0.031279692141920008 -0.10891481452836441 0.019546931102162317 -0.092270674861612778 0.093598694271511504 -0.071022736597163919 -0.024911480058323252 0.017562223949259329 0.066053182114946082 0.08760631052255631 -0.0033706594006282244 0.021009700678479976 -0.053249938872953255 -0.035696011778588096 -0.099865049773996531 -0.035764726720852395 0.00094649425690824336 -0.0013615879521239299 -0.023302086425230028 0.023990326358650168 -0.012143473324770624 0.0034961418969289794 -0.0094689955960726366 0.013270409119592602 -0.015424862242296569 0.019468756282329559 -0.025162780181401306 -0.00015387271192756802 0.00032110955237465744 -0.043796854677150047
leaf_weight=49 93 26 21 21 27 29 22 31 47 175 1978 39 48 48 22 73 55 5831 271 208 191 991 200 1979 516 75 54 17205 170 166
leaf_count=49 93 26 21 21 27 29 22 31 47 175 1978 39 48 48 22 73 55 5831 271 208 191 991 200 1979 516 75 54 17205 170 166
internal_value=2.5976e-11 -0.00169525 -0.051517 -0.00133698 0.0249348 -0.00194566 0.00961316 -0.0267934 0.03705 0.000463486 -0.000470742 0.0154897 0.0340913 0.0610659 -0.0297648 -0.0159951 -0.0243101 -0.00163063 -0.002336 0.015117 0.00501702 -7.48562e-05 0.00853554 0.0103043 -0.00191808 -0.0109967 0.0122496 -0.000846879 -0.0059995 -0.0214753
internal_weight=30661 6583 47 6536 148 6388 121 52 69 24078 19979 460 326 223 134 112 103 6359 6102 257 4099 1675 2424 2233 1582 591 2033 19519 2314 336
internal_count=30661 6583 47 6536 148 6388 121 52 69 24078 19979 460 326 223 134 112 103 6359 6102 257 4099 1675 2424 2233 1582 591 2033 19519 2314 336
is_linear=0
shrinkage=0.04


Tree=339
num_leaves=31
num_cat=0
split_feature=25 24 18 14 18 33 24 20 22 22 16 6 32 30 30 12 15 32 35 24 15 9 35 21 16 17 17 14 31 22
split_gain=14.5658 57.6745 79.305 41.2651 82.8096 41.9994 116.067 109.072 86.8788 82.6721 39.1868 48.5867 37.4135 91.5193 44.44 38.8455 37.257 36.9081 36.1248 35.3498 34.9338 34.8137 108.244 46.9908 28.698 44.1622 23.9907 21.2189 15.9829 11.2954
threshold=22.939011564041667 24.058789877256945 27.840887467666672 8.3570057209166695 37.755561669750008 0.38517093345905734 15.367649815991859 15.467679793416668 10.193383117055573 11.031904999583345 10.883099809083339 -0.78656609248549303 -8.3431007333449383 5.538512133916667 -5.2141865522500002 26.796236246500001 14.348040600333333 0.18143992908332776 41.95000000000001 19.013705188361111 29.079799658333339 0.81174490092936691 64.450000000000017 35.411566438666675 16.673444925916673 23.070307235166673 18.582828291666672 21.117562939666673 2.9269926674999955 11.031904999583345
decision_type=2 2 2 2 2 2 2 2 2 2 2 2 2 2 2 2 2 2 2 2 2 2 2 2 2 2 2 2 2 2
left_child=1 12 10 4 -2 17 7 -7 -8 -10 -3 28 13 15 27 16 -1 24 -17 -19 -13 23 -23 -16 29 -26 -15 -14 -12 -5
right_child=3 2 -4 5 -6 6 8 -9 9 -11 11 20 14 26 21 18 -18 19 -20 -21 -22 22 -24 -25 25 -27 -28 -29 -30 -31
leaf_value=0.0015242876768847952 0.095320102257484746 0.034361780146136882 -0.067481222324646442 -0.044699291812962498 -0.0048673506961627441 0.11593409330756575 -0.068626145073052106 -0.0073106193244457246 0.079981163101536898 0.0005749364921862919 0.00016739977122499393 -0.02774449421030082 -0.016468946827718843 -0.097788935393095022 -0.00056101848875826415 0.059889310196266268 -0.015544006627714642 -0.016226735435999357 -0.00096197647822869798 -0.085119895322079003 -0.0050924835167825222 0.00055049547349009763 0.029553984230230177 0.044635464001346277 0.045466292654164138 -0.01363388751582666 -0.036575283546976388 -0.063331327817656782 0.031994398511175456 -0.014295316815376283
leaf_weight=381 22 32 39 29 33 27 29 20 21 20288 195 267 52 20 7035 27 442 26 37 22 184 911 266 37 32 55 21 22 29 60
leaf_count=381 22 32 39 29 33 27 29 20 21 20288 195 267 52 20 7035 27 442 26 37 22 184 911 266 37 32 55 21 22 29 60
internal_value=-5.85355e-12 -0.00125345 -0.0119524 0.000606403 0.0352076 0.000514061 0.000703349 0.0634895 0.000558253 0.000657044 -0.00888931 -0.0109397 -0.000390683 -0.00800877 0.000458721 -0.00530809 -0.0076424 -0.0167119 0.0247097 -0.0478028 -0.0185029 0.000735557 0.00710523 -0.000324555 -0.00823262 0.00810411 -0.0664356 -0.030401 0.00428786 -0.0242022
internal_weight=30661 9997 746 20664 55 20609 20385 47 20338 20309 707 675 9251 928 8323 887 823 224 64 48 451 8249 1177 7072 176 87 41 74 224 89
internal_count=30661 9997 746 20664 55 20609 20385 47 20338 20309 707 675 9251 928 8323 887 823 224 64 48 451 8249 1177 7072 176 87 41 74 224 89
is_linear=0
shrinkage=0.04


Tree=340
num_leaves=31
num_cat=0
split_feature=38 34 26 40 30 17 26 25 12 30 13 15 20 40 2 7 40 16 32 25 30 32 31 32 17 2 19 19 34 22
split_gain=14.5328 48.5358 78.5633 146.733 81.2624 71.2276 57.6027 82.8259 57.0355 40.7786 45.6374 121.203 109.236 44.8939 118.621 44.5128 38.8176 88.9311 82.7803 71.5508 39.9211 38.3757 36.3846 33.9979 33.6123 32.8276 23.9682 34.5136 22.1567 38.3374
threshold=33.591666666666676 34.250000000000007 32.569667278867065 17.150000000000006 -4.2168444700833341 24.069790128416674 25.851138861596638 26.295797589385419 54.54882465883334 -6.1604992920833359 25.693188443666674 20.976559928583338 39.255051058000006 17.350000000000005 138.50000000000003 -0.9159756150367534 15.35 46.65368971358334 -2.4190290364166649 35.611093912739584 -0.31341496558333398 7.8915599126666676 6.4364557136666631 2.6263190139166679 19.94218788225 206.50000000000003 25.11784707066667 31.754315030833336 33.250000000000007 39.509413900027816
decision_type=2 2 2 2 2 2 2 2 2 2 2 2 2 2 2 2 2 2 2 2 2 2 2 2 2 2 2 2 2 2
left_child=1 16 5 4 -4 6 7 -3 -8 26 12 -12 13 15 -15 -11 28 20 -19 -20 -18 22 -13 -6 -22 -23 -2 -28 -1 -30
right_child=9 2 3 -5 23 -7 8 -9 -10 10 11 21 -14 14 -16 -17 17 18 19 -21 24 25 -24 -25 -26 -27 27 -29 29 -31
leaf_value=-2.2556970553848931e-05 0.010484367320934931 -0.025213035818603301 0.095258274566043508 -0.054169854167848829 -0.024520932705629443 0.054196082446724178 -0.012423493270832607 -0.11852284597313922 -0.078934679718857467 0.045616929088089918 -0.09240486467878023 -0.0031283249415836639 0.09874774481569018 -0.05283409655094147 0.051010793585499585 0.00060375028974105039 0.07333683988970259 0.062854800115932113 -0.050983876077724359 0.024760779055856889 0.053516667485237125 0.020369324729986617 -0.03957859418091729 0.044516559505462648 -0.018131875431165099 -0.031489369083534585 0.071271820907713848 0.0092266853039081279 -0.0054558777552442391 -0.048721779438814047
leaf_weight=27428 90 45 33 32 21 20 331 23 22 37 24 923 21 22 88 703 46 22 56 31 22 174 46 25 20 22 32 26 238 38
leaf_count=27428 90 45 33 32 21 20 331 23 22 37 24 923 21 22 88 703 46 22 56 31 22 174 46 25 20 22 32 26 238 38
internal_value=1.88615e-11 -0.000242592 -0.011988 0.0180906 0.0473607 -0.0195588 -0.0230626 -0.0567737 -0.0165687 0.00312612 0.00166907 -0.00342664 0.00862522 0.00639866 0.0302418 0.00285441 -1.02184e-05 0.0176828 -0.0064652 -0.0239944 0.0475935 -0.00159362 -0.00485868 0.0129994 0.0193983 0.0145485 0.0234067 0.0434585 -0.000136032 -0.0114128
internal_weight=30661 28453 552 111 79 441 421 68 353 2208 2060 1189 871 850 110 740 27901 197 109 87 88 1165 969 46 42 196 148 58 27704 276
internal_count=30661 28453 552 111 79 441 421 68 353 2208 2060 1189 871 850 110 740 27901 197 109 87 88 1165 969 46 42 196 148 58 27704 276
is_linear=0
shrinkage=0.04


Tree=341
num_leaves=31
num_cat=0
split_feature=18 16 13 12 29 40 26 25 32 24 14 25 26 25 33 19 1 30 17 30 18 21 29 25 18 23 0 16 17 18
split_gain=14.9736 71.7847 65.2491 107.788 202.587 174.189 149.688 76.2908 304.395 110.921 69.2256 67.5399 99.511 47.0537 38.6292 87.6862 69.0318 55.268 50.256 54.3396 41.631 39.4708 30.1348 28.6223 167.765 65.411 96.7591 55.7505 49.9439 32.6527
threshold=16.839159916500005 54.012135563416678 17.996380244750004 16.502043681333337 12.113784418939838 8.7500000000000018 25.207497234642354 29.517579493291674 -4.5236393665630024 19.698253907979169 20.976559928583338 40.234684194538197 35.899807895944953 27.662893024788193 1.7881095120795925 25.697088777833333 1.5000000000000002 -3.764597326583337 16.02176965366667 -4.3600853311666681 20.320418965666672 43.935377392583334 16.724345973574838 39.68747733046181 17.651396707833339 59.8105923205 10.500000000000002 19.941160448666668 38.677753653833335 63.889422705500003
decision_type=2 2 2 2 2 2 2 2 2 2 2 2 2 2 2 2 2 2 2 2 2 2 2 2 2 2 2 2 2 2
left_child=1 2 7 4 6 -6 -4 10 -9 -10 13 12 -5 -1 23 16 18 20 -16 -20 -17 -19 -23 25 -25 29 -27 -26 -29 -2
right_child=14 -3 3 11 5 -7 -8 8 9 -11 -12 -13 -14 -15 15 17 -18 21 19 -21 -22 22 -24 24 27 26 -28 28 -30 -31
leaf_value=-8.1257213639432776e-05 0.00013109044296960245 0.064584599274855395 -0.022835897790888945 -0.0040706395630708773 -0.027102667708759721 -0.10985130870153034 0.074419246608391401 0.16618040011042642 0.066353955630135422 0.0011731703595767341 0.070092543096027596 -0.064676233971941055 0.083425262712296985 -0.023302061731914341 -0.034111527254184086 0.0013949172074596086 0.08825581656561958 0.028617716112469389 0.078903566471167974 0.019255005912236813 -0.073108772039413447 -0.0073738061627051958 0.025170665440598018 0.12144865709543229 -0.029459552197949962 -0.0067437940828026614 -0.083105683375049297 0.018347846830169108 -0.00063341392041824833 -0.024282356373627079
leaf_weight=3197 22407 26 69 2159 115 63 40 21 48 322 22 29 21 146 24 21 27 82 28 192 28 290 54 20 72 94 37 374 545 88
leaf_count=3197 22407 26 69 2159 115 63 40 21 48 322 22 29 21 146 24 21 27 82 28 192 28 290 54 20 72 94 37 374 545 88
internal_value=-1.27493e-11 -0.00174206 -0.00201789 -0.00703066 -0.0300918 -0.0563901 0.0128541 0.00131328 0.0180372 0.00962906 -0.000629969 -0.00403449 -0.00322779 -0.00109539 0.000448536 0.00941046 0.0275664 -0.000947974 0.0208508 0.0268466 -0.0411786 0.00367949 -0.00226508 0.000165691 0.00675051 -0.000128539 -0.0283117 0.00443572 0.00709128 3.55855e-05
internal_weight=30661 6278 6252 2496 287 178 109 3756 391 370 3365 2209 2180 3343 24383 746 271 475 244 220 49 426 344 23637 1011 22626 131 991 919 22495
internal_count=30661 6278 6252 2496 287 178 109 3756 391 370 3365 2209 2180 3343 24383 746 271 475 244 220 49 426 344 23637 1011 22626 131 991 919 22495
is_linear=0
shrinkage=0.04


Tree=342
num_leaves=31
num_cat=0
split_feature=30 28 6 10 2 12 29 18 28 28 32 16 19 12 35 2 27 1 20 21 29 17 17 12 32 33 0 18 27 19
split_gain=14.5926 60.1049 55.9941 85.356 77.3203 84.7786 64.6369 89.9245 115.278 75.021 56.9236 38.4962 83.4488 28.8878 27.4306 87.7693 223.257 137.261 135.939 103.693 80.2072 76.049 89.9547 85.1037 60.0018 37.6109 28.6954 50.7127 106.193 51.927
threshold=7.0547153234999973 19.610933104458628 0.60355339059327384 0.68301270189221941 200.50000000000003 13.677909053500002 8.6908880042774843 42.053099332583336 11.830293574958578 16.010209688198234 9.8330276125833365 19.48763745916667 19.337357369083339 18.420652689833336 76.250000000000014 241.50000000000003 2.375064718061576 1.0000000180025095e-35 16.664917435750002 17.228875174833338 16.654140658936743 32.602287789758485 25.698537353500004 14.91632326691667 -2.0120562727564102 1.0689629588561267 1.0000000180025095e-35 12.958054284916669 0.85895775739298297 11.891399670500002
decision_type=2 2 2 2 2 2 2 2 2 2 2 2 2 2 2 2 2 2 2 2 2 2 2 2 2 2 2 2 2 2
left_child=14 2 3 4 10 -6 11 8 -8 -9 -2 12 -4 -13 26 20 18 -18 -17 -19 21 22 -16 -23 -22 -26 27 28 -1 -29
right_child=1 -3 6 -5 5 -7 7 9 -10 -11 -12 13 -14 -15 15 16 17 19 -20 -21 24 23 -24 -25 25 -27 -28 29 -30 -31
leaf_value=0.057758525222539901 -0.033109555222595545 0.059022247095902758 -0.0014907433347004216 0.04302676761851592 0.02258220799968523 -0.027603373497876588 -0.0010098779849416221 -0.021523172353595698 0.038349723172623938 0.0098233362272954899 -0.094865056122502983 0.039048135489225387 -0.080806845133616162 -0.026043182536959648 0.00063827849908320374 0.18317323021218179 0.087979562660058339 -0.031194365703437511 0.047618209028552315 0.028302975125870732 -0.081736126957195149 -0.047093729211671931 0.020918875513914026 -0.0022527356469947703 0.0016525499671115539 -0.056203887675702571 6.7869181648718538e-05 0.054970158693225434 -0.041148872996370003 -0.0047311441839928709
leaf_weight=20 104 24 41 34 85 147 284 296 205 208 31 20 44 24 860 20 30 103 29 86 28 74 590 798 64 25 25420 24 132 811
leaf_count=20 104 24 41 34 85 147 284 296 205 208 31 20 44 24 860 20 30 103 29 86 28 74 590 798 64 25 25420 24 132 811
internal_value=-6.63701e-12 -0.00378564 -0.00477539 -0.0176048 -0.0232218 -0.00921641 -0.000190207 0.00327017 0.0154906 -0.00858652 -0.0472904 -0.0268271 -0.0425485 0.00354378 0.000201154 0.00403595 0.0257642 0.00849508 0.102947 -0.0041215 0.00164842 0.00327667 0.00889038 -0.00605805 -0.0306662 -0.0145993 -0.000191954 -0.00688364 -0.0281347 -0.00301518
internal_weight=30661 1547 1523 401 367 232 1122 993 489 504 135 129 85 44 29114 2707 268 219 49 189 2439 2322 1450 872 117 89 26407 987 152 835
internal_count=30661 1547 1523 401 367 232 1122 993 489 504 135 129 85 44 29114 2707 268 219 49 189 2439 2322 1450 872 117 89 26407 987 152 835
is_linear=0
shrinkage=0.04


Tree=343
num_leaves=31
num_cat=0
split_feature=20 34 20 40 24 8 14 34 22 30 32 30 16 31 30 16 15 32 33 35 22 31 38 34 7 6 31 14 33 20
split_gain=14.2364 44.0393 24.7684 53.9072 60.6684 62.0439 46.373 29.1294 30.7611 39.5946 25.499 48.3661 30.8395 21.4828 78.7194 39.1222 61.9423 49.3093 34.2489 98.4512 114.775 38.8487 31.001 57.3548 47.514 28.3299 23.7252 89.6718 44.9084 21.9601
threshold=48.540354152578239 35.150000000000013 49.798668049666674 14.900000000000004 35.463082712291673 1.0000000180025095e-35 46.250810433000005 13.700000000000001 21.412755135333388 4.7727540773333326 1.394428261583337 -6.6287634407499985 50.939826074083335 31.402150052750006 -2.3983328199166665 43.791210530916672 17.077736035333334 3.1784693845833289 2.7728467240797174 35.70000000000001 31.835826627638919 29.144251672916667 25.533333333333335 23.600000000000005 -0.9159756150367534 0.91597561503675362 15.154017017250004 59.666266569166673 2.4001998836371228 32.598446598583344
decision_type=2 2 2 2 2 2 2 2 2 2 2 2 2 2 2 2 2 2 2 2 2 2 2 2 2 2 2 2 2 2
left_child=13 2 3 4 6 -6 -2 8 -4 -10 12 -12 -9 18 -15 16 29 -17 21 20 -20 26 23 -21 -24 -18 28 -28 -1 -16
right_child=1 -3 7 -5 5 -7 -8 10 9 -11 11 -13 -14 14 15 17 25 -19 19 22 -22 -23 24 -25 -26 -27 27 -29 -30 -31
leaf_value=3.856285303021057e-05 -0.014563612155377952 -0.060245045664764588 -0.010236228880833607 0.051738826096057892 -0.10289068424453339 -0.013703519151760981 0.035839778139735712 -0.0034109403443317106 0.04095737112932895 -0.018352660692256433 -0.058717240095138554 0.004070474914384936 -0.023866024849412498 0.072497441510359445 -0.046767177093029029 0.012056103263582503 0.045219688304803433 -0.074626045553457171 -0.0098145901423413312 -0.0034023905646743124 -0.13955948901176451 0.05228496760129929 -0.075473211914300911 0.06526053885618846 -0.0056745169122873898 0.0072858124133199451 0.0047480528854745123 0.079242853599565996 0.051652336199250491 -0.0023581575653741078
leaf_weight=26186 254 21 49 20 24 26 33 1499 83 23 20 1060 128 30 25 21 72 21 24 103 20 23 20 24 71 56 609 27 27 62
leaf_count=26186 254 21 49 20 24 26 33 1499 83 23 20 1060 128 30 25 21 72 21 24 103 20 23 20 24 71 56 609 27 27 62
internal_value=2.18233e-11 -0.00250747 -0.0021308 -0.0120654 -0.015852 -0.0565134 -0.0087681 -0.000891585 0.0159727 0.0280882 -0.00185722 0.00290774 -0.00502019 0.000296277 0.0111826 0.00402517 0.010923 -0.031285 0.000181131 -0.014211 -0.0687895 0.000321453 -0.00319518 0.00957328 -0.0210149 0.0286236 0.000276939 0.00791057 9.17262e-05 -0.0151194
internal_weight=30661 3240 3219 357 337 50 287 2862 155 106 2707 1080 1627 27421 287 257 215 42 27134 262 44 26872 218 127 91 128 26849 636 26213 87
internal_count=30661 3240 3219 357 337 50 287 2862 155 106 2707 1080 1627 27421 287 257 215 42 27134 262 44 26872 218 127 91 128 26849 636 26213 87
is_linear=0
shrinkage=0.04


Tree=344
num_leaves=31
num_cat=0
split_feature=27 7 15 2 12 22 4 15 12 17 2 13 30 37 30 27 17 21 4 12 27 12 7 26 33 19 30 28 37 32
split_gain=15.054 61.9467 68.1608 51.3636 49.5408 117.927 61.4037 51.8587 83.8826 48.9064 45.665 45.2077 38.848 38.3125 31.8561 129.35 150.754 81.6382 127.324 82.1836 40.4738 97.5006 102.229 98.7195 55.702 50.4712 50.3476 78.2837 162.351 75.8061
threshold=9.0994967718062458 -0.78656609248549325 17.077736035333334 322.50000000000006 36.501839981821526 44.196341520222262 19.500000000000004 15.387575671000002 27.505503352416671 17.344267740750002 14.500000000000002 27.504097965333337 -0.53779182149999893 92.845179000000016 7.653832255083338 3.3496598477241446 16.761091442500003 18.478271821500002 3.5000000000000004 17.343114795000002 5.2367966182133818 30.448823787333335 -0.37940952255126015 33.499734351743903 2.2616923304074654 27.088014111166668 -4.0999703914999968 14.950249950189244 167.61558350000004 4.5268050574999998
decision_type=2 2 2 2 2 2 2 2 2 2 2 2 2 2 2 2 2 2 2 2 2 2 2 2 2 2 2 2 2 2
left_child=14 -2 4 9 7 6 -6 11 -9 12 -7 -3 -4 -11 20 -16 -17 19 -19 -18 26 24 23 -23 -22 -24 27 29 -29 -1
right_child=1 2 3 -5 5 10 -8 8 -10 13 -12 -13 -14 -15 15 16 17 18 -20 -21 21 22 25 -25 -26 -27 -28 28 -30 -31
leaf_value=0.0018414533395583537 -0.010475709751649956 0.021794688970174139 0.077251871675252923 -0.056234839958223433 -0.048238782039178273 0.04792166271770839 -0.016552011295809195 -0.064584256500005724 0.0078423786871659931 -0.012211230090112934 -0.0014034961485380278 -0.016344839857211187 0.014129700053196689 0.0058542755984303295 0.086897814707322552 -0.11009079543873668 -0.019777198942148522 0.069096036806310476 -0.0070871252671046107 -0.10380714449882508 -0.0031952017868147288 0.024473384079987462 0.015225477509797039 -0.0097711703713116403 0.03772307903370397 -0.01078894741927114 0.00046540042826447915 -0.053095142064215263 0.0087669896118796799 -0.029757776063807469
leaf_weight=877 1083 236 26 22 140 32 325 40 71 207 488 63 39 2028 22 24 73 38 460 25 1654 881 178 159 55 362 20635 158 119 141
leaf_count=877 1083 236 26 22 140 32 325 40 71 207 488 63 39 2028 22 24 73 38 460 25 1654 881 178 159 55 362 20635 158 119 141
internal_value=1.40883e-12 -0.00205729 0.000395534 0.00459397 -0.00659282 -0.0114561 -0.0260921 0.00509088 -0.0182573 0.00517581 0.0016319 0.0137586 0.0393786 0.00418109 0.000381849 -0.00841709 -0.0117992 -0.00784118 -0.00127395 -0.0412134 0.000605843 0.00474365 0.0119063 0.0192379 -0.00187835 -0.00221382 -1.47339e-05 -0.00766537 -0.026519 -0.00253526
internal_weight=30661 4800 3717 2322 1395 985 465 410 111 2300 520 299 65 2235 25861 642 620 596 498 98 25219 3289 1580 1040 1709 540 21930 1295 277 1018
internal_count=30661 4800 3717 2322 1395 985 465 410 111 2300 520 299 65 2235 25861 642 620 596 498 98 25219 3289 1580 1040 1709 540 21930 1295 277 1018
is_linear=0
shrinkage=0.04


Tree=345
num_leaves=31
num_cat=0
split_feature=13 23 12 26 27 6 29 6 27 14 37 6 34 26 21 12 13 34 10 18 12 13 30 28 30 14 18 35 2 43
split_gain=14.3356 139.481 142.045 106.066 51.8517 96.7828 236.133 121.766 85.2251 87.5516 54.436 47.2044 44.0158 93.3423 41.7768 55.7913 39.4069 64.7068 37.0251 35.6677 32.8866 41.6614 46.789 81.5169 54.1397 35.8507 47.1234 37.4267 32.7279 41.4387
threshold=30.708435041916669 30.321904444819442 29.312947681083337 35.603946376611113 4.9589103947678543 -0.91597561503675329 13.668681088797973 1.0000000180025095e-35 8.0262836153491524 62.611773307833339 73.844906000000023 -0.98296291314453399 32.500000000000007 35.603946376611113 35.795493741750001 26.796236246500001 34.184768041583339 34.250000000000007 -0.93301270189221908 16.919694905916668 27.358913689773839 28.009536092000005 1.6363866945000007 16.010209688198234 -1.4107220545833348 14.485208708000002 41.557317371937508 83.550000000000011 124.50000000000001 768.50705102021925
decision_type=2 2 2 2 2 2 2 2 2 2 2 2 2 2 2 2 2 2 2 2 2 2 2 2 2 2 2 2 2 2
left_child=12 3 16 11 5 6 -4 -7 9 -6 -10 -2 20 14 28 -16 -3 -18 -13 -20 21 22 24 -24 -1 26 -22 -28 -14 -30
right_child=1 2 4 -5 8 7 -8 -9 10 -11 -12 18 13 -15 15 -17 17 -19 19 -21 25 -23 23 -25 -26 -27 27 -29 29 -31
leaf_value=-0.0035605772861664921 -0.075298864444096877 -0.009321230623083045 0.027533482601600032 -0.10990599167346954 0.016482812058459705 0.022622558650980906 -0.065801779374545608 -0.0031181254742284731 0.023396368387304706 -0.035717933928525007 -0.00050701268947104172 -0.051008544314380101 0.018813139044624918 0.092542631253600127 -0.0034067276169042118 -0.080391682183370006 -0.047427127133934731 -0.0064033399513173921 -0.03658120731104024 -0.0076100770025642889 0.0078693303210186031 -0.013284073877218179 -0.0067710876687587804 0.015324451265572492 0.0020539981709081761 0.007136758649070582 -0.034973694771005398 0.011326847360343546 0.0026531544402333372 0.034054365833880197
leaf_weight=3625 21 273 70 20 1071 328 114 2840 162 54 2582 41 306 20 61 20 155 102 79 488 153 400 2830 295 11357 1702 114 37 1270 71
leaf_count=3625 21 273 70 20 1071 328 114 2840 162 54 2582 41 306 20 61 20 155 102 79 488 153 400 2830 295 11357 1702 114 37 1270 71
internal_value=-1.23204e-11 -0.00140802 8.34796e-05 -0.0192209 0.00155049 -0.00209109 -0.0302938 -0.000453055 0.00470546 0.0139772 0.000904193 -0.0163375 0.000531303 0.00662437 0.00562994 -0.0224154 -0.0199039 -0.0311453 -0.014301 -0.0116466 1.20866e-05 -0.000515207 -0.000233131 -0.00468527 0.000695512 0.0048768 -0.00777599 -0.0236285 0.00700922 0.00431571
internal_weight=30661 8400 7751 649 7221 3352 184 3168 3869 1125 2744 629 22261 1748 1728 81 530 257 608 567 20513 18507 18107 3125 14982 2006 304 151 1647 1341
internal_count=30661 8400 7751 649 7221 3352 184 3168 3869 1125 2744 629 22261 1748 1728 81 530 257 608 567 20513 18507 18107 3125 14982 2006 304 151 1647 1341
is_linear=0
shrinkage=0.04


Tree=346
num_leaves=31
num_cat=0
split_feature=37 22 15 35 4 1 12 20 12 29 16 26 12 17 35 7 20 12 27 0 12 33 19 17 17 35 18 33 21 12
split_gain=14.3223 68.2754 110.953 58.2834 68.201 222.692 294.215 328.187 57.125 87.2957 106.623 82.2477 80.4469 46.9506 41.5975 56.5256 49.4059 51.1012 99.6089 44.3619 45.7945 39.4744 41.8238 39.2893 38.4493 38.1967 54.471 122.502 64.7727 40.2635
threshold=87.901968500000024 55.318189615722268 53.532147770083348 39.20000000000001 5.5000000000000009 4.5000000000000009 17.820832214833334 19.479316760416669 51.427190901166675 14.632069903064389 45.265453613500007 26.537574322268195 50.563740136750006 25.698537353500004 35.250000000000007 -0.98296291314453399 13.953798360333336 25.922615421833338 8.6564069538930557 13.500000000000002 39.200967977416674 0.79189491325012706 36.145252748941608 10.06621396075 21.55440948841667 44.150000000000006 28.889374348916672 1.0917413701217147 43.459400724333342 42.632460237333341
decision_type=2 2 2 2 2 2 2 2 2 2 2 2 2 2 2 2 2 2 2 2 2 2 2 2 2 2 2 2 2 2
left_child=1 8 -3 14 5 6 7 -5 12 10 11 -10 -1 -8 15 -2 -16 23 -19 20 -17 22 -7 -18 -23 26 28 -28 -6 -27
right_child=3 2 -4 4 25 21 13 -9 9 -11 -12 -13 -14 -15 16 19 17 18 -20 -21 -22 24 -24 -25 -26 29 27 -29 -30 -31
leaf_value=-0.0015739975142635609 0.030255956154677178 -0.10492527890878801 0.018692862306322371 0.083867021001662517 -0.0041469875773160201 0.02376122603246144 -0.00042360037813584007 -0.034201280542959775 0.05885362927186287 0.08829339490996467 -0.052568153788646058 -0.023415746442202866 -0.068347435436885928 -0.055186891174593633 -0.011379430669491515 -0.014750947623952227 -0.023302551699287851 0.030665159043666759 0.0033413272336107291 0.0033404934935752908 0.018699723776181537 -0.087046054544357154 -0.045675304622753807 0.0066592011005746953 -0.027075320562720297 -0.0011479120736612278 -0.010729595344452727 -0.076896080923080451 0.031608266160768624 0.003600003756752583
leaf_weight=6359 93 26 21 175 1751 35 60 48 59 27 33 29 29 43 191 516 74 443 412 991 75 26 23 1304 50 13586 428 50 85 3619
leaf_count=6359 93 26 21 175 1751 35 60 48 59 27 33 29 29 43 191 516 74 443 412 991 75 26 23 1304 50 13586 428 50 85 3619
internal_value=-5.69864e-12 -0.00165337 -0.0496916 0.000452037 -0.000439366 0.0147843 0.0326277 0.0584532 -0.00130793 0.02326 0.00874842 0.0317421 -0.00187713 -0.0232859 0.00479684 -5.0613e-05 0.00814646 0.00981662 0.0174986 -0.00183223 -0.0105059 -0.0286258 -0.00377395 0.00505022 -0.0475916 -0.000798138 -0.00562305 -0.0176508 -0.00249165 -0.000149208
internal_weight=30661 6583 47 24078 19979 460 326 223 6536 148 121 88 6388 103 4099 1675 2424 2233 855 1582 591 134 58 1378 76 19519 2314 478 1836 17205
internal_count=30661 6583 47 24078 19979 460 326 223 6536 148 121 88 6388 103 4099 1675 2424 2233 855 1582 591 134 58 1378 76 19519 2314 478 1836 17205
is_linear=0
shrinkage=0.04


Tree=347
num_leaves=31
num_cat=0
split_feature=13 22 40 29 32 26 12 13 38 39 15 16 16 20 12 37 12 4 33 22 19 11 27 32 34 22 14 37 27 37
split_gain=14.386 114.429 60.2983 138.169 85.256 93.3631 44.7009 79.6656 53.4082 49.1431 49.0922 86.6988 55.7449 38.0367 33.5397 61.2334 43.5613 74.6318 53.6249 40.0306 46.1637 35.439 31.2531 29.6365 29.0284 28.399 25.6442 29.1591 22.1021 18.7102
threshold=27.211156196964968 24.425325147666733 17.150000000000006 10.145433674048563 1.1761689531666664 27.743557900595242 27.505503352416671 34.184768041583339 32.625000000000007 5.0000000000000009 23.42922650533334 31.486742342166668 28.703831811166669 21.845650260750002 43.791210530916672 185.89540200000002 38.659786328166668 4.5000000000000009 0.97544088210125512 29.4773265301945 33.887598656839245 1.0000000180025095e-35 12.834645418970085 -4.3876985429166657 33.350000000000001 27.288379315888935 24.060011385083335 171.24217849999999 9.937971090664373 175.34183500000003
decision_type=2 2 2 2 2 2 2 2 2 2 2 2 2 2 2 2 2 2 2 2 2 2 2 2 2 2 2 2 2 2
left_child=2 13 14 -4 26 -6 7 25 28 10 11 -8 -12 24 16 21 19 -18 -19 22 -21 -16 -1 -10 -2 -3 -5 -28 -9 -27
right_child=1 6 3 4 5 -7 9 8 23 -11 12 -13 -14 -15 15 -17 17 18 -20 20 -22 -23 -24 -25 -26 29 27 -29 -30 -31
leaf_value=6.6938220314255895e-05 -0.034817592537513486 6.2741417649940336e-05 0.11923560352552505 -0.042267463493347174 0.11251076181729636 0.0066638223131497698 -0.0051200330959448375 -0.032563996016979221 -0.048268037574986621 -0.047781741687041877 0.0070698266553342369 -0.08896559190750121 -0.00046279996643390725 -0.070670366852711414 -0.027609068408156884 0.067114717319457076 0.03961244234442711 -0.080501488629961385 -0.018652913979689281 0.028695406105521827 0.0012018134278702762 0.036272533908486365 0.022267237445613479 0.005153738981871693 0.018993860356509688 -0.011561127659465587 -0.017510037380352356 0.023316019093448465 -0.075852304075075233 -0.046645928952429028
leaf_weight=19165 81 743 21 25 24 30 1473 32 24 34 2197 20 5525 39 33 34 25 32 75 171 228 24 102 54 20 245 57 55 46 27
leaf_count=19165 81 743 21 25 24 30 1473 32 24 34 2197 20 5525 39 33 34 25 32 75 171 228 24 102 54 20 245 57 55 46 27
internal_value=-1.00379e-14 -0.0011954 0.000628 0.0218478 0.0111403 0.0537069 -0.000712759 -0.00807573 -0.0346884 0.000219455 0.000396562 -0.00624322 0.00168032 -0.0371178 0.000401815 0.0246301 0.000290451 -0.0226114 -0.0371497 0.000444171 0.0129848 -0.000711552 0.000184467 -0.0112837 -0.0241619 -0.00398552 -0.00563779 0.00253847 -0.058093 -0.0150438
internal_weight=30661 10560 20101 212 191 54 10420 1171 156 9249 9215 1493 7722 140 19889 91 19798 132 107 19666 399 57 19267 78 101 1015 137 112 78 272
internal_count=30661 10560 20101 212 191 54 10420 1171 156 9249 9215 1493 7722 140 19889 91 19798 132 107 19666 399 57 19267 78 101 1015 137 112 78 272
is_linear=0
shrinkage=0.04


Tree=348
num_leaves=31
num_cat=0
split_feature=14 40 12 13 37 26 9 27 30 32 6 19 16 24 30 32 23 30 43 21 40 2 0 17 38 22 17 32 12 35
split_gain=14.1688 55.7596 53.3423 213.229 123.414 111.172 165.298 97.4949 92.0129 179.048 115.217 78.9893 57.322 47.6866 88.7573 165.977 125.676 72.9504 58.8596 47.4395 45.8349 50.1131 41.2804 49.8811 64.807 42.7556 38.1619 34.3104 33.8384 151.777
threshold=17.343114795000002 9.2700000000000014 17.575758479083337 20.606687605666668 211.43316250000001 32.627698130511455 0.81174490092936691 3.878010518746184 1.319845386000001 4.060299658416672 0.25881904510252091 14.696483406583335 24.854830265250005 17.458234879069447 -1.6176762738333303 -4.5236393665630024 15.363046577750003 -1.4362153078333326 614.9586928308056 11.875902673500002 8.7500000000000018 158.50000000000003 11.500000000000002 22.34828286116667 28.758333333333336 32.097392885356321 23.743871744833339 0.57315486283333084 17.900789237500003 76.250000000000014
decision_type=2 2 2 2 2 2 2 2 2 2 2 2 2 2 2 2 2 2 2 2 2 2 2 2 2 2 2 2 2 2
left_child=1 13 3 5 11 8 7 -7 10 -10 -2 -5 -13 18 15 -15 -17 -16 20 -19 26 -22 23 24 25 -3 -1 -26 29 -4
right_child=2 22 28 4 -6 6 -8 -9 9 -11 -12 12 -14 14 17 16 -18 19 -20 -21 21 -23 -24 -25 27 -27 -28 -29 -30 -31
leaf_value=-0.00098717299005868209 -0.0059925780313608403 0.011869012093994507 0.002446887643802111 -0.13325770546089519 0.025659183541933698 0.025607414953731773 0.096877424770440812 -0.026866855236391225 -0.029191932362407753 0.041702906512870237 0.023217828305920004 -0.020004660752084524 -0.074687304935404958 0.13374100734358249 -0.069605450644379577 -0.025416937978967789 0.046304812552859488 0.032260654876986518 0.010823393018392193 0.0041581765666264077 -0.077483941736044712 0.0049041644590241571 0.0052154284138023191 -0.0078119223186325637 -0.045705880315767396 -0.054773926300307113 -0.021368332953222335 -0.1091109778664329 -2.0604606549298029e-05 0.079335172759725694
leaf_weight=2845 1303 43 326 22 30 174 39 84 463 65 259 54 71 23 21 63 103 100 624 2471 27 21 178 248 36 24 155 22 20720 47
leaf_count=2845 1303 43 326 22 30 174 39 84 463 65 259 54 71 23 21 63 103 100 624 2471 27 21 178 248 36 24 155 22 20720 47
internal_value=-1.87431e-11 0.0015803 -0.000467871 -0.00591573 -0.0482765 -0.00277461 0.0201249 0.00852277 -0.00602875 -0.0204643 -0.00114911 -0.0633654 -0.0510644 0.0026232 0.00657439 0.0330379 0.0190851 0.00464476 -0.000369249 0.00525123 -0.00266066 -0.0414391 -0.0106335 -0.0181968 -0.0388005 -0.0120031 -0.0020402 -0.0697561 0.000194354 0.0121352
internal_weight=30661 7004 23657 2564 177 2387 297 258 2090 528 1562 147 125 6453 2781 189 166 2592 3672 2571 3048 48 551 373 125 67 3000 58 21093 373
internal_count=30661 7004 23657 2564 177 2387 297 258 2090 528 1562 147 125 6453 2781 189 166 2592 3672 2571 3048 48 551 373 125 67 3000 58 21093 373
is_linear=0
shrinkage=0.04


Tree=349
num_leaves=31
num_cat=0
split_feature=14 0 2 19 12 17 30 27 24 12 32 33 30 0 25 37 15 17 18 7 33 28 15 35 35 18 14 18 25 31
split_gain=13.778 48.9421 51.1443 92.6621 76.9976 39.4972 39.3604 37.6678 87.091 33.1696 31.8937 26.6218 53.9445 85.2771 51.7765 54.3961 43.8688 40.4434 36.7618 32.7388 31.7197 36.8536 27.3353 22.4323 79.9592 165.486 51.8744 29.9151 77.4034 36.7035
threshold=10.883099809083339 4.5000000000000009 116.50000000000001 23.629522981583339 17.259179093750003 31.750197973999999 2.5978081458333322 6.5771156638221182 16.257864059875001 24.736158919250006 -4.3876985429166657 0.55784343443692286 2.5978081458333322 2.5000000000000004 31.844527986694963 207.29939850000002 17.575758479083337 18.964207832500001 22.809860294583334 -0.98296291314453399 0.38517093345905734 15.128279500664529 7.737544311833334 77.250000000000014 78.200000000000017 22.809860294583334 13.525336108416669 18.329706933333338 41.364915786322925 22.205856779000005
decision_type=2 2 2 2 2 2 2 2 2 2 2 2 2 2 2 2 2 2 2 2 2 2 2 2 2 2 2 2 2 2
left_child=1 2 3 4 -1 7 -3 8 -4 -9 -8 12 14 -14 17 16 -16 19 -19 -2 -15 -22 -13 27 25 -25 -26 28 -24 -29
right_child=11 6 5 -5 -6 -7 10 9 -10 -11 -12 22 13 20 15 -17 -18 18 -20 -21 21 -23 23 24 26 -27 -28 29 -30 -31
leaf_value=0.1417796991467476 0.025886612137158715 0.0015797449902564334 0.0041169918984077973 0.0019135047834027896 0.03333787972276861 0.043400593714957893 -0.064062345165472767 -0.049843931198120119 0.089197747761552981 -0.0021305537018231411 -0.012079175092495871 -0.040136741581890317 -0.096000943531592692 -0.06122907266375565 0.033707429046432175 -0.080531065215667094 -0.027952631902648135 -0.045363973319530494 0.0098802335398306823 -0.01271740219440688 -0.020938750568954716 0.024597189747370206 -0.0027474398977831911 0.061079897162154187 -0.035075880679922802 -0.012662843631749804 0.0025736598163843541 0.00033030784214550942 0.063893263503643022 0.012332182078570914
leaf_weight=20 39 549 154 44 22 44 26 31 22 94 69 27 24 21 24 24 80 20 530 356 105 39 6906 109 60 88 2429 18260 28 417
leaf_count=20 39 549 154 44 22 44 26 31 22 94 69 27 24 21 24 24 80 20 530 356 105 39 6906 109 60 88 2429 18260 28 417
internal_value=1.48054e-11 0.00444835 0.0148812 0.0424793 0.0849768 0.00800162 -0.00253386 0.00282702 0.0147521 -0.0139635 -0.0263061 -0.00016163 -0.00584601 -0.0255509 -0.00237516 -0.0262498 -0.0137234 0.000858653 0.00787135 -0.00890587 -0.0153036 -0.0086061 9.16426e-05 0.000130027 0.00360769 0.028139 0.00166608 -0.000234699 -0.00247834 0.000598273
internal_weight=30661 1075 431 86 42 345 644 301 176 125 95 29586 1262 189 1073 128 104 945 550 395 165 144 28324 28297 2686 197 2489 25611 6934 18677
internal_count=30661 1075 431 86 42 345 644 301 176 125 95 29586 1262 189 1073 128 104 945 550 395 165 144 28324 28297 2686 197 2489 25611 6934 18677
is_linear=0
shrinkage=0.04


end of trees

feature_importances:
diff_1h=1157
lag_1h=681
rolling_3h_mean=598
hour=587
rolling_6h_std=369
humidity_pct=338
rolling_168h_std=316
lag_12h=314
rolling_24h_mean=311
cos_hour=305
rolling_168h_mean=302
day_of_year=278
diff_168h=276
lag_2h=274
day_of_week=272
lag_72h=266
rolling_24h_std=265
heat_index=253
sin_hour=250
lag_24h=240
lag_168h=233
ratio_lag_24h=224
lag_6h=221
rolling_12h_mean=219
temperature_c=218
diff_24h=208
lag_4h=196
rolling_6h_mean=195
temp_rolling_6h_mean=195
lag_48h=172
lag_3h=164
cooling_load_proxy=139
week_of_year=74
solar_rolling_3h_proxy=48
sin_dow=46
sin_month=40
cooling_degree_hours=32
solar_proxy_ghi=32
cos_dow=27
cos_month=27
is_weekend=18
month=4
temp_diff_24h=1

parameters:
[boosting: gbdt]
[objective: regression]
[metric: l2]
[tree_learner: serial]
[device_type: cpu]
[data_sample_strategy: bagging]
[data: ]
[valid: ]
[num_iterations: 350]
[learning_rate: 0.04]
[num_leaves: 31]
[num_threads: 20]
[seed: 42]
[deterministic: 0]
[force_col_wise: 0]
[force_row_wise: 0]
[histogram_pool_size: -1]
[max_depth: 6]
[min_data_in_leaf: 20]
[min_sum_hessian_in_leaf: 0.001]
[bagging_fraction: 0.85]
[pos_bagging_fraction: 1]
[neg_bagging_fraction: 1]
[bagging_freq: 0]
[bagging_seed: 400]
[bagging_by_query: 0]
[feature_fraction: 0.85]
[feature_fraction_bynode: 1]
[feature_fraction_seed: 30056]
[extra_trees: 0]
[extra_seed: 12879]
[early_stopping_round: 0]
[early_stopping_min_delta: 0]
[first_metric_only: 0]
[max_delta_step: 0]
[lambda_l1: 0]
[lambda_l2: 0]
[linear_lambda: 0]
[min_gain_to_split: 0]
[drop_rate: 0.1]
[max_drop: 50]
[skip_drop: 0.5]
[xgboost_dart_mode: 0]
[uniform_drop: 0]
[drop_seed: 17869]
[top_rate: 0.2]
[other_rate: 0.1]
[min_data_per_group: 100]
[max_cat_threshold: 32]
[cat_l2: 10]
[cat_smooth: 10]
[max_cat_to_onehot: 4]
[top_k: 20]
[monotone_constraints: ]
[monotone_constraints_method: basic]
[monotone_penalty: 0]
[feature_contri: ]
[forcedsplits_filename: ]
[refit_decay_rate: 0.9]
[cegb_tradeoff: 1]
[cegb_penalty_split: 0]
[cegb_penalty_feature_lazy: ]
[cegb_penalty_feature_coupled: ]
[path_smooth: 0]
[interaction_constraints: ]
[verbosity: -1]
[saved_feature_importance_type: 0]
[use_quantized_grad: 0]
[num_grad_quant_bins: 4]
[quant_train_renew_leaf: 0]
[stochastic_rounding: 1]
[linear_tree: 0]
[max_bin: 255]
[max_bin_by_feature: ]
[min_data_in_bin: 3]
[bin_construct_sample_cnt: 200000]
[data_random_seed: 175]
[is_enable_sparse: 1]
[enable_bundle: 1]
[use_missing: 1]
[zero_as_missing: 0]
[feature_pre_filter: 1]
[pre_partition: 0]
[two_round: 0]
[header: 0]
[label_column: ]
[weight_column: ]
[group_column: ]
[ignore_column: ]
[categorical_feature: ]
[forcedbins_filename: ]
[precise_float_parser: 0]
[parser_config_file: ]
[objective_seed: 16083]
[num_class: 1]
[is_unbalance: 0]
[scale_pos_weight: 1]
[sigmoid: 1]
[boost_from_average: 1]
[reg_sqrt: 0]
[alpha: 0.9]
[fair_c: 1]
[poisson_max_delta_step: 0.7]
[tweedie_variance_power: 1.5]
[lambdarank_truncation_level: 30]
[lambdarank_norm: 1]
[label_gain: ]
[lambdarank_position_bias_regularization: 0]
[eval_at: ]
[multi_error_top_k: 1]
[auc_mu_weights: ]
[num_machines: 1]
[local_listen_port: 12400]
[time_out: 120]
[machine_list_filename: ]
[machines: ]
[gpu_platform_id: -1]
[gpu_device_id: -1]
[gpu_device_id_list: ]
[gpu_use_dp: 0]
[num_gpu: 1]

end of parameters

pandas_categorical:[]
