,Airport_temperature,Airport_Humidity,IIITD_temperature,IIITD_Humidity
2018-03-01 00:00:00,,,23.1,61.6
2018-03-01 00:30:00,21.0,68.0,22.9,61.1
2018-03-01 01:00:00,20.0,73.0,23.0,61.6
2018-03-01 01:30:00,20.0,73.0,22.9,62.5
2018-03-01 02:00:00,20.0,73.0,22.4,63.4
2018-03-01 02:30:00,20.0,70.0,22.0,63.8
2018-03-01 03:00:00,19.0,78.0,21.7,64.3
2018-03-01 03:30:00,19.0,78.0,21.5,64.7
2018-03-01 04:00:00,19.0,78.0,21.5,65.2
2018-03-01 04:30:00,19.0,78.0,21.1,66.5
2018-03-01 05:00:00,18.0,83.0,20.9,67.4
2018-03-01 05:30:00,17.0,81.0,20.7,68.2
2018-03-01 06:00:00,17.0,84.5,20.6,67.8
2018-03-01 06:30:00,17.0,88.0,20.3,69.1
2018-03-01 07:00:00,17.0,88.0,20.9,70.5
2018-03-01 07:30:00,17.0,88.0,20.3,69.5
2018-03-01 08:00:00,18.0,88.0,20.8,68.7
2018-03-01 08:30:00,19.0,72.0,21.9,66.2
2018-03-01 09:00:00,21.0,73.0,23.4,62.2
2018-03-01 09:30:00,23.0,65.0,24.0,57.9
2018-03-01 10:00:00,23.0,65.0,24.7,54.5
2018-03-01 10:01:00,23.0,65.0,24.75,55.0
2018-03-01 10:30:00,25.0,50.0,24.8,55.5
2018-03-01 11:00:00,25.0,50.0,26.7,49.6
2018-03-01 11:30:00,26.0,38.0,27.7,43.4
2018-03-01 12:00:00,27.0,45.0,28.2,42.9
2018-03-01 12:30:00,28.0,39.0,29.1,39.2
2018-03-01 13:00:00,28.0,39.0,29.6,36.4
2018-03-01 13:30:00,29.0,37.0,29.5,35.3
2018-03-01 14:00:00,29.0,33.0,29.4,38.1
2018-03-01 14:30:00,29.0,35.0,29.3,37.0
2018-03-01 15:00:00,29.0,36.0,30.1,38.2
2018-03-01 15:30:00,29.0,37.0,31.0,34.9
2018-03-01 16:00:00,29.0,35.0,30.0,34.8
2018-03-01 16:30:00,28.0,35.0,29.1,35.3
2018-03-01 17:00:00,28.0,32.0,28.8,35.8
2018-03-01 17:30:00,27.0,26.0,28.1,39.6
2018-03-01 18:00:00,27.0,37.0,27.4,40.1
2018-03-01 18:30:00,26.0,39.0,26.9,43.3
2018-03-01 19:00:00,25.0,41.0,26.1,44.8
2018-03-01 19:30:00,25.0,39.0,25.4,44.7
2018-03-01 20:00:00,25.0,39.0,24.7,47.8
2018-03-01 20:30:00,22.0,46.0,24.6,49.4
2018-03-01 21:00:00,24.0,47.0,24.0,50.9
2018-03-01 21:30:00,24.0,47.0,23.8,52.4
2018-03-01 22:00:00,23.0,50.0,23.5,54.8
2018-03-01 22:30:00,22.0,53.0,23.1,60.2
2018-03-01 23:00:00,22.0,53.0,23.3,59.7
2018-03-01 23:30:00,21.0,62.0,23.4,60.2
2018-03-02 00:00:00,21.0,68.0,23.2,61.2
2018-03-02 00:30:00,20.4,68.4,23.3,61.2
2018-03-02 01:00:00,19.8,68.8,23.1,62.1
2018-03-02 01:30:00,19.2,69.2,22.9,63.5
2018-03-02 02:00:00,18.6,69.6,22.7,63.9
2018-03-02 02:30:00,18.0,70.0,22.2,64.8
2018-03-02 03:00:00,18.0,72.33333333333333,22.1,64.8
2018-03-02 03:30:00,18.0,74.66666666666667,21.8,65.7
2018-03-02 04:00:00,18.0,77.0,21.7,66.1
2018-03-02 04:30:00,18.0,77.0,20.9,67.4
2018-03-02 05:00:00,18.0,77.0,20.7,66.4
2018-03-02 05:30:00,18.0,68.0,20.6,64.5
2018-03-02 06:00:00,17.0,82.0,20.9,64.6
2018-03-02 06:30:00,17.0,82.0,21.4,61.8
2018-03-02 07:00:00,19.0,78.0,21.6,58.0
2018-03-02 07:30:00,19.0,78.0,21.6,59.5
2018-03-02 08:00:00,20.0,68.0,22.1,58.1
2018-03-02 08:30:00,21.0,64.0,23.5,57.3
2018-03-02 09:00:00,22.5,57.0,24.6,52.5
2018-03-02 09:30:00,24.0,50.0,25.5,49.5
2018-03-02 10:00:00,26.0,47.0,26.4,49.6
2018-03-02 10:30:00,26.0,47.0,27.2,46.0
2018-03-02 11:00:00,26.0,42.0,27.7,43.4
2018-03-02 11:30:00,27.0,32.0,28.2,42.9
2018-03-02 12:00:00,27.0,45.0,28.1,50.9
2018-03-02 12:30:00,28.0,42.0,28.9,46.7
2018-03-02 13:00:00,29.0,35.0,29.8,41.5
2018-03-02 13:30:00,29.0,35.0,30.7,38.2
2018-03-02 14:00:00,30.0,33.0,31.2,36.0
2018-03-02 14:30:00,31.0,19.0,32.4,35.0
2018-03-02 15:00:00,32.0,29.0,32.7,33.9
2018-03-02 15:30:00,31.0,31.0,33.0,31.6
2018-03-02 16:00:00,31.0,29.0,33.0,31.6
2018-03-02 16:30:00,31.0,27.0,31.9,32.7
2018-03-02 17:00:00,30.0,31.0,31.5,34.4
2018-03-02 17:30:00,29.0,24.0,31.0,34.9
2018-03-02 18:00:00,28.0,30.666666666666668,30.0,37.0
2018-03-02 18:30:00,27.0,37.333333333333336,28.9,40.3
2018-03-02 19:00:00,26.0,44.0,28.0,42.3
2018-03-02 19:30:00,26.0,47.0,27.3,45.5
2018-03-02 20:00:00,25.0,50.0,27.0,46.5
2018-03-02 20:30:00,24.0,62.0,26.4,48.6
2018-03-02 21:00:00,23.0,61.0,26.2,48.5
2018-03-02 21:30:00,23.0,61.0,25.4,51.6
2018-03-02 22:00:00,23.0,61.0,25.0,53.5
2018-03-02 22:30:00,23.0,61.0,24.8,54.0
2018-03-02 23:00:00,23.0,61.0,24.5,55.5
2018-03-02 23:30:00,22.0,63.0,24.0,57.4
2018-03-03 00:00:00,22.0,64.0,23.7,58.3
2018-03-03 00:30:00,22.0,64.0,23.7,58.8
2018-03-03 01:00:00,21.0,68.0,23.7,59.3
2018-03-03 01:30:00,21.0,68.0,23.5,59.8
2018-03-03 02:00:00,21.0,68.0,22.7,63.0
2018-03-03 02:30:00,19.0,60.0,22.3,64.8
2018-03-03 03:00:00,20.0,73.0,22.2,63.9
2018-03-03 03:30:00,19.0,78.0,22.2,62.9
2018-03-03 04:00:00,19.0,78.0,21.9,64.3
2018-03-03 04:30:00,19.0,78.0,22.0,63.8
2018-03-03 05:00:00,18.0,83.0,21.5,66.5
2018-03-03 05:30:00,19.0,74.0,21.5,66.5
2018-03-03 06:00:00,17.0,88.0,21.0,68.3
2018-03-03 06:30:00,17.0,88.0,21.0,68.3
2018-03-03 07:00:00,17.0,88.0,21.0,67.8
2018-03-03 07:30:00,17.0,88.0,21.1,67.4
2018-03-03 08:00:00,18.0,83.0,22.0,65.2
2018-03-03 08:30:00,21.0,60.0,22.7,63.0
2018-03-03 09:00:00,22.0,60.0,24.1,58.9
2018-03-03 09:30:00,23.0,57.0,25.2,54.6
2018-03-03 10:00:00,26.0,47.0,26.7,48.1
2018-03-03 10:30:00,27.0,42.0,27.3,43.9
2018-03-03 11:00:00,28.0,37.0,28.3,40.2
2018-03-03 11:30:00,30.0,26.0,29.3,38.1
2018-03-03 12:00:00,30.0,29.0,29.8,37.0
2018-03-03 12:30:00,30.0,29.0,30.3,31.4
2018-03-03 13:00:00,32.0,33.0,30.9,32.6
2018-03-03 13:30:00,33.0,31.0,31.5,31.5
2018-03-03 14:00:00,33.0,31.0,31.7,30.4
2018-03-03 14:30:00,33.0,17.0,32.5,30.4
2018-03-03 15:00:00,33.0,21.0,33.4,29.3
2018-03-03 15:30:00,33.0,25.0,33.0,29.3
2018-03-03 16:00:00,33.0,29.0,33.7,29.4
2018-03-03 16:30:00,32.0,29.0,33.4,28.2
2018-03-03 17:00:00,32.0,29.0,32.5,30.4
2018-03-03 17:30:00,31.0,31.0,31.6,32.7
2018-03-03 18:00:00,29.0,37.0,29.1,45.2
2018-03-03 18:30:00,28.0,39.0,28.2,48.3
2018-03-03 19:00:00,27.0,48.0,27.5,52.3
2018-03-03 19:30:00,27.0,48.0,26.6,53.2
2018-03-03 20:00:00,26.0,51.0,26.3,50.6
2018-03-03 20:30:00,25.0,31.0,26.0,50.1
2018-03-03 21:00:00,25.0,50.0,25.9,49.0
2018-03-03 21:30:00,24.0,53.0,25.9,48.0
2018-03-03 22:00:00,23.0,57.0,25.7,47.9
2018-03-03 22:30:00,23.0,53.0,25.2,50.5
2018-03-03 23:00:00,23.0,53.0,25.0,50.4
2018-03-03 23:30:00,22.0,63.0,25.0,49.9
2018-03-04 00:00:00,22.0,60.0,24.8,49.9
2018-03-04 00:30:00,22.0,60.0,24.2,54.4
2018-03-04 01:00:00,21.0,68.0,23.8,55.4
2018-03-04 01:30:00,21.0,73.0,23.2,59.2
2018-03-04 02:00:00,20.0,78.0,22.5,63.4
2018-03-04 02:30:00,21.0,63.0,21.9,66.6
2018-03-04 03:00:00,20.0,78.0,21.8,67.1
2018-03-04 03:30:00,20.0,78.0,21.6,66.6
2018-03-04 04:00:00,19.5,78.0,21.2,64.6
2018-03-04 04:30:00,19.0,78.0,20.8,64.6
2018-03-04 05:00:00,19.0,78.0,20.5,65.9
2018-03-04 05:30:00,19.0,72.0,20.3,67.3
2018-03-04 06:00:00,19.0,68.0,19.9,68.6
2018-03-04 06:30:00,19.0,68.0,19.8,68.5
2018-03-04 07:00:00,19.0,73.0,20.1,67.2
2018-03-04 07:30:00,19.0,68.0,20.4,66.4
2018-03-04 08:00:00,20.0,64.0,21.5,64.7
2018-03-04 08:30:00,22.0,57.0,23.0,58.7
2018-03-04 09:00:00,23.0,53.0,24.1,53.9
2018-03-04 09:30:00,24.0,50.0,25.9,50.0
2018-03-04 10:00:00,26.0,39.0,26.3,43.8
2018-03-04 10:30:00,27.0,32.0,27.1,40.6
2018-03-04 11:00:00,28.0,30.0,28.2,38.0
2018-03-04 11:30:00,30.0,27.0,29.2,35.8
2018-03-04 12:00:00,28.0,42.0,30.4,34.3
2018-03-04 12:30:00,28.0,39.0,30.6,40.4
2018-03-04 13:00:00,28.0,39.0,29.9,40.4
2018-03-04 13:30:00,28.0,30.0,30.4,38.2
2018-03-04 14:00:00,27.0,32.0,30.0,35.9
2018-03-04 14:30:00,27.0,21.0,27.7,39.0
2018-03-04 15:00:00,27.0,34.0,27.6,39.0
2018-03-04 15:30:00,27.0,37.0,28.3,38.0
2018-03-04 16:00:00,27.0,35.5,27.9,38.5
2018-03-04 16:30:00,27.0,34.0,27.2,38.4
2018-03-04 17:00:00,26.0,36.0,26.8,38.9
2018-03-04 17:30:00,26.0,25.0,26.1,38.3
2018-03-04 18:00:00,26.0,36.0,26.0,39.4
2018-03-04 18:30:00,25.0,39.0,25.8,39.9
2018-03-04 19:00:00,23.0,47.0,25.3,42.1
2018-03-04 19:30:00,23.0,50.0,24.7,43.6
2018-03-04 20:00:00,22.0,57.0,24.3,46.2
2018-03-04 20:30:00,22.0,49.0,24.1,47.8
2018-03-04 21:00:00,21.0,60.0,23.9,48.8
2018-03-04 21:30:00,21.0,60.0,23.6,49.8
2018-03-04 22:00:00,21.0,60.0,23.4,51.3
2018-03-04 22:30:00,21.0,60.0,22.9,53.7
2018-03-04 23:00:00,20.0,64.0,22.5,56.2
2018-03-04 23:30:00,20.0,68.0,22.4,56.7
2018-03-05 00:00:00,20.0,68.0,22.0,59.5
2018-03-05 00:30:00,20.0,68.0,21.8,63.3
2018-03-05 01:00:00,20.0,68.0,21.5,63.7
2018-03-05 01:30:00,19.0,73.0,21.4,64.2
2018-03-05 02:00:00,19.0,73.0,21.1,64.6
2018-03-05 02:30:00,19.0,67.0,20.9,64.6
2018-03-05 03:00:00,19.0,73.0,20.9,66.0
2018-03-05 03:30:00,19.0,73.0,20.8,66.4
2018-03-05 04:00:00,18.0,77.0,20.9,65.5
2018-03-05 04:30:00,17.0,82.0,20.2,67.7
2018-03-05 05:00:00,16.0,88.0,20.0,69.0
2018-03-05 05:30:00,17.0,79.0,19.8,69.0
2018-03-05 06:00:00,16.0,88.0,19.6,69.4
2018-03-05 06:30:00,15.0,94.0,19.5,70.3
2018-03-05 07:00:00,15.0,94.0,19.3,70.2
2018-03-05 07:30:00,16.0,88.0,19.5,70.7
2018-03-05 08:00:00,17.0,88.0,19.8,71.2
2018-03-05 08:30:00,18.0,70.0,20.8,68.3
2018-03-05 09:00:00,20.0,73.0,21.7,64.7
2018-03-05 09:30:00,21.0,68.0,23.5,58.3
2018-03-05 10:00:00,22.0,64.0,24.3,53.9
2018-03-05 10:30:00,23.5,59.0,25.1,49.4
2018-03-05 11:00:00,25.0,54.0,26.0,45.4
2018-03-05 11:30:00,27.0,30.0,26.8,43.3
2018-03-05 12:00:00,27.0,45.0,27.4,37.9
2018-03-05 12:30:00,27.0,42.0,28.0,36.9
2018-03-05 13:00:00,27.0,39.0,28.7,34.7
2018-03-05 13:30:00,28.0,32.0,28.9,31.3
2018-03-05 14:00:00,28.0,30.0,29.2,29.0
2018-03-05 14:30:00,28.0,30.0,29.5,26.7
2018-03-05 15:00:00,28.0,28.0,30.3,25.6
2018-03-05 15:30:00,28.0,28.0,29.6,22.6
2018-03-05 16:00:00,28.0,28.0,29.5,27.3
2018-03-05 16:30:00,28.0,28.0,29.1,26.7
2018-03-05 17:00:00,27.0,30.0,28.5,31.8
2018-03-05 17:30:00,26.0,24.0,27.7,32.3
2018-03-05 18:00:00,26.0,32.0,27.0,35.6
2018-03-05 18:30:00,25.0,36.0,25.9,38.3
2018-03-05 19:00:00,24.0,38.0,25.4,41.0
2018-03-05 19:30:00,24.0,41.0,27.9,43.4
2018-03-05 20:00:00,23.0,47.0,28.0,43.4
2018-03-05 20:30:00,23.0,41.0,27.8,43.4
2018-03-05 21:00:00,22.0,50.0,27.7,44.5
2018-03-05 21:30:00,21.0,53.0,27.7,44.5
2018-03-05 22:00:00,21.0,53.0,27.6,45.0
2018-03-05 22:30:00,20.0,56.0,27.5,45.5
2018-03-05 23:00:00,20.0,56.0,27.5,45.5
2018-03-05 23:30:00,21.0,48.0,27.4,45.5
2018-03-06 00:00:00,20.0,60.0,27.4,45.5
2018-03-06 00:30:00,20.0,60.0,27.4,45.5
2018-03-06 01:00:00,20.0,60.0,27.3,46.0
2018-03-06 01:30:00,19.0,64.0,27.3,46.0
2018-03-06 02:00:00,19.0,68.0,27.3,46.5
2018-03-06 02:30:00,17.0,70.0,27.2,46.5
2018-03-06 03:00:00,17.0,77.0,27.2,46.5
2018-03-06 03:30:00,16.0,77.0,27.2,46.5
2018-03-06 04:00:00,16.0,82.0,27.0,47.0
2018-03-06 04:30:00,15.0,82.0,26.8,47.5
2018-03-06 05:00:00,15.0,88.0,26.8,47.5
2018-03-06 05:30:00,16.0,73.0,26.8,47.5
2018-03-06 06:00:00,14.0,88.0,26.5,47.5
2018-03-06 06:30:00,14.0,88.0,26.3,48.0
2018-03-06 07:00:00,14.0,88.0,26.2,48.0
2018-03-06 07:30:00,14.0,88.0,26.1,48.5
2018-03-06 08:00:00,16.0,82.0,26.1,48.5
2018-03-06 08:30:00,16.0,74.0,26.0,48.5
2018-03-06 09:00:00,18.0,77.0,25.2,50.0
2018-03-06 09:30:00,20.0,68.0,25.0,51.5
2018-03-06 10:00:00,21.0,64.0,25.2,51.5
2018-03-06 10:30:00,22.0,60.5,25.6,50.5
2018-03-06 10:31:00,23.0,57.0,25.85,50.8
2018-03-06 11:00:00,24.0,53.0,26.1,51.1
2018-03-06 11:30:00,25.0,41.0,26.3,50.6
2018-03-06 12:00:00,26.0,39.0,26.5,50.1
2018-03-06 12:30:00,26.0,36.0,26.8,49.6
2018-03-06 13:00:00,27.0,36.5,27.0,48.6
2018-03-06 13:30:00,28.0,37.0,27.5,47.1
2018-03-06 14:00:00,28.5,27.0,27.7,46.1
2018-03-06 14:30:00,29.0,17.0,27.8,45.5
2018-03-06 15:00:00,29.0,29.0,28.0,45.0
2018-03-06 15:30:00,29.0,27.0,28.2,44.5
2018-03-06 16:00:00,28.0,27.5,28.2,44.0
2018-03-06 16:30:00,27.0,28.0,28.1,43.4
2018-03-06 17:00:00,27.0,30.0,28.1,43.4
2018-03-06 17:30:00,26.0,26.0,28.0,43.4
2018-03-06 18:00:00,26.0,36.0,27.9,43.4
2018-03-06 18:30:00,25.0,40.0,27.9,43.4
2018-03-06 19:00:00,24.0,44.0,27.7,42.3
2018-03-06 19:30:00,23.0,50.0,27.5,42.3
2018-03-06 20:00:00,22.0,53.0,28.0,40.7
2018-03-06 20:30:00,21.0,56.0,24.1,47.8
2018-03-06 21:00:00,21.0,56.0,23.6,49.2
2018-03-06 21:30:00,21.0,56.0,23.3,50.2
2018-03-06 22:00:00,20.0,60.0,23.2,51.2
2018-03-06 22:30:00,20.0,60.0,22.8,52.2
2018-03-06 23:00:00,20.0,60.0,22.5,53.7
2018-03-06 23:30:00,19.0,60.0,22.5,53.7
2018-03-07 00:00:00,19.0,64.0,22.2,55.1
2018-03-07 00:30:00,18.5,66.0,22.0,56.1
2018-03-07 01:00:00,18.0,68.0,22.0,56.1
2018-03-07 01:30:00,17.5,70.0,21.6,57.5
2018-03-07 02:00:00,17.0,72.0,21.4,58.0
2018-03-07 02:30:00,17.0,67.0,21.1,58.9
2018-03-07 03:00:00,16.0,77.0,21.1,59.4
2018-03-07 03:30:00,16.0,77.0,20.9,60.8
2018-03-07 04:00:00,16.0,77.0,20.7,60.8
2018-03-07 04:30:00,16.0,77.0,20.5,61.7
2018-03-07 05:00:00,15.0,82.0,20.4,61.7
2018-03-07 05:30:00,15.0,77.0,19.9,63.0
2018-03-07 06:00:00,14.0,88.0,19.7,63.9
2018-03-07 06:30:00,14.0,88.0,19.3,64.3
2018-03-07 07:00:00,14.0,88.0,19.0,64.7
2018-03-07 07:30:00,14.0,88.0,19.2,64.3
2018-03-07 08:00:00,15.0,82.0,20.0,62.1
2018-03-07 08:30:00,16.0,69.0,20.8,59.8
2018-03-07 09:00:00,18.0,68.0,22.0,56.1
2018-03-07 09:30:00,20.0,60.0,23.2,51.8
2018-03-07 10:00:00,22.0,57.0,24.4,49.8
2018-03-07 10:30:00,23.5,52.0,25.4,47.4
2018-03-07 11:00:00,25.0,47.0,25.9,45.3
2018-03-07 11:30:00,26.0,42.0,26.7,43.3
2018-03-07 12:00:00,26.666666666666668,38.666666666666664,27.4,40.1
2018-03-07 12:30:00,27.333333333333332,35.333333333333336,28.2,37.4
2018-03-07 13:00:00,28.0,32.0,28.6,32.4
2018-03-07 13:30:00,28.0,28.0,29.2,32.4
2018-03-07 14:00:00,29.0,33.0,29.4,31.9
2018-03-07 14:30:00,30.0,17.0,29.7,31.3
2018-03-07 15:00:00,29.0,27.0,29.5,29.0
2018-03-07 15:30:00,29.0,27.0,29.6,30.8
2018-03-07 16:00:00,29.0,25.0,29.3,32.5
2018-03-07 16:30:00,29.0,29.0,29.1,31.3
2018-03-07 17:00:00,28.0,32.0,28.7,33.5
2018-03-07 17:30:00,28.0,23.0,28.0,33.5
2018-03-07 18:00:00,27.0,31.0,27.1,36.8
2018-03-07 18:30:00,26.0,39.0,26.3,38.9
2018-03-07 19:00:00,25.0,41.0,25.9,41.0
2018-03-07 19:30:00,24.5,42.5,25.8,42.1
2018-03-07 20:00:00,24.0,44.0,25.6,43.2
2018-03-07 20:30:00,22.0,49.0,25.4,43.2
2018-03-07 21:00:00,22.0,51.0,25.1,44.2
2018-03-07 21:30:00,22.0,53.0,24.8,45.8
2018-03-07 22:00:00,22.0,53.0,24.5,47.3
2018-03-07 22:30:00,21.0,56.0,24.2,48.3
2018-03-07 23:00:00,21.0,56.0,24.0,49.3
2018-03-07 23:30:00,20.0,53.0,23.8,50.3
2018-03-08 00:00:00,20.0,60.0,23.6,50.8
2018-03-08 00:30:00,20.0,60.0,23.5,50.8
2018-03-08 01:00:00,19.0,64.0,23.5,51.3
2018-03-08 01:30:00,19.0,64.0,23.6,51.3
2018-03-08 02:00:00,19.0,64.0,23.5,51.8
2018-03-08 02:30:00,18.0,68.0,23.4,52.8
2018-03-08 03:00:00,17.0,77.0,23.2,53.3
2018-03-08 03:30:00,17.0,77.0,23.2,54.3
2018-03-08 04:00:00,16.0,77.0,22.9,54.3
2018-03-08 04:30:00,16.0,77.0,22.7,54.2
2018-03-08 05:00:00,16.0,77.0,22.7,54.2
2018-03-08 05:30:00,16.0,77.0,22.5,55.7
2018-03-08 06:00:00,16.0,77.0,22.6,55.7
2018-03-08 06:30:00,16.0,77.0,22.4,56.2
2018-03-08 07:00:00,16.0,77.0,22.3,56.7
2018-03-08 07:30:00,17.0,77.0,23.2,57.3
2018-03-08 08:00:00,17.0,77.0,23.5,55.3
2018-03-08 08:30:00,18.0,69.0,24.5,54.5
2018-03-08 09:00:00,22.0,53.0,25.3,53.0
2018-03-08 09:30:00,22.0,53.0,25.4,52.6
2018-03-08 10:00:00,25.0,47.0,27.0,48.1
2018-03-08 10:30:00,27.0,39.0,27.1,44.4
2018-03-08 11:00:00,28.0,39.0,27.4,44.4
2018-03-08 11:30:00,29.0,27.0,27.7,41.2
2018-03-08 12:00:00,28.0,39.0,28.2,40.2
2018-03-08 12:30:00,29.0,30.0,29.1,37.5
2018-03-08 13:00:00,30.0,29.0,29.7,35.9
2018-03-08 13:30:00,31.0,25.0,30.2,33.7
2018-03-08 14:00:00,32.0,24.0,30.7,32.6
2018-03-08 14:30:00,32.0,15.0,31.1,32.0
2018-03-08 15:00:00,32.0,22.0,31.0,34.9
2018-03-08 15:30:00,32.0,22.0,30.6,36.0
2018-03-08 16:00:00,32.0,22.0,30.5,34.8
2018-03-08 16:30:00,32.0,22.0,30.5,36.0
2018-03-08 17:00:00,31.0,24.0,29.9,37.0
2018-03-08 17:30:00,29.0,23.0,29.0,40.8
2018-03-08 18:00:00,30.0,27.0,28.5,41.3
2018-03-08 18:30:00,29.0,30.0,27.9,42.9
2018-03-08 19:00:00,28.0,32.0,27.6,44.5
2018-03-08 19:30:00,27.0,34.0,27.2,46.0
2018-03-08 20:00:00,26.0,42.0,27.0,47.1
2018-03-08 20:30:00,25.0,44.0,26.8,48.1
2018-03-08 21:00:00,24.0,47.0,26.6,49.1
2018-03-08 21:30:00,23.0,50.0,26.3,50.1
2018-03-08 22:00:00,24.0,50.0,26.0,51.1
2018-03-08 22:30:00,23.0,53.0,26.0,51.1
2018-03-08 23:00:00,23.0,52.0,25.8,51.1
2018-03-08 23:30:00,23.0,51.0,25.7,50.6
2018-03-09 00:00:00,22.0,60.0,25.4,51.0
2018-03-09 00:30:00,21.0,64.0,25.4,52.6
2018-03-09 01:00:00,21.0,64.0,25.2,52.5
2018-03-09 01:30:00,20.0,68.0,25.0,52.5
2018-03-09 02:00:00,20.0,64.0,24.9,52.5
2018-03-09 02:30:00,18.0,70.0,24.7,52.5
2018-03-09 03:00:00,19.0,68.0,24.6,52.5
2018-03-09 03:30:00,18.0,77.0,24.5,53.5
2018-03-09 04:00:00,18.0,77.0,24.0,54.9
2018-03-09 04:30:00,18.0,77.0,24.0,54.9
2018-03-09 05:00:00,18.0,77.0,23.9,53.9
2018-03-09 05:30:00,18.0,72.0,23.9,54.4
2018-03-09 06:00:00,17.0,82.0,23.7,54.4
2018-03-09 06:30:00,17.0,82.0,22.9,59.7
2018-03-09 07:00:00,17.0,82.0,23.5,57.8
2018-03-09 07:30:00,18.0,77.0,22.6,59.1
2018-03-09 08:00:00,20.0,68.0,22.9,57.7
2018-03-09 08:30:00,21.0,56.0,23.8,55.9
2018-03-09 09:00:00,23.0,57.0,24.9,53.5
2018-03-09 09:30:00,24.0,53.0,25.7,49.0
2018-03-09 10:00:00,25.0,47.0,26.6,47.5
2018-03-09 10:30:00,26.0,44.5,27.3,43.9
2018-03-09 11:00:00,27.0,42.0,28.0,41.3
2018-03-09 11:30:00,28.0,37.0,28.8,39.1
2018-03-09 12:00:00,29.0,35.0,29.5,38.1
2018-03-09 12:30:00,30.0,33.0,30.1,35.9
2018-03-09 13:00:00,31.0,31.0,30.5,34.8
2018-03-09 13:30:00,31.0,31.0,31.2,34.3
2018-03-09 14:00:00,31.0,31.0,31.4,32.6
2018-03-09 14:30:00,32.0,20.0,31.7,30.9
2018-03-09 15:00:00,32.0,21.0,31.9,28.0
2018-03-09 15:30:00,32.0,22.0,32.0,28.0
2018-03-09 16:00:00,32.0,22.0,31.7,28.0
2018-03-09 16:30:00,32.0,22.0,31.4,26.8
2018-03-09 17:00:00,32.0,22.0,31.0,28.0
2018-03-09 17:30:00,30.0,21.0,30.3,30.3
2018-03-09 18:00:00,30.0,27.0,29.5,34.2
2018-03-09 18:30:00,29.0,31.0,28.4,36.9
2018-03-09 19:00:00,28.0,35.0,27.7,36.8
2018-03-09 19:30:00,27.0,37.0,27.5,39.0
2018-03-09 20:00:00,26.0,41.0,27.1,41.2
2018-03-09 20:30:00,25.0,45.0,27.0,43.3
2018-03-09 21:00:00,26.0,44.0,26.8,44.9
2018-03-09 21:30:00,26.0,47.0,25.8,48.0
2018-03-09 22:00:00,25.0,50.0,25.4,49.5
2018-03-09 22:30:00,25.0,47.0,25.4,49.5
2018-03-09 23:00:00,24.0,50.0,24.8,51.0
2018-03-09 23:30:00,22.0,51.0,24.4,52.4
2018-03-10 00:00:00,23.0,53.0,25.0,51.5
2018-03-10 00:30:00,22.0,57.0,25.0,50.5
2018-03-10 01:00:00,22.0,57.0,24.7,50.4
2018-03-10 01:30:00,22.0,57.0,24.6,51.5
2018-03-10 02:00:00,21.0,60.0,24.0,52.4
2018-03-10 02:30:00,20.0,64.0,23.3,54.8
2018-03-10 03:00:00,20.0,64.0,23.4,54.3
2018-03-10 03:30:00,19.5,68.5,23.0,55.3
2018-03-10 04:00:00,19.0,73.0,22.9,54.3
2018-03-10 04:30:00,18.0,77.0,22.5,55.2
2018-03-10 05:00:00,17.0,82.0,22.2,57.1
2018-03-10 05:30:00,18.0,72.0,21.8,58.5
2018-03-10 06:00:00,16.0,88.0,21.2,60.4
2018-03-10 06:30:00,15.0,94.0,21.1,60.9
2018-03-10 07:00:00,15.0,88.0,21.0,61.8
2018-03-10 07:30:00,16.0,88.0,21.1,61.3
2018-03-10 08:00:00,17.0,82.0,21.7,59.5
2018-03-10 08:30:00,19.0,60.0,23.1,54.8
2018-03-10 09:00:00,21.0,60.0,24.6,48.8
2018-03-10 09:30:00,23.0,53.0,25.4,46.3
2018-03-10 10:00:00,24.0,50.0,26.3,43.2
2018-03-10 10:30:00,25.0,44.0,27.5,39.6
2018-03-10 11:00:00,27.0,34.0,28.5,36.9
2018-03-10 11:30:00,29.0,21.0,29.0,33.6
2018-03-10 12:00:00,29.5,25.0,29.8,34.8
2018-03-10 12:30:00,30.0,29.0,30.3,32.5
2018-03-10 13:00:00,31.0,25.0,30.9,29.7
2018-03-10 13:30:00,31.0,24.0,31.5,28.0
2018-03-10 14:00:00,30.0,25.0,31.7,28.0
2018-03-10 14:30:00,33.0,13.0,32.0,26.3
2018-03-10 15:00:00,32.0,22.0,32.2,26.9
2018-03-10 15:30:00,32.0,22.0,32.1,24.5
2018-03-10 16:00:00,32.0,21.0,32.1,23.3
2018-03-10 16:30:00,31.0,22.0,31.8,25.1
2018-03-10 17:00:00,31.0,24.0,31.4,26.8
2018-03-10 17:30:00,30.0,19.0,30.6,29.1
2018-03-10 18:00:00,29.0,30.0,29.6,31.3
2018-03-10 18:30:00,28.0,32.0,28.5,34.7
2018-03-10 19:00:00,27.0,34.0,27.7,36.3
2018-03-10 19:30:00,27.0,39.0,27.2,39.0
2018-03-10 20:00:00,26.0,44.0,26.6,42.2
2018-03-10 20:30:00,25.0,43.0,26.2,45.4
2018-03-10 21:00:00,26.0,44.0,25.7,50.0
2018-03-10 21:30:00,25.0,47.0,25.5,53.1
2018-03-10 22:00:00,25.0,50.0,25.3,54.6
2018-03-10 22:30:00,24.0,53.0,25.0,55.1
2018-03-10 23:00:00,24.0,53.0,24.7,55.5
2018-03-10 23:30:00,23.0,55.0,24.3,56.5
2018-03-11 00:00:00,23.0,57.0,24.4,55.5
2018-03-11 00:30:00,22.0,60.0,23.9,56.9
2018-03-11 01:00:00,22.0,60.0,24.1,56.4
2018-03-11 01:30:00,21.0,64.0,23.6,57.3
2018-03-11 02:00:00,21.0,64.0,23.5,57.3
2018-03-11 02:30:00,20.0,73.0,23.4,57.3
2018-03-11 03:00:00,19.0,78.0,23.2,56.8
2018-03-11 03:30:00,18.0,83.0,22.8,57.2
2018-03-11 04:00:00,18.0,83.0,22.5,58.6
2018-03-11 04:30:00,18.0,83.0,22.2,60.0
2018-03-11 05:00:00,17.0,88.0,22.2,60.0
2018-03-11 05:30:00,17.0,90.0,22.1,60.0
2018-03-11 06:00:00,16.0,94.0,21.7,60.9
2018-03-11 06:30:00,16.0,94.0,21.4,63.3
2018-03-11 07:00:00,16.0,94.0,21.3,64.2
2018-03-11 07:30:00,16.0,94.0,21.3,64.7
2018-03-11 08:00:00,17.0,88.0,22.0,62.9
2018-03-11 08:30:00,19.0,63.0,23.0,60.6
2018-03-11 09:00:00,20.0,68.0,24.1,56.4
2018-03-11 09:30:00,21.0,64.0,24.7,54.5
2018-03-11 10:00:00,23.0,57.0,25.8,51.6
2018-03-11 10:30:00,24.0,53.0,26.7,49.6
2018-03-11 11:00:00,25.0,50.0,27.5,47.6
2018-03-11 11:30:00,28.0,36.0,28.5,43.5
2018-03-11 12:00:00,29.0,37.0,29.5,40.3
2018-03-11 12:30:00,29.0,37.0,30.1,37.6
2018-03-11 13:00:00,29.5,35.0,30.8,36.0
2018-03-11 13:30:00,30.0,33.0,31.1,33.7
2018-03-11 14:00:00,31.0,31.0,31.7,32.7
2018-03-11 14:30:00,33.0,16.0,31.9,29.8
2018-03-11 15:00:00,32.0,26.0,32.1,30.4
2018-03-11 15:30:00,32.0,26.0,32.1,30.4
2018-03-11 16:00:00,32.0,26.0,31.9,31.0
2018-03-11 16:30:00,32.0,27.0,31.7,31.5
2018-03-11 17:00:00,32.0,26.0,31.3,33.2
2018-03-11 17:30:00,31.0,29.0,30.7,33.7
2018-03-11 18:00:00,30.0,29.0,29.8,37.0
2018-03-11 18:30:00,29.0,30.0,29.1,38.1
2018-03-11 19:00:00,28.0,32.0,28.5,38.6
2018-03-11 19:30:00,27.0,34.0,28.0,39.1
2018-03-11 20:00:00,26.0,39.0,27.7,40.1
2018-03-11 20:30:00,24.0,46.0,27.4,41.2
2018-03-11 21:00:00,25.0,41.0,27.1,42.3
2018-03-11 21:30:00,25.0,41.0,27.0,43.3
2018-03-11 22:00:00,24.0,47.0,26.6,44.9
2018-03-11 22:30:00,24.0,47.0,26.0,45.9
2018-03-11 23:00:00,24.0,47.0,26.0,46.4
2018-03-11 23:30:00,22.0,55.0,26.0,46.4
2018-03-12 00:00:00,23.0,44.0,25.7,47.4
2018-03-12 00:30:00,20.0,64.0,25.2,49.5
2018-03-12 01:00:00,20.0,64.0,25.2,50.0
2018-03-12 01:30:00,21.0,60.0,25.0,51.0
2018-03-12 02:00:00,21.0,60.0,24.7,52.0
2018-03-12 02:30:00,20.0,58.0,24.0,55.9
2018-03-12 03:00:00,22.0,60.0,23.8,57.9
2018-03-12 03:30:00,20.0,68.0,24.0,57.9
2018-03-12 04:00:00,19.0,68.0,23.8,59.3
2018-03-12 04:30:00,18.0,77.0,23.7,59.8
2018-03-12 05:00:00,17.0,82.0,23.4,60.7
2018-03-12 05:30:00,18.0,70.0,22.7,60.6
2018-03-12 06:00:00,17.0,82.0,22.9,60.6
2018-03-12 06:30:00,17.0,82.0,22.5,61.5
2018-03-12 07:00:00,17.0,88.0,22.2,62.4
2018-03-12 07:30:00,17.0,88.0,22.6,61.6
2018-03-12 08:00:00,20.0,68.0,23.2,60.7
2018-03-12 08:30:00,21.0,61.0,24.1,58.4
2018-03-12 09:00:00,21.0,68.0,25.2,55.5
2018-03-12 09:30:00,23.0,61.0,26.6,52.7
2018-03-12 10:00:00,24.0,57.0,27.3,50.7
2018-03-12 10:30:00,26.0,51.0,28.4,46.1
2018-03-12 11:00:00,27.0,48.0,29.3,42.5
2018-03-12 11:30:00,30.0,28.0,30.2,35.9
2018-03-12 12:00:00,30.5,30.5,31.1,34.9
2018-03-12 12:30:00,31.0,33.0,31.6,32.6
2018-03-12 13:00:00,32.0,31.0,32.3,32.7
2018-03-12 13:30:00,32.0,29.0,32.8,30.4
2018-03-12 14:00:00,33.0,26.0,33.2,30.5
2018-03-12 14:30:00,34.0,11.0,33.3,27.0
2018-03-12 15:00:00,34.0,20.0,33.2,25.8
2018-03-12 15:30:00,34.0,19.0,33.2,27.0
2018-03-12 16:00:00,34.0,19.0,33.1,25.8
2018-03-12 16:30:00,33.0,20.0,32.9,25.8
2018-03-12 17:00:00,33.0,20.0,32.3,28.1
2018-03-12 17:30:00,32.0,18.0,31.7,30.4
2018-03-12 18:00:00,31.0,22.5,31.0,30.3
2018-03-12 18:30:00,30.0,27.0,30.3,31.4
2018-03-12 19:00:00,30.0,27.0,29.6,32.5
2018-03-12 19:30:00,28.0,30.0,29.2,33.6
2018-03-12 20:00:00,28.0,30.0,28.7,35.2
2018-03-12 20:30:00,26.0,34.0,28.3,36.9
2018-03-12 21:00:00,26.0,36.0,28.0,38.5
2018-03-12 21:30:00,25.0,41.0,27.7,41.2
2018-03-12 22:00:00,25.0,44.0,27.7,42.3
2018-03-12 22:30:00,25.0,47.0,27.4,44.4
2018-03-12 23:00:00,25.0,47.0,27.0,47.1
2018-03-12 23:30:00,23.0,62.0,26.9,48.1
2018-03-13 00:00:00,24.0,57.0,26.7,49.6
2018-03-13 00:30:00,23.0,60.5,26.5,51.2
2018-03-13 01:00:00,22.0,64.0,26.0,53.7
2018-03-13 01:30:00,22.0,64.0,26.1,53.7
2018-03-13 02:00:00,22.0,64.0,25.9,54.7
2018-03-13 02:30:00,21.0,67.0,25.4,56.1
2018-03-13 03:00:00,21.0,68.0,25.2,57.6
2018-03-13 03:30:00,20.0,73.0,25.3,57.6
2018-03-13 04:00:00,19.0,73.0,24.9,58.5
2018-03-13 04:30:00,18.0,77.0,24.7,59.5
2018-03-13 05:00:00,17.0,88.0,24.0,61.8
2018-03-13 05:30:00,19.0,74.0,23.4,63.1
2018-03-13 06:00:00,15.0,94.0,23.5,63.6
2018-03-13 06:30:00,16.0,82.0,22.9,64.5
2018-03-13 07:00:00,17.0,88.0,22.9,63.5
2018-03-13 07:30:00,17.0,82.0,23.6,61.7
2018-03-13 08:00:00,19.0,73.0,24.4,59.4
2018-03-13 08:30:00,21.0,57.0,25.8,56.2
2018-03-13 09:00:00,23.0,61.0,27.3,53.3
2018-03-13 09:30:00,25.0,54.0,28.2,46.7
2018-03-13 10:00:00,27.0,48.0,29.2,45.2
2018-03-13 10:30:00,29.0,39.5,30.4,38.2
2018-03-13 11:00:00,31.0,31.0,31.3,31.5
2018-03-13 11:30:00,32.0,21.0,32.0,28.0
2018-03-13 12:00:00,33.0,24.0,32.6,26.3
2018-03-13 12:30:00,34.0,20.0,33.0,26.9
2018-03-13 13:00:00,35.0,18.0,33.7,24.6
2018-03-13 13:30:00,35.0,18.0,34.0,24.6
2018-03-13 14:00:00,36.0,17.0,34.5,22.3
2018-03-13 14:30:00,36.0,17.0,34.9,22.3
2018-03-13 15:00:00,36.0,16.0,35.0,21.1
2018-03-13 15:30:00,36.0,16.0,35.0,19.9
2018-03-13 16:00:00,36.0,14.0,34.9,21.1
2018-03-13 16:30:00,36.0,14.0,34.7,21.1
2018-03-13 17:00:00,35.0,14.0,34.2,21.1
2018-03-13 17:30:00,34.0,14.0,33.4,22.2
2018-03-13 18:00:00,34.0,15.0,32.5,23.4
2018-03-13 18:30:00,33.0,16.0,31.5,24.5
2018-03-13 19:00:00,32.0,18.0,31.1,25.6
2018-03-13 19:30:00,30.0,20.0,30.7,25.6
2018-03-13 20:00:00,29.0,25.0,30.4,26.8
2018-03-13 20:30:00,27.0,27.0,30.0,29.1
2018-03-13 21:00:00,28.0,26.0,29.7,27.9
2018-03-13 21:30:00,28.0,26.0,29.3,32.5
2018-03-13 22:00:00,28.0,26.0,28.9,34.7
2018-03-13 22:30:00,26.0,32.0,28.6,37.5
2018-03-13 23:00:00,25.5,35.5,28.4,39.1
2018-03-13 23:30:00,25.0,39.0,28.2,40.2
2018-03-14 00:00:00,24.0,41.0,28.1,40.7
2018-03-14 00:30:00,24.0,41.0,27.9,41.2
2018-03-14 01:00:00,24.0,41.0,27.7,41.2
2018-03-14 01:30:00,23.0,44.0,27.5,42.8
2018-03-14 02:00:00,23.0,44.0,27.2,43.9
2018-03-14 02:30:00,22.0,49.0,27.0,43.9
2018-03-14 03:00:00,22.0,50.0,26.8,44.4
2018-03-14 03:30:00,22.0,50.0,26.5,42.7
2018-03-14 04:00:00,24.0,34.0,26.2,42.2
2018-03-14 04:30:00,24.0,32.5,26.1,43.2
2018-03-14 05:00:00,24.0,31.0,26.0,40.5
2018-03-14 05:30:00,23.0,30.0,25.5,43.2
2018-03-14 06:00:00,23.0,33.0,25.4,38.8
2018-03-14 06:30:00,22.0,35.0,25.7,37.7
2018-03-14 07:00:00,22.0,35.0,25.4,40.5
2018-03-14 07:30:00,21.0,38.0,25.9,36.7
2018-03-14 08:00:00,23.0,36.0,26.6,35.6
2018-03-14 08:30:00,23.0,35.0,27.0,34.5
2018-03-14 09:00:00,25.0,29.5,27.7,34.6
2018-03-14 09:30:00,27.0,24.0,28.3,31.2
2018-03-14 10:00:00,27.5,23.5,29.0,26.7
2018-03-14 10:30:00,28.0,23.0,29.2,27.3
2018-03-14 11:00:00,29.0,22.0,30.2,26.7
2018-03-14 11:30:00,30.0,15.0,30.4,27.9
2018-03-14 12:00:00,30.0,20.0,31.4,26.8
2018-03-14 12:30:00,31.0,19.0,32.2,26.9
2018-03-14 13:00:00,32.0,20.0,32.6,25.2
2018-03-14 13:30:00,33.0,18.0,33.2,23.4
2018-03-14 14:00:00,33.0,20.0,33.6,24.6
2018-03-14 14:30:00,34.0,15.0,33.6,24.6
2018-03-14 15:00:00,34.0,17.0,33.9,24.6
2018-03-14 15:30:00,34.0,21.0,33.7,24.6
2018-03-14 16:00:00,34.0,21.0,33.3,25.8
2018-03-14 16:30:00,34.0,21.0,32.8,26.9
2018-03-14 17:00:00,34.0,21.0,32.3,30.4
2018-03-14 17:30:00,32.0,19.0,31.6,31.5
2018-03-14 18:00:00,33.0,23.0,31.0,33.2
2018-03-14 18:30:00,31.0,29.0,30.3,37.1
2018-03-14 19:00:00,30.5,29.0,29.7,37.6
2018-03-14 19:30:00,30.0,29.0,29.5,36.4
2018-03-14 20:00:00,28.0,32.0,29.3,35.3
2018-03-14 20:30:00,26.0,38.0,29.1,35.3
2018-03-14 21:00:00,26.5,36.0,28.9,36.9
2018-03-14 21:30:00,27.0,34.0,28.6,37.5
2018-03-14 22:00:00,27.0,32.0,28.5,38.0
2018-03-14 22:30:00,26.0,36.0,28.0,40.7
2018-03-14 23:00:00,24.0,40.0,27.7,42.3
2018-03-14 23:30:00,22.0,44.0,27.2,43.4
2018-03-15 00:00:00,24.0,38.0,27.1,44.4
2018-03-15 00:30:00,23.0,41.0,27.0,43.9
2018-03-15 01:00:00,22.0,46.0,27.0,43.9
2018-03-15 01:30:00,22.0,46.0,26.8,43.8
2018-03-15 02:00:00,22.0,46.0,26.6,44.9
2018-03-15 02:30:00,22.0,46.0,26.2,44.9
2018-03-15 03:00:00,23.0,44.0,25.7,47.4
2018-03-15 03:30:00,22.0,46.0,25.4,48.5
2018-03-15 04:00:00,22.0,46.0,25.2,47.4
2018-03-15 04:30:00,21.5,49.5,25.2,47.4
2018-03-15 05:00:00,21.0,53.0,25.0,47.4
2018-03-15 05:30:00,20.0,46.0,24.9,47.4
2018-03-15 06:00:00,20.0,56.0,24.6,47.8
2018-03-15 06:30:00,20.0,56.0,24.3,46.8
2018-03-15 07:00:00,20.0,49.0,24.7,43.1
2018-03-15 07:30:00,21.0,46.0,24.5,42.5
2018-03-15 08:00:00,22.0,41.0,25.0,41.5
2018-03-15 08:30:00,23.0,41.0,25.4,41.5
2018-03-15 09:00:00,24.0,44.0,26.5,40.0
2018-03-15 09:30:00,25.5,39.0,27.4,39.0
2018-03-15 10:00:00,27.0,34.0,27.6,39.6
2018-03-15 10:30:00,27.0,34.0,28.0,38.0
2018-03-15 11:00:00,27.0,34.0,28.5,38.0
2018-03-15 11:30:00,28.0,30.0,29.8,35.9
2018-03-15 12:00:00,28.0,32.0,29.0,35.8
2018-03-15 12:30:00,28.0,32.0,30.0,33.1
2018-03-15 13:00:00,29.0,30.0,29.7,33.1
2018-03-15 13:30:00,29.0,30.0,31.4,31.5
2018-03-15 14:00:00,31.0,27.0,32.2,30.4
2018-03-15 14:30:00,33.0,19.0,32.0,32.7
2018-03-15 15:00:00,32.0,27.0,32.2,29.8
2018-03-15 15:30:00,32.0,24.0,31.9,32.7
2018-03-15 16:00:00,32.0,24.0,32.1,28.1
2018-03-15 16:30:00,32.0,24.0,32.0,31.5
2018-03-15 17:00:00,31.0,23.5,31.5,34.9
2018-03-15 17:30:00,31.0,23.0,31.1,30.3
2018-03-15 18:00:00,31.0,27.0,30.2,34.8
2018-03-15 18:30:00,30.0,37.0,29.3,38.1
2018-03-15 19:00:00,29.0,39.5,28.6,41.3
2018-03-15 19:30:00,28.0,42.0,28.6,41.3
2018-03-15 20:00:00,27.0,45.0,28.4,42.4
2018-03-15 20:30:00,25.0,42.0,28.1,45.1
2018-03-15 21:00:00,27.0,48.0,27.6,49.2
2018-03-15 21:30:00,26.0,51.0,27.3,50.8
2018-03-15 22:00:00,26.0,51.0,27.2,51.3
2018-03-15 22:30:00,25.0,54.0,27.3,51.3
2018-03-15 23:00:00,25.0,50.0,26.7,52.8
2018-03-15 23:30:00,25.0,50.0,26.1,53.7
2018-03-16 00:00:00,24.0,53.0,26.3,51.7
2018-03-16 00:30:00,24.0,53.0,26.3,51.2
2018-03-16 01:00:00,23.0,57.0,26.4,50.6
2018-03-16 01:30:00,23.0,57.0,26.4,50.6
2018-03-16 02:00:00,22.3,59.3,26.0,50.1
2018-03-16 02:30:00,21.6,61.6,25.8,49.5
2018-03-16 03:00:00,21.0,64.0,25.6,49.5
2018-03-16 03:30:00,21.0,64.0,25.5,49.5
2018-03-16 04:00:00,21.0,64.0,25.7,49.0
2018-03-16 04:30:00,21.0,64.0,25.4,50.0
2018-03-16 05:00:00,20.0,68.0,25.5,49.5
2018-03-16 05:30:00,20.0,77.0,25.4,50.0
2018-03-16 06:00:00,20.0,73.0,25.2,50.5
2018-03-16 06:30:00,19.0,83.0,25.3,50.5
2018-03-16 07:00:00,18.0,83.0,25.0,51.5
2018-03-16 07:30:00,18.0,83.0,25.0,52.0
2018-03-16 08:00:00,20.0,78.0,24.4,55.5
2018-03-16 08:30:00,22.0,62.0,24.7,56.0
2018-03-16 09:00:00,22.0,64.0,25.2,55.1
2018-03-16 09:30:00,23.0,61.0,27.2,53.3
2018-03-16 10:00:00,24.0,50.0,28.4,50.9
2018-03-16 10:30:00,25.0,44.0,28.9,49.9
2018-03-16 11:00:00,26.0,44.0,29.3,48.9
2018-03-16 11:30:00,28.0,24.0,29.5,47.9
2018-03-16 12:00:00,29.0,35.0,29.8,47.9
2018-03-16 12:30:00,29.0,35.0,29.9,47.9
2018-03-16 13:00:00,30.0,33.0,30.0,47.4
2018-03-16 13:30:00,30.0,33.0,30.3,46.4
2018-03-16 14:00:00,31.0,29.0,30.2,45.3
2018-03-16 14:30:00,32.0,19.0,29.5,45.7
2018-03-16 15:00:00,31.0,27.0,29.5,45.7
2018-03-16 15:30:00,31.0,27.0,29.7,47.9
2018-03-16 16:00:00,31.0,24.0,29.7,47.9
2018-03-16 16:30:00,31.0,24.0,29.8,47.9
2018-03-16 17:00:00,30.0,25.0,29.8,47.9
2018-03-16 17:30:00,29.0,25.0,29.8,47.9
2018-03-16 18:00:00,28.0,30.0,29.9,47.9
2018-03-16 18:30:00,27.0,32.0,29.1,46.8
2018-03-16 19:00:00,27.0,34.0,28.7,46.7
2018-03-16 19:30:00,26.0,36.0,28.5,46.7
2018-03-16 20:00:00,26.0,34.0,28.3,46.7
2018-03-16 20:30:00,25.0,31.0,28.1,46.6
2018-03-16 21:00:00,24.0,38.0,28.0,47.7
2018-03-16 21:30:00,24.0,38.0,27.9,47.7
2018-03-16 22:00:00,24.0,38.0,27.8,47.7
2018-03-16 22:30:00,23.5,39.5,27.8,48.2
2018-03-16 23:00:00,23.0,41.0,27.7,48.2
2018-03-16 23:30:00,23.0,39.0,27.7,48.2
2018-03-17 00:00:00,22.0,46.0,27.7,48.7
2018-03-17 00:30:00,20.0,52.0,27.6,48.2
2018-03-17 01:00:00,19.0,56.0,27.6,48.2
2018-03-17 01:30:00,19.0,56.0,27.6,48.7
2018-03-17 02:00:00,19.0,56.0,27.6,48.2
2018-03-17 02:30:00,19.0,46.0,27.6,48.2
2018-03-17 03:00:00,18.0,64.0,27.6,48.2
2018-03-17 03:30:00,18.0,64.0,27.6,48.2
2018-03-17 04:00:00,18.0,64.0,27.6,48.2
2018-03-17 04:30:00,18.0,64.0,27.6,48.2
2018-03-17 05:00:00,17.0,68.0,27.6,48.2
2018-03-17 05:30:00,17.0,69.0,27.6,48.2
2018-03-17 06:00:00,17.0,68.0,27.6,48.2
2018-03-17 06:30:00,16.0,72.0,27.6,48.7
2018-03-17 07:00:00,16.0,77.0,27.6,48.2
2018-03-17 07:30:00,16.0,77.0,27.5,48.2
2018-03-17 08:00:00,19.0,64.0,27.5,48.2
2018-03-17 08:30:00,20.0,55.0,27.5,48.2
2018-03-17 09:00:00,21.0,56.0,27.4,48.1
2018-03-17 09:30:00,22.0,53.0,27.5,48.2
2018-03-17 10:00:00,24.0,47.0,27.5,48.2
2018-03-17 10:30:00,25.0,41.0,27.6,48.2
2018-03-17 11:00:00,26.0,39.0,27.8,47.7
2018-03-17 11:30:00,28.0,25.0,28.0,47.7
2018-03-17 12:00:00,28.0,30.0,28.2,47.7
2018-03-17 12:30:00,29.0,27.0,28.3,47.2
2018-03-17 13:00:00,30.0,23.0,28.4,46.7
2018-03-17 13:30:00,30.0,23.0,28.5,46.7
2018-03-17 14:00:00,31.0,22.0,28.6,46.2
2018-03-17 14:30:00,31.0,16.0,28.8,45.7
2018-03-17 15:00:00,31.0,19.0,28.9,45.7
2018-03-17 15:30:00,31.0,18.0,29.1,45.2
2018-03-17 16:00:00,31.0,18.0,29.1,45.2
2018-03-17 16:30:00,31.0,19.0,29.2,44.6
2018-03-17 17:00:00,30.0,20.0,29.2,44.6
2018-03-17 17:30:00,29.0,21.0,29.2,44.1
2018-03-17 18:00:00,29.0,22.0,29.1,43.5
2018-03-17 18:30:00,27.0,24.0,28.9,43.5
2018-03-17 19:00:00,27.0,26.0,28.0,42.3
2018-03-17 19:30:00,26.0,30.0,28.3,42.4
2018-03-17 20:00:00,25.0,32.0,28.5,42.4
2018-03-17 20:30:00,25.0,36.0,28.5,42.4
2018-03-17 21:00:00,25.0,36.0,28.4,42.4
2018-03-17 21:30:00,25.0,36.0,28.4,42.4
2018-03-17 22:00:00,24.5,37.0,28.4,42.4
2018-03-17 22:30:00,24.0,38.0,28.4,42.4
2018-03-17 23:00:00,24.0,38.0,28.4,42.4
2018-03-17 23:30:00,22.0,43.0,28.4,42.4
2018-03-18 00:00:00,23.0,41.0,28.4,42.4
2018-03-18 00:30:00,23.0,41.0,28.4,42.4
2018-03-18 01:00:00,22.0,46.0,28.4,42.4
2018-03-18 01:30:00,22.0,46.0,28.3,42.4
2018-03-18 02:00:00,21.0,49.0,28.3,42.4
2018-03-18 02:30:00,19.0,65.0,28.3,42.4
2018-03-18 03:00:00,19.0,56.0,28.3,42.4
2018-03-18 03:30:00,17.0,63.0,28.3,42.4
2018-03-18 04:00:00,17.0,63.0,28.3,42.4
2018-03-18 04:30:00,17.0,59.0,28.3,42.4
2018-03-18 05:00:00,17.0,64.0,28.3,42.4
2018-03-18 05:30:00,17.0,69.0,28.3,42.4
2018-03-18 06:00:00,16.0,68.0,28.3,42.4
2018-03-18 06:30:00,16.0,68.0,28.3,42.4
2018-03-18 07:00:00,16.0,68.0,28.2,42.9
2018-03-18 07:30:00,17.0,68.0,28.1,42.9
2018-03-18 08:00:00,17.0,63.0,28.0,42.3
2018-03-18 08:30:00,20.0,46.0,24.5,46.2
2018-03-18 09:00:00,22.0,46.0,25.6,44.2
2018-03-18 09:30:00,24.0,41.0,26.2,41.1
2018-03-18 10:00:00,25.0,39.0,27.1,39.0
2018-03-18 10:30:00,26.0,36.0,27.6,36.8
2018-03-18 11:00:00,27.0,32.0,28.4,35.2
2018-03-18 11:30:00,28.0,28.0,29.1,32.4
2018-03-18 12:00:00,29.0,25.0,29.5,30.2
2018-03-18 12:30:00,30.0,22.0,30.2,29.1
2018-03-18 13:00:00,31.0,21.0,30.7,26.2
2018-03-18 13:30:00,31.0,21.0,31.4,24.5
2018-03-18 14:00:00,31.0,21.0,31.7,21.5
2018-03-18 14:30:00,33.0,15.0,31.9,22.1
2018-03-18 15:00:00,31.0,21.0,32.3,23.4
2018-03-18 15:30:00,32.0,17.0,32.3,23.4
2018-03-18 16:00:00,31.0,17.0,31.9,22.7
2018-03-18 16:30:00,31.0,18.0,31.8,23.9
2018-03-18 17:00:00,31.0,18.5,31.5,24.5
2018-03-18 17:30:00,31.0,19.0,30.6,25.0
2018-03-18 18:00:00,29.0,23.0,29.8,25.6
2018-03-18 18:30:00,28.0,26.0,28.8,27.8
2018-03-18 19:00:00,28.0,26.0,28.3,30.1
2018-03-18 19:30:00,28.0,28.0,28.1,32.3
2018-03-18 20:00:00,27.0,32.0,27.5,34.6
2018-03-18 20:30:00,25.0,36.0,27.0,36.7
2018-03-18 21:00:00,26.0,34.0,26.6,38.9
2018-03-18 21:30:00,26.0,36.0,26.2,40.5
2018-03-18 22:00:00,25.0,36.0,26.2,41.6
2018-03-18 22:30:00,25.0,39.0,26.2,41.6
2018-03-18 23:00:00,24.0,41.0,25.8,42.1
2018-03-18 23:30:00,23.0,46.0,25.5,42.1
2018-03-19 00:00:00,23.0,44.0,25.4,43.1
2018-03-19 00:30:00,23.0,44.0,25.0,44.2
2018-03-19 01:00:00,23.0,44.0,24.5,45.2
2018-03-19 01:30:00,22.5,45.0,24.2,45.1
2018-03-19 02:00:00,22.0,46.0,24.7,45.2
2018-03-19 02:30:00,21.0,50.0,24.8,44.7
2018-03-19 03:00:00,21.0,49.0,24.7,44.1
2018-03-19 03:30:00,20.0,52.0,24.7,42.5
2018-03-19 04:00:00,20.0,52.0,24.4,44.1
2018-03-19 04:30:00,19.5,56.0,23.9,45.1
2018-03-19 05:00:00,19.0,60.0,23.5,45.6
2018-03-19 05:30:00,18.0,65.0,23.5,46.1
2018-03-19 06:00:00,19.0,64.0,23.3,47.1
2018-03-19 06:30:00,18.0,68.0,22.9,48.6
2018-03-19 07:00:00,18.0,68.0,22.9,49.2
2018-03-19 07:30:00,19.0,64.0,23.3,48.2
2018-03-19 08:00:00,20.0,60.0,24.0,46.2
2018-03-19 08:30:00,22.0,47.0,25.3,43.1
2018-03-19 09:00:00,23.0,50.0,26.7,41.1
2018-03-19 09:30:00,25.0,41.0,27.9,36.8
2018-03-19 10:00:00,26.0,42.0,28.7,32.4
2018-03-19 10:30:00,28.0,32.0,29.4,30.2
2018-03-19 11:00:00,29.0,30.0,30.3,27.4
2018-03-19 11:30:00,31.0,18.0,31.4,26.8
2018-03-19 12:00:00,31.0,21.0,31.8,24.5
2018-03-19 12:30:00,32.0,18.0,32.6,23.4
2018-03-19 13:00:00,32.0,18.0,32.6,21.0
2018-03-19 13:30:00,32.5,17.5,32.9,21.0
2018-03-19 14:00:00,33.0,17.0,33.6,17.4
2018-03-19 14:30:00,35.0,16.0,33.9,19.8
2018-03-19 15:00:00,35.0,12.0,33.8,19.8
2018-03-19 15:30:00,34.0,16.0,33.7,19.8
2018-03-19 16:00:00,34.0,19.0,33.3,18.6
2018-03-19 16:30:00,34.0,20.0,32.7,19.8
2018-03-19 17:00:00,33.0,22.0,31.9,23.9
2018-03-19 17:30:00,32.0,24.0,31.2,26.8
2018-03-19 18:00:00,31.0,25.0,30.3,29.1
2018-03-19 18:30:00,29.0,30.0,29.5,34.2
2018-03-19 19:00:00,28.0,32.0,28.8,38.6
2018-03-19 19:30:00,28.0,37.0,28.4,43.5
2018-03-19 20:00:00,27.0,39.0,27.9,46.6
2018-03-19 20:30:00,26.0,41.0,27.9,46.1
2018-03-19 21:00:00,26.5,40.0,27.9,45.0
2018-03-19 21:30:00,27.0,39.0,27.7,43.4
2018-03-19 22:00:00,26.0,36.0,27.5,43.4
2018-03-19 22:30:00,25.0,40.0,27.4,43.3
2018-03-19 23:00:00,24.0,44.0,27.3,42.8
2018-03-19 23:30:00,22.0,52.0,26.9,43.3
2018-03-20 00:00:00,23.0,47.0,26.6,43.8
2018-03-20 00:30:00,23.0,47.0,26.4,44.3
2018-03-20 01:00:00,22.0,53.0,26.3,45.4
2018-03-20 01:30:00,22.0,53.0,26.2,46.4
2018-03-20 02:00:00,21.0,56.0,26.1,47.4
2018-03-20 02:30:00,21.0,56.0,26.0,48.0
2018-03-20 03:00:00,21.0,56.0,25.9,48.5
2018-03-20 03:30:00,21.0,56.0,25.6,49.0
2018-03-20 04:00:00,21.0,56.0,25.7,48.4
2018-03-20 04:30:00,19.0,64.0,25.0,49.4
2018-03-20 05:00:00,19.0,64.0,24.2,50.3
2018-03-20 05:30:00,19.0,66.0,23.8,50.8
2018-03-20 06:00:00,19.0,68.0,24.0,51.3
2018-03-20 06:30:00,19.0,64.0,24.6,50.9
2018-03-20 07:00:00,18.0,68.0,24.4,51.4
2018-03-20 07:30:00,18.0,73.0,24.7,51.9
2018-03-20 08:00:00,20.0,64.0,25.6,49.5
2018-03-20 08:30:00,23.0,48.0,26.5,47.5
2018-03-20 09:00:00,23.0,50.0,27.3,43.4
2018-03-20 09:30:00,25.0,47.0,28.9,39.7
2018-03-20 10:00:00,27.0,42.0,29.7,36.5
2018-03-20 10:30:00,30.0,29.0,30.8,25.6
2018-03-20 11:00:00,31.0,18.0,31.5,26.9
2018-03-20 11:30:00,34.0,15.0,32.3,26.9
2018-03-20 12:00:00,34.0,19.0,32.7,24.6
2018-03-20 12:30:00,34.0,19.0,33.1,23.4
2018-03-20 13:00:00,34.0,19.0,33.8,23.5
2018-03-20 13:30:00,35.0,18.0,34.0,23.5
2018-03-20 14:00:00,36.0,17.0,34.3,23.5
2018-03-20 14:30:00,35.0,35.0,34.6,23.5
2018-03-20 15:00:00,36.0,17.0,34.4,24.1
2018-03-20 15:30:00,35.0,18.0,34.4,24.7
2018-03-20 16:00:00,35.0,18.0,33.5,28.8
2018-03-20 16:30:00,35.0,18.0,33.1,29.3
2018-03-20 17:00:00,34.0,19.0,32.6,30.4
2018-03-20 17:30:00,33.0,21.0,32.1,31.5
2018-03-20 18:00:00,32.0,26.0,31.5,33.2
2018-03-20 18:30:00,32.0,26.0,31.0,34.9
2018-03-20 19:00:00,31.0,27.0,30.6,36.0
2018-03-20 19:30:00,30.0,29.0,30.5,34.3
2018-03-20 20:00:00,30.0,29.0,30.3,33.7
2018-03-20 20:30:00,28.0,33.0,30.1,35.9
2018-03-20 21:00:00,29.0,30.0,29.9,37.0
2018-03-20 21:30:00,28.0,32.0,29.6,38.1
2018-03-20 22:00:00,27.0,37.0,29.5,38.1
2018-03-20 22:30:00,27.0,37.0,29.4,39.7
2018-03-20 23:00:00,27.0,39.0,28.9,41.3
2018-03-20 23:30:00,26.0,43.0,28.5,42.4
2018-03-21 00:00:00,27.0,39.0,28.0,44.0
2018-03-21 00:30:00,26.0,42.0,27.9,43.9
2018-03-21 01:00:00,26.0,42.0,27.7,45.0
2018-03-21 01:30:00,26.0,42.0,27.7,44.5
2018-03-21 02:00:00,25.0,47.0,27.2,48.1
2018-03-21 02:30:00,25.0,47.0,27.2,49.2
2018-03-21 03:00:00,24.5,48.5,27.0,50.7
2018-03-21 03:30:00,24.0,50.0,27.0,49.7
2018-03-21 04:00:00,23.0,57.0,26.9,47.5
2018-03-21 04:30:00,23.0,57.0,26.6,50.6
2018-03-21 05:00:00,23.0,57.0,26.5,51.7
2018-03-21 05:30:00,23.0,58.0,26.6,51.7
2018-03-21 06:00:00,23.0,57.0,26.5,50.6
2018-03-21 06:30:00,23.0,57.0,26.3,51.1
2018-03-21 07:00:00,23.0,53.0,26.0,51.1
2018-03-21 07:30:00,24.0,50.0,25.9,50.6
2018-03-21 08:00:00,25.0,47.0,26.4,48.5
2018-03-21 08:30:00,26.0,44.0,26.3,48.5
2018-03-21 09:00:00,27.0,39.0,27.7,45.5
2018-03-21 09:30:00,28.0,37.0,28.7,42.4
2018-03-21 10:00:00,28.0,37.0,29.4,41.4
2018-03-21 10:30:00,28.0,37.0,29.6,40.3
2018-03-21 11:00:00,29.0,33.0,29.5,39.2
2018-03-21 11:30:00,32.0,19.0,30.6,38.2
2018-03-21 12:00:00,32.0,27.0,31.7,34.9
2018-03-21 12:30:00,32.0,27.0,31.8,33.8
2018-03-21 13:00:00,32.0,27.0,32.2,33.9
2018-03-21 13:30:00,32.0,27.0,32.3,25.7
2018-03-21 14:00:00,32.0,33.0,32.3,25.7
2018-03-21 14:30:00,32.0,36.0,32.6,29.9
2018-03-21 15:00:00,30.0,35.0,31.8,33.8
2018-03-21 15:30:00,30.0,35.0,31.9,31.5
2018-03-21 16:00:00,30.0,35.0,32.1,32.7
2018-03-21 16:30:00,30.0,35.0,31.7,33.2
2018-03-21 17:00:00,29.0,40.0,30.9,37.7
2018-03-21 17:30:00,29.0,38.0,30.2,39.3
2018-03-21 18:00:00,28.0,42.0,29.5,41.4
2018-03-21 18:30:00,27.0,45.0,28.8,44.0
2018-03-21 19:00:00,26.0,51.0,28.3,45.6
2018-03-21 19:30:00,26.0,54.0,27.9,52.9
2018-03-21 20:00:00,26.0,56.5,27.6,54.4
2018-03-21 20:30:00,26.0,59.0,27.3,55.3
2018-03-21 21:00:00,25.0,57.0,27.0,56.8
2018-03-21 21:30:00,24.0,63.0,26.6,58.7
2018-03-21 22:00:00,23.0,69.0,26.0,60.6
2018-03-21 22:30:00,23.0,69.0,25.7,61.5
2018-03-21 23:00:00,23.0,69.0,25.1,62.9
2018-03-21 23:30:00,23.0,73.0,24.3,65.1
2018-03-22 00:00:00,23.0,61.0,24.5,63.7
2018-03-22 00:30:00,23.0,61.0,24.4,62.3
2018-03-22 01:00:00,22.0,57.0,24.1,57.9
2018-03-22 01:30:00,22.0,57.0,24.0,53.9
2018-03-22 02:00:00,21.0,60.0,23.9,54.9
2018-03-22 02:30:00,21.0,59.0,23.9,55.4
2018-03-22 03:00:00,21.0,64.0,23.7,57.3
2018-03-22 03:30:00,21.0,64.0,23.4,59.2
2018-03-22 04:00:00,21.0,68.0,23.3,61.2
2018-03-22 04:30:00,21.0,68.0,23.4,61.7
2018-03-22 05:00:00,21.0,68.0,23.7,60.7
2018-03-22 05:30:00,20.0,74.0,23.9,60.3
2018-03-22 06:00:00,18.0,88.0,24.0,59.3
2018-03-22 06:30:00,17.0,94.0,24.0,58.8
2018-03-22 07:00:00,17.0,94.0,23.9,58.8
2018-03-22 07:30:00,17.0,94.0,24.2,58.9
2018-03-22 08:00:00,19.0,83.0,24.2,59.4
2018-03-22 08:30:00,20.0,83.0,25.0,57.0
2018-03-22 09:00:00,21.0,78.0,25.5,55.6
2018-03-22 09:30:00,23.0,69.0,26.7,52.7
2018-03-22 10:00:00,24.0,65.0,28.2,48.8
2018-03-22 10:30:00,25.0,61.0,28.5,46.7
2018-03-22 11:00:00,26.0,54.0,29.2,38.1
2018-03-22 11:30:00,28.0,40.0,29.5,38.7
2018-03-22 12:00:00,29.0,40.0,30.4,37.1
2018-03-22 12:30:00,28.0,42.0,30.8,34.9
2018-03-22 13:00:00,30.0,33.0,30.4,36.0
2018-03-22 13:30:00,30.0,33.0,29.7,38.1
2018-03-22 14:00:00,31.0,29.0,29.4,40.3
2018-03-22 14:30:00,31.0,25.0,30.5,38.2
2018-03-22 15:00:00,31.0,33.0,30.7,36.0
2018-03-22 15:30:00,31.0,31.0,30.3,35.9
2018-03-22 16:00:00,31.0,31.0,30.2,38.7
2018-03-22 16:30:00,30.5,32.0,29.8,39.2
2018-03-22 17:00:00,30.0,33.0,29.9,38.1
2018-03-22 17:30:00,29.0,37.0,29.4,39.7
2018-03-22 18:00:00,28.0,42.0,28.5,42.9
2018-03-22 18:30:00,27.0,48.0,28.0,44.5
2018-03-22 19:00:00,26.0,51.0,27.5,46.6
2018-03-22 19:30:00,25.0,54.0,26.8,50.7
2018-03-22 20:00:00,26.0,47.0,26.4,51.7
2018-03-22 20:30:00,25.0,48.0,26.2,51.6
2018-03-22 21:00:00,25.0,50.0,26.0,51.6
2018-03-22 21:30:00,24.0,53.0,25.8,52.6
2018-03-22 22:00:00,24.0,53.0,25.6,52.1
2018-03-22 22:30:00,24.0,53.0,25.4,52.0
2018-03-22 23:00:00,24.0,53.0,25.2,52.0
2018-03-22 23:30:00,23.0,57.0,25.2,52.0
2018-03-23 00:00:00,22.666666666666668,58.0,25.0,52.5
2018-03-23 00:30:00,22.333333333333332,59.0,25.0,52.5
2018-03-23 01:00:00,22.0,60.0,24.7,53.0
2018-03-23 01:30:00,22.0,60.0,24.6,53.4
2018-03-23 02:00:00,22.0,60.0,24.4,53.9
2018-03-23 02:30:00,21.0,60.0,24.0,54.9
2018-03-23 03:00:00,21.0,64.0,24.0,54.9
2018-03-23 03:30:00,20.0,68.0,23.7,56.8
2018-03-23 04:00:00,20.0,68.0,23.3,58.2
2018-03-23 04:30:00,19.0,73.0,23.1,58.7
2018-03-23 05:00:00,19.0,72.5,23.0,59.2
2018-03-23 05:30:00,19.0,72.0,22.9,59.1
2018-03-23 06:00:00,18.0,77.0,22.7,60.1
2018-03-23 06:30:00,18.0,77.0,22.5,60.5
2018-03-23 07:00:00,17.0,82.0,22.6,60.6
2018-03-23 07:30:00,17.0,82.0,23.2,59.7
2018-03-23 08:00:00,19.0,73.0,23.7,58.3
2018-03-23 08:30:00,20.0,68.0,24.2,56.4
2018-03-23 09:00:00,21.0,64.0,25.3,53.6
2018-03-23 09:30:00,22.0,60.0,26.0,51.6
2018-03-23 10:00:00,22.0,60.0,26.6,49.1
2018-03-23 10:30:00,24.0,52.0,27.1,45.5
2018-03-23 11:00:00,26.0,44.0,27.8,42.3
2018-03-23 11:30:00,27.0,36.0,28.3,39.1
2018-03-23 12:00:00,27.0,37.0,28.7,39.1
2018-03-23 12:30:00,28.0,35.0,29.2,38.1
2018-03-23 13:00:00,28.5,32.5,29.6,37.6
2018-03-23 13:30:00,29.0,30.0,29.8,35.9
2018-03-23 14:00:00,29.5,27.5,30.1,33.7
2018-03-23 14:30:00,30.0,25.0,30.3,34.8
2018-03-23 15:00:00,29.0,30.0,30.5,33.7
2018-03-23 15:30:00,30.0,29.0,30.6,34.9
2018-03-23 16:00:00,30.0,31.0,30.6,34.8
2018-03-23 16:30:00,30.0,33.0,30.5,35.4
2018-03-23 17:00:00,30.0,37.0,30.0,37.0
2018-03-23 17:30:00,29.0,37.0,29.6,38.1
2018-03-23 18:00:00,29.0,42.0,28.9,39.1
2018-03-23 18:30:00,28.0,42.0,28.2,40.7
2018-03-23 19:00:00,27.0,45.0,27.8,41.8
2018-03-23 19:30:00,27.0,45.0,27.5,43.4
2018-03-23 20:00:00,25.0,47.0,27.2,44.4
2018-03-23 20:30:00,25.0,46.0,27.0,45.4
2018-03-23 21:00:00,25.0,47.0,27.0,46.5
2018-03-23 21:30:00,24.0,50.0,26.8,47.0
2018-03-23 22:00:00,24.0,50.0,26.7,48.1
2018-03-23 22:30:00,24.0,50.0,26.4,48.5
2018-03-23 23:00:00,24.0,50.0,26.3,49.6
2018-03-23 23:30:00,23.0,60.0,26.1,50.6
2018-03-24 00:00:00,24.0,53.0,25.7,51.6
2018-03-24 00:30:00,24.0,53.0,25.4,52.5
2018-03-24 01:00:00,23.0,57.0,25.3,53.0
2018-03-24 01:30:00,23.0,57.0,25.2,53.5
2018-03-24 02:00:00,22.0,60.0,25.0,53.5
2018-03-24 02:30:00,22.0,63.0,24.7,54.5
2018-03-24 03:00:00,21.0,64.0,24.6,55.0
2018-03-24 03:30:00,20.0,68.0,24.4,55.9
2018-03-24 04:00:00,20.0,68.0,24.2,56.4
2018-03-24 04:30:00,19.5,70.5,24.0,56.9
2018-03-24 05:00:00,19.0,73.0,23.9,56.9
2018-03-24 05:30:00,19.0,74.0,23.7,57.3
2018-03-24 06:00:00,18.0,77.0,23.5,58.3
2018-03-24 06:30:00,18.0,77.0,23.9,58.3
2018-03-24 07:00:00,18.0,77.0,23.5,58.3
2018-03-24 07:30:00,18.0,77.0,23.9,57.8
2018-03-24 08:00:00,20.0,73.0,24.6,56.0
2018-03-24 08:30:00,21.0,64.0,25.5,53.1
2018-03-24 09:00:00,22.0,60.0,26.3,51.1
2018-03-24 09:30:00,23.0,58.5,27.1,48.6
2018-03-24 10:00:00,24.0,57.0,27.8,46.1
2018-03-24 10:30:00,26.0,47.0,28.3,45.1
2018-03-24 11:00:00,27.0,45.0,29.1,42.5
2018-03-24 11:30:00,30.0,32.0,29.9,40.4
2018-03-24 12:00:00,30.5,31.5,30.5,38.2
2018-03-24 12:30:00,31.0,31.0,31.0,34.9
2018-03-24 13:00:00,31.0,27.0,31.7,32.7
2018-03-24 13:30:00,31.0,29.0,31.9,31.5
2018-03-24 14:00:00,32.0,27.0,32.4,30.4
2018-03-24 14:30:00,32.5,27.5,32.7,30.4
2018-03-24 15:00:00,33.0,28.0,32.7,29.9
2018-03-24 15:30:00,33.0,28.0,32.7,30.4
2018-03-24 16:00:00,32.0,29.0,32.4,32.7
2018-03-24 16:30:00,32.0,29.0,32.1,32.7
2018-03-24 17:00:00,32.0,29.0,31.7,33.8
2018-03-24 17:30:00,32.0,27.0,31.2,34.3
2018-03-24 18:00:00,31.0,29.0,30.4,35.9
2018-03-24 18:30:00,30.0,31.0,29.5,38.1
2018-03-24 19:00:00,29.0,33.0,29.0,41.3
2018-03-24 19:30:00,28.0,35.0,28.6,42.4
2018-03-24 20:00:00,28.0,37.0,28.3,43.5
2018-03-24 20:30:00,26.0,45.0,28.0,44.5
2018-03-24 21:00:00,26.0,44.0,27.7,45.5
2018-03-24 21:30:00,26.0,44.0,27.5,46.6
2018-03-24 22:00:00,25.0,47.0,27.1,47.6
2018-03-24 22:30:00,25.0,47.0,26.9,48.1
2018-03-24 23:00:00,25.0,49.5,26.7,48.0
2018-03-24 23:30:00,25.0,52.0,26.6,48.6
2018-03-24 23:31:00,24.0,50.0,26.5,49.1
2018-03-25 00:00:00,23.0,53.0,26.4,49.6
2018-03-25 00:30:00,23.0,53.0,26.2,50.1
2018-03-25 01:00:00,22.0,60.0,26.0,51.6
2018-03-25 01:30:00,21.0,64.0,25.8,52.6
2018-03-25 02:00:00,20.5,60.0,25.5,52.6
2018-03-25 02:30:00,20.0,56.0,25.3,53.0
2018-03-25 03:00:00,20.0,68.0,25.1,53.5
2018-03-25 03:30:00,20.0,68.0,24.8,55.0
2018-03-25 04:00:00,20.0,68.0,24.6,56.5
2018-03-25 04:30:00,19.5,70.5,24.2,57.4
2018-03-25 05:00:00,19.0,73.0,23.7,58.8
2018-03-25 05:30:00,19.0,82.0,23.3,60.2
2018-03-25 06:00:00,19.0,77.5,23.1,60.7
2018-03-25 06:01:00,19.0,73.0,23.1,60.900000000000006
2018-03-25 06:30:00,18.0,77.0,23.1,61.1
2018-03-25 07:00:00,18.0,77.0,22.9,62.1
2018-03-25 07:30:00,18.0,83.0,23.6,60.7
2018-03-25 08:00:00,20.0,73.0,24.0,59.8
2018-03-25 08:30:00,21.0,68.0,25.0,57.5
2018-03-25 09:00:00,22.0,69.0,26.3,54.2
2018-03-25 09:30:00,24.0,61.0,27.2,51.3
2018-03-25 10:00:00,25.0,57.0,27.8,49.8
2018-03-25 10:30:00,28.0,45.0,28.7,46.2
2018-03-25 11:00:00,29.0,42.0,29.6,43.6
2018-03-25 11:30:00,30.0,35.0,30.3,40.4
2018-03-25 12:00:00,30.5,34.0,30.8,40.5
2018-03-25 12:30:00,31.0,33.0,31.2,37.7
2018-03-25 13:00:00,32.0,27.0,31.8,33.3
2018-03-25 13:30:00,32.0,26.0,32.4,29.3
2018-03-25 14:00:00,33.0,24.0,32.7,30.4
2018-03-25 14:30:00,33.0,23.0,32.6,28.7
2018-03-25 15:00:00,33.0,24.0,32.8,27.5
2018-03-25 15:30:00,33.0,24.0,32.8,28.1
2018-03-25 16:00:00,33.0,23.0,32.6,30.4
2018-03-25 16:30:00,33.0,23.0,32.4,27.5
2018-03-25 17:00:00,32.0,24.0,32.0,28.1
2018-03-25 17:30:00,32.0,23.0,31.5,29.2
2018-03-25 18:00:00,31.0,25.0,30.8,30.3
2018-03-25 18:30:00,30.0,27.0,30.0,32.5
2018-03-25 19:00:00,29.0,30.0,29.2,35.8
2018-03-25 19:30:00,27.5,34.5,28.7,38.0
2018-03-25 20:00:00,26.0,39.0,28.4,39.6
2018-03-25 20:30:00,27.0,39.0,28.2,41.3
2018-03-25 21:00:00,26.0,42.0,27.8,42.9
2018-03-25 21:30:00,26.0,42.0,27.6,44.4
2018-03-25 22:00:00,26.0,44.0,27.3,46.5
2018-03-25 22:30:00,26.0,47.0,26.9,48.1
2018-03-25 23:00:00,26.0,47.0,26.6,49.6
2018-03-25 23:30:00,26.0,51.0,26.4,51.1
2018-03-26 00:00:00,25.0,54.0,26.2,51.6
2018-03-26 00:30:00,24.0,57.0,25.8,53.6
2018-03-26 01:00:00,23.0,61.0,25.6,54.6
2018-03-26 01:30:00,23.0,61.0,25.6,54.6
2018-03-26 02:00:00,23.0,61.0,25.8,52.1
2018-03-26 02:30:00,22.0,67.0,25.3,54.6
2018-03-26 03:00:00,21.0,68.0,25.2,55.0
2018-03-26 03:30:00,20.5,68.0,24.8,55.5
2018-03-26 04:00:00,20.0,68.0,24.5,56.0
2018-03-26 04:30:00,19.5,68.0,24.3,55.9
2018-03-26 05:00:00,19.0,68.0,24.1,55.4
2018-03-26 05:30:00,19.0,74.0,24.0,54.9
2018-03-26 06:00:00,18.5,73.5,23.6,55.3
2018-03-26 06:30:00,18.0,73.0,23.4,56.3
2018-03-26 07:00:00,17.0,82.0,23.5,55.3
2018-03-26 07:30:00,18.0,77.0,23.9,54.4
2018-03-26 08:00:00,21.0,60.0,24.6,53.0
2018-03-26 08:30:00,23.0,52.0,25.8,50.6
2018-03-26 09:00:00,23.0,53.0,27.2,47.1
2018-03-26 09:30:00,26.0,44.0,28.5,42.4
2018-03-26 10:00:00,27.0,42.0,29.2,40.8
2018-03-26 10:30:00,29.0,37.0,29.8,40.4
2018-03-26 11:00:00,30.0,35.0,30.5,38.8
2018-03-26 11:30:00,32.0,30.0,31.2,37.2
2018-03-26 12:00:00,32.0,31.0,31.4,35.5
2018-03-26 12:30:00,32.0,29.0,32.3,32.7
2018-03-26 13:00:00,33.0,28.0,32.9,31.6
2018-03-26 13:30:00,33.5,24.5,33.2,29.3
2018-03-26 14:00:00,34.0,21.0,33.6,28.2
2018-03-26 14:30:00,34.0,20.0,33.7,25.8
2018-03-26 15:00:00,34.0,21.0,33.8,25.8
2018-03-26 15:30:00,34.0,21.0,33.7,23.5
2018-03-26 16:00:00,34.0,20.0,33.6,23.4
2018-03-26 16:30:00,34.0,21.0,33.2,25.2
2018-03-26 17:00:00,33.0,21.5,32.9,26.9
2018-03-26 17:30:00,32.0,22.0,32.1,24.5
2018-03-26 18:00:00,32.0,24.0,31.5,26.8
2018-03-26 18:30:00,32.0,26.0,30.8,29.1
2018-03-26 19:00:00,30.0,29.0,30.2,31.4
2018-03-26 19:30:00,29.0,30.0,29.7,33.6
2018-03-26 20:00:00,29.0,30.0,29.1,36.4
2018-03-26 20:30:00,28.0,36.0,28.9,37.5
2018-03-26 21:00:00,28.0,32.0,28.8,38.0
2018-03-26 21:30:00,27.0,34.0,28.6,38.0
2018-03-26 22:00:00,26.0,36.0,28.4,39.1
2018-03-26 22:30:00,25.0,38.5,28.2,40.2
2018-03-26 23:00:00,24.0,41.0,27.9,40.1
2018-03-26 23:30:00,23.0,50.0,27.6,41.2
2018-03-27 00:00:00,23.0,44.0,27.2,42.2
2018-03-27 00:30:00,23.0,44.0,26.9,42.8
2018-03-27 01:00:00,22.0,50.0,26.6,43.3
2018-03-27 01:30:00,22.0,50.0,26.3,43.8
2018-03-27 02:00:00,22.0,50.0,26.0,44.3
2018-03-27 02:30:00,21.0,53.0,25.8,44.8
2018-03-27 03:00:00,21.0,53.0,25.6,45.3
2018-03-27 03:30:00,21.0,53.0,25.4,45.3
2018-03-27 04:00:00,21.0,53.0,25.3,45.3
2018-03-27 04:30:00,20.0,60.0,25.1,45.2
2018-03-27 05:00:00,20.0,60.0,24.9,45.2
2018-03-27 05:30:00,20.0,63.0,24.8,45.2
2018-03-27 06:00:00,19.0,64.0,24.5,47.3
2018-03-27 06:30:00,19.0,64.0,24.7,46.2
2018-03-27 07:00:00,19.0,64.0,24.8,45.2
2018-03-27 07:30:00,20.0,60.0,25.4,44.2
2018-03-27 08:00:00,22.0,46.0,26.2,42.7
2018-03-27 08:30:00,25.0,36.0,27.0,42.2
2018-03-27 09:00:00,26.0,36.0,28.3,41.3
2018-03-27 09:30:00,27.0,37.0,29.6,39.2
2018-03-27 10:00:00,30.0,31.0,30.6,34.9
2018-03-27 10:30:00,30.0,31.0,31.5,31.5
2018-03-27 11:00:00,32.0,26.0,32.3,30.4
2018-03-27 11:30:00,34.0,20.0,33.2,28.2
2018-03-27 12:00:00,34.0,23.0,34.2,27.1
2018-03-27 12:30:00,36.0,19.0,34.9,23.5
2018-03-27 13:00:00,36.0,17.0,35.3,21.7
2018-03-27 13:30:00,36.0,17.0,35.8,18.7
2018-03-27 14:00:00,37.0,13.0,36.0,18.7
2018-03-27 14:30:00,38.0,13.0,36.2,17.5
2018-03-27 15:00:00,38.0,12.0,36.1,15.0
2018-03-27 15:30:00,38.0,11.666666666666666,36.2,17.5
2018-03-27 16:00:00,38.0,11.333333333333334,36.1,17.5
2018-03-27 16:01:00,38.0,11.0,36.0,17.5
2018-03-27 16:30:00,38.0,10.0,35.9,17.5
2018-03-27 17:00:00,37.0,15.0,35.3,18.7
2018-03-27 17:30:00,37.0,15.0,34.6,21.1
2018-03-27 18:00:00,36.0,15.0,33.6,19.8
2018-03-27 18:30:00,34.0,16.0,32.8,22.2
2018-03-27 19:00:00,33.0,18.0,31.9,25.7
2018-03-27 19:30:00,32.0,21.0,31.3,28.0
2018-03-27 20:00:00,31.0,22.0,31.0,29.1
2018-03-27 20:30:00,29.0,29.0,30.8,30.3
2018-03-27 21:00:00,29.0,29.0,30.6,31.4
2018-03-27 21:30:00,28.5,29.5,30.5,31.4
2018-03-27 22:00:00,28.0,30.0,30.4,32.5
2018-03-27 22:30:00,27.0,34.0,30.2,33.7
2018-03-27 23:00:00,27.0,34.0,29.9,34.2
2018-03-27 23:30:00,25.0,42.0,29.7,34.8
2018-03-28 00:00:00,26.0,36.0,29.5,37.0
2018-03-28 00:30:00,25.0,41.0,29.0,39.2
2018-03-28 01:00:00,25.0,41.0,28.9,39.1
2018-03-28 01:30:00,24.0,44.0,28.7,39.1
2018-03-28 02:00:00,24.0,44.0,28.5,40.2
2018-03-28 02:30:00,22.0,53.0,28.2,40.2
2018-03-28 03:00:00,22.0,50.0,27.7,40.1
2018-03-28 03:30:00,21.0,56.0,27.3,37.9
2018-03-28 04:00:00,21.0,53.0,27.1,36.8
2018-03-28 04:30:00,21.0,53.0,27.4,37.9
2018-03-28 05:00:00,20.0,56.0,27.1,40.1
2018-03-28 05:30:00,20.0,58.0,27.0,40.1
2018-03-28 06:00:00,20.0,52.0,26.5,38.9
2018-03-28 06:30:00,20.0,52.0,26.1,38.9
2018-03-28 07:00:00,21.0,53.0,26.3,37.8
2018-03-28 07:30:00,22.0,50.0,26.9,36.7
2018-03-28 08:00:00,24.0,41.0,27.4,35.7
2018-03-28 08:30:00,27.0,37.0,28.7,33.6
2018-03-28 09:00:00,30.0,25.0,30.3,30.3
2018-03-28 09:30:00,32.0,21.0,31.7,28.0
2018-03-28 10:00:00,33.0,18.0,32.8,23.4
2018-03-28 10:30:00,34.0,16.0,33.8,20.4
2018-03-28 11:00:00,35.0,15.0,34.5,18.7
2018-03-28 11:30:00,37.0,15.0,35.1,18.7
2018-03-28 12:00:00,36.0,15.0,35.7,18.7
2018-03-28 12:30:00,37.0,12.0,36.1,18.7
2018-03-28 13:00:00,38.0,14.0,36.6,17.5
2018-03-28 13:30:00,38.0,13.0,37.1,17.6
2018-03-28 14:00:00,38.5,14.5,37.2,16.3
2018-03-28 14:30:00,39.0,16.0,37.7,17.6
2018-03-28 15:00:00,39.0,11.0,37.8,16.4
2018-03-28 15:30:00,39.0,11.0,37.8,16.4
2018-03-28 16:00:00,39.0,11.0,37.5,17.6
2018-03-28 16:30:00,38.0,12.0,37.0,19.4
2018-03-28 17:00:00,38.0,12.0,36.3,22.4
2018-03-28 17:30:00,34.0,27.0,35.2,24.7
2018-03-28 18:00:00,34.0,23.0,34.1,27.0
2018-03-28 18:30:00,33.0,24.0,33.1,30.5
2018-03-28 19:00:00,32.0,26.0,32.5,31.6
2018-03-28 19:30:00,32.0,26.0,32.0,31.5
2018-03-28 20:00:00,31.0,31.0,31.7,32.7
2018-03-28 20:30:00,30.0,37.0,31.2,34.9
2018-03-28 21:00:00,30.0,35.0,30.9,37.1
2018-03-28 21:30:00,30.0,35.0,30.6,37.7
2018-03-28 22:00:00,29.0,37.0,30.4,38.2
2018-03-28 22:30:00,26.0,44.0,30.0,39.3
2018-03-28 23:00:00,26.0,44.0,29.6,40.9
2018-03-28 23:30:00,26.0,45.0,29.2,41.9
2018-03-29 00:00:00,25.0,47.0,28.9,41.3
2018-03-29 00:30:00,24.5,48.5,28.5,41.9
2018-03-29 01:00:00,24.0,50.0,28.3,42.4
2018-03-29 01:30:00,24.0,50.0,28.1,43.4
2018-03-29 02:00:00,24.0,50.0,27.8,44.5
2018-03-29 02:30:00,24.0,56.0,27.7,44.4
2018-03-29 03:00:00,23.5,54.5,27.2,44.4
2018-03-29 03:30:00,23.0,53.0,27.2,44.4
2018-03-29 04:00:00,22.0,57.0,26.8,44.9
2018-03-29 04:30:00,21.0,60.5,26.3,46.4
2018-03-29 05:00:00,20.0,64.0,25.5,48.4
2018-03-29 05:30:00,20.0,68.0,25.1,48.9
2018-03-29 06:00:00,20.0,64.0,24.7,49.4
2018-03-29 06:30:00,19.0,64.0,24.6,48.3
2018-03-29 07:00:00,19.0,64.0,24.7,46.8
2018-03-29 07:30:00,20.0,60.0,25.3,44.7
2018-03-29 08:00:00,23.0,47.0,26.2,42.1
2018-03-29 08:30:00,24.0,44.0,27.2,39.5
2018-03-29 09:00:00,26.0,39.0,28.5,38.0
2018-03-29 09:30:00,28.0,35.0,29.7,35.9
2018-03-29 10:00:00,30.0,31.0,30.9,34.3
2018-03-29 10:30:00,31.0,29.0,31.7,32.1
2018-03-29 11:00:00,33.0,26.0,32.6,31.6
2018-03-29 11:30:00,34.0,24.0,33.1,29.3
2018-03-29 12:00:00,35.0,22.0,33.9,28.8
2018-03-29 12:30:00,36.0,19.0,34.5,27.1
2018-03-29 13:00:00,36.0,20.0,34.9,24.7
2018-03-29 13:30:00,36.0,19.0,35.5,23.6
2018-03-29 14:00:00,37.0,17.0,35.7,23.6
2018-03-29 14:30:00,37.0,22.0,35.8,22.4
2018-03-29 15:00:00,37.0,17.0,35.9,22.4
2018-03-29 15:30:00,37.0,16.0,36.0,21.2
2018-03-29 16:00:00,37.0,16.0,35.9,22.4
2018-03-29 16:30:00,37.0,16.0,35.6,22.4
2018-03-29 17:00:00,36.0,17.0,35.2,23.5
2018-03-29 17:30:00,35.0,26.0,34.5,25.3
2018-03-29 18:00:00,34.0,19.0,33.7,27.0
2018-03-29 18:30:00,33.0,21.0,32.9,28.1
2018-03-29 19:00:00,33.0,21.0,32.4,28.7
2018-03-29 19:30:00,32.0,24.0,31.9,30.4
2018-03-29 20:00:00,31.0,27.0,31.7,31.5
2018-03-29 20:30:00,30.0,35.0,31.4,32.6
2018-03-29 21:00:00,30.0,29.0,31.0,33.7
2018-03-29 21:30:00,29.5,31.0,30.6,34.8
2018-03-29 22:00:00,29.0,33.0,30.3,37.1
2018-03-29 22:30:00,29.0,33.0,30.1,38.2
2018-03-29 23:00:00,27.0,39.0,29.8,39.2
2018-03-29 23:30:00,27.0,44.0,29.5,40.3
2018-03-30 00:00:00,25.0,44.0,29.3,41.4
2018-03-30 00:30:00,25.0,47.0,28.9,41.3
2018-03-30 01:00:00,24.0,50.0,28.5,42.4
2018-03-30 01:30:00,24.0,50.0,28.4,42.9
2018-03-30 02:00:00,24.0,50.0,28.1,44.0
2018-03-30 02:30:00,24.0,56.0,27.7,44.5
2018-03-30 03:00:00,24.0,50.0,27.4,45.0
2018-03-30 03:30:00,24.0,50.0,27.0,46.0
2018-03-30 04:00:00,23.0,53.0,26.7,46.5
2018-03-30 04:30:00,23.0,53.0,26.3,47.5
2018-03-30 05:00:00,22.0,53.0,26.2,47.5
2018-03-30 05:30:00,24.0,53.0,26.0,47.4
2018-03-30 06:00:00,22.0,53.0,25.8,46.9
2018-03-30 06:30:00,24.0,47.0,25.8,46.4
2018-03-30 07:00:00,23.0,50.0,26.1,45.3
2018-03-30 07:30:00,24.0,47.0,26.6,43.8
2018-03-30 08:00:00,27.0,37.0,27.4,41.7
2018-03-30 08:30:00,27.0,38.0,28.7,37.5
2018-03-30 09:00:00,28.0,35.0,29.9,33.7
2018-03-30 09:30:00,29.0,31.0,30.9,30.3
2018-03-30 10:00:00,30.0,27.0,31.6,28.6
2018-03-30 10:30:00,32.0,22.0,32.1,26.9
2018-03-30 11:00:00,33.0,20.0,32.9,25.8
2018-03-30 11:30:00,35.0,21.0,33.4,25.8
2018-03-30 12:00:00,34.0,17.0,33.7,24.0
2018-03-30 12:30:00,34.5,16.0,34.3,22.3
2018-03-30 13:00:00,35.0,15.0,34.8,21.1
2018-03-30 13:30:00,36.0,15.0,34.8,21.1
2018-03-30 14:00:00,36.0,14.0,35.1,21.1
2018-03-30 14:30:00,37.0,21.0,35.4,21.1
2018-03-30 15:00:00,37.0,13.0,35.6,21.2
2018-03-30 15:30:00,37.0,13.0,35.5,19.9
2018-03-30 16:00:00,37.0,13.0,35.4,22.4
2018-03-30 16:30:00,36.0,14.0,35.1,22.3
2018-03-30 17:00:00,35.0,15.0,34.6,25.3
2018-03-30 17:30:00,34.0,28.0,33.9,25.8
2018-03-30 18:00:00,33.5,27.0,33.2,28.1
2018-03-30 18:30:00,33.0,26.0,32.4,30.4
2018-03-30 19:00:00,32.0,29.0,31.7,31.5
2018-03-30 19:30:00,31.0,31.0,31.4,33.2
2018-03-30 20:00:00,31.0,31.0,31.2,34.3
2018-03-30 20:30:00,29.0,43.0,30.9,36.0
2018-03-30 21:00:00,29.0,35.0,30.6,36.5
2018-03-30 21:30:00,27.0,39.0,30.5,37.6
2018-03-30 22:00:00,26.5,40.5,30.4,38.2
2018-03-30 22:30:00,26.0,42.0,30.3,38.2
2018-03-30 23:00:00,26.0,42.0,29.5,40.9
2018-03-30 23:30:00,25.0,51.0,29.5,41.4
2018-03-31 00:00:00,26.0,44.0,29.4,41.4
2018-03-31 00:30:00,25.0,44.0,29.3,41.4
2018-03-31 01:00:00,24.5,47.0,29.2,42.5
2018-03-31 01:30:00,24.0,50.0,29.1,43.0
2018-03-31 02:00:00,24.0,55.5,28.9,43.5
2018-03-31 02:30:00,24.0,61.0,28.1,44.5
2018-03-31 03:00:00,24.0,50.0,27.4,45.5
2018-03-31 03:30:00,24.0,53.0,26.6,45.9
2018-03-31 04:00:00,24.0,53.0,25.6,43.7
2018-03-31 04:30:00,23.5,51.5,25.1,43.6
2018-03-31 05:00:00,23.0,50.0,24.6,44.1
2018-03-31 05:30:00,22.0,56.0,24.0,45.1
2018-03-31 06:00:00,22.0,50.0,23.4,46.6
2018-03-31 06:30:00,21.0,53.0,22.9,47.6
2018-03-31 07:00:00,21.333333333333332,53.0,23.2,48.1
2018-03-31 07:30:00,21.666666666666668,53.0,23.2,48.1
2018-03-31 08:00:00,22.0,53.0,24.0,46.7
2018-03-31 08:30:00,24.0,48.0,25.0,45.7
2018-03-31 09:00:00,24.0,47.0,25.7,45.3
2018-03-31 09:30:00,25.0,41.0,26.2,43.8
2018-03-31 10:00:00,25.0,39.0,26.4,42.7
2018-03-31 10:30:00,26.0,39.0,27.1,42.8
2018-03-31 11:00:00,27.0,37.0,27.7,42.3
2018-03-31 11:30:00,30.0,37.0,28.8,40.2
2018-03-31 12:00:00,29.0,33.0,29.9,39.3
2018-03-31 12:30:00,30.0,33.0,30.5,38.8
2018-03-31 13:00:00,30.0,33.0,31.1,37.1
2018-03-31 13:30:00,31.0,31.0,31.5,36.1
2018-03-31 14:00:00,33.0,32.0,32.5,35.0
2018-03-31 14:30:00,35.0,33.0,32.9,33.9
2018-03-31 15:00:00,33.0,24.0,33.0,33.9
2018-03-31 15:30:00,33.0,26.0,33.0,33.9
2018-03-31 16:00:00,33.0,24.0,33.2,35.1
2018-03-31 16:30:00,32.0,27.0,32.5,36.1
2018-03-31 17:00:00,33.0,24.0,32.1,37.2
2018-03-31 17:30:00,33.0,24.0,31.4,39.4
2018-03-31 18:00:00,31.0,38.0,30.6,41.5
2018-03-31 18:30:00,30.0,37.0,30.2,42.6
2018-03-31 19:00:00,29.0,42.0,29.5,44.1
2018-03-31 19:30:00,28.0,45.0,29.0,45.7
2018-03-31 20:00:00,28.0,42.0,29.2,45.2
2018-03-31 20:30:00,27.0,52.0,29.1,45.7
2018-03-31 21:00:00,27.0,48.0,28.8,47.3
2018-03-31 21:30:00,27.0,48.0,28.7,47.3
2018-03-31 22:00:00,26.0,47.0,28.5,47.7
2018-03-31 22:30:00,26.0,51.0,28.2,47.7
2018-03-31 23:00:00,26.0,51.0,28.2,48.2
2018-03-31 23:30:00,25.0,60.0,28.0,48.7
2018-04-01 00:00:00,25.0,54.0,27.9,48.2
2018-04-01 00:30:00,25.0,50.0,27.5,47.1
2018-04-01 01:00:00,25.0,50.0,27.1,47.6
2018-04-01 01:30:00,25.0,47.0,26.7,48.1
2018-04-01 02:00:00,25.0,47.0,26.3,48.5
2018-04-01 02:30:00,25.0,54.0,26.0,48.5
2018-04-01 03:00:00,25.0,47.0,25.5,49.5
2018-04-01 03:30:00,25.0,47.0,25.4,49.4
2018-04-01 04:00:00,25.0,44.0,25.4,48.4
2018-04-01 04:30:00,24.0,47.0,25.2,48.9
2018-04-01 05:00:00,24.0,47.0,24.8,49.9
2018-04-01 05:30:00,22.0,77.0,24.5,51.4
2018-04-01 06:00:00,24.0,47.0,24.6,50.9
2018-04-01 06:30:00,23.0,53.0,24.6,50.4
2018-04-01 07:00:00,23.0,50.0,24.7,51.4
2018-04-01 07:30:00,24.0,50.0,25.8,49.5
2018-04-01 08:00:00,25.5,43.5,25.8,49.0
2018-04-01 08:30:00,27.0,37.0,26.2,48.5
2018-04-01 09:00:00,27.0,42.0,27.0,47.6
2018-04-01 09:30:00,27.0,42.0,27.4,47.6
2018-04-01 10:00:00,28.0,42.0,28.0,47.7
2018-04-01 10:30:00,29.0,42.0,28.7,47.3
2018-04-01 11:00:00,29.0,42.0,29.5,45.2
2018-04-01 11:30:00,32.0,38.0,30.3,44.2
2018-04-01 12:00:00,30.0,37.0,30.8,41.6
2018-04-01 12:30:00,31.5,35.5,31.6,40.5
2018-04-01 13:00:00,33.0,34.0,31.9,38.3
2018-04-01 13:30:00,33.333333333333336,34.333333333333336,32.5,37.3
2018-04-01 14:00:00,33.666666666666664,34.666666666666664,32.7,36.7
2018-04-01 14:30:00,34.0,35.0,33.0,36.2
2018-04-01 15:00:00,35.0,28.0,33.1,36.2
2018-04-01 15:30:00,35.0,28.0,33.3,34.0
2018-04-01 16:00:00,35.0,28.0,33.2,35.1
2018-04-01 16:30:00,35.0,28.0,33.1,35.1
2018-04-01 16:50:00,34.0,28.0,32.900000000000006,35.650000000000006
2018-04-01 17:00:00,34.0,28.0,32.7,36.2
2018-04-01 17:30:00,34.0,38.0,32.4,36.1
2018-04-01 18:00:00,33.0,31.0,31.8,38.3
2018-04-01 18:30:00,33.0,31.0,31.3,40.5
2018-04-01 19:00:00,32.0,33.0,30.7,41.5
2018-04-01 19:30:00,31.0,35.0,30.4,42.6
2018-04-01 20:00:00,30.0,37.0,30.1,43.1
2018-04-01 20:30:00,29.0,47.0,29.7,44.7
2018-04-01 21:00:00,29.0,42.0,29.5,44.7
2018-04-01 21:30:00,29.0,42.0,29.3,44.6
2018-04-01 22:00:00,28.0,42.0,29.2,43.5
2018-04-01 22:30:00,27.0,45.0,29.0,43.5
2018-04-01 23:00:00,27.0,45.0,28.8,43.5
2018-04-01 23:30:00,26.0,56.0,28.7,44.0
2018-04-02 00:00:00,25.5,53.0,28.5,44.5
2018-04-02 00:30:00,25.0,50.0,28.3,45.1
2018-04-02 01:00:00,24.0,53.0,28.1,45.6
2018-04-02 01:30:00,24.0,54.0,28.1,45.6
2018-04-02 02:00:00,24.0,55.0,28.1,45.6
2018-04-02 02:30:00,24.0,56.0,27.6,47.1
2018-04-02 03:00:00,24.0,53.0,27.4,47.6
2018-04-02 03:30:00,24.0,53.0,27.0,48.1
2018-04-02 04:00:00,24.0,53.0,26.9,48.6
2018-04-02 04:30:00,24.0,53.0,26.7,49.1
2018-04-02 05:00:00,24.0,53.0,26.3,49.6
2018-04-02 05:30:00,24.0,53.0,26.1,49.5
2018-04-02 06:00:00,24.0,53.0,25.9,50.0
2018-04-02 06:30:00,23.0,57.0,25.8,50.5
2018-04-02 07:00:00,24.0,53.0,25.9,50.6
2018-04-02 07:30:00,24.0,50.0,26.8,50.7
2018-04-02 08:00:00,26.0,47.0,26.8,49.6
2018-04-02 08:30:00,29.0,45.0,27.3,49.2
2018-04-02 09:00:00,29.0,42.0,28.2,47.2
2018-04-02 09:30:00,30.0,40.0,28.9,46.7
2018-04-02 10:00:00,31.0,40.0,29.5,46.3
2018-04-02 10:30:00,31.5,38.0,30.5,44.3
2018-04-02 11:00:00,32.0,36.0,31.2,42.7
2018-04-02 11:30:00,35.0,34.0,31.8,40.6
2018-04-02 12:00:00,34.5,33.0,32.4,37.3
2018-04-02 12:30:00,34.0,32.0,33.0,37.3
2018-04-02 13:00:00,35.0,30.0,33.4,36.2
2018-04-02 13:30:00,36.0,28.0,33.7,35.1
2018-04-02 14:00:00,36.5,30.0,34.2,34.0
2018-04-02 14:30:00,37.0,32.0,34.3,34.6
2018-04-02 15:00:00,37.0,25.0,34.4,34.6
2018-04-02 15:30:00,37.0,25.0,34.6,34.6
2018-04-02 16:00:00,36.5,25.0,34.5,34.1
2018-04-02 16:30:00,36.0,25.0,34.2,34.0
2018-04-02 17:00:00,36.0,25.0,33.8,35.1
2018-04-02 17:30:00,35.0,26.0,33.4,35.7
2018-04-02 18:00:00,34.333333333333336,27.666666666666668,32.8,37.3
2018-04-02 18:30:00,33.666666666666664,29.333333333333332,32.1,37.8
2018-04-02 19:00:00,33.0,31.0,31.7,38.9
2018-04-02 19:30:00,32.0,33.0,31.4,39.9
2018-04-02 20:00:00,31.5,35.5,31.1,40.5
2018-04-02 20:30:00,31.0,38.0,30.8,40.4
2018-04-02 21:00:00,30.0,37.0,30.6,40.4
2018-04-02 21:30:00,29.5,39.5,30.5,40.4
2018-04-02 22:00:00,29.0,42.0,30.2,39.3
2018-04-02 22:30:00,29.0,37.0,30.0,40.4
2018-04-02 23:00:00,29.0,37.0,29.8,40.9
2018-04-02 23:30:00,27.0,53.0,29.6,42.0
2018-04-03 00:00:00,28.0,42.0,29.5,42.5
2018-04-03 00:30:00,27.0,45.0,29.3,43.0
2018-04-03 01:00:00,27.0,45.0,29.1,43.5
2018-04-03 01:30:00,26.0,47.0,28.9,44.6
2018-04-03 02:00:00,26.0,47.0,28.8,44.6
2018-04-03 02:30:00,25.0,50.0,28.6,45.6
2018-04-03 03:00:00,26.0,47.0,28.5,46.2
2018-04-03 03:30:00,25.0,50.0,28.2,46.7
2018-04-03 04:00:00,25.0,50.0,28.0,47.7
2018-04-03 04:30:00,24.666666666666668,53.666666666666664,27.8,47.7
2018-04-03 05:00:00,24.333333333333332,57.333333333333336,27.6,48.2
2018-04-03 05:30:00,24.0,61.0,27.5,48.7
2018-04-03 06:00:00,25.0,50.0,27.3,48.7
2018-04-03 06:30:00,25.0,50.0,27.0,48.6
2018-04-03 07:00:00,25.0,50.0,27.1,48.6
2018-04-03 07:30:00,26.0,47.0,27.4,48.7
2018-04-03 08:00:00,26.0,47.0,28.1,46.6
2018-04-03 08:30:00,27.0,45.0,28.8,45.7
2018-04-03 09:00:00,29.0,40.0,29.8,43.6
2018-04-03 09:30:00,30.0,37.0,30.7,42.1
2018-04-03 10:00:00,32.0,31.0,31.4,40.5
2018-04-03 10:30:00,33.333333333333336,29.0,32.0,39.5
2018-04-03 11:00:00,34.666666666666664,27.0,32.9,37.3
2018-04-03 11:30:00,36.0,25.0,33.5,36.2
2018-04-03 12:00:00,36.0,24.0,33.9,35.1
2018-04-03 12:30:00,36.0,23.0,34.4,32.9
2018-04-03 13:00:00,38.0,29.0,34.9,32.4
2018-04-03 13:30:00,38.0,31.0,35.5,31.8
2018-04-03 14:00:00,38.0,29.0,35.0,31.8
2018-04-03 14:30:00,39.0,27.0,35.6,31.3
2018-04-03 15:00:00,40.0,26.0,36.0,29.5
2018-04-03 15:30:00,40.0,26.0,36.0,29.5
2018-04-03 16:00:00,40.0,26.0,36.0,29.5
2018-04-03 16:30:00,39.5,26.5,36.0,29.5
2018-04-03 17:00:00,39.0,27.0,35.7,30.1
2018-04-03 17:30:00,37.0,35.0,35.1,30.6
2018-04-03 18:00:00,39.0,24.0,34.5,31.7
2018-04-03 18:30:00,36.0,27.0,34.0,34.0
2018-04-03 19:00:00,35.0,26.0,33.4,35.7
2018-04-03 19:30:00,35.0,26.0,32.9,38.4
2018-04-03 20:00:00,33.0,34.0,32.4,41.7
2018-04-03 20:30:00,32.0,49.0,32.0,43.9
2018-04-03 21:00:00,32.0,46.0,31.7,43.8
2018-04-03 21:30:00,32.0,46.0,31.6,43.3
2018-04-03 22:00:00,31.0,46.0,31.5,42.7
2018-04-03 22:30:00,31.0,46.0,31.1,42.7
2018-04-03 23:00:00,30.5,47.0,30.8,43.7
2018-04-03 23:30:00,30.0,48.0,30.5,44.8
2018-04-04 00:00:00,30.0,48.0,30.5,44.2
2018-04-04 00:30:00,29.0,51.0,30.5,44.2
2018-04-04 01:00:00,29.0,48.0,30.4,44.2
2018-04-04 01:30:00,28.0,51.0,30.2,44.7
2018-04-04 02:00:00,28.0,51.0,30.1,44.7
2018-04-04 02:30:00,27.0,61.0,29.7,44.7
2018-04-04 03:00:00,26.5,59.0,29.5,45.2
2018-04-04 03:30:00,26.0,57.0,29.3,45.2
2018-04-04 04:00:00,26.0,57.0,29.2,45.7
2018-04-04 04:30:00,26.0,55.5,29.1,44.6
2018-04-04 05:00:00,26.0,54.0,28.9,45.7
2018-04-04 05:30:00,25.0,64.0,28.6,45.6
2018-04-04 06:00:00,26.0,54.0,28.4,46.7
2018-04-04 06:30:00,26.0,51.0,28.3,48.3
2018-04-04 07:00:00,26.0,51.0,28.8,47.8
2018-04-04 07:30:00,28.0,45.0,29.0,47.8
2018-04-04 08:00:00,29.0,42.0,29.4,46.3
2018-04-04 08:30:00,30.0,40.0,29.8,44.7
2018-04-04 09:00:00,31.0,38.0,30.8,42.7
2018-04-04 09:30:00,32.0,31.0,31.7,40.5
2018-04-04 10:00:00,34.0,26.0,32.5,37.8
2018-04-04 10:30:00,34.5,24.5,33.3,35.7
2018-04-04 11:00:00,35.0,23.0,34.2,32.9
2018-04-04 11:30:00,37.0,29.0,35.0,31.8
2018-04-04 12:00:00,38.0,27.5,35.4,30.7
2018-04-04 12:30:00,39.0,26.0,36.1,30.1
2018-04-04 13:00:00,39.0,27.0,36.5,29.6
2018-04-04 13:30:00,39.0,17.0,37.1,29.6
2018-04-04 14:00:00,39.0,17.0,37.3,28.5
2018-04-04 14:30:00,39.0,29.0,37.5,27.3
2018-04-04 15:00:00,40.0,17.0,37.5,27.3
2018-04-04 15:30:00,40.0,19.0,37.5,27.3
2018-04-04 16:00:00,40.0,19.0,37.3,27.3
2018-04-04 16:30:00,39.5,20.0,36.8,27.2
2018-04-04 17:00:00,39.0,21.0,36.3,28.4
2018-04-04 17:30:00,37.0,34.0,35.6,33.0
2018-04-04 18:00:00,38.0,25.0,35.1,34.1
2018-04-04 18:30:00,36.0,30.0,34.2,35.7
2018-04-04 19:00:00,35.0,32.0,33.7,37.4
2018-04-04 19:30:00,34.0,32.0,33.4,37.4
2018-04-04 20:00:00,33.0,34.0,33.1,37.9
2018-04-04 20:30:00,31.0,50.0,32.9,39.0
2018-04-04 21:00:00,32.0,36.0,32.7,40.6
2018-04-04 21:30:00,31.5,38.0,32.5,41.7
2018-04-04 22:00:00,31.0,40.0,32.4,41.7
2018-04-04 22:30:00,31.0,38.0,32.3,41.7
2018-04-04 23:00:00,31.0,40.0,32.1,42.8
2018-04-04 23:30:00,30.0,43.0,31.8,43.8
2018-04-05 00:00:00,30.0,43.0,31.7,44.4
2018-04-05 00:30:00,29.5,45.5,31.5,44.9
2018-04-05 01:00:00,29.0,48.0,31.5,45.4
2018-04-05 01:30:00,29.0,48.0,31.3,45.9
2018-04-05 02:00:00,28.0,51.0,31.0,48.0
2018-04-05 02:30:00,27.0,58.0,30.9,48.0
2018-04-05 03:00:00,28.0,54.0,30.7,48.0
2018-04-05 03:30:00,28.0,51.0,30.5,48.0
2018-04-05 04:00:00,27.0,54.0,30.3,49.5
2018-04-05 04:30:00,27.0,54.0,30.2,49.0
2018-04-05 05:00:00,26.5,60.5,30.1,49.0
2018-04-05 05:30:00,26.0,67.0,29.8,50.5
2018-04-05 06:00:00,27.0,54.0,29.9,50.0
2018-04-05 06:30:00,26.0,57.0,29.7,50.0
2018-04-05 07:00:00,27.0,54.0,29.9,49.0
2018-04-05 07:30:00,27.0,58.0,30.2,49.0
2018-04-05 08:00:00,28.0,54.0,30.3,50.6
2018-04-05 08:30:00,29.0,54.0,31.1,47.5
2018-04-05 09:00:00,31.0,43.0,32.0,45.5
2018-04-05 09:30:00,32.0,38.0,32.7,40.6
2018-04-05 10:00:00,32.0,36.0,33.0,41.8
2018-04-05 10:30:00,33.0,31.0,33.2,41.8
2018-04-05 11:00:00,34.0,26.0,34.1,37.4
2018-04-05 11:30:00,34.0,26.0,34.6,35.8
2018-04-05 12:00:00,35.0,23.0,35.4,31.8
2018-04-05 12:30:00,36.0,20.0,36.0,29.5
2018-04-05 13:00:00,36.0,20.0,36.5,27.8
2018-04-05 13:30:00,37.0,21.0,36.9,26.7
2018-04-05 14:00:00,38.0,22.0,36.9,27.2
2018-04-05 14:30:00,38.0,25.0,37.0,26.1
2018-04-05 15:00:00,39.0,26.0,37.2,27.9
2018-04-05 15:30:00,39.0,25.0,37.0,29.0
2018-04-05 16:00:00,39.0,24.0,36.8,29.6
2018-04-05 16:30:00,38.5,24.5,36.6,26.0
2018-04-05 17:00:00,38.0,25.0,36.3,29.6
2018-04-05 17:30:00,36.0,34.0,35.6,28.9
2018-04-05 18:00:00,36.0,23.0,34.8,32.9
2018-04-05 18:30:00,36.0,22.0,34.4,34.0
2018-04-05 19:00:00,35.0,23.0,33.8,32.8
2018-04-05 19:30:00,34.0,24.0,33.5,33.4
2018-04-05 20:00:00,34.0,28.0,33.4,32.2
2018-04-05 20:30:00,33.0,43.0,33.1,32.8
2018-04-05 21:00:00,32.5,37.0,32.9,33.3
2018-04-05 21:30:00,32.0,31.0,32.6,34.5
2018-04-05 22:00:00,32.0,31.0,32.5,35.0
2018-04-05 22:30:00,32.0,31.0,32.2,37.2
2018-04-05 23:00:00,31.0,33.0,32.0,38.3
2018-04-05 23:30:00,30.0,50.0,31.9,38.3
2018-04-06 00:00:00,29.5,43.5,31.7,39.4
2018-04-06 00:30:00,29.0,37.0,31.0,40.5
2018-04-06 01:00:00,29.0,37.0,30.6,39.9
2018-04-06 01:30:00,29.0,37.0,30.5,40.4
2018-04-06 02:00:00,28.0,39.0,30.7,39.9
2018-04-06 02:30:00,28.0,39.0,30.7,39.3
2018-04-06 03:00:00,28.0,39.0,30.6,38.2
2018-04-06 03:30:00,28.0,39.0,30.5,38.2
2018-04-06 04:00:00,27.0,42.0,30.5,38.7
2018-04-06 04:30:00,27.0,42.0,30.1,39.3
2018-04-06 05:00:00,26.0,48.5,30.0,39.3
2018-04-06 05:30:00,25.0,55.0,30.0,39.8
2018-04-06 06:00:00,26.0,44.0,29.9,40.3
2018-04-06 06:30:00,26.0,44.0,29.8,39.2
2018-04-06 07:00:00,27.0,42.0,30.0,40.4
2018-04-06 07:30:00,27.0,42.0,30.2,39.3
2018-04-06 08:00:00,30.0,40.0,30.3,38.2
2018-04-06 08:30:00,28.0,46.0,30.4,38.2
2018-04-06 09:00:00,31.0,38.0,30.9,37.1
2018-04-06 09:30:00,33.0,29.0,32.2,36.1
2018-04-06 10:00:00,33.0,28.0,33.1,35.6
2018-04-06 10:30:00,34.0,26.0,33.8,32.3
2018-04-06 11:00:00,34.5,24.5,34.3,31.7
2018-04-06 11:30:00,35.0,23.0,34.8,30.6
2018-04-06 12:00:00,36.0,23.0,35.2,29.5
2018-04-06 12:30:00,36.0,23.0,34.9,30.6
2018-04-06 13:00:00,36.0,22.0,36.0,28.9
2018-04-06 13:30:00,37.0,21.0,36.1,29.0
2018-04-06 14:00:00,37.0,19.0,35.9,29.5
2018-04-06 14:30:00,37.0,35.0,35.4,30.6
2018-04-06 15:00:00,37.0,19.0,35.4,30.6
2018-04-06 15:30:00,37.0,21.0,35.6,29.5
2018-04-06 16:00:00,36.0,22.0,34.9,30.6
2018-04-06 16:30:00,35.0,23.0,34.3,31.7
2018-04-06 17:00:00,35.0,22.0,33.6,31.7
2018-04-06 17:30:00,34.0,40.0,33.3,31.6
2018-04-06 18:00:00,23.0,69.0,28.5,44.6
2018-04-06 18:30:00,23.0,65.0,26.2,53.7
2018-04-06 19:00:00,23.0,65.0,26.0,53.6
2018-04-06 19:30:00,22.0,69.0,24.3,60.4
2018-04-06 20:00:00,22.0,73.0,24.8,59.4
2018-04-06 20:30:00,21.0,98.0,25.7,58.1
2018-04-06 21:00:00,23.0,74.0,25.7,56.1
2018-04-06 21:30:00,25.0,50.0,25.9,52.6
2018-04-06 22:00:00,25.0,50.0,26.9,49.6
2018-04-06 22:30:00,25.0,48.5,26.4,50.6
2018-04-06 23:00:00,25.0,47.0,26.2,49.6
2018-04-06 23:30:00,25.0,50.0,26.3,48.5
2018-04-07 00:00:00,25.0,47.0,26.3,47.5
2018-04-07 00:30:00,25.0,47.0,26.3,48.5
2018-04-07 01:00:00,25.0,47.0,26.3,49.6
2018-04-07 01:30:00,24.0,53.0,26.4,49.6
2018-04-07 02:00:00,23.5,57.5,26.8,50.7
2018-04-07 02:30:00,23.0,62.0,26.2,52.1
2018-04-07 03:00:00,23.0,61.5,26.6,52.2
2018-04-07 03:30:00,23.0,61.0,26.7,52.2
2018-04-07 04:00:00,23.0,61.0,26.2,54.2
2018-04-07 04:30:00,23.0,61.0,26.2,52.6
2018-04-07 05:00:00,22.5,62.5,26.0,53.6
2018-04-07 05:30:00,22.0,64.0,25.7,53.6
2018-04-07 06:00:00,22.0,64.0,25.2,55.0
2018-04-07 06:30:00,22.0,64.0,24.8,55.5
2018-04-07 07:00:00,23.0,61.0,24.6,56.5
2018-04-07 07:30:00,24.0,57.0,24.7,56.5
2018-04-07 08:00:00,25.0,54.0,25.3,55.6
2018-04-07 08:30:00,27.0,54.0,26.2,53.2
2018-04-07 09:00:00,27.0,48.0,26.7,53.2
2018-04-07 09:30:00,29.0,40.0,27.4,51.8
2018-04-07 10:00:00,29.75,41.0,27.7,50.3
2018-04-07 10:30:00,30.5,42.0,28.8,47.8
2018-04-07 11:00:00,31.25,43.0,29.4,46.8
2018-04-07 11:30:00,32.0,44.0,30.0,45.8
2018-04-07 12:00:00,32.0,38.0,30.5,45.3
2018-04-07 12:30:00,32.0,38.0,31.0,44.3
2018-04-07 13:00:00,33.0,34.0,31.6,42.2
2018-04-07 13:30:00,33.0,31.0,31.8,41.1
2018-04-07 14:00:00,33.0,34.0,32.4,40.1
2018-04-07 14:30:00,35.0,42.0,33.0,39.6
2018-04-07 15:00:00,34.0,32.0,33.3,38.5
2018-04-07 15:30:00,34.0,32.0,33.3,36.8
2018-04-07 16:00:00,35.0,30.0,33.3,36.2
2018-04-07 16:30:00,35.0,30.0,33.3,36.8
2018-04-07 17:00:00,35.0,30.0,33.2,37.3
2018-04-07 17:30:00,34.0,42.0,32.8,37.9
2018-04-07 18:00:00,34.0,32.0,32.3,38.4
2018-04-07 18:30:00,33.0,34.0,31.7,40.0
2018-04-07 19:00:00,32.0,37.0,31.4,41.6
2018-04-07 19:30:00,31.0,40.0,31.0,43.2
2018-04-07 20:00:00,31.0,40.0,30.5,45.9
2018-04-07 20:30:00,29.0,55.0,30.2,47.9
2018-04-07 21:00:00,29.0,51.0,29.7,51.0
2018-04-07 21:30:00,29.0,48.0,29.2,51.5
2018-04-07 22:00:00,28.0,54.0,28.7,52.0
2018-04-07 22:30:00,28.0,54.0,28.7,53.0
2018-04-07 23:00:00,28.0,54.0,28.3,53.9
2018-04-07 23:30:00,26.0,64.0,27.9,53.9
2018-04-08 00:00:00,26.0,61.0,27.6,54.9
2018-04-08 00:30:00,26.0,61.0,27.2,54.8
2018-04-08 01:00:00,25.5,63.0,27.0,53.3
2018-04-08 01:30:00,25.0,65.0,26.7,54.2
2018-04-08 02:00:00,25.0,65.0,26.3,54.7
2018-04-08 02:30:00,25.0,68.0,26.1,54.7
2018-04-08 03:00:00,24.5,64.5,26.1,54.7
2018-04-08 03:30:00,24.0,61.0,26.0,53.6
2018-04-08 04:00:00,24.0,57.0,25.9,54.1
2018-04-08 04:30:00,24.0,53.0,25.7,54.1
2018-04-08 05:00:00,25.0,50.0,25.5,54.6
2018-04-08 05:30:00,24.0,64.0,25.3,56.1
2018-04-08 06:00:00,24.0,57.0,25.1,56.5
2018-04-08 06:30:00,24.0,57.0,25.3,56.0
2018-04-08 07:00:00,24.0,57.0,26.0,55.1
2018-04-08 07:30:00,25.0,55.5,26.1,55.2
2018-04-08 08:00:00,26.0,54.0,26.8,54.3
2018-04-08 08:30:00,27.0,51.0,27.3,52.8
2018-04-08 09:00:00,29.0,45.0,27.9,49.8
2018-04-08 09:30:00,29.75,42.75,28.9,46.2
2018-04-08 10:00:00,30.5,40.5,29.5,43.1
2018-04-08 10:30:00,31.25,38.25,30.3,41.5
2018-04-08 11:00:00,32.0,36.0,31.2,40.5
2018-04-08 11:30:00,34.0,43.0,32.0,40.0
2018-04-08 12:00:00,33.0,34.0,32.5,39.5
2018-04-08 12:30:00,33.666666666666664,33.333333333333336,33.1,39.6
2018-04-08 13:00:00,34.333333333333336,32.666666666666664,33.4,39.1
2018-04-08 13:30:00,35.0,32.0,33.4,39.1
2018-04-08 14:00:00,36.0,28.0,33.5,38.5
2018-04-08 14:30:00,36.0,44.0,34.0,38.6
2018-04-08 15:00:00,36.0,32.0,34.4,38.0
2018-04-08 15:30:00,36.0,32.0,34.4,37.5
2018-04-08 16:00:00,36.0,32.0,34.4,36.9
2018-04-08 16:30:00,35.0,34.0,34.2,37.4
2018-04-08 17:00:00,35.0,33.0,33.6,37.4
2018-04-08 17:30:00,35.0,32.0,33.2,38.5
2018-04-08 18:00:00,34.0,34.0,32.9,39.5
2018-04-08 18:30:00,33.333333333333336,35.333333333333336,32.3,40.0
2018-04-08 19:00:00,32.666666666666664,36.666666666666664,31.6,46.0
2018-04-08 19:30:00,32.0,38.0,30.9,47.5
2018-04-08 20:00:00,31.0,43.0,30.5,48.5
2018-04-08 20:30:00,30.0,47.0,30.3,49.5
2018-04-08 21:00:00,30.0,45.0,29.9,50.0
2018-04-08 21:30:00,29.0,48.0,29.5,50.0
2018-04-08 22:00:00,29.0,48.0,29.3,49.9
2018-04-08 22:30:00,28.0,51.0,29.0,50.4
2018-04-08 23:00:00,28.0,51.0,28.6,50.9
2018-04-08 23:30:00,28.0,59.0,28.5,51.9
2018-04-09 00:00:00,27.0,51.0,28.2,52.4
2018-04-09 00:30:00,27.0,51.0,28.2,52.4
2018-04-09 01:00:00,26.5,52.5,28.2,51.9
2018-04-09 01:30:00,26.0,54.0,27.8,52.9
2018-04-09 02:00:00,26.0,59.0,27.8,52.9
2018-04-09 02:30:00,26.0,64.0,27.5,53.3
2018-04-09 03:00:00,26.0,54.0,27.2,54.3
2018-04-09 03:30:00,26.0,54.0,27.0,53.8
2018-04-09 04:00:00,26.0,54.0,26.8,53.8
2018-04-09 04:30:00,26.0,54.0,26.6,54.7
2018-04-09 05:00:00,25.5,61.0,26.4,55.7
2018-04-09 05:30:00,25.0,68.0,26.0,57.7
2018-04-09 06:00:00,25.0,57.0,25.9,59.1
2018-04-09 06:30:00,25.0,61.0,25.8,60.1
2018-04-09 07:00:00,23.666666666666668,72.0,26.3,58.7
2018-04-09 07:30:00,22.333333333333332,83.0,26.1,61.6
2018-04-09 08:00:00,21.0,94.0,24.9,65.7
2018-04-09 08:30:00,22.0,97.0,24.5,69.3
2018-04-09 09:00:00,21.0,88.0,23.6,72.8
2018-04-09 09:30:00,21.0,88.0,23.5,71.4
2018-04-09 10:00:00,21.0,88.0,24.0,69.2
2018-04-09 10:30:00,21.0,83.0,24.5,66.1
2018-04-09 11:00:00,23.0,73.0,25.5,63.0
2018-04-09 11:30:00,25.0,65.0,26.3,59.2
2018-04-09 12:00:00,27.0,54.0,28.1,52.9
2018-04-09 12:30:00,27.0,54.0,28.5,52.4
2018-04-09 13:00:00,27.0,51.0,29.0,51.0
2018-04-09 13:30:00,28.0,51.0,28.9,49.4
2018-04-09 14:00:00,28.0,48.0,29.0,49.9
2018-04-09 14:30:00,30.0,25.0,29.4,50.0
2018-04-09 15:00:00,29.0,45.0,30.6,47.5
2018-04-09 15:30:00,29.0,45.0,30.7,47.0
2018-04-09 16:00:00,29.0,45.0,30.7,46.4
2018-04-09 16:30:00,29.0,45.0,30.7,45.9
2018-04-09 17:00:00,29.0,45.0,30.6,45.9
2018-04-09 17:30:00,31.0,49.0,30.4,46.4
2018-04-09 18:00:00,30.0,43.0,30.2,46.9
2018-04-09 18:30:00,30.0,43.0,29.8,47.9
2018-04-09 19:00:00,29.0,45.0,29.3,48.9
2018-04-09 19:30:00,28.0,48.0,29.0,49.9
2018-04-09 20:00:00,28.0,51.0,28.6,50.9
2018-04-09 20:30:00,27.0,54.0,28.5,51.4
2018-04-09 21:00:00,26.666666666666668,55.0,28.3,52.4
2018-04-09 21:30:00,26.333333333333332,56.0,28.1,52.9
2018-04-09 22:00:00,26.0,57.0,28.0,52.9
2018-04-09 22:30:00,26.0,61.0,27.8,52.9
2018-04-09 23:00:00,25.0,69.0,27.6,52.8
2018-04-09 23:30:00,24.0,65.0,27.4,53.8
2018-04-10 00:00:00,24.0,69.0,27.2,54.8
2018-04-10 00:30:00,24.0,73.0,27.2,55.8
2018-04-10 01:00:00,24.0,69.0,26.8,56.8
2018-04-10 01:30:00,25.0,65.0,26.7,57.8
2018-04-10 02:00:00,25.0,65.0,26.5,57.7
2018-04-10 02:30:00,25.0,65.0,26.3,58.2
2018-04-10 03:00:00,25.0,65.0,26.2,59.2
2018-04-10 03:30:00,24.8,65.8,26.1,59.6
2018-04-10 04:00:00,24.6,66.6,25.9,61.1
2018-04-10 04:30:00,24.4,67.4,25.7,61.0
2018-04-10 05:00:00,24.2,68.2,25.2,63.4
2018-04-10 05:30:00,24.0,69.0,24.5,65.2
2018-04-10 06:00:00,24.0,69.0,24.2,66.1
2018-04-10 06:30:00,24.0,69.0,24.8,64.3
2018-04-10 07:00:00,24.0,69.0,25.3,62.9
2018-04-10 07:30:00,24.0,69.0,24.9,63.8
2018-04-10 08:00:00,24.0,65.0,25.2,63.4
2018-04-10 08:30:00,25.0,61.0,25.9,60.1
2018-04-10 09:00:00,26.0,57.0,27.0,56.8
2018-04-10 09:30:00,27.0,54.0,27.6,55.9
2018-04-10 10:00:00,27.0,54.0,28.6,51.4
2018-04-10 10:30:00,30.0,45.0,29.7,49.0
2018-04-10 11:00:00,31.0,43.0,30.5,48.0
2018-04-10 11:30:00,32.0,40.0,31.6,46.0
2018-04-10 12:00:00,32.5,39.0,32.1,43.9
2018-04-10 12:30:00,33.0,38.0,32.3,41.7
2018-04-10 13:00:00,33.0,34.0,33.0,41.2
2018-04-10 13:30:00,33.0,34.0,33.3,39.6
2018-04-10 14:00:00,34.5,37.0,33.6,38.5
2018-04-10 14:30:00,36.0,40.0,33.6,37.4
2018-04-10 15:00:00,35.0,28.0,34.2,35.7
2018-04-10 15:30:00,35.0,26.0,34.1,36.3
2018-04-10 16:00:00,35.0,26.0,33.8,36.3
2018-04-10 16:30:00,35.0,28.0,33.9,36.3
2018-04-10 17:00:00,35.0,28.0,33.4,36.2
2018-04-10 17:30:00,34.0,43.0,33.0,36.8
2018-04-10 18:00:00,33.666666666666664,39.0,32.6,38.4
2018-04-10 18:30:00,33.333333333333336,35.0,32.1,38.4
2018-04-10 19:00:00,33.0,31.0,31.8,39.4
2018-04-10 19:30:00,32.0,33.0,31.5,40.5
2018-04-10 20:00:00,32.0,33.0,31.2,42.1
2018-04-10 20:30:00,30.0,48.0,29.9,44.2
2018-04-10 21:00:00,28.0,45.0,28.9,46.2
2018-04-10 21:30:00,27.8,48.0,28.4,47.7
2018-04-10 22:00:00,27.6,51.0,28.2,50.3
2018-04-10 22:30:00,27.4,54.0,28.4,50.4
2018-04-10 23:00:00,27.2,57.0,28.3,50.3
2018-04-10 23:30:00,27.0,60.0,27.8,52.4
2018-04-11 00:00:00,26.0,57.0,27.5,54.9
2018-04-11 00:30:00,26.0,57.0,27.2,57.3
2018-04-11 01:00:00,26.0,57.0,26.9,58.3
2018-04-11 01:30:00,26.0,57.0,27.0,58.3
2018-04-11 02:00:00,26.0,57.0,26.9,58.8
2018-04-11 02:30:00,24.0,65.0,26.6,59.2
2018-04-11 03:00:00,24.5,63.0,26.5,59.7
2018-04-11 03:30:00,25.0,61.0,25.9,60.6
2018-04-11 04:00:00,25.0,61.0,26.2,59.2
2018-04-11 04:30:00,25.0,61.0,26.2,58.2
2018-04-11 05:00:00,25.0,61.0,26.2,58.7
2018-04-11 05:30:00,25.0,72.0,25.9,59.1
2018-04-11 06:00:00,25.0,61.0,26.1,57.7
2018-04-11 06:30:00,25.0,61.0,25.4,59.5
2018-04-11 07:00:00,25.0,57.0,26.2,54.7
2018-04-11 07:30:00,25.0,57.0,26.6,55.7
2018-04-11 08:00:00,24.0,69.0,26.5,56.2
2018-04-11 08:30:00,24.0,74.0,25.6,62.0
2018-04-11 09:00:00,25.0,57.0,26.0,60.1
2018-04-11 09:30:00,26.0,54.0,27.0,56.3
2018-04-11 10:00:00,27.0,51.0,28.0,52.9
2018-04-11 10:30:00,28.0,45.0,28.6,50.9
2018-04-11 11:00:00,29.0,45.0,29.0,49.9
2018-04-11 11:30:00,31.0,49.0,29.5,47.9
2018-04-11 12:00:00,30.0,40.0,30.6,45.9
2018-04-11 12:30:00,30.0,40.0,31.1,44.3
2018-04-11 13:00:00,31.0,38.0,31.5,42.7
2018-04-11 13:30:00,32.0,33.0,32.4,41.7
2018-04-11 14:00:00,33.0,38.0,32.9,40.7
2018-04-11 14:30:00,33.0,47.0,33.0,39.6
2018-04-11 15:00:00,31.0,46.0,31.9,44.4
2018-04-11 15:30:00,31.0,46.0,30.6,46.9
2018-04-11 16:00:00,29.0,51.0,29.9,52.1
2018-04-11 16:30:00,29.0,51.0,28.8,53.0
2018-04-11 17:00:00,28.0,51.0,28.5,49.8
2018-04-11 17:30:00,28.0,51.0,28.2,51.4
2018-04-11 18:00:00,27.0,54.0,27.8,56.4
2018-04-11 18:30:00,27.0,58.0,27.5,53.8
2018-04-11 19:00:00,26.0,51.0,27.2,53.8
2018-04-11 19:30:00,26.0,51.0,26.7,50.7
2018-04-11 20:00:00,25.0,54.0,26.2,51.6
2018-04-11 20:30:00,25.0,44.0,25.9,52.6
2018-04-11 21:00:00,25.0,50.0,25.9,52.1
2018-04-11 21:30:00,24.5,51.5,26.1,52.1
2018-04-11 22:00:00,24.0,53.0,26.2,51.1
2018-04-11 22:30:00,24.0,53.0,26.0,51.6
2018-04-11 23:00:00,24.0,53.0,26.2,50.6
2018-04-11 23:30:00,25.0,50.0,25.9,51.6
2018-04-12 00:00:00,24.5,53.5,25.4,57.1
2018-04-12 00:30:00,24.0,57.0,25.6,58.6
2018-04-12 01:00:00,24.0,53.0,25.2,60.0
2018-04-12 01:30:00,23.0,57.0,25.6,59.6
2018-04-12 02:00:00,23.0,65.0,25.4,60.5
2018-04-12 02:30:00,24.0,52.0,25.5,59.6
2018-04-12 03:00:00,23.0,69.0,25.2,60.5
2018-04-12 03:30:00,21.0,78.0,24.6,61.9
2018-04-12 04:00:00,20.0,73.0,24.0,57.4
2018-04-12 04:30:00,20.0,78.0,23.1,60.2
2018-04-12 05:00:00,20.0,73.0,22.9,64.4
2018-04-12 05:30:00,22.0,49.0,23.4,60.2
2018-04-12 06:00:00,22.0,60.0,23.9,55.9
2018-04-12 06:30:00,22.5,58.5,24.7,54.5
2018-04-12 07:00:00,23.0,57.0,24.2,55.9
2018-04-12 07:30:00,23.0,57.0,24.2,58.9
2018-04-12 08:00:00,24.0,57.0,25.2,58.0
2018-04-12 08:30:00,23.0,58.0,25.9,55.1
2018-04-12 09:00:00,25.0,54.0,26.5,54.2
2018-04-12 09:30:00,26.0,51.0,27.6,50.8
2018-04-12 10:00:00,27.0,48.0,28.2,49.3
2018-04-12 10:30:00,28.0,45.0,28.8,45.7
2018-04-12 11:00:00,29.0,42.0,29.5,44.1
2018-04-12 11:30:00,30.0,30.0,30.2,42.6
2018-04-12 12:00:00,30.0,40.0,30.5,42.1
2018-04-12 12:30:00,31.0,38.0,31.1,41.0
2018-04-12 13:00:00,32.0,36.0,31.6,38.3
2018-04-12 13:30:00,32.0,36.0,32.1,37.8
2018-04-12 14:00:00,32.0,36.0,32.4,37.3
2018-04-12 14:30:00,34.0,29.0,33.0,35.6
2018-04-12 15:00:00,33.5,30.0,33.0,36.2
2018-04-12 15:30:00,33.0,31.0,33.0,35.6
2018-04-12 16:00:00,33.0,31.0,33.0,35.1
2018-04-12 16:30:00,33.0,31.0,33.0,35.6
2018-04-12 17:00:00,33.0,31.0,32.7,35.0
2018-04-12 17:30:00,33.0,31.0,32.3,35.6
2018-04-12 18:00:00,33.0,31.0,31.7,36.6
2018-04-12 18:30:00,32.0,33.0,31.2,37.7
2018-04-12 19:00:00,31.0,35.0,30.7,38.8
2018-04-12 19:30:00,30.0,37.0,30.3,39.8
2018-04-12 20:00:00,29.0,40.0,30.0,39.8
2018-04-12 20:30:00,29.0,35.0,29.7,40.9
2018-04-12 21:00:00,27.0,45.0,29.5,41.4
2018-04-12 21:30:00,27.0,42.0,29.4,43.0
2018-04-12 22:00:00,27.0,45.0,29.1,43.5
2018-04-12 22:30:00,27.0,45.0,28.7,44.0
2018-04-12 23:00:00,27.0,45.0,28.4,41.8
2018-04-12 23:30:00,26.0,36.0,28.1,42.3
2018-04-13 00:00:00,26.0,39.0,27.5,43.4
2018-04-13 00:30:00,26.0,42.0,27.2,44.9
2018-04-13 01:00:00,26.0,39.0,27.5,45.5
2018-04-13 01:30:00,26.0,42.0,27.6,46.6
2018-04-13 02:00:00,25.0,44.0,27.3,47.6
2018-04-13 02:30:00,25.0,40.0,27.2,47.1
2018-04-13 03:00:00,24.0,47.0,27.0,47.0
2018-04-13 03:30:00,23.0,53.0,26.7,45.4
2018-04-13 04:00:00,23.0,50.0,26.3,47.5
2018-04-13 04:30:00,22.333333333333332,54.666666666666664,26.2,47.5
2018-04-13 05:00:00,21.666666666666668,59.333333333333336,26.2,46.4
2018-04-13 05:30:00,21.0,64.0,26.1,46.4
2018-04-13 06:00:00,22.0,57.0,25.9,46.9
2018-04-13 06:30:00,22.0,60.0,26.3,46.4
2018-04-13 07:00:00,23.0,53.0,26.5,46.4
2018-04-13 07:30:00,23.0,61.0,27.2,46.5
2018-04-13 08:00:00,24.0,53.0,27.8,42.3
2018-04-13 08:30:00,25.0,47.0,28.4,40.2
2018-04-13 09:00:00,28.0,32.0,29.5,37.0
2018-04-13 09:30:00,29.0,30.0,30.2,33.1
2018-04-13 10:00:00,30.0,27.0,30.7,28.0
2018-04-13 10:30:00,31.0,22.0,31.3,24.5
2018-04-13 11:00:00,32.0,19.0,31.8,23.3
2018-04-13 11:30:00,33.0,16.0,32.3,22.2
2018-04-13 12:00:00,34.0,14.0,32.5,21.6
2018-04-13 12:30:00,34.0,13.0,33.0,21.0
2018-04-13 13:00:00,35.0,12.0,33.4,19.8
2018-04-13 13:30:00,35.0,12.0,33.9,19.8
2018-04-13 14:00:00,35.0,13.0,34.4,18.6
2018-04-13 14:30:00,37.0,7.0,34.7,18.7
2018-04-13 15:00:00,36.0,13.0,34.9,18.7
2018-04-13 15:30:00,36.0,13.0,34.4,19.9
2018-04-13 16:00:00,37.0,12.0,34.9,18.7
2018-04-13 16:30:00,36.5,12.0,34.7,18.7
2018-04-13 17:00:00,36.0,12.0,34.5,18.6
2018-04-13 17:30:00,35.0,10.0,33.9,18.6
2018-04-13 18:00:00,35.0,13.0,33.1,18.6
2018-04-13 18:30:00,34.333333333333336,13.666666666666666,32.3,20.3
2018-04-13 19:00:00,33.666666666666664,14.333333333333334,31.6,22.1
2018-04-13 19:30:00,33.0,15.0,30.9,22.1
2018-04-13 20:00:00,32.0,17.0,30.7,23.2
2018-04-13 20:30:00,31.0,18.0,30.5,23.8
2018-04-13 21:00:00,30.0,25.0,30.3,24.4
2018-04-13 21:30:00,29.0,25.0,30.2,24.4
2018-04-13 22:00:00,28.0,25.0,29.8,26.7
2018-04-13 22:30:00,27.0,30.0,29.5,29.6
2018-04-13 23:00:00,27.0,30.0,29.4,29.0
2018-04-13 23:30:00,26.0,18.0,28.7,30.7
2018-04-14 00:00:00,27.0,24.0,28.5,32.4
2018-04-14 00:30:00,27.0,23.0,28.5,32.4
2018-04-14 01:00:00,26.0,25.666666666666668,28.2,32.4
2018-04-14 01:30:00,25.0,28.333333333333332,28.0,32.3
2018-04-14 02:00:00,24.0,31.0,28.0,32.3
2018-04-14 02:30:00,23.0,34.0,28.0,32.3
2018-04-14 03:00:00,24.0,31.0,27.7,32.3
2018-04-14 03:30:00,23.0,38.0,27.7,32.3
2018-04-14 04:00:00,22.5,39.5,27.1,34.0
2018-04-14 04:30:00,22.0,41.0,26.9,34.5
2018-04-14 05:00:00,22.0,46.0,27.0,33.4
2018-04-14 05:30:00,21.0,44.0,27.1,33.4
2018-04-14 06:00:00,22.0,43.0,26.6,37.8
2018-04-14 06:30:00,21.0,43.0,26.3,38.3
2018-04-14 07:00:00,22.0,43.0,26.4,37.8
2018-04-14 07:30:00,23.0,41.0,27.1,37.9
2018-04-14 08:00:00,25.0,36.0,27.9,36.3
2018-04-14 08:30:00,26.0,34.0,29.0,34.7
2018-04-14 09:00:00,27.0,34.0,30.0,33.1
2018-04-14 09:30:00,29.0,30.0,31.0,31.5
2018-04-14 10:00:00,31.0,27.0,31.6,30.9
2018-04-14 10:30:00,32.0,24.0,32.0,28.1
2018-04-14 11:00:00,33.0,23.0,32.8,26.9
2018-04-14 11:30:00,34.0,23.0,33.2,24.6
2018-04-14 12:00:00,35.0,20.0,33.7,24.6
2018-04-14 12:30:00,36.0,17.0,34.3,24.1
2018-04-14 13:00:00,37.0,16.0,34.9,23.5
2018-04-14 13:30:00,37.0,16.0,35.5,22.4
2018-04-14 14:00:00,37.0,14.5,35.8,22.4
2018-04-14 14:30:00,37.0,13.0,36.1,21.2
2018-04-14 15:00:00,37.0,12.0,36.1,21.2
2018-04-14 15:30:00,37.0,13.0,36.2,21.2
2018-04-14 16:00:00,37.0,13.0,36.0,21.8
2018-04-14 16:30:00,36.5,14.0,35.6,22.4
2018-04-14 17:00:00,36.0,15.0,35.0,22.3
2018-04-14 17:30:00,36.0,12.0,34.3,24.1
2018-04-14 18:00:00,35.0,15.0,33.9,24.0
2018-04-14 18:30:00,34.0,16.5,33.3,24.6
2018-04-14 19:00:00,33.0,18.0,32.8,25.7
2018-04-14 19:30:00,33.0,18.0,32.4,26.9
2018-04-14 20:00:00,33.0,18.0,31.9,28.1
2018-04-14 20:30:00,33.0,22.0,31.7,28.6
2018-04-14 21:00:00,32.0,24.0,31.6,29.2
2018-04-14 21:30:00,31.0,25.0,31.1,31.5
2018-04-14 22:00:00,31.0,25.0,30.9,32.0
2018-04-14 22:30:00,30.5,26.0,30.5,32.6
2018-04-14 23:00:00,30.0,27.0,30.5,32.6
2018-04-14 23:30:00,27.0,38.0,30.4,32.5
2018-04-15 00:00:00,29.0,30.0,30.3,32.5
2018-04-15 00:30:00,29.0,30.0,30.0,33.6
2018-04-15 01:00:00,29.0,30.0,29.9,34.2
2018-04-15 01:30:00,28.0,35.0,29.8,34.8
2018-04-15 02:00:00,27.0,37.0,29.5,35.9
2018-04-15 02:30:00,26.0,48.0,29.5,36.4
2018-04-15 03:00:00,26.0,42.0,29.3,35.8
2018-04-15 03:30:00,26.0,39.0,29.3,36.4
2018-04-15 04:00:00,26.0,36.0,29.1,36.9
2018-04-15 04:30:00,25.0,41.0,28.9,39.1
2018-04-15 05:00:00,24.0,45.0,28.7,40.2
2018-04-15 05:30:00,23.0,49.0,28.4,40.7
2018-04-15 06:00:00,24.0,41.0,27.9,40.1
2018-04-15 06:30:00,24.0,41.0,28.0,40.1
2018-04-15 07:00:00,24.0,41.0,28.0,40.2
2018-04-15 07:30:00,24.0,44.0,28.5,40.2
2018-04-15 08:00:00,26.5,37.0,29.5,39.2
2018-04-15 08:30:00,29.0,30.0,30.6,37.1
2018-04-15 09:00:00,29.0,30.0,31.4,34.9
2018-04-15 09:30:00,31.0,27.0,32.1,33.3
2018-04-15 10:00:00,32.0,26.0,32.8,31.6
2018-04-15 10:30:00,34.0,21.0,33.2,30.5
2018-04-15 11:00:00,34.0,21.0,33.9,30.5
2018-04-15 11:30:00,36.0,16.0,34.6,28.3
2018-04-15 12:00:00,35.0,20.0,35.0,28.3
2018-04-15 12:30:00,36.0,18.0,35.6,27.1
2018-04-15 13:00:00,36.0,18.0,36.1,24.8
2018-04-15 13:30:00,36.0,18.0,36.5,24.8
2018-04-15 14:00:00,37.0,17.0,36.9,24.9
2018-04-15 14:30:00,39.0,13.0,37.3,23.7
2018-04-15 15:00:00,39.0,15.0,37.4,23.1
2018-04-15 15:30:00,39.0,17.0,37.4,23.1
2018-04-15 16:00:00,39.0,17.0,37.3,22.5
2018-04-15 16:30:00,39.0,17.0,37.2,22.5
2018-04-15 17:00:00,39.0,17.0,36.8,23.6
2018-04-15 17:30:00,37.0,17.0,36.3,23.6
2018-04-15 18:00:00,39.0,17.0,35.8,24.8
2018-04-15 18:30:00,38.0,18.0,35.1,24.7
2018-04-15 19:00:00,37.0,21.0,34.4,27.0
2018-04-15 19:30:00,36.0,25.0,34.1,26.4
2018-04-15 20:00:00,34.0,26.0,33.7,26.4
2018-04-15 20:30:00,32.0,30.0,33.4,27.0
2018-04-15 21:00:00,33.0,29.0,33.0,29.3
2018-04-15 21:30:00,33.0,29.0,32.9,28.7
2018-04-15 22:00:00,32.0,31.0,32.9,28.1
2018-04-15 22:30:00,31.0,35.0,32.4,33.9
2018-04-15 23:00:00,31.0,33.0,32.4,31.6
2018-04-15 23:30:00,31.0,33.0,32.3,32.7
2018-04-16 00:00:00,31.0,33.0,32.1,32.7
2018-04-16 00:30:00,30.5,34.0,31.9,32.7
2018-04-16 01:00:00,30.0,35.0,31.7,36.1
2018-04-16 01:30:00,29.0,37.0,31.1,36.6
2018-04-16 02:00:00,29.0,37.0,31.0,36.0
2018-04-16 02:30:00,27.0,37.0,30.9,36.0
2018-04-16 03:00:00,28.0,39.0,30.9,38.2
2018-04-16 03:30:00,28.0,39.0,30.7,39.3
2018-04-16 04:00:00,28.0,39.0,30.5,38.2
2018-04-16 04:30:00,27.0,42.0,30.4,37.1
2018-04-16 05:00:00,26.0,42.0,30.1,38.7
2018-04-16 05:30:00,25.0,41.0,29.3,40.3
2018-04-16 06:00:00,28.0,37.0,29.3,39.2
2018-04-16 06:30:00,27.0,39.0,29.4,37.5
2018-04-16 07:00:00,27.0,39.0,29.5,37.5
2018-04-16 07:30:00,28.0,37.0,29.9,36.5
2018-04-16 08:00:00,30.0,29.0,30.3,34.8
2018-04-16 08:30:00,30.0,30.0,30.7,33.7
2018-04-16 09:00:00,32.0,27.0,31.2,32.6
2018-04-16 09:30:00,32.0,27.0,31.5,33.8
2018-04-16 10:00:00,33.0,26.0,31.9,33.3
2018-04-16 10:30:00,35.0,22.0,32.9,31.6
2018-04-16 11:00:00,37.0,18.5,33.2,30.5
2018-04-16 11:30:00,39.0,15.0,34.7,28.3
2018-04-16 12:00:00,38.0,18.0,35.6,27.1
2018-04-16 12:30:00,39.0,17.0,35.8,27.2
2018-04-16 13:00:00,39.0,17.0,36.5,26.0
2018-04-16 13:30:00,39.5,16.5,37.6,27.3
2018-04-16 14:00:00,40.0,16.0,37.6,26.7
2018-04-16 14:30:00,40.0,12.0,37.4,28.5
2018-04-16 15:00:00,38.0,25.0,36.1,31.3
2018-04-16 15:30:00,38.0,25.0,35.8,32.4
2018-04-16 16:00:00,38.0,25.0,35.8,31.3
2018-04-16 16:30:00,36.0,30.0,35.5,30.7
2018-04-16 17:00:00,36.0,30.0,35.6,30.7
2018-04-16 17:30:00,36.0,22.0,35.2,31.8
2018-04-16 18:00:00,35.0,32.0,34.7,32.3
2018-04-16 18:30:00,35.0,32.0,34.0,32.8
2018-04-16 19:00:00,34.5,33.0,33.4,32.8
2018-04-16 19:30:00,34.0,34.0,33.1,32.8
2018-04-16 20:00:00,33.0,26.0,32.9,33.3
2018-04-16 20:30:00,33.0,26.0,32.6,33.9
2018-04-16 21:00:00,32.0,29.0,32.3,33.8
2018-04-16 21:30:00,32.0,29.0,32.4,33.9
2018-04-16 22:00:00,31.333333333333332,30.333333333333332,32.2,35.0
2018-04-16 22:30:00,30.666666666666668,31.666666666666668,31.9,36.1
2018-04-16 23:00:00,30.0,33.0,31.8,37.2
2018-04-16 23:30:00,29.0,36.0,31.6,37.2
2018-04-17 00:00:00,28.5,37.5,31.5,37.7
2018-04-17 00:30:00,28.0,39.0,31.3,38.3
2018-04-17 01:00:00,28.0,39.0,31.2,37.7
2018-04-17 01:30:00,28.0,37.0,30.8,38.2
2018-04-17 02:00:00,28.0,37.0,30.6,37.7
2018-04-17 02:30:00,28.0,39.0,30.5,37.1
2018-04-17 03:00:00,29.0,37.0,30.5,37.1
2018-04-17 03:30:00,28.0,37.0,30.6,37.7
2018-04-17 04:00:00,28.0,38.0,30.3,39.8
2018-04-17 04:30:00,28.0,39.0,29.8,40.3
2018-04-17 05:00:00,27.0,44.0,29.7,40.3
2018-04-17 05:30:00,26.0,49.0,30.2,37.6
2018-04-17 06:00:00,27.0,45.5,30.0,40.4
2018-04-17 06:30:00,28.0,42.0,30.3,39.8
2018-04-17 07:00:00,28.0,42.0,30.4,39.3
2018-04-17 07:30:00,29.0,40.0,29.6,43.6
2018-04-17 08:00:00,29.0,40.0,30.2,41.5
2018-04-17 08:30:00,30.0,35.0,30.9,39.9
2018-04-17 09:00:00,31.0,31.0,31.4,36.0
2018-04-17 09:30:00,32.0,29.0,31.7,37.2
2018-04-17 10:00:00,32.0,29.0,32.4,35.6
2018-04-17 10:30:00,32.0,29.0,33.5,32.8
2018-04-17 11:00:00,34.0,24.0,34.2,30.0
2018-04-17 11:30:00,36.0,19.0,35.0,29.5
2018-04-17 12:00:00,37.0,21.0,35.6,27.7
2018-04-17 12:30:00,37.0,19.0,36.1,26.6
2018-04-17 13:00:00,38.0,18.0,36.5,26.0
2018-04-17 13:30:00,38.5,19.5,37.0,24.3
2018-04-17 14:00:00,39.0,21.0,37.5,23.1
2018-04-17 14:30:00,40.0,12.0,37.9,23.7
2018-04-17 15:00:00,40.0,21.0,37.9,22.5
2018-04-17 15:30:00,41.0,18.0,38.0,21.3
2018-04-17 16:00:00,41.0,18.0,37.9,21.3
2018-04-17 16:30:00,40.0,16.0,37.8,20.1
2018-04-17 17:00:00,40.0,12.0,37.4,19.4
2018-04-17 17:30:00,39.0,12.0,36.8,18.8
2018-04-17 18:00:00,39.0,12.0,36.1,20.0
2018-04-17 18:30:00,38.0,13.0,35.5,21.1
2018-04-17 19:00:00,37.0,15.0,34.8,22.9
2018-04-17 19:30:00,36.0,16.0,34.2,24.7
2018-04-17 20:00:00,36.0,18.0,33.8,25.8
2018-04-17 20:30:00,34.0,21.0,33.4,27.0
2018-04-17 21:00:00,34.0,20.0,33.0,28.1
2018-04-17 21:30:00,33.0,21.0,32.9,28.1
2018-04-17 22:00:00,33.0,21.0,32.6,29.3
2018-04-17 22:30:00,33.0,21.0,32.3,28.7
2018-04-17 23:00:00,32.0,22.0,32.1,28.1
2018-04-17 23:30:00,31.0,23.0,32.0,28.1
2018-04-18 00:00:00,31.0,23.5,31.6,28.0
2018-04-18 00:30:00,31.0,24.0,31.0,29.1
2018-04-18 01:00:00,30.0,25.0,30.5,30.3
2018-04-18 01:30:00,30.0,25.0,30.4,30.2
2018-04-18 02:00:00,29.0,27.0,30.2,31.4
2018-04-18 02:30:00,28.0,31.0,30.2,32.0
2018-04-18 03:00:00,28.0,30.0,30.1,32.5
2018-04-18 03:30:00,27.0,34.0,30.1,33.7
2018-04-18 04:00:00,26.0,39.0,30.0,34.2
2018-04-18 04:30:00,25.0,41.0,29.9,34.8
2018-04-18 05:00:00,24.0,41.0,29.4,35.3
2018-04-18 05:30:00,24.0,41.0,28.9,36.4
2018-04-18 06:00:00,24.0,44.0,28.5,37.4
2018-04-18 06:30:00,24.0,44.0,28.3,38.0
2018-04-18 07:00:00,25.0,41.0,28.6,38.0
2018-04-18 07:30:00,26.0,39.0,29.0,38.0
2018-04-18 08:00:00,27.0,37.0,29.8,37.0
2018-04-18 08:30:00,27.0,51.0,30.8,35.4
2018-04-18 09:00:00,28.5,41.0,31.7,32.7
2018-04-18 09:30:00,30.0,31.0,32.5,32.7
2018-04-18 10:00:00,32.0,26.0,33.0,30.5
2018-04-18 10:30:00,33.0,24.0,34.0,28.2
2018-04-18 11:00:00,35.0,22.0,34.4,28.2
2018-04-18 11:30:00,36.0,14.0,35.4,24.7
2018-04-18 12:00:00,37.0,19.0,35.9,22.4
2018-04-18 12:30:00,38.0,18.0,36.4,22.4
2018-04-18 13:00:00,39.0,17.0,36.7,22.4
2018-04-18 13:30:00,39.0,18.0,37.3,21.2
2018-04-18 14:00:00,40.0,17.0,37.5,21.3
2018-04-18 14:30:00,40.0,17.0,37.7,21.3
2018-04-18 15:00:00,39.0,15.0,37.8,21.3
2018-04-18 15:30:00,39.0,15.0,37.8,21.3
2018-04-18 16:00:00,39.0,15.0,37.7,20.0
2018-04-18 16:30:00,39.0,15.0,37.5,20.0
2018-04-18 17:00:00,39.0,15.0,37.2,21.2
2018-04-18 17:30:00,37.0,17.0,36.5,21.2
2018-04-18 18:00:00,38.0,15.0,36.0,21.8
2018-04-18 18:30:00,37.0,16.0,35.5,22.3
2018-04-18 19:00:00,36.0,17.0,34.9,23.5
2018-04-18 19:30:00,34.5,18.5,34.5,24.7
2018-04-18 20:00:00,33.0,20.0,34.2,24.7
2018-04-18 20:30:00,33.0,24.0,33.9,25.8
2018-04-18 21:00:00,33.0,18.0,33.7,25.8
2018-04-18 21:30:00,33.0,20.0,33.5,25.8
2018-04-18 22:00:00,32.0,24.0,33.2,27.0
2018-04-18 22:30:00,31.5,24.5,33.0,27.0
2018-04-18 23:00:00,31.0,25.0,32.8,28.1
2018-04-18 23:30:00,31.0,29.0,32.5,28.7
2018-04-19 00:00:00,31.0,25.0,32.3,29.2
2018-04-19 00:30:00,30.5,26.0,32.1,29.8
2018-04-19 01:00:00,30.0,27.0,31.9,30.4
2018-04-19 01:30:00,30.0,27.0,31.7,31.5
2018-04-19 02:00:00,29.0,30.0,31.5,31.5
2018-04-19 02:30:00,29.0,30.0,31.4,32.1
2018-04-19 03:00:00,29.0,33.0,31.3,32.6
2018-04-19 03:30:00,28.0,32.0,31.0,33.2
2018-04-19 04:00:00,27.666666666666668,32.666666666666664,30.8,33.7
2018-04-19 04:30:00,27.333333333333332,33.333333333333336,30.7,34.8
2018-04-19 05:00:00,27.0,34.0,30.7,34.9
2018-04-19 05:30:00,26.0,49.0,30.2,35.9
2018-04-19 06:00:00,25.0,41.0,29.9,37.0
2018-04-19 06:30:00,25.0,41.0,29.7,37.0
2018-04-19 07:00:00,25.0,41.0,29.7,37.0
2018-04-19 07:30:00,26.5,38.0,30.0,36.5
2018-04-19 08:00:00,28.0,35.0,30.7,36.0
2018-04-19 08:30:00,29.0,33.0,31.7,36.1
2018-04-19 09:00:00,31.0,29.0,32.6,33.9
2018-04-19 09:30:00,33.0,26.0,33.2,33.9
2018-04-19 10:00:00,33.5,25.0,33.7,32.8
2018-04-19 10:30:00,34.0,24.0,34.6,29.4
2018-04-19 11:00:00,35.0,23.0,35.4,27.7
2018-04-19 11:30:00,36.0,23.0,36.0,26.6
2018-04-19 12:00:00,36.0,21.0,36.5,24.8
2018-04-19 12:30:00,36.0,19.0,37.0,23.7
2018-04-19 13:00:00,40.0,15.0,37.3,23.7
2018-04-19 13:30:00,40.0,15.0,37.6,23.7
2018-04-19 14:00:00,40.0,17.0,38.0,21.3
2018-04-19 14:30:00,40.0,18.0,38.1,21.3
2018-04-19 15:00:00,41.0,17.0,38.2,20.1
2018-04-19 15:30:00,41.0,18.0,38.0,20.1
2018-04-19 16:00:00,41.0,17.0,38.2,18.8
2018-04-19 16:30:00,41.0,15.0,38.1,20.1
2018-04-19 17:00:00,41.0,15.0,37.8,20.1
2018-04-19 17:30:00,38.0,17.0,37.3,20.0
2018-04-19 18:00:00,39.0,16.0,36.7,20.0
2018-04-19 18:30:00,38.0,17.0,36.1,21.2
2018-04-19 19:00:00,37.0,18.0,35.6,21.1
2018-04-19 19:30:00,36.0,19.0,35.1,22.3
2018-04-19 20:00:00,35.0,20.0,34.8,22.3
2018-04-19 20:30:00,34.0,26.0,34.5,23.5
2018-04-19 21:00:00,34.0,19.0,34.3,24.7
2018-04-19 21:30:00,33.0,20.0,33.9,25.2
2018-04-19 22:00:00,33.0,20.0,33.5,25.8
2018-04-19 22:30:00,33.0,20.0,33.2,25.8
2018-04-19 23:00:00,33.0,20.0,33.2,27.0
2018-04-19 23:30:00,31.0,29.0,33.0,28.1
2018-04-20 00:00:00,32.0,21.0,32.5,28.1
2018-04-20 00:30:00,32.0,21.0,32.1,29.2
2018-04-20 01:00:00,31.0,22.0,31.7,29.2
2018-04-20 01:30:00,30.0,25.0,31.2,30.3
2018-04-20 02:00:00,29.0,27.0,30.9,31.4
2018-04-20 02:30:00,29.0,30.0,30.8,31.4
2018-04-20 03:00:00,28.0,30.0,31.1,31.5
2018-04-20 03:30:00,27.0,32.0,31.3,31.5
2018-04-20 04:00:00,27.0,33.0,31.3,31.5
2018-04-20 04:30:00,27.0,34.0,30.7,31.4
2018-04-20 05:00:00,28.0,32.0,30.1,33.7
2018-04-20 05:30:00,28.0,32.0,29.9,33.6
2018-04-20 06:00:00,28.0,32.0,29.7,33.6
2018-04-20 06:30:00,29.0,29.0,30.1,33.1
2018-04-20 07:00:00,30.0,27.0,30.3,33.1
2018-04-20 07:30:00,30.5,27.0,30.5,33.1
2018-04-20 08:00:00,31.0,27.0,30.8,33.7
2018-04-20 08:30:00,31.0,33.0,31.2,32.6
2018-04-20 09:00:00,33.0,23.0,32.3,30.4
2018-04-20 09:30:00,35.0,22.0,33.5,28.8
2018-04-20 10:00:00,36.0,18.0,34.2,27.6
2018-04-20 10:30:00,36.5,17.5,35.3,24.7
2018-04-20 11:00:00,37.0,17.0,36.0,22.4
2018-04-20 11:30:00,37.0,22.0,36.6,22.4
2018-04-20 12:00:00,38.0,15.0,37.3,21.2
2018-04-20 12:30:00,39.0,15.0,37.2,20.0
2018-04-20 13:00:00,39.0,14.0,37.0,21.2
2018-04-20 13:30:00,39.0,14.0,36.6,21.8
2018-04-20 14:00:00,40.0,12.0,36.6,22.4
2018-04-20 14:30:00,38.0,19.0,37.3,21.2
2018-04-20 15:00:00,40.0,12.0,38.1,19.5
2018-04-20 15:30:00,40.0,13.0,38.4,18.9
2018-04-20 16:00:00,40.0,13.0,38.2,17.6
2018-04-20 16:30:00,40.0,13.0,37.9,18.8
2018-04-20 17:00:00,39.0,11.0,37.7,18.8
2018-04-20 17:30:00,38.0,21.0,37.2,18.8
2018-04-20 18:00:00,37.0,12.0,36.5,19.4
2018-04-20 18:30:00,35.0,14.0,36.0,20.0
2018-04-20 19:00:00,34.0,15.0,34.8,24.7
2018-04-20 19:30:00,33.0,20.0,34.2,24.7
2018-04-20 20:00:00,33.0,20.0,33.6,25.8
2018-04-20 20:30:00,32.0,21.0,33.3,26.4
2018-04-20 21:00:00,32.0,21.0,33.0,27.0
2018-04-20 21:30:00,31.0,24.0,32.8,28.1
2018-04-20 22:00:00,31.0,24.0,32.5,28.7
2018-04-20 22:30:00,31.0,22.0,32.0,29.2
2018-04-20 23:00:00,31.0,21.0,31.9,29.2
2018-04-20 23:30:00,31.0,24.0,31.8,30.4
2018-04-21 00:00:00,30.0,18.0,31.7,30.3
2018-04-21 00:30:00,30.0,18.0,31.5,24.5
2018-04-21 01:00:00,30.0,14.0,31.5,20.9
2018-04-21 01:30:00,30.0,10.0,30.7,29.7
2018-04-21 02:00:00,29.0,23.0,30.6,29.1
2018-04-21 02:30:00,28.5,24.5,30.5,30.3
2018-04-21 03:00:00,28.0,26.0,30.5,30.3
2018-04-21 03:30:00,27.0,42.0,30.3,31.4
2018-04-21 04:00:00,26.0,46.0,30.2,31.4
2018-04-21 04:30:00,25.0,50.0,30.0,38.1
2018-04-21 05:00:00,24.5,55.0,29.4,44.1
2018-04-21 05:30:00,24.0,60.0,28.7,45.6
2018-04-21 06:00:00,24.0,57.666666666666664,28.5,46.1
2018-04-21 06:30:00,24.0,55.333333333333336,28.5,47.2
2018-04-21 07:00:00,24.0,53.0,28.5,47.2
2018-04-21 07:30:00,24.0,53.0,28.5,46.7
2018-04-21 08:00:00,25.0,47.0,29.0,47.3
2018-04-21 08:30:00,26.0,56.0,29.7,43.6
2018-04-21 09:00:00,26.0,47.0,30.4,39.3
2018-04-21 09:30:00,27.0,45.0,31.1,36.0
2018-04-21 10:00:00,28.333333333333332,39.666666666666664,31.7,30.4
2018-04-21 10:30:00,29.666666666666668,34.333333333333336,32.1,28.1
2018-04-21 11:00:00,31.0,29.0,32.5,29.3
2018-04-21 11:30:00,32.0,28.0,33.2,26.4
2018-04-21 12:00:00,32.0,24.0,33.6,26.4
2018-04-21 12:30:00,33.0,18.0,34.1,24.7
2018-04-21 13:00:00,34.0,17.0,34.0,24.7
2018-04-21 13:30:00,34.0,16.0,34.4,24.7
2018-04-21 14:00:00,34.5,19.0,34.8,23.5
2018-04-21 14:30:00,35.0,22.0,35.2,23.5
2018-04-21 15:00:00,34.0,16.0,35.1,22.3
2018-04-21 15:30:00,34.0,16.0,34.9,21.1
2018-04-21 16:00:00,34.0,16.0,34.9,21.1
2018-04-21 16:30:00,34.0,16.0,34.6,21.1
2018-04-21 17:00:00,33.5,21.5,34.2,22.3
2018-04-21 17:30:00,33.0,27.0,33.7,23.4
2018-04-21 18:00:00,33.0,22.0,33.3,23.4
2018-04-21 18:30:00,33.0,17.0,33.0,23.4
2018-04-21 19:00:00,32.0,18.0,32.8,23.4
2018-04-21 19:30:00,32.0,18.0,32.5,22.8
2018-04-21 20:00:00,31.0,19.0,32.2,23.3
2018-04-21 20:30:00,30.0,30.0,31.8,24.5
2018-04-21 21:00:00,29.666666666666668,27.333333333333332,31.5,24.5
2018-04-21 21:30:00,29.333333333333332,24.666666666666668,31.1,24.5
2018-04-21 22:00:00,29.0,22.0,30.7,24.4
2018-04-21 22:30:00,29.0,21.0,30.5,24.4
2018-04-21 23:00:00,29.0,20.0,30.1,25.6
2018-04-21 23:30:00,28.0,35.0,29.8,25.5
2018-04-22 00:00:00,28.0,23.0,29.5,26.7
2018-04-22 00:30:00,27.5,23.5,29.3,27.8
2018-04-22 01:00:00,27.0,24.0,29.1,28.4
2018-04-22 01:30:00,26.333333333333332,29.0,29.0,29.6
2018-04-22 02:00:00,25.666666666666668,34.0,28.6,30.1
2018-04-22 02:30:00,25.0,39.0,28.2,31.2
2018-04-22 03:00:00,25.0,36.5,27.8,32.3
2018-04-22 03:30:00,25.0,34.0,27.6,33.4
2018-04-22 04:00:00,25.0,34.0,27.3,34.0
2018-04-22 04:30:00,24.0,36.0,27.2,34.5
2018-04-22 05:00:00,23.0,44.5,26.9,35.6
2018-04-22 05:30:00,22.0,53.0,26.6,36.7
2018-04-22 06:00:00,22.0,48.0,26.6,36.7
2018-04-22 06:30:00,22.0,43.0,27.0,36.7
2018-04-22 07:00:00,22.5,42.0,27.0,37.3
2018-04-22 07:30:00,23.0,41.0,27.5,36.8
2018-04-22 08:00:00,24.5,40.5,28.4,34.6
2018-04-22 08:30:00,26.0,40.0,29.0,32.4
2018-04-22 09:00:00,27.0,34.0,29.7,30.2
2018-04-22 09:30:00,28.0,28.0,30.3,29.1
2018-04-22 10:00:00,29.0,25.5,30.7,26.8
2018-04-22 10:30:00,30.0,23.0,31.3,25.7
2018-04-22 11:00:00,32.0,18.0,32.0,23.3
2018-04-22 11:30:00,33.0,25.0,32.4,22.2
2018-04-22 12:00:00,33.0,21.0,32.6,21.0
2018-04-22 12:30:00,33.0,17.0,33.0,21.0
2018-04-22 13:00:00,34.0,15.0,33.6,19.8
2018-04-22 13:30:00,34.5,14.0,34.1,19.9
2018-04-22 14:00:00,35.0,13.0,34.3,18.0
2018-04-22 14:30:00,35.0,23.0,34.7,17.4
2018-04-22 15:00:00,35.0,17.5,34.9,16.2
2018-04-22 15:30:00,35.0,12.0,35.0,16.2
2018-04-22 16:00:00,35.0,12.0,34.8,16.2
2018-04-22 16:30:00,35.0,12.0,35.0,16.2
2018-04-22 17:00:00,35.0,12.0,34.6,17.4
2018-04-22 17:30:00,35.0,12.0,34.2,17.4
2018-04-22 18:00:00,35.0,12.0,33.6,17.4
2018-04-22 18:30:00,34.0,13.0,33.0,18.0
2018-04-22 19:00:00,32.0,16.0,32.5,19.7
2018-04-22 19:30:00,31.0,16.0,32.0,20.3
2018-04-22 20:00:00,30.0,22.0,31.7,20.9
2018-04-22 20:30:00,29.0,28.0,31.4,22.1
2018-04-22 21:00:00,30.0,18.0,31.2,22.1
2018-04-22 21:30:00,29.666666666666668,18.0,30.9,22.7
2018-04-22 22:00:00,29.333333333333332,18.0,30.7,23.2
2018-04-22 22:30:00,29.0,18.0,30.5,23.2
2018-04-22 23:00:00,29.0,19.0,30.2,23.2
2018-04-22 23:30:00,29.0,18.0,30.0,23.2
2018-04-23 00:00:00,29.0,18.0,29.7,23.2
2018-04-23 00:30:00,28.0,19.0,29.4,23.2
2018-04-23 01:00:00,28.0,19.0,29.1,23.1
2018-04-23 01:30:00,27.5,19.5,28.8,23.7
2018-04-23 02:00:00,27.0,20.0,28.5,24.3
2018-04-23 02:30:00,26.0,42.0,28.4,24.3
2018-04-23 03:00:00,25.0,24.0,28.1,24.8
2018-04-23 03:30:00,25.0,24.0,27.6,25.4
2018-04-23 04:00:00,24.0,25.0,27.4,25.4
2018-04-23 04:30:00,22.0,29.0,27.0,27.7
2018-04-23 05:00:00,22.0,29.0,26.8,28.2
2018-04-23 05:30:00,22.0,43.0,26.7,28.8
2018-04-23 06:00:00,21.5,39.0,26.3,29.9
2018-04-23 06:30:00,21.0,35.0,26.4,31.1
2018-04-23 07:00:00,22.0,33.0,26.6,31.1
2018-04-23 07:30:00,23.0,31.0,27.3,32.3
2018-04-23 08:00:00,24.0,29.0,28.0,31.2
2018-04-23 08:30:00,26.0,37.0,29.1,30.1
2018-04-23 09:00:00,28.0,25.0,30.1,28.5
2018-04-23 09:30:00,30.0,22.0,30.9,26.8
2018-04-23 10:00:00,31.0,19.0,31.6,25.1
2018-04-23 10:30:00,33.0,15.0,32.1,23.3
2018-04-23 11:00:00,33.0,15.0,32.7,22.8
2018-04-23 11:30:00,34.0,25.0,33.2,22.2
2018-04-23 12:00:00,34.333333333333336,21.0,33.6,22.2
2018-04-23 12:30:00,34.666666666666664,17.0,34.2,21.7
2018-04-23 13:00:00,35.0,13.0,34.6,21.1
2018-04-23 13:30:00,35.0,13.0,34.9,19.9
2018-04-23 14:00:00,35.0,13.0,35.6,18.7
2018-04-23 14:30:00,37.0,6.0,35.8,18.7
2018-04-23 15:00:00,37.0,16.0,36.1,18.7
2018-04-23 15:01:00,37.0,16.0,36.150000000000006,18.1
2018-04-23 15:30:00,37.0,16.0,36.2,17.5
2018-04-23 16:00:00,37.5,13.5,36.0,17.5
2018-04-23 16:30:00,38.0,11.0,36.0,17.5
2018-04-23 17:00:00,37.5,11.5,35.8,17.5
2018-04-23 17:30:00,37.0,12.0,35.3,17.5
2018-04-23 18:00:00,36.0,13.0,34.7,18.7
2018-04-23 18:30:00,36.0,12.0,34.0,19.2
2018-04-23 19:00:00,34.0,13.0,33.4,19.8
2018-04-23 19:30:00,33.5,13.5,33.0,21.0
2018-04-23 20:00:00,33.0,14.0,32.6,21.0
2018-04-23 20:30:00,31.0,16.0,32.4,22.8
2018-04-23 21:00:00,32.0,17.0,32.2,22.1
2018-04-23 21:30:00,31.0,18.0,31.9,22.1
2018-04-23 22:00:00,31.0,18.0,31.7,23.3
2018-04-23 22:30:00,30.0,19.0,31.4,23.3
2018-04-23 23:00:00,30.0,19.0,31.0,23.3
2018-04-23 23:30:00,29.0,20.0,30.8,23.3
2018-04-24 00:00:00,28.5,20.5,30.5,24.4
2018-04-24 00:30:00,28.0,21.0,30.3,23.8
2018-04-24 01:00:00,27.0,23.0,30.1,23.2
2018-04-24 01:30:00,27.0,23.0,29.9,23.8
2018-04-24 02:00:00,26.0,24.0,29.7,24.4
2018-04-24 02:30:00,26.0,22.0,29.5,24.3
2018-04-24 03:00:00,25.5,24.0,29.5,25.5
2018-04-24 03:30:00,25.0,26.0,29.5,25.5
2018-04-24 04:00:00,24.5,27.5,29.3,25.5
2018-04-24 04:30:00,24.0,29.0,29.0,26.7
2018-04-24 05:00:00,23.0,31.0,28.6,26.6
2018-04-24 05:30:00,23.0,24.0,28.2,27.8
2018-04-24 06:00:00,22.5,28.5,27.7,27.7
2018-04-24 06:30:00,22.0,33.0,27.6,27.7
2018-04-24 07:00:00,23.0,33.0,27.8,28.9
2018-04-24 07:30:00,25.0,29.0,28.6,29.0
2018-04-24 08:00:00,27.0,26.0,29.4,29.0
2018-04-24 08:30:00,29.0,23.0,30.4,27.9
2018-04-24 09:00:00,30.5,21.5,31.5,26.8
2018-04-24 09:30:00,32.0,20.0,32.5,25.7
2018-04-24 10:00:00,33.0,20.0,33.0,25.2
2018-04-24 10:30:00,34.0,19.0,33.7,23.4
2018-04-24 11:00:00,36.0,16.0,34.3,22.3
2018-04-24 11:30:00,36.0,9.0,34.9,20.5
2018-04-24 12:00:00,36.0,16.0,35.4,19.9
2018-04-24 12:30:00,36.0,16.0,35.7,19.9
2018-04-24 13:00:00,38.0,13.0,36.2,20.0
2018-04-24 13:30:00,39.0,12.0,36.5,18.8
2018-04-24 14:00:00,39.0,12.0,37.0,18.8
2018-04-24 14:30:00,40.0,7.0,37.2,18.8
2018-04-24 15:00:00,40.0,9.5,37.4,17.6
2018-04-24 15:30:00,40.0,12.0,37.5,17.6
2018-04-24 16:00:00,40.0,12.0,37.5,17.6
2018-04-24 16:30:00,40.0,12.0,37.4,17.6
2018-04-24 17:00:00,39.0,11.0,37.0,17.6
2018-04-24 17:30:00,37.0,7.0,36.5,18.1
2018-04-24 18:00:00,38.0,12.0,36.0,18.7
2018-04-24 18:30:00,37.0,14.0,35.3,19.9
2018-04-24 19:00:00,36.0,15.0,34.6,20.5
2018-04-24 19:30:00,35.0,16.0,34.1,21.1
2018-04-24 20:00:00,33.5,16.5,33.7,22.2
2018-04-24 20:30:00,32.0,17.0,33.4,22.2
2018-04-24 21:00:00,33.0,17.0,33.2,22.8
2018-04-24 21:30:00,32.666666666666664,17.333333333333332,33.1,23.4
2018-04-24 22:00:00,32.333333333333336,17.666666666666668,33.0,25.2
2018-04-24 22:30:00,32.0,18.0,32.7,26.3
2018-04-24 23:00:00,29.0,25.0,32.4,25.7
2018-04-24 23:30:00,28.0,25.0,32.2,25.7
2018-04-25 00:00:00,29.0,25.0,32.0,25.7
2018-04-25 00:30:00,29.0,25.0,31.7,25.7
2018-04-25 01:00:00,28.0,28.0,31.6,25.7
2018-04-25 01:30:00,28.0,28.0,31.4,25.7
2018-04-25 02:00:00,28.0,26.0,31.2,25.6
2018-04-25 02:30:00,27.0,26.0,30.7,27.4
2018-04-25 03:00:00,26.666666666666668,26.0,30.5,29.1
2018-04-25 03:30:00,26.333333333333332,26.0,30.0,31.4
2018-04-25 04:00:00,26.0,26.0,29.8,30.8
2018-04-25 04:30:00,26.0,26.0,29.6,29.0
2018-04-25 04:31:00,26.0,26.0,29.55,29.0
2018-04-25 05:00:00,26.0,26.0,29.5,29.0
2018-04-25 05:30:00,23.0,35.0,29.4,29.0
2018-04-25 06:00:00,26.0,26.0,29.4,29.0
2018-04-25 06:30:00,26.0,26.0,29.4,29.0
2018-04-25 07:00:00,27.0,24.0,29.6,27.9
2018-04-25 07:30:00,28.0,25.0,30.4,26.8
2018-04-25 08:00:00,30.0,22.0,31.1,25.6
2018-04-25 08:30:00,30.0,14.0,32.1,23.9
2018-04-25 09:00:00,32.0,17.0,33.1,22.2
2018-04-25 09:30:00,35.0,13.0,34.1,19.2
2018-04-25 10:00:00,36.0,12.0,34.8,17.4
2018-04-25 10:30:00,37.0,11.0,35.6,17.5
2018-04-25 11:00:00,38.0,8.0,36.3,17.5
2018-04-25 11:30:00,39.0,5.0,37.0,17.6
2018-04-25 12:00:00,40.0,9.0,37.6,16.4
2018-04-25 12:30:00,40.0,9.0,38.2,15.1
2018-04-25 13:00:00,41.0,8.0,38.6,15.2
2018-04-25 13:30:00,41.0,8.0,39.1,13.3
2018-04-25 14:00:00,41.0,9.0,39.7,13.3
2018-04-25 14:30:00,43.0,4.0,40.0,12.7
2018-04-25 15:00:00,42.0,8.0,40.1,12.7
2018-04-25 15:30:00,42.0,8.0,40.0,12.7
2018-04-25 16:00:00,42.0,8.0,39.9,12.7
2018-04-25 16:30:00,41.666666666666664,7.0,39.8,12.7
2018-04-25 17:00:00,41.333333333333336,6.0,39.4,12.7
2018-04-25 17:30:00,41.0,5.0,38.8,12.6
2018-04-25 18:00:00,40.0,9.0,38.0,15.1
2018-04-25 18:30:00,40.0,9.0,37.2,15.1
2018-04-25 19:00:00,39.0,10.0,36.5,15.0
2018-04-25 19:30:00,38.0,11.0,36.2,16.3
2018-04-25 20:00:00,35.0,14.5,36.0,17.5
2018-04-25 20:30:00,32.0,18.0,35.5,18.7
2018-04-25 21:00:00,35.0,14.0,35.3,19.9
2018-04-25 21:30:00,34.0,15.5,35.3,18.1
2018-04-25 22:00:00,33.0,17.0,34.9,21.1
2018-04-25 22:30:00,33.0,16.0,34.7,19.9
2018-04-25 23:00:00,33.0,16.0,34.0,24.7
2018-04-25 23:30:00,31.0,18.0,33.9,21.0
2018-04-26 00:00:00,31.0,21.0,33.9,19.2
2018-04-26 00:30:00,30.5,20.5,33.5,19.8
2018-04-26 01:00:00,30.0,20.0,33.1,19.8
2018-04-26 01:30:00,30.0,19.0,32.8,21.0
2018-04-26 02:00:00,30.5,19.0,32.5,22.2
2018-04-26 02:30:00,31.0,19.0,32.2,23.3
2018-04-26 03:00:00,32.0,17.0,33.0,19.8
2018-04-26 03:30:00,32.0,17.0,34.1,18.6
2018-04-26 04:00:00,31.0,18.0,33.7,19.2
2018-04-26 04:30:00,31.0,18.0,32.8,21.6
2018-04-26 05:00:00,31.0,18.0,33.0,21.0
2018-04-26 05:30:00,30.0,20.0,32.6,22.2
2018-04-26 06:00:00,29.0,22.0,31.8,23.3
2018-04-26 06:30:00,28.0,23.0,31.3,24.5
2018-04-26 07:00:00,28.0,23.0,31.1,24.5
2018-04-26 07:30:00,30.0,22.0,31.6,25.7
2018-04-26 08:00:00,30.0,22.0,32.3,25.7
2018-04-26 08:30:00,33.0,13.0,33.3,27.0
2018-04-26 09:00:00,34.0,17.0,34.5,27.7
2018-04-26 09:30:00,35.0,16.0,35.2,26.5
2018-04-26 10:00:00,36.0,16.0,36.0,24.8
2018-04-26 10:30:00,37.0,16.0,36.3,24.8
2018-04-26 11:00:00,38.0,14.0,36.9,23.6
2018-04-26 11:30:00,40.0,5.0,37.4,23.7
2018-04-26 12:00:00,40.0,8.0,38.0,22.5
2018-04-26 12:30:00,40.0,11.0,38.4,21.9
2018-04-26 13:00:00,40.0,11.0,38.8,21.3
2018-04-26 13:30:00,41.0,10.0,38.5,21.9
2018-04-26 14:00:00,42.0,9.0,38.7,21.3
2018-04-26 14:30:00,42.0,9.0,39.1,20.1
2018-04-26 15:00:00,43.0,9.0,39.3,20.1
2018-04-26 15:30:00,43.0,9.0,39.5,20.2
2018-04-26 16:00:00,43.0,9.0,39.3,20.1
2018-04-26 16:30:00,42.0,9.0,38.9,20.1
2018-04-26 17:00:00,41.5,9.0,38.5,21.3
2018-04-26 17:30:00,41.0,9.0,37.9,22.5
2018-04-26 18:00:00,40.0,12.0,37.4,22.5
2018-04-26 18:30:00,39.0,13.0,36.8,23.6
2018-04-26 19:00:00,38.0,15.0,36.3,24.8
2018-04-26 19:30:00,37.0,16.0,36.0,24.8
2018-04-26 20:00:00,36.0,17.0,35.7,24.8
2018-04-26 20:30:00,34.0,21.0,35.5,25.3
2018-04-26 21:00:00,35.0,22.0,35.3,25.9
2018-04-26 21:30:00,34.0,23.0,35.1,25.9
2018-04-26 22:00:00,34.0,23.0,34.9,25.9
2018-04-26 22:30:00,33.5,23.5,34.6,27.6
2018-04-26 23:00:00,33.0,24.0,34.1,28.2
2018-04-26 23:30:00,33.0,24.0,33.9,27.0
2018-04-27 00:00:00,33.0,24.0,33.8,28.2
2018-04-27 00:30:00,32.0,26.0,33.3,31.6
2018-04-27 01:00:00,32.0,27.0,33.1,32.8
2018-04-27 01:30:00,31.0,31.0,32.8,36.2
2018-04-27 02:00:00,31.0,33.0,32.2,39.5
2018-04-27 02:30:00,30.0,25.0,31.7,41.6
2018-04-27 03:00:00,31.0,35.0,31.4,43.2
2018-04-27 03:30:00,31.0,33.0,31.1,43.8
2018-04-27 04:00:00,29.0,42.0,30.7,45.9
2018-04-27 04:30:00,29.0,42.0,30.3,46.9
2018-04-27 05:00:00,29.0,45.0,29.9,48.4
2018-04-27 05:30:00,29.0,45.0,29.7,49.5
2018-04-27 06:00:00,28.0,51.0,29.4,51.5
2018-04-27 06:30:00,28.0,52.5,29.1,53.0
2018-04-27 07:00:00,28.0,54.0,29.2,54.1
2018-04-27 07:30:00,28.0,51.0,29.5,54.6
2018-04-27 08:00:00,29.0,51.0,29.8,54.1
2018-04-27 08:30:00,30.0,51.0,30.2,54.7
2018-04-27 09:00:00,30.0,51.0,30.8,53.3
2018-04-27 09:30:00,31.0,48.5,31.5,51.3
2018-04-27 10:00:00,32.0,46.0,32.0,49.8
2018-04-27 10:30:00,33.0,41.0,32.7,48.3
2018-04-27 11:00:00,34.0,34.5,33.2,47.8
2018-04-27 11:30:00,35.0,28.0,33.9,46.2
2018-04-27 12:00:00,35.5,31.0,34.3,44.7
2018-04-27 12:30:00,36.0,34.0,35.0,43.1
2018-04-27 13:00:00,36.0,34.0,35.4,41.5
2018-04-27 13:30:00,37.0,32.5,36.0,39.9
2018-04-27 14:00:00,38.0,31.0,36.3,38.8
2018-04-27 14:30:00,39.0,26.0,36.9,37.7
2018-04-27 15:00:00,39.0,26.0,37.0,36.6
2018-04-27 15:30:00,39.0,26.0,37.3,36.0
2018-04-27 16:00:00,39.0,26.0,37.5,35.5
2018-04-27 16:30:00,39.0,26.0,37.2,35.4
2018-04-27 17:00:00,39.0,26.0,37.0,35.4
2018-04-27 17:30:00,39.0,26.0,36.6,36.5
2018-04-27 18:00:00,39.0,26.0,36.1,37.6
2018-04-27 18:30:00,38.0,28.0,35.7,37.6
2018-04-27 19:00:00,37.0,30.0,35.4,37.5
2018-04-27 19:30:00,36.0,32.0,35.0,38.6
2018-04-27 20:00:00,35.0,34.0,34.7,40.8
2018-04-27 20:30:00,34.0,31.0,34.3,40.8
2018-04-27 21:00:00,34.0,36.0,33.9,41.9
2018-04-27 21:30:00,33.666666666666664,36.666666666666664,33.6,42.9
2018-04-27 22:00:00,33.333333333333336,37.333333333333336,33.4,42.9
2018-04-27 22:30:00,33.0,38.0,33.2,43.4
2018-04-27 23:00:00,33.0,38.0,33.0,45.0
2018-04-27 23:30:00,33.0,35.0,32.8,46.1
2018-04-28 00:00:00,32.5,37.5,32.3,47.1
2018-04-28 00:30:00,32.0,40.0,32.1,47.1
2018-04-28 01:00:00,32.0,41.5,32.0,47.1
2018-04-28 01:30:00,32.0,43.0,31.7,47.1
2018-04-28 02:00:00,31.0,46.0,31.4,47.6
2018-04-28 02:30:00,30.0,43.0,31.3,47.6
2018-04-28 03:00:00,31.0,46.0,31.2,48.1
2018-04-28 03:30:00,30.0,48.0,30.9,48.6
2018-04-28 04:00:00,30.0,48.0,31.0,48.0
2018-04-28 04:30:00,30.0,48.0,30.9,48.0
2018-04-28 05:00:00,30.0,45.0,30.5,49.6
2018-04-28 05:30:00,30.0,43.0,30.2,50.6
2018-04-28 06:00:00,30.0,45.0,30.0,51.1
2018-04-28 06:30:00,30.0,45.0,30.1,51.1
2018-04-28 07:00:00,30.333333333333332,44.333333333333336,30.2,51.1
2018-04-28 07:30:00,30.666666666666668,43.666666666666664,30.5,51.1
2018-04-28 08:00:00,31.0,43.0,30.5,50.6
2018-04-28 08:30:00,31.0,34.0,30.7,49.6
2018-04-28 09:00:00,31.8,34.4,31.0,48.0
2018-04-28 09:30:00,32.6,34.8,31.8,47.1
2018-04-28 10:00:00,33.4,35.2,32.4,45.0
2018-04-28 10:30:00,34.2,35.6,33.2,44.0
2018-04-28 11:00:00,35.0,36.0,33.8,41.9
2018-04-28 11:30:00,36.0,27.0,34.4,41.4
2018-04-28 12:00:00,36.0,34.0,35.0,40.3
2018-04-28 12:30:00,37.0,30.0,35.7,39.8
2018-04-28 13:00:00,37.0,30.0,36.0,37.6
2018-04-28 13:30:00,38.0,29.0,36.6,36.5
2018-04-28 14:00:00,39.0,25.0,36.8,36.6
2018-04-28 14:30:00,40.0,21.0,37.4,36.0
2018-04-28 15:00:00,40.0,27.0,37.4,35.5
2018-04-28 15:30:00,40.0,27.0,37.7,34.9
2018-04-28 16:00:00,40.0,26.5,37.7,35.5
2018-04-28 16:30:00,40.0,26.0,37.5,35.5
2018-04-28 17:00:00,39.0,27.0,37.1,37.1
2018-04-28 17:30:00,38.0,26.0,36.5,38.2
2018-04-28 18:00:00,38.0,33.0,36.0,38.7
2018-04-28 18:30:00,38.0,33.0,35.6,39.8
2018-04-28 19:00:00,37.0,37.0,35.2,40.9
2018-04-28 19:30:00,36.0,38.0,34.8,42.0
2018-04-28 20:00:00,35.0,39.0,34.5,41.9
2018-04-28 20:30:00,34.0,34.0,34.4,42.5
2018-04-28 21:00:00,33.666666666666664,35.333333333333336,34.0,44.1
2018-04-28 21:30:00,33.333333333333336,36.666666666666664,33.7,45.7
2018-04-28 22:00:00,33.0,38.0,33.3,46.2
2018-04-28 22:30:00,32.666666666666664,39.333333333333336,33.2,46.7
2018-04-28 23:00:00,32.333333333333336,40.666666666666664,33.0,46.7
2018-04-28 23:30:00,32.0,42.0,32.8,46.6
2018-04-29 00:00:00,31.666666666666668,42.833333333333336,32.6,47.2
2018-04-29 00:30:00,31.333333333333332,43.666666666666664,32.2,47.1
2018-04-29 01:00:00,31.0,44.5,31.8,47.6
2018-04-29 01:30:00,30.666666666666668,45.333333333333336,31.8,47.6
2018-04-29 02:00:00,30.333333333333332,46.166666666666664,31.9,48.2
2018-04-29 02:30:00,30.0,47.0,31.6,48.1
2018-04-29 03:00:00,29.666666666666668,47.333333333333336,31.3,48.6
2018-04-29 03:30:00,29.333333333333332,47.666666666666664,31.1,49.1
2018-04-29 04:00:00,29.0,48.0,31.0,49.6
2018-04-29 04:30:00,28.666666666666668,48.333333333333336,30.8,50.1
2018-04-29 05:00:00,28.333333333333332,48.666666666666664,30.6,50.6
2018-04-29 05:30:00,28.0,49.0,30.3,52.2
2018-04-29 06:00:00,28.666666666666668,48.5,30.3,52.2
2018-04-29 06:30:00,29.333333333333332,48.0,30.3,52.7
2018-04-29 07:00:00,30.0,47.5,30.7,52.2
2018-04-29 07:30:00,30.666666666666668,47.0,31.1,51.7
2018-04-29 08:00:00,31.333333333333332,46.5,31.7,50.8
2018-04-29 08:30:00,32.0,46.0,32.4,49.8
2018-04-29 09:00:00,33.0,40.5,32.7,49.3
2018-04-29 09:30:00,34.0,35.0,33.1,48.3
2018-04-29 10:00:00,35.0,29.5,33.7,47.8
2018-04-29 10:30:00,36.0,24.0,34.5,46.9
2018-04-29 11:00:00,37.0,18.5,35.3,44.2
2018-04-29 11:30:00,38.0,13.0,35.9,42.1
2018-04-29 12:00:00,38.5,13.5,36.5,41.0
2018-04-29 12:30:00,39.0,14.0,37.2,38.3
2018-04-29 13:00:00,39.5,14.5,37.7,36.6
2018-04-29 13:30:00,40.0,15.0,38.2,33.8
2018-04-29 14:00:00,40.5,15.5,38.6,30.9
2018-04-29 14:30:00,41.0,16.0,38.8,29.7
2018-04-29 15:00:00,40.666666666666664,17.0,38.9,28.6
2018-04-29 15:30:00,40.333333333333336,18.0,38.8,29.2
2018-04-29 16:00:00,40.0,19.0,38.7,29.7
2018-04-29 16:30:00,39.666666666666664,20.0,38.1,32.0
2018-04-29 17:00:00,39.333333333333336,21.0,37.4,32.0
2018-04-29 17:30:00,39.0,22.0,36.6,34.2
2018-04-29 18:00:00,38.0,22.833333333333332,36.3,34.2
2018-04-29 18:30:00,37.0,23.666666666666668,36.0,33.6
2018-04-29 19:00:00,36.0,24.5,35.7,33.6
2018-04-29 19:30:00,35.0,25.333333333333332,35.5,34.1
2018-04-29 20:00:00,34.0,26.166666666666668,34.8,33.5
2018-04-29 20:30:00,33.0,27.0,33.5,37.4
2018-04-29 21:00:00,32.0,35.666666666666664,33.5,37.4
2018-04-29 21:30:00,31.0,44.33333333333333,32.9,41.8
2018-04-29 22:00:00,30.0,53.0,31.6,46.5
2018-04-29 22:30:00,29.0,61.666666666666664,31.7,45.4
2018-04-29 23:00:00,28.0,70.33333333333333,32.0,47.1
2018-04-29 23:30:00,27.0,79.0,32.2,50.3
2018-04-30 00:00:00,27.0,76.16666666666667,31.7,50.2
2018-04-30 00:30:00,27.0,73.33333333333333,31.7,51.3
2018-04-30 01:00:00,27.0,70.5,31.9,49.2
2018-04-30 01:30:00,27.0,67.66666666666667,31.4,48.1
2018-04-30 02:00:00,27.0,64.83333333333333,31.2,49.1
2018-04-30 02:30:00,27.0,62.0,31.6,45.4
2018-04-30 03:00:00,27.0,61.0,31.4,44.3
2018-04-30 03:30:00,27.0,60.0,31.2,44.8
2018-04-30 04:00:00,27.0,59.0,31.3,44.8
2018-04-30 04:30:00,27.0,58.0,30.7,46.9
2018-04-30 05:00:00,27.0,57.0,30.5,45.3
2018-04-30 05:30:00,27.0,56.0,30.0,48.4
2018-04-30 06:00:00,27.666666666666668,53.833333333333336,30.0,47.9
2018-04-30 06:30:00,28.333333333333332,51.666666666666664,30.1,49.5
2018-04-30 07:00:00,29.0,49.5,29.8,50.5
2018-04-30 07:30:00,29.666666666666668,47.333333333333336,29.7,50.0
2018-04-30 08:00:00,30.333333333333332,45.16666666666667,29.7,49.5
2018-04-30 08:30:00,31.0,43.0,30.1,48.5
2018-04-30 09:00:00,32.333333333333336,39.5,30.8,47.0
2018-04-30 09:30:00,33.666666666666664,36.0,32.0,46.0
2018-04-30 10:00:00,35.0,32.5,33.0,36.2
2018-04-30 10:30:00,36.333333333333336,29.0,33.7,36.8
2018-04-30 11:00:00,37.666666666666664,25.5,34.3,36.3
2018-04-30 11:30:00,39.0,22.0,34.9,35.8
2018-04-30 12:00:00,39.333333333333336,21.333333333333332,35.6,34.1
2018-04-30 12:30:00,39.666666666666664,20.666666666666668,36.2,33.0
2018-04-30 13:00:00,40.0,20.0,36.8,31.9
2018-04-30 13:30:00,40.333333333333336,19.333333333333332,37.4,30.8
2018-04-30 14:00:00,40.666666666666664,18.666666666666668,38.1,29.7
2018-04-30 14:30:00,41.0,18.0,37.9,29.7
2018-04-30 15:00:00,40.5,18.0,38.1,29.7
2018-04-30 15:30:00,40.0,18.0,38.5,28.5
2018-04-30 16:00:00,39.5,18.0,38.4,27.3
2018-04-30 16:30:00,39.0,18.0,38.3,26.1
2018-04-30 17:00:00,39.0,18.5,37.8,33.2
2018-04-30 17:30:00,39.0,19.0,37.3,34.3
2018-04-30 18:00:00,38.0,23.0,36.6,35.4
2018-04-30 18:30:00,37.0,27.0,36.0,37.6
2018-04-30 19:00:00,36.0,30.5,35.6,39.8
2018-04-30 19:30:00,35.0,34.0,35.1,42.0
2018-04-30 20:00:00,34.5,34.5,34.7,43.0
2018-04-30 20:30:00,34.0,35.0,34.2,44.1
2018-04-30 21:00:00,34.0,36.5,33.8,45.7
2018-04-30 21:30:00,34.0,38.0,33.5,46.2
2018-04-30 22:00:00,33.5,42.0,33.1,47.2
2018-04-30 22:30:00,33.0,46.0,33.0,47.2
2018-04-30 23:00:00,32.5,45.0,32.8,48.3
2018-04-30 23:30:00,32.0,44.0,32.2,48.7
2018-05-01 00:00:00,31.5,48.0,31.8,50.3
2018-05-01 00:30:00,31.0,52.0,31.5,51.2
2018-05-01 01:00:00,31.0,52.0,31.0,51.7
2018-05-01 01:30:00,30.666666666666668,51.0,30.6,52.2
2018-05-01 02:00:00,30.333333333333332,50.0,30.3,53.2
2018-05-01 02:30:00,30.0,49.0,30.0,54.2
2018-05-01 03:00:00,29.333333333333332,52.0,29.7,55.2
2018-05-01 03:30:00,28.666666666666668,55.0,29.9,55.7
2018-05-01 04:00:00,28.0,58.0,29.5,57.1
2018-05-01 04:30:00,28.0,58.0,29.0,58.6
2018-05-01 05:00:00,27.0,61.0,28.5,60.0
2018-05-01 05:30:00,27.0,62.0,28.1,60.9
2018-05-01 06:00:00,27.0,61.75,27.9,61.9
2018-05-01 06:30:00,27.0,61.5,27.8,62.4
2018-05-01 07:00:00,27.0,61.25,28.2,61.9
2018-05-01 07:30:00,27.0,61.0,28.3,61.5
2018-05-01 08:00:00,28.0,62.0,28.4,61.5
2018-05-01 08:30:00,28.0,63.0,28.5,62.0
2018-05-01 09:00:00,29.0,58.0,28.8,60.6
2018-05-01 09:30:00,29.666666666666668,56.0,29.5,58.2
2018-05-01 10:00:00,30.333333333333332,54.0,30.1,56.8
2018-05-01 10:30:00,31.0,52.0,30.6,55.3
2018-05-01 11:00:00,32.5,46.0,31.1,53.3
2018-05-01 11:30:00,34.0,40.0,31.6,52.8
2018-05-01 12:00:00,33.5,41.5,32.3,50.3
2018-05-01 12:30:00,33.0,43.0,32.7,48.8
2018-05-01 13:00:00,34.0,41.0,33.3,48.3
2018-05-01 13:30:00,35.0,39.0,33.9,46.2
2018-05-01 14:00:00,36.0,37.0,34.2,45.2
2018-05-01 14:30:00,36.0,37.0,35.1,43.7
2018-05-01 15:00:00,36.0,37.0,35.0,43.1
2018-05-01 15:30:00,36.0,37.0,35.2,42.6
2018-05-01 16:00:00,36.0,37.0,35.2,42.0
2018-05-01 16:30:00,36.0,37.0,35.3,42.6
2018-05-01 17:00:00,36.0,37.0,35.1,43.1
2018-05-01 17:30:00,37.0,33.0,34.7,43.6
2018-05-01 18:00:00,36.0,37.0,34.3,44.6
2018-05-01 18:30:00,35.0,39.0,33.8,45.1
2018-05-01 19:00:00,34.0,41.0,33.4,46.7
2018-05-01 19:30:00,34.0,41.0,33.0,47.2
2018-05-01 20:00:00,33.0,46.0,32.9,48.3
2018-05-01 20:30:00,33.0,44.0,32.6,49.3
2018-05-01 21:00:00,32.6,45.0,32.3,49.3
2018-05-01 21:30:00,32.2,46.0,32.0,49.8
2018-05-01 22:00:00,31.8,47.0,31.7,50.8
2018-05-01 22:30:00,31.4,48.0,31.6,51.3
2018-05-01 23:00:00,31.0,49.0,31.3,52.3
2018-05-01 23:30:00,31.0,49.0,30.9,52.8
2018-05-02 00:00:00,31.0,49.0,30.6,53.8
2018-05-02 00:30:00,30.6,50.8,30.3,54.7
2018-05-02 01:00:00,30.2,52.6,30.0,55.7
2018-05-02 01:30:00,29.8,54.4,29.7,56.7
2018-05-02 02:00:00,29.4,56.2,29.5,57.7
2018-05-02 02:30:00,29.0,58.0,29.3,58.1
2018-05-02 03:00:00,28.833333333333332,58.833333333333336,28.9,59.6
2018-05-02 03:30:00,28.666666666666668,59.666666666666664,28.7,60.0
2018-05-02 04:00:00,28.5,60.5,28.5,61.0
2018-05-02 04:30:00,28.333333333333332,61.333333333333336,28.5,61.5
2018-05-02 05:00:00,28.166666666666668,62.166666666666664,28.4,61.9
2018-05-02 05:30:00,28.0,63.0,28.6,61.5
2018-05-02 06:00:00,28.333333333333332,61.666666666666664,28.5,61.5
2018-05-02 06:30:00,28.666666666666668,60.333333333333336,28.5,61.5
2018-05-02 07:00:00,29.0,59.0,28.5,61.5
2018-05-02 07:30:00,29.333333333333332,57.666666666666664,28.7,61.0
2018-05-02 08:00:00,29.666666666666668,56.333333333333336,28.9,60.6
2018-05-02 08:30:00,30.0,55.0,29.5,59.7
2018-05-02 09:00:00,31.0,52.0,30.2,57.8
2018-05-02 09:30:00,31.666666666666668,50.0,30.9,56.4
2018-05-02 10:00:00,32.333333333333336,48.0,31.6,54.4
2018-05-02 10:30:00,33.0,46.0,32.0,52.9
2018-05-02 11:00:00,33.0,46.0,32.8,50.9
2018-05-02 11:30:00,36.0,37.0,33.3,48.9
2018-05-02 12:00:00,35.0,44.0,33.8,46.2
2018-05-02 12:30:00,35.0,44.0,34.4,45.2
2018-05-02 13:00:00,35.0,44.0,35.1,43.1
2018-05-02 13:30:00,36.0,40.5,35.4,42.6
2018-05-02 14:00:00,37.0,37.0,35.4,42.6
2018-05-02 14:30:00,37.0,37.0,35.4,41.5
2018-05-02 15:00:00,38.0,35.0,35.6,40.9
2018-05-02 15:30:00,38.0,35.0,35.7,42.1
2018-05-02 16:00:00,38.0,34.0,35.7,42.1
2018-05-02 16:30:00,38.0,33.0,35.4,42.6
2018-05-02 17:00:00,35.0,33.5,33.6,40.7
2018-05-02 17:30:00,32.0,34.0,31.7,39.4
2018-05-02 18:00:00,31.5,36.0,31.4,38.8
2018-05-02 18:30:00,31.0,38.0,30.8,38.2
2018-05-02 19:00:00,30.0,37.0,30.4,39.8
2018-05-02 19:30:00,29.0,40.0,30.5,39.3
2018-05-02 20:00:00,28.0,45.0,30.1,42.0
2018-05-02 20:30:00,24.0,69.0,26.8,58.8
2018-05-02 21:00:00,25.0,61.0,26.5,57.2
2018-05-02 21:30:00,25.0,61.0,27.5,52.8
2018-05-02 22:00:00,26.0,54.0,28.0,53.4
2018-05-02 22:30:00,26.0,57.0,27.9,53.9
2018-05-02 23:00:00,26.0,57.0,27.4,53.8
2018-05-02 23:30:00,25.0,58.0,27.1,55.8
2018-05-03 00:00:00,26.0,54.0,27.2,53.8
2018-05-03 00:30:00,26.0,54.0,27.3,53.3
2018-05-03 01:00:00,26.0,54.0,27.4,51.8
2018-05-03 01:30:00,27.0,48.0,27.3,51.8
2018-05-03 02:00:00,27.0,48.0,28.1,50.8
2018-05-03 02:30:00,28.0,48.0,28.3,49.8
2018-05-03 03:00:00,27.0,48.0,27.9,53.4
2018-05-03 03:30:00,27.0,48.0,27.8,52.9
2018-05-03 04:00:00,26.0,54.0,27.9,53.4
2018-05-03 04:30:00,26.0,54.0,27.6,54.3
2018-05-03 05:00:00,25.5,58.5,26.7,56.3
2018-05-03 05:30:00,25.0,63.0,26.4,56.7
2018-05-03 06:00:00,25.0,57.0,26.2,57.7
2018-05-03 06:30:00,25.5,55.5,26.2,58.2
2018-05-03 07:00:00,26.0,54.0,26.1,58.7
2018-05-03 07:30:00,26.5,52.5,26.2,58.2
2018-05-03 08:00:00,27.0,51.0,27.1,56.3
2018-05-03 08:30:00,27.0,56.0,27.6,55.9
2018-05-03 09:00:00,27.0,54.0,27.9,53.9
2018-05-03 09:30:00,27.0,54.0,28.1,53.9
2018-05-03 10:00:00,28.0,51.0,28.3,55.0
2018-05-03 10:30:00,29.0,48.0,29.0,52.0
2018-05-03 11:00:00,30.0,45.0,29.6,51.6
2018-05-03 11:30:00,30.0,43.0,29.2,52.0
2018-05-03 12:00:00,31.0,43.0,29.4,52.6
2018-05-03 12:30:00,31.0,46.0,30.2,52.2
2018-05-03 13:00:00,32.0,43.0,30.7,49.1
2018-05-03 13:30:00,32.0,43.0,31.7,46.5
2018-05-03 14:00:00,32.0,43.0,32.3,45.0
2018-05-03 14:30:00,34.0,32.0,32.5,43.9
2018-05-03 15:00:00,34.333333333333336,31.333333333333332,33.0,42.9
2018-05-03 15:30:00,34.666666666666664,30.666666666666668,33.2,42.9
2018-05-03 16:00:00,35.0,30.0,33.5,44.0
2018-05-03 16:30:00,35.0,30.0,33.3,45.1
2018-05-03 17:00:00,35.0,30.0,33.2,45.6
2018-05-03 17:30:00,34.0,35.0,32.6,47.7
2018-05-03 18:00:00,34.0,32.0,31.8,46.5
2018-05-03 18:30:00,33.0,34.0,31.5,44.3
2018-05-03 19:00:00,32.5,35.0,31.1,45.4
2018-05-03 19:30:00,32.0,36.0,30.8,47.0
2018-05-03 20:00:00,31.0,43.0,30.5,49.0
2018-05-03 20:30:00,30.0,49.0,30.2,51.1
2018-05-03 21:00:00,30.0,48.0,30.1,53.2
2018-05-03 21:30:00,30.0,51.0,29.8,56.2
2018-05-03 22:00:00,30.0,51.0,29.6,56.2
2018-05-03 22:30:00,29.666666666666668,53.333333333333336,29.5,55.6
2018-05-03 23:00:00,29.333333333333332,55.666666666666664,29.0,58.1
2018-05-03 23:30:00,29.0,58.0,28.5,60.5
2018-05-04 00:00:00,29.0,51.0,28.5,59.0
2018-05-04 00:30:00,28.6,52.4,28.5,57.5
2018-05-04 01:00:00,28.2,53.8,28.3,57.0
2018-05-04 01:30:00,27.8,55.2,27.8,57.9
2018-05-04 02:00:00,27.4,56.6,27.5,58.9
2018-05-04 02:30:00,27.0,58.0,27.3,59.3
2018-05-04 03:00:00,26.6,60.2,27.4,58.9
2018-05-04 03:30:00,26.2,62.4,27.3,58.8
2018-05-04 04:00:00,25.8,64.6,27.0,60.3
2018-05-04 04:30:00,25.4,66.8,27.4,60.3
2018-05-04 05:00:00,25.0,69.0,26.2,66.4
2018-05-04 05:30:00,25.0,74.0,26.1,67.3
2018-05-04 06:00:00,25.0,71.5,25.6,68.2
2018-05-04 06:30:00,25.0,69.0,25.8,67.7
2018-05-04 07:00:00,25.5,67.0,26.1,67.3
2018-05-04 07:30:00,26.0,65.0,26.8,65.1
2018-05-04 08:00:00,27.0,61.0,26.8,64.1
2018-05-04 08:30:00,29.0,57.0,27.3,63.7
2018-05-04 09:00:00,28.0,58.0,28.0,61.4
2018-05-04 09:30:00,29.5,52.0,28.6,59.5
2018-05-04 10:00:00,31.0,46.0,29.3,57.1
2018-05-04 10:30:00,32.0,43.0,30.2,56.3
2018-05-04 11:00:00,33.0,41.0,31.1,52.8
2018-05-04 11:30:00,35.0,38.0,31.7,51.8
2018-05-04 12:00:00,35.0,37.333333333333336,32.3,49.3
2018-05-04 12:30:00,35.0,36.666666666666664,32.7,47.2
2018-05-04 13:00:00,35.0,36.0,33.2,45.1
2018-05-04 13:30:00,35.666666666666664,34.0,33.7,44.1
2018-05-04 14:00:00,36.333333333333336,32.0,34.0,42.4
2018-05-04 14:30:00,37.0,30.0,34.6,41.4
2018-05-04 15:00:00,37.0,31.0,34.8,41.4
2018-05-04 15:30:00,37.0,32.0,35.0,40.9
2018-05-04 16:00:00,36.75,32.0,35.0,40.3
2018-05-04 16:30:00,36.5,32.0,34.9,40.9
2018-05-04 17:00:00,36.25,32.0,34.6,40.8
2018-05-04 17:30:00,36.0,32.0,34.3,42.5
2018-05-04 18:00:00,36.25,32.75,33.5,46.7
2018-05-04 18:30:00,36.5,33.5,32.9,48.3
2018-05-04 19:00:00,36.75,34.25,32.3,49.8
2018-05-04 19:30:00,37.0,35.0,31.9,50.3
2018-05-04 20:00:00,34.5,39.5,31.6,50.7
2018-05-04 20:30:00,32.0,44.0,31.4,51.2
2018-05-04 21:00:00,32.0,49.0,31.1,52.3
2018-05-04 21:30:00,31.0,52.0,31.0,52.2
2018-05-04 22:00:00,31.0,52.0,30.8,52.2
2018-05-04 22:30:00,30.666666666666668,53.666666666666664,30.7,52.2
2018-05-04 23:00:00,30.333333333333332,55.333333333333336,30.6,52.2
2018-05-04 23:30:00,30.0,57.0,30.5,53.2
2018-05-05 00:00:00,29.0,58.0,30.4,53.2
2018-05-05 00:30:00,29.0,58.0,30.2,54.2
2018-05-05 01:00:00,29.0,58.0,29.9,53.1
2018-05-05 01:30:00,29.0,58.0,29.7,53.1
2018-05-05 02:00:00,29.0,58.0,29.5,54.1
2018-05-05 02:30:00,28.0,60.0,29.5,53.6
2018-05-05 03:00:00,29.0,58.0,29.4,53.1
2018-05-05 03:30:00,29.0,58.0,29.4,52.5
2018-05-05 04:00:00,28.5,56.0,29.2,53.0
2018-05-05 04:30:00,28.0,54.0,29.1,53.0
2018-05-05 05:00:00,27.5,53.5,29.0,53.5
2018-05-05 05:30:00,27.0,53.0,29.0,52.0
2018-05-05 06:00:00,29.0,48.0,29.0,52.0
2018-05-05 06:30:00,29.5,45.5,29.2,51.0
2018-05-05 07:00:00,30.0,43.0,29.5,52.1
2018-05-05 07:30:00,30.0,45.0,29.7,53.1
2018-05-05 08:00:00,31.0,46.0,30.5,51.7
2018-05-05 08:30:00,32.0,43.0,31.4,50.2
2018-05-05 09:00:00,33.0,40.5,31.9,48.2
2018-05-05 09:30:00,34.0,38.0,32.6,47.2
2018-05-05 10:00:00,35.0,35.0,33.2,46.2
2018-05-05 10:30:00,36.0,32.0,33.9,43.0
2018-05-05 11:00:00,36.5,28.5,34.6,40.8
2018-05-05 11:30:00,37.0,25.0,35.2,39.8
2018-05-05 12:00:00,37.0,27.0,35.6,37.6
2018-05-05 12:30:00,37.0,29.0,36.0,36.5
2018-05-05 13:00:00,37.75,26.0,36.5,35.4
2018-05-05 13:30:00,38.5,23.0,37.0,30.8
2018-05-05 14:00:00,39.25,20.0,37.4,32.0
2018-05-05 14:30:00,40.0,17.0,37.6,32.6
2018-05-05 15:00:00,40.0,18.333333333333332,37.6,30.8
2018-05-05 15:30:00,40.0,19.666666666666668,37.9,29.1
2018-05-05 16:00:00,40.0,21.0,37.9,28.5
2018-05-05 16:30:00,40.0,21.0,37.5,29.6
2018-05-05 17:00:00,40.0,21.0,37.2,30.2
2018-05-05 17:30:00,39.0,23.0,36.7,30.8
2018-05-05 18:00:00,38.166666666666664,24.333333333333332,36.4,29.6
2018-05-05 18:30:00,37.333333333333336,25.666666666666668,35.9,29.5
2018-05-05 19:00:00,36.5,27.0,35.3,30.6
2018-05-05 19:30:00,35.666666666666664,28.333333333333332,34.8,31.8
2018-05-05 20:00:00,34.833333333333336,29.666666666666664,34.3,33.5
2018-05-05 20:30:00,34.0,31.0,34.1,35.1
2018-05-05 21:00:00,34.333333333333336,29.333333333333332,34.0,36.3
2018-05-05 21:30:00,34.666666666666664,27.666666666666668,33.9,37.4
2018-05-05 22:00:00,35.0,26.0,33.6,39.1
2018-05-05 22:30:00,34.0,28.0,33.6,40.2
2018-05-05 23:00:00,34.0,28.0,33.3,39.6
2018-05-05 23:30:00,33.42857142857143,30.285714285714285,33.1,39.6
2018-05-06 00:00:00,32.857142857142854,32.57142857142857,33.0,40.7
2018-05-06 00:30:00,32.285714285714285,34.857142857142854,32.8,41.7
2018-05-06 01:00:00,31.714285714285715,37.14285714285714,32.6,41.7
2018-05-06 01:30:00,31.142857142857142,39.42857142857143,32.4,42.8
2018-05-06 02:00:00,30.571428571428573,41.714285714285715,32.1,43.9
2018-05-06 02:30:00,30.0,44.0,31.9,44.9
2018-05-06 03:00:00,30.0,44.2,31.8,43.8
2018-05-06 03:30:00,30.0,44.4,31.7,44.9
2018-05-06 04:00:00,30.0,44.6,31.7,44.4
2018-05-06 04:30:00,30.0,44.8,31.6,43.8
2018-05-06 05:00:00,30.0,45.0,31.6,43.8
2018-05-06 05:30:00,30.0,45.0,31.3,44.8
2018-05-06 06:00:00,30.0,45.0,31.3,44.3
2018-05-06 06:30:00,30.0,45.0,31.4,43.8
2018-05-06 07:00:00,31.0,44.0,31.5,45.9
2018-05-06 07:30:00,32.0,43.0,31.4,44.9
2018-05-06 08:00:00,32.0,40.0,31.3,45.9
2018-05-06 08:30:00,32.0,40.0,31.3,49.1
2018-05-06 09:00:00,33.0,36.25,31.9,48.2
2018-05-06 09:30:00,34.0,32.5,32.9,44.5
2018-05-06 10:00:00,35.0,28.75,33.6,39.1
2018-05-06 10:30:00,36.0,25.0,34.4,35.2
2018-05-06 11:00:00,36.0,23.0,34.8,31.8
2018-05-06 11:30:00,37.0,20.0,35.3,30.6
2018-05-06 12:00:00,37.0,22.0,35.3,29.5
2018-05-06 12:30:00,37.0,22.0,35.5,30.1
2018-05-06 13:00:00,37.0,22.0,36.0,29.5
2018-05-06 13:30:00,37.0,22.0,36.0,29.5
2018-05-06 14:00:00,36.0,25.0,35.8,29.5
2018-05-06 14:30:00,36.0,25.0,35.7,29.5
2018-05-06 15:00:00,36.0,24.0,36.0,29.5
2018-05-06 15:30:00,36.0,23.0,36.0,28.9
2018-05-06 16:00:00,36.0,23.0,36.0,29.5
2018-05-06 16:30:00,35.666666666666664,24.0,35.6,30.1
2018-05-06 17:00:00,35.333333333333336,25.0,35.3,30.0
2018-05-06 17:30:00,35.0,26.0,34.5,30.6
2018-05-06 18:00:00,35.0,25.0,34.3,30.6
2018-05-06 18:30:00,34.5,26.0,33.8,31.7
2018-05-06 19:00:00,34.0,27.0,33.3,32.8
2018-05-06 19:30:00,33.5,28.0,33.0,33.9
2018-05-06 20:00:00,33.0,29.0,32.7,33.9
2018-05-06 20:30:00,33.0,28.0,32.4,35.0
2018-05-06 21:00:00,32.5,28.5,32.4,36.1
2018-05-06 21:30:00,32.0,29.0,32.2,37.2
2018-05-06 22:00:00,32.0,29.0,32.1,37.2
2018-05-06 22:30:00,32.0,29.0,32.3,37.2
2018-05-06 23:00:00,31.0,33.0,32.1,37.2
2018-05-06 23:30:00,29.0,42.0,32.1,37.2
2018-05-07 00:00:00,29.0,37.0,32.0,37.2
2018-05-07 00:30:00,29.0,40.0,31.9,38.3
2018-05-07 01:00:00,29.0,40.0,31.7,39.4
2018-05-07 01:30:00,28.333333333333332,42.666666666666664,31.4,40.5
2018-05-07 02:00:00,27.666666666666668,45.333333333333336,31.1,40.5
2018-05-07 02:30:00,27.0,48.0,31.2,40.5
2018-05-07 03:00:00,26.5,47.5,31.2,39.9
2018-05-07 03:30:00,26.0,47.0,30.7,43.2
2018-05-07 04:00:00,26.0,49.0,30.7,44.8
2018-05-07 04:30:00,26.0,51.0,30.6,44.8
2018-05-07 05:00:00,26.0,51.0,30.5,44.8
2018-05-07 05:30:00,25.0,58.0,30.4,44.2
2018-05-07 06:00:00,26.5,50.0,30.1,45.3
2018-05-07 06:30:00,28.0,42.0,30.1,43.6
2018-05-07 07:00:00,28.5,41.0,30.3,44.7
2018-05-07 07:30:00,29.0,40.0,30.7,44.8
2018-05-07 08:00:00,29.0,40.0,31.7,42.7
2018-05-07 08:30:00,31.0,33.0,32.2,39.5
2018-05-07 09:00:00,32.333333333333336,31.333333333333332,33.1,38.5
2018-05-07 09:30:00,33.666666666666664,29.666666666666668,33.7,37.4
2018-05-07 10:00:00,35.0,28.0,34.4,34.6
2018-05-07 10:30:00,36.0,26.5,35.0,31.8
2018-05-07 11:00:00,37.0,25.0,35.6,30.7
2018-05-07 11:30:00,37.0,23.0,36.0,30.7
2018-05-07 12:00:00,39.0,21.0,36.5,27.2
2018-05-07 12:30:00,39.0,21.0,37.0,26.6
2018-05-07 13:00:00,39.0,21.0,37.4,29.6
2018-05-07 13:30:00,40.0,20.0,37.9,29.7
2018-05-07 14:00:00,40.0,23.0,38.1,28.5
2018-05-07 14:30:00,41.0,19.0,38.3,25.5
2018-05-07 15:00:00,40.333333333333336,19.333333333333332,38.6,23.8
2018-05-07 15:30:00,39.666666666666664,19.666666666666668,38.5,23.7
2018-05-07 16:00:00,39.0,20.0,38.3,22.5
2018-05-07 16:30:00,39.0,18.333333333333332,37.9,23.7
2018-05-07 17:00:00,39.0,16.666666666666668,37.6,24.3
2018-05-07 17:30:00,39.0,15.0,37.0,24.9
2018-05-07 18:00:00,38.75,15.75,36.5,26.0
2018-05-07 18:30:00,38.5,16.5,36.1,24.8
2018-05-07 19:00:00,38.25,17.25,35.9,24.8
2018-05-07 19:30:00,38.0,18.0,35.6,25.9
2018-05-07 20:00:00,37.0,19.0,35.0,30.6
2018-05-07 20:30:00,36.0,26.0,34.9,31.8
2018-05-07 21:00:00,35.0,26.0,34.6,31.7
2018-05-07 21:30:00,34.5,27.0,34.4,33.5
2018-05-07 22:00:00,34.0,28.0,34.3,34.0
2018-05-07 22:30:00,33.0,29.0,34.2,34.0
2018-05-07 23:00:00,33.0,31.0,34.1,35.7
2018-05-07 23:30:00,29.0,37.0,31.5,37.7
2018-05-08 00:00:00,30.0,35.0,30.6,38.8
2018-05-08 00:30:00,30.0,35.0,30.5,38.2
2018-05-08 01:00:00,30.0,35.0,30.6,37.1
2018-05-08 01:30:00,29.0,37.0,30.5,38.2
2018-05-08 02:00:00,28.5,44.0,29.8,39.2
2018-05-08 02:30:00,28.0,51.0,29.5,40.3
2018-05-08 03:00:00,27.5,48.0,29.0,42.4
2018-05-08 03:30:00,27.0,45.0,29.0,43.5
2018-05-08 04:00:00,27.0,45.0,29.4,41.9
2018-05-08 04:30:00,27.0,45.0,29.3,42.5
2018-05-08 05:00:00,26.0,47.0,28.9,43.5
2018-05-08 05:30:00,26.0,53.0,28.5,45.6
2018-05-08 06:00:00,25.0,54.0,28.1,46.6
2018-05-08 06:30:00,25.0,54.0,28.2,46.6
2018-05-08 07:00:00,26.0,51.0,28.4,47.7
2018-05-08 07:30:00,26.0,51.0,28.7,44.6
2018-05-08 08:00:00,27.0,48.0,28.6,44.6
2018-05-08 08:30:00,28.0,45.0,29.0,44.6
2018-05-08 09:00:00,28.0,42.0,30.3,43.7
2018-05-08 09:30:00,28.5,41.0,31.0,41.6
2018-05-08 10:00:00,29.0,40.0,31.6,43.3
2018-05-08 10:30:00,30.0,35.0,32.0,40.6
2018-05-08 11:00:00,30.0,35.0,32.5,38.4
2018-05-08 11:30:00,31.0,33.0,32.9,36.2
2018-05-08 12:00:00,32.0,31.0,33.2,36.2
2018-05-08 12:30:00,32.75,29.5,33.8,35.1
2018-05-08 13:00:00,33.5,28.0,33.7,31.1
2018-05-08 13:30:00,34.25,26.5,34.5,30.6
2018-05-08 14:00:00,35.0,25.0,34.5,30.6
2018-05-08 14:30:00,36.0,24.0,34.8,30.6
2018-05-08 15:00:00,35.0,25.0,35.2,29.5
2018-05-08 15:30:00,35.0,25.0,35.2,30.6
2018-05-08 16:00:00,35.0,25.0,35.0,31.8
2018-05-08 16:30:00,35.0,25.0,34.8,31.8
2018-05-08 17:00:00,35.0,26.5,34.5,31.7
2018-05-08 17:30:00,35.0,28.0,34.2,32.9
2018-05-08 18:00:00,34.5,28.25,33.8,34.0
2018-05-08 18:30:00,34.0,28.5,33.3,35.1
2018-05-08 19:00:00,33.5,28.75,32.9,36.2
2018-05-08 19:30:00,33.0,29.0,32.7,36.7
2018-05-08 20:00:00,32.5,31.0,32.6,37.3
2018-05-08 20:30:00,32.0,33.0,32.2,37.2
2018-05-08 21:00:00,29.5,37.5,32.0,37.8
2018-05-08 21:30:00,27.0,42.0,28.5,44.5
2018-05-08 22:00:00,27.0,42.0,28.2,46.1
2018-05-08 22:30:00,27.0,42.0,28.2,46.6
2018-05-08 23:00:00,26.5,44.0,28.5,45.6
2018-05-08 23:30:00,26.0,46.0,28.5,44.5
2018-05-09 00:00:00,26.0,47.0,27.7,45.5
2018-05-09 00:30:00,26.0,47.0,27.7,45.5
2018-05-09 01:00:00,25.75,47.5,28.5,44.0
2018-05-09 01:30:00,25.5,48.0,28.7,44.0
2018-05-09 02:00:00,25.25,48.5,28.9,43.5
2018-05-09 02:30:00,25.0,49.0,28.9,43.5
2018-05-09 03:00:00,24.0,53.0,29.0,43.5
2018-05-09 03:30:00,24.0,51.5,28.6,43.5
2018-05-09 04:00:00,24.0,50.0,28.5,42.9
2018-05-09 04:30:00,24.0,50.0,28.4,43.4
2018-05-09 05:00:00,24.0,54.0,28.7,44.0
2018-05-09 05:30:00,24.0,58.0,28.8,44.0
2018-05-09 06:00:00,25.0,50.0,28.7,46.7
2018-05-09 06:30:00,25.0,50.0,29.4,45.7
2018-05-09 07:00:00,26.0,47.0,29.5,44.1
2018-05-09 07:30:00,26.0,47.0,29.5,47.3
2018-05-09 08:00:00,28.0,39.0,29.8,47.9
2018-05-09 08:30:00,29.0,38.0,30.1,45.8
2018-05-09 09:00:00,30.0,35.0,30.6,45.9
2018-05-09 09:30:00,32.0,31.0,31.3,43.8
2018-05-09 10:00:00,33.0,28.0,32.2,41.7
2018-05-09 10:30:00,33.0,29.0,32.8,41.2
2018-05-09 11:00:00,33.5,28.5,33.3,39.6
2018-05-09 11:30:00,34.0,28.0,33.6,39.1
2018-05-09 12:00:00,35.0,26.0,34.2,38.0
2018-05-09 12:30:00,35.0,26.0,34.7,36.9
2018-05-09 13:00:00,35.0,26.0,35.0,36.4
2018-05-09 13:30:00,35.0,26.0,35.1,35.2
2018-05-09 14:00:00,35.0,26.0,35.2,34.1
2018-05-09 14:30:00,37.0,26.0,35.5,34.1
2018-05-09 15:00:00,35.0,28.0,34.4,34.6
2018-05-09 15:30:00,34.0,30.0,33.4,36.2
2018-05-09 16:00:00,34.0,30.0,32.9,37.3
2018-05-09 16:30:00,29.0,42.0,31.7,34.9
2018-05-09 17:00:00,27.0,54.0,30.3,43.1
2018-05-09 17:30:00,29.0,48.0,30.5,40.4
2018-05-09 18:00:00,30.0,43.0,31.2,39.9
2018-05-09 18:30:00,30.0,43.0,31.3,41.0
2018-05-09 19:00:00,30.0,43.0,31.1,42.1
2018-05-09 19:30:00,30.0,45.0,30.8,43.7
2018-05-09 20:00:00,29.0,48.0,30.8,43.2
2018-05-09 20:30:00,29.0,48.0,30.7,42.6
2018-05-09 21:00:00,28.0,54.0,30.7,43.2
2018-05-09 21:30:00,28.0,54.0,30.2,44.2
2018-05-09 22:00:00,28.0,54.0,29.4,48.4
2018-05-09 22:30:00,27.0,58.0,29.3,50.4
2018-05-09 23:00:00,27.0,58.0,29.0,49.9
2018-05-09 23:30:00,27.0,64.0,28.6,53.0
2018-05-10 00:00:00,26.0,61.0,28.7,53.0
2018-05-10 00:30:00,25.5,63.0,28.5,51.9
2018-05-10 01:00:00,25.0,65.0,28.1,51.9
2018-05-10 01:30:00,25.0,65.0,27.9,52.9
2018-05-10 02:00:00,25.0,65.0,28.2,52.9
2018-05-10 02:30:00,24.0,74.0,28.0,53.4
2018-05-10 03:00:00,25.0,65.0,27.9,52.3
2018-05-10 03:30:00,25.0,65.0,28.0,50.8
2018-05-10 04:00:00,25.0,63.0,27.9,51.8
2018-05-10 04:30:00,25.0,61.0,27.8,49.7
2018-05-10 05:00:00,24.0,65.0,27.7,49.7
2018-05-10 05:30:00,24.0,65.0,28.1,49.8
2018-05-10 06:00:00,24.0,65.0,28.0,49.8
2018-05-10 06:30:00,24.0,65.0,28.0,50.8
2018-05-10 07:00:00,25.5,61.5,28.5,50.3
2018-05-10 07:30:00,27.0,58.0,28.8,48.8
2018-05-10 08:00:00,28.0,54.0,29.6,46.3
2018-05-10 08:30:00,28.0,46.0,30.3,43.1
2018-05-10 09:00:00,30.0,48.0,31.0,40.5
2018-05-10 09:30:00,31.0,46.0,32.0,39.5
2018-05-10 10:00:00,32.3,39.0,32.8,37.3
2018-05-10 10:30:00,33.6,32.0,33.6,34.0
2018-05-10 11:00:00,35.0,25.0,34.3,31.7
2018-05-10 11:30:00,36.0,19.0,34.8,30.6
2018-05-10 12:00:00,36.0,20.0,35.4,30.1
2018-05-10 12:30:00,38.0,21.0,35.7,27.1
2018-05-10 13:00:00,38.0,21.0,36.1,24.8
2018-05-10 13:30:00,38.0,21.0,36.8,26.0
2018-05-10 14:00:00,38.0,21.0,37.0,26.1
2018-05-10 14:30:00,38.0,21.0,37.4,26.1
2018-05-10 15:00:00,40.0,19.0,37.5,26.1
2018-05-10 15:30:00,40.0,19.333333333333332,37.5,26.1
2018-05-10 16:00:00,40.0,19.666666666666668,37.3,26.1
2018-05-10 16:30:00,40.0,20.0,36.9,27.2
2018-05-10 17:00:00,40.0,19.0,36.6,26.6
2018-05-10 17:30:00,38.0,21.0,36.2,26.6
2018-05-10 18:00:00,40.0,19.0,35.8,28.3
2018-05-10 18:30:00,39.0,21.0,35.0,29.4
2018-05-10 19:00:00,38.0,22.0,34.4,30.6
2018-05-10 19:30:00,37.0,24.0,34.2,30.6
2018-05-10 20:00:00,35.5,26.5,33.5,34.5
2018-05-10 20:30:00,34.0,29.0,33.2,37.3
2018-05-10 21:00:00,34.0,28.5,33.0,38.4
2018-05-10 21:30:00,34.0,28.0,32.9,39.5
2018-05-10 22:00:00,32.0,36.0,32.6,41.2
2018-05-10 22:30:00,32.0,36.0,32.5,41.7
2018-05-10 23:00:00,31.0,40.0,32.4,41.7
2018-05-10 23:30:00,31.0,40.0,32.2,41.7
2018-05-11 00:00:00,31.0,40.0,32.0,41.7
2018-05-11 00:30:00,30.0,43.0,31.8,41.6
2018-05-11 01:00:00,29.0,45.0,31.7,41.6
2018-05-11 01:30:00,29.0,45.0,31.5,41.6
2018-05-11 02:00:00,29.0,45.0,31.3,42.1
2018-05-11 02:30:00,29.0,45.0,31.1,42.1
2018-05-11 03:00:00,28.0,48.0,31.0,41.6
2018-05-11 03:30:00,28.0,48.0,30.9,42.1
2018-05-11 04:00:00,28.0,47.0,30.7,42.1
2018-05-11 04:30:00,28.0,46.0,30.5,41.5
2018-05-11 05:00:00,28.0,45.0,30.5,41.5
2018-05-11 05:30:00,27.0,53.0,30.4,40.9
2018-05-11 06:00:00,27.0,48.0,30.4,40.4
2018-05-11 06:30:00,27.0,51.0,30.2,41.5
2018-05-11 07:00:00,28.0,42.0,30.3,42.0
2018-05-11 07:30:00,29.0,37.0,30.7,41.0
2018-05-11 08:00:00,31.0,31.0,31.6,39.4
2018-05-11 08:30:00,31.0,36.0,32.4,38.9
2018-05-11 09:00:00,34.0,26.0,33.5,37.9
2018-05-11 09:30:00,35.0,25.0,34.3,35.2
2018-05-11 10:00:00,36.0,23.0,35.2,33.0
2018-05-11 10:30:00,37.0,25.0,35.9,30.7
2018-05-11 11:00:00,38.0,20.5,36.4,29.6
2018-05-11 11:30:00,39.0,16.0,37.0,28.4
2018-05-11 12:00:00,40.0,20.0,37.6,27.3
2018-05-11 12:30:00,41.0,19.0,38.1,26.1
2018-05-11 13:00:00,42.0,18.0,38.6,25.0
2018-05-11 13:30:00,42.0,17.0,38.9,25.0
2018-05-11 14:00:00,42.0,15.0,39.2,25.0
2018-05-11 14:30:00,42.0,18.0,39.7,22.6
2018-05-11 15:00:00,42.5,16.5,39.9,22.6
2018-05-11 15:30:00,43.0,15.0,39.9,22.6
2018-05-11 16:00:00,42.5,15.5,39.9,22.6
2018-05-11 16:30:00,42.0,16.0,39.7,22.6
2018-05-11 17:00:00,42.0,16.0,39.5,22.6
2018-05-11 17:30:00,42.0,16.0,38.9,24.4
2018-05-11 18:00:00,42.0,16.0,38.2,25.5
2018-05-11 18:30:00,41.0,17.0,37.5,27.3
2018-05-11 19:00:00,40.0,17.0,36.7,28.4
2018-05-11 19:30:00,39.5,18.5,36.1,30.7
2018-05-11 20:00:00,39.0,20.0,35.8,33.0
2018-05-11 20:30:00,35.0,27.0,35.6,34.1
2018-05-11 21:00:00,37.0,24.0,35.3,35.8
2018-05-11 21:30:00,36.0,26.0,35.0,37.5
2018-05-11 22:00:00,35.0,28.0,34.8,37.5
2018-05-11 22:30:00,34.5,32.0,34.6,38.6
2018-05-11 23:00:00,34.0,36.0,34.4,38.6
2018-05-11 23:30:00,33.0,38.0,34.2,38.6
2018-05-12 00:00:00,33.0,38.0,34.2,38.5
2018-05-12 00:30:00,33.0,38.0,33.9,40.8
2018-05-12 01:00:00,32.666666666666664,38.0,33.5,40.7
2018-05-12 01:30:00,32.333333333333336,38.0,33.3,39.6
2018-05-12 02:00:00,32.0,38.0,33.2,39.6
2018-05-12 02:30:00,32.0,35.0,33.1,39.6
2018-05-12 03:00:00,32.0,38.0,33.0,38.4
2018-05-12 03:30:00,32.0,38.0,32.8,37.3
2018-05-12 04:00:00,32.0,38.0,32.7,37.8
2018-05-12 04:30:00,32.0,38.0,32.7,38.4
2018-05-12 05:00:00,31.0,40.0,32.7,38.4
2018-05-12 05:30:00,30.0,46.0,32.6,37.8
2018-05-12 06:00:00,31.0,40.0,32.6,37.3
2018-05-12 06:30:00,31.0,40.0,32.9,37.3
2018-05-12 07:00:00,31.0,40.0,32.9,39.5
2018-05-12 07:30:00,33.0,36.0,33.2,40.1
2018-05-12 08:00:00,35.0,32.0,33.9,39.6
2018-05-12 08:30:00,32.0,45.0,34.3,39.1
2018-05-12 09:00:00,36.0,30.0,34.6,37.5
2018-05-12 09:30:00,37.0,27.0,35.5,37.6
2018-05-12 10:00:00,38.0,24.0,36.0,37.6
2018-05-12 10:30:00,39.0,24.0,36.4,35.4
2018-05-12 11:00:00,40.0,19.0,37.2,33.1
2018-05-12 11:30:00,42.0,21.0,37.7,33.2
2018-05-12 12:00:00,40.0,19.0,38.0,32.6
2018-05-12 12:30:00,40.0,21.0,38.3,34.4
2018-05-12 13:00:00,40.0,21.0,38.5,34.4
2018-05-12 13:30:00,41.0,20.0,38.9,34.4
2018-05-12 14:00:00,41.0,24.0,39.2,33.3
2018-05-12 14:30:00,42.0,25.0,39.4,33.9
2018-05-12 15:00:00,42.0,23.0,39.3,33.9
2018-05-12 15:30:00,41.0,24.0,39.2,33.9
2018-05-12 16:00:00,40.0,26.0,38.9,34.4
2018-05-12 16:30:00,38.0,25.0,38.0,35.5
2018-05-12 17:00:00,38.0,31.0,37.8,36.6
2018-05-12 17:30:00,34.0,54.0,37.8,37.2
2018-05-12 18:00:00,38.0,33.0,37.5,38.9
2018-05-12 18:30:00,37.0,35.0,36.9,39.9
2018-05-12 19:00:00,36.0,37.0,36.5,41.0
2018-05-12 19:30:00,37.0,35.0,36.2,41.5
2018-05-12 20:00:00,35.0,39.0,35.7,44.3
2018-05-12 20:30:00,34.0,48.0,35.3,46.4
2018-05-12 21:00:00,34.0,44.0,35.0,48.0
2018-05-12 21:30:00,34.0,46.0,34.8,49.6
2018-05-12 21:31:00,34.0,46.0,34.75,49.85
2018-05-12 22:00:00,34.0,46.0,34.7,50.1
2018-05-12 22:30:00,33.0,52.0,34.6,50.6
2018-05-12 23:00:00,33.0,49.0,33.9,51.6
2018-05-12 23:30:00,33.0,49.0,33.8,51.6
2018-05-13 00:00:00,32.0,55.0,33.7,52.1
2018-05-13 00:30:00,32.0,55.0,33.6,52.6
2018-05-13 01:00:00,32.0,55.0,33.5,52.6
2018-05-13 01:30:00,32.0,55.0,33.3,52.5
2018-05-13 02:00:00,32.0,55.0,33.0,52.5
2018-05-13 02:30:00,31.0,53.0,32.8,52.5
2018-05-13 03:00:00,32.0,55.0,32.2,54.5
2018-05-13 03:30:00,32.0,55.0,31.8,55.5
2018-05-13 04:00:00,31.0,58.0,31.7,55.9
2018-05-13 04:30:00,31.0,58.0,31.8,56.0
2018-05-13 05:00:00,31.0,58.0,31.8,55.5
2018-05-13 05:30:00,30.0,66.0,31.7,54.9
2018-05-13 06:00:00,31.0,58.0,31.6,55.4
2018-05-13 06:30:00,31.0,52.0,31.5,55.4
2018-05-13 07:00:00,31.5,50.5,31.4,56.4
2018-05-13 07:30:00,32.0,49.0,32.1,55.5
2018-05-13 08:00:00,32.0,52.0,32.6,54.5
2018-05-13 08:30:00,33.0,60.0,33.1,53.6
2018-05-13 09:00:00,32.0,55.0,33.8,52.6
2018-05-13 09:30:00,34.0,49.0,34.4,51.1
2018-05-13 10:00:00,34.0,46.0,34.5,50.6
2018-05-13 10:30:00,35.0,44.0,34.8,50.1
2018-05-13 11:00:00,35.0,44.0,35.6,48.1
2018-05-13 11:30:00,36.0,41.0,36.0,47.6
2018-05-13 12:00:00,37.0,39.0,36.7,45.5
2018-05-13 12:30:00,37.0,39.0,37.3,44.4
2018-05-13 13:00:00,38.0,37.0,37.7,44.5
2018-05-13 13:30:00,39.0,35.0,37.9,43.4
2018-05-13 14:00:00,39.0,35.0,38.2,42.3
2018-05-13 14:30:00,40.0,34.0,38.7,41.3
2018-05-13 15:00:00,40.0,35.0,38.8,41.3
2018-05-13 15:30:00,40.0,35.0,38.8,40.1
2018-05-13 15:31:00,40.0,35.0,38.2,41.150000000000006
2018-05-13 16:00:00,36.25,44.0,37.6,42.2
2018-05-13 16:30:00,32.5,53.0,36.8,43.3
2018-05-13 17:00:00,28.75,62.0,29.3,51.0
2018-05-13 17:30:00,25.0,71.0,27.6,53.8
2018-05-13 18:00:00,32.0,26.0,29.2,46.2
2018-05-13 18:30:00,32.0,22.0,30.1,37.0
2018-05-13 19:00:00,32.0,23.0,30.0,39.2
2018-05-13 19:30:00,32.0,24.0,31.4,32.6
2018-05-13 20:00:00,30.0,18.0,29.6,47.4
2018-05-13 20:30:00,26.0,61.0,26.5,58.7
2018-05-13 21:00:00,25.0,57.0,25.9,57.6
2018-05-13 21:30:00,25.0,54.0,25.6,56.6
2018-05-13 22:00:00,25.0,54.0,26.2,52.1
2018-05-13 22:30:00,25.0,50.0,26.8,49.6
2018-05-13 23:00:00,26.0,47.0,27.6,46.0
2018-05-13 23:30:00,27.0,45.0,28.4,44.5
2018-05-14 00:00:00,26.0,44.0,28.0,44.5
2018-05-14 00:30:00,26.0,44.0,27.8,47.1
2018-05-14 01:00:00,25.0,50.0,26.9,54.2
2018-05-14 01:30:00,25.0,50.0,27.2,53.8
2018-05-14 02:00:00,24.0,57.0,27.3,53.8
2018-05-14 02:30:00,24.0,62.0,27.2,54.3
2018-05-14 03:00:00,23.5,65.5,27.0,55.3
2018-05-14 03:30:00,23.0,69.0,27.0,55.3
2018-05-14 04:00:00,23.0,69.0,26.4,57.7
2018-05-14 04:30:00,23.0,69.0,26.4,58.2
2018-05-14 05:00:00,23.0,69.0,26.2,58.7
2018-05-14 05:30:00,23.0,77.0,25.8,60.5
2018-05-14 06:00:00,24.0,61.0,25.9,60.6
2018-05-14 06:30:00,25.0,57.0,26.7,57.2
2018-05-14 07:00:00,25.0,57.0,27.0,57.8
2018-05-14 07:30:00,25.0,57.0,27.5,55.8
2018-05-14 08:00:00,26.0,54.0,27.8,55.9
2018-05-14 08:30:00,27.0,56.0,28.6,53.0
2018-05-14 09:00:00,28.0,52.0,28.6,51.9
2018-05-14 09:30:00,29.0,48.0,29.3,47.8
2018-05-14 10:00:00,30.0,44.0,30.1,46.9
2018-05-14 10:30:00,31.0,40.0,30.8,44.8
2018-05-14 11:00:00,32.0,36.0,31.5,44.3
2018-05-14 11:30:00,34.0,34.0,32.0,43.9
2018-05-14 12:00:00,34.5,33.0,32.3,42.8
2018-05-14 12:30:00,35.0,32.0,32.6,42.8
2018-05-14 13:00:00,35.0,32.0,32.9,43.4
2018-05-14 13:30:00,35.0,32.0,33.5,42.9
2018-05-14 14:00:00,35.5,32.5,33.8,42.4
2018-05-14 14:30:00,36.0,33.0,34.1,42.4
2018-05-14 15:00:00,36.0,37.0,34.2,40.8
2018-05-14 15:30:00,36.0,37.0,34.2,39.7
2018-05-14 16:00:00,36.0,37.0,34.3,39.7
2018-05-14 16:30:00,36.0,34.0,34.2,39.7
2018-05-14 17:00:00,36.0,34.0,34.1,39.7
2018-05-14 17:30:00,35.0,39.0,33.5,40.7
2018-05-14 18:00:00,35.0,36.0,33.3,41.8
2018-05-14 18:30:00,34.0,38.0,33.0,42.9
2018-05-14 19:00:00,33.0,41.0,32.6,43.9
2018-05-14 19:30:00,32.333333333333336,44.0,32.3,44.4
2018-05-14 20:00:00,31.666666666666668,47.0,32.1,44.9
2018-05-14 20:30:00,31.0,50.0,31.8,46.0
2018-05-14 21:00:00,32.0,40.0,31.6,47.0
2018-05-14 21:30:00,31.5,41.5,31.3,48.1
2018-05-14 22:00:00,31.0,43.0,30.8,49.1
2018-05-14 22:30:00,31.0,46.0,30.5,51.1
2018-05-14 23:00:00,30.0,48.0,30.7,51.2
2018-05-14 23:30:00,29.0,54.0,30.3,52.7
2018-05-15 00:00:00,29.0,51.0,30.0,53.1
2018-05-15 00:30:00,29.0,51.0,29.9,53.6
2018-05-15 01:00:00,28.5,54.5,29.6,53.6
2018-05-15 01:30:00,28.0,58.0,29.4,54.6
2018-05-15 02:00:00,28.0,58.0,29.3,54.6
2018-05-15 02:30:00,27.0,67.0,29.2,55.1
2018-05-15 03:00:00,28.0,58.0,28.8,56.6
2018-05-15 03:30:00,28.0,58.0,28.5,58.0
2018-05-15 04:00:00,28.0,54.0,28.4,58.0
2018-05-15 04:30:00,27.0,58.0,28.3,58.0
2018-05-15 05:00:00,27.0,58.0,28.2,57.5
2018-05-15 05:30:00,26.0,70.0,28.3,57.0
2018-05-15 06:00:00,27.0,58.0,28.4,56.0
2018-05-15 06:30:00,28.0,54.0,28.4,56.5
2018-05-15 07:00:00,28.0,54.0,28.5,57.5
2018-05-15 07:30:00,28.0,54.0,28.5,59.0
2018-05-15 08:00:00,29.0,42.0,28.7,60.0
2018-05-15 08:30:00,29.0,42.0,29.5,59.2
2018-05-15 09:00:00,29.5,45.0,30.1,58.8
2018-05-15 09:30:00,30.0,48.0,30.7,57.8
2018-05-15 10:00:00,30.0,51.0,31.1,56.4
2018-05-15 10:30:00,31.333333333333332,49.333333333333336,32.0,54.5
2018-05-15 11:00:00,32.666666666666664,47.666666666666664,32.6,51.4
2018-05-15 11:30:00,34.0,46.0,33.4,49.4
2018-05-15 12:00:00,35.0,44.0,34.1,45.7
2018-05-15 12:30:00,35.5,41.5,34.7,44.2
2018-05-15 13:00:00,36.0,39.0,35.1,44.2
2018-05-15 13:30:00,36.5,38.0,35.3,43.1
2018-05-15 14:00:00,37.0,37.0,35.7,42.1
2018-05-15 14:30:00,36.0,45.0,36.0,41.5
2018-05-15 15:00:00,37.0,37.0,36.1,41.0
2018-05-15 15:30:00,37.0,37.0,36.2,40.5
2018-05-15 16:00:00,37.0,37.0,36.1,39.9
2018-05-15 16:30:00,36.0,39.0,36.1,39.9
2018-05-15 17:00:00,36.0,39.0,35.8,39.8
2018-05-15 17:30:00,36.0,39.0,35.5,40.9
2018-05-15 18:00:00,36.0,39.0,35.1,41.4
2018-05-15 18:30:00,36.0,39.0,34.8,42.0
2018-05-15 19:00:00,36.0,37.0,34.4,43.0
2018-05-15 19:30:00,36.0,37.0,34.0,44.1
2018-05-15 20:00:00,34.5,32.5,33.7,45.1
2018-05-15 20:30:00,33.0,28.0,33.5,46.2
2018-05-15 21:00:00,34.0,41.0,33.3,47.2
2018-05-15 21:30:00,34.0,41.0,33.1,48.3
2018-05-15 22:00:00,33.0,43.0,33.0,49.3
2018-05-15 22:30:00,33.0,46.0,32.9,49.3
2018-05-15 23:00:00,33.0,46.0,32.8,49.3
2018-05-15 23:30:00,32.0,50.0,32.7,49.3
2018-05-16 00:00:00,32.0,49.0,32.5,50.3
2018-05-16 00:30:00,32.0,49.0,32.3,50.3
2018-05-16 01:00:00,32.0,49.0,32.1,51.4
2018-05-16 01:30:00,32.0,49.0,32.0,51.3
2018-05-16 02:00:00,31.0,52.0,31.8,51.8
2018-05-16 02:30:00,31.0,63.0,31.6,52.8
2018-05-16 03:00:00,29.0,55.0,31.7,51.3
2018-05-16 03:30:00,27.5,56.0,26.7,63.1
2018-05-16 04:00:00,26.0,57.0,26.9,59.3
2018-05-16 04:30:00,28.0,48.0,28.0,53.4
2018-05-16 05:00:00,29.0,40.0,28.5,48.8
2018-05-16 05:30:00,29.0,40.0,29.3,47.3
2018-05-16 06:00:00,28.0,42.0,29.1,48.3
2018-05-16 06:30:00,29.0,40.0,29.1,49.9
2018-05-16 07:00:00,29.0,40.0,29.3,46.8
2018-05-16 07:30:00,30.0,37.0,30.1,46.3
2018-05-16 08:00:00,31.0,35.0,30.9,44.8
2018-05-16 08:30:00,32.0,37.0,31.8,42.2
2018-05-16 09:00:00,33.0,31.0,32.6,38.4
2018-05-16 09:30:00,34.0,30.0,33.4,37.9
2018-05-16 10:00:00,35.0,28.0,34.0,34.6
2018-05-16 10:30:00,35.0,28.0,34.9,31.8
2018-05-16 11:00:00,36.0,25.0,35.7,29.5
2018-05-16 11:30:00,38.0,23.0,36.2,29.0
2018-05-16 12:00:00,39.0,20.0,36.9,28.4
2018-05-16 12:30:00,40.0,19.0,37.4,26.1
2018-05-16 13:00:00,41.0,17.0,38.0,26.1
2018-05-16 13:30:00,41.0,17.0,38.6,26.2
2018-05-16 14:00:00,41.0,17.0,38.6,27.4
2018-05-16 14:30:00,42.0,20.0,38.6,28.5
2018-05-16 15:00:00,41.5,18.5,38.8,26.2
2018-05-16 15:30:00,41.0,17.0,38.9,26.2
2018-05-16 16:00:00,41.0,17.0,38.5,27.3
2018-05-16 16:30:00,41.0,18.0,38.5,27.3
2018-05-16 17:00:00,40.0,17.0,38.1,28.5
2018-05-16 17:30:00,40.0,25.0,37.7,29.7
2018-05-16 18:00:00,39.0,20.0,37.2,30.2
2018-05-16 18:30:00,39.0,20.0,36.5,31.3
2018-05-16 19:00:00,38.5,20.5,36.1,31.9
2018-05-16 19:30:00,38.0,21.0,35.7,31.8
2018-05-16 20:00:00,37.0,26.5,35.5,33.0
2018-05-16 20:30:00,36.0,32.0,35.2,34.1
2018-05-16 21:00:00,37.0,25.0,34.9,35.2
2018-05-16 21:30:00,36.0,28.0,34.7,36.3
2018-05-16 22:00:00,36.0,27.0,34.5,36.9
2018-05-16 22:30:00,36.0,28.0,34.1,37.4
2018-05-16 23:00:00,36.0,28.0,33.8,37.4
2018-05-16 23:30:00,34.0,37.0,33.7,37.4
2018-05-17 00:00:00,35.0,30.0,33.5,37.4
2018-05-17 00:30:00,34.0,32.0,33.3,37.9
2018-05-17 01:00:00,34.0,32.0,33.0,37.9
2018-05-17 01:30:00,34.0,32.0,32.8,37.3
2018-05-17 02:00:00,33.0,34.0,32.4,38.4
2018-05-17 02:30:00,33.0,34.0,32.1,39.5
2018-05-17 03:00:00,33.0,34.0,32.3,38.4
2018-05-17 03:30:00,32.5,33.5,32.1,38.4
2018-05-17 04:00:00,32.0,33.0,31.8,37.2
2018-05-17 04:30:00,32.0,33.0,31.6,37.2
2018-05-17 05:00:00,30.5,38.5,31.3,38.3
2018-05-17 05:30:00,29.0,44.0,31.4,38.8
2018-05-17 06:00:00,31.0,35.0,30.9,38.8
2018-05-17 06:30:00,30.0,37.0,31.2,39.4
2018-05-17 07:00:00,31.0,35.0,31.6,40.0
2018-05-17 07:30:00,32.0,33.0,31.9,38.3
2018-05-17 08:00:00,33.0,31.0,32.9,37.3
2018-05-17 08:30:00,32.0,38.0,33.5,35.1
2018-05-17 09:00:00,34.0,24.0,34.3,34.0
2018-05-17 09:30:00,35.0,22.333333333333332,35.3,31.2
2018-05-17 10:00:00,36.0,20.666666666666668,35.6,29.5
2018-05-17 10:30:00,37.0,19.0,36.3,27.8
2018-05-17 11:00:00,38.0,16.0,37.2,26.1
2018-05-17 11:30:00,39.0,19.0,37.9,23.7
2018-05-17 12:00:00,41.0,12.0,38.2,23.7
2018-05-17 12:30:00,41.0,12.0,38.7,23.8
2018-05-17 13:00:00,41.0,12.0,39.2,22.6
2018-05-17 13:30:00,41.0,12.0,39.5,21.4
2018-05-17 14:00:00,42.0,12.0,40.0,18.9
2018-05-17 14:30:00,42.0,12.0,40.2,20.2
2018-05-17 15:00:00,42.0,12.0,40.1,19.6
2018-05-17 15:30:00,42.0,11.0,40.0,20.8
2018-05-17 16:00:00,42.0,12.0,39.7,21.4
2018-05-17 16:30:00,41.333333333333336,16.333333333333332,39.3,22.6
2018-05-17 17:00:00,40.666666666666664,20.666666666666664,38.8,23.2
2018-05-17 17:30:00,40.0,25.0,38.3,23.7
2018-05-17 18:00:00,40.0,14.0,37.8,24.9
2018-05-17 18:30:00,37.0,19.0,37.0,27.2
2018-05-17 19:00:00,33.0,28.0,35.1,30.6
2018-05-17 19:30:00,34.0,26.0,34.8,30.6
2018-05-17 20:00:00,35.0,22.0,34.6,30.0
2018-05-17 20:30:00,34.0,32.0,35.0,29.4
2018-05-17 21:00:00,35.0,23.0,34.9,29.4
2018-05-17 21:30:00,35.0,25.0,34.6,30.6
2018-05-17 22:00:00,35.0,25.0,34.7,30.6
2018-05-17 22:30:00,35.0,25.0,34.8,30.6
2018-05-17 23:00:00,35.0,25.0,34.3,31.7
2018-05-17 23:30:00,32.0,36.0,34.6,30.0
2018-05-18 00:00:00,34.0,26.0,34.5,31.7
2018-05-18 00:30:00,33.0,28.0,34.4,31.1
2018-05-18 01:00:00,33.0,28.0,34.1,31.1
2018-05-18 01:30:00,32.0,31.0,33.8,32.8
2018-05-18 02:00:00,31.0,35.0,33.6,33.4
2018-05-18 02:30:00,30.0,37.0,33.0,35.6
2018-05-18 03:00:00,30.0,37.0,32.6,36.1
2018-05-18 03:30:00,30.0,37.0,32.1,37.8
2018-05-18 04:00:00,31.0,35.0,31.9,37.2
2018-05-18 04:30:00,31.0,35.0,32.3,36.1
2018-05-18 05:00:00,29.5,42.5,32.5,36.1
2018-05-18 05:30:00,28.0,50.0,32.1,36.1
2018-05-18 06:00:00,30.0,35.0,31.7,38.3
2018-05-18 06:30:00,30.5,35.0,32.0,38.3
2018-05-18 07:00:00,31.0,35.0,32.1,38.3
2018-05-18 07:30:00,31.0,35.0,32.8,40.1
2018-05-18 08:00:00,32.0,33.0,33.6,37.4
2018-05-18 08:30:00,33.0,31.0,33.9,36.3
2018-05-18 09:00:00,34.0,30.3,34.6,34.1
2018-05-18 09:30:00,35.0,29.6,35.1,31.2
2018-05-18 10:00:00,35.25,29.0,35.6,29.5
2018-05-18 10:30:00,36.5,28.3,36.2,27.8
2018-05-18 11:00:00,35.8,27.6,35.9,28.3
2018-05-18 11:30:00,36.0,27.0,35.5,28.9
2018-05-18 12:00:00,37.0,21.0,36.3,27.8
2018-05-18 12:30:00,38.0,20.0,37.0,26.1
2018-05-18 13:00:00,38.0,20.0,37.7,26.1
2018-05-18 13:30:00,39.0,18.0,38.2,26.7
2018-05-18 14:00:00,40.0,13.5,38.6,26.2
2018-05-18 14:30:00,41.0,9.0,38.9,25.0
2018-05-18 15:00:00,40.5,12.5,39.1,25.0
2018-05-18 15:30:00,40.0,16.0,39.1,23.8
2018-05-18 16:00:00,40.0,16.0,38.9,23.8
2018-05-18 16:30:00,40.0,17.0,38.6,25.0
2018-05-18 17:00:00,40.0,17.0,38.0,26.1
2018-05-18 17:30:00,39.0,22.0,37.8,26.7
2018-05-18 18:00:00,40.0,17.0,37.3,29.0
2018-05-18 18:30:00,39.0,20.0,36.7,30.7
2018-05-18 19:00:00,39.0,20.0,36.0,34.2
2018-05-18 19:30:00,39.0,20.0,35.1,36.4
2018-05-18 20:00:00,36.0,27.0,34.7,38.6
2018-05-18 20:30:00,35.0,38.0,34.4,39.1
2018-05-18 21:00:00,35.0,32.0,34.7,38.6
2018-05-18 21:30:00,34.5,34.0,34.7,38.6
2018-05-18 22:00:00,34.0,36.0,34.7,38.6
2018-05-18 22:30:00,34.0,36.0,34.5,38.6
2018-05-18 23:00:00,33.0,38.0,34.3,39.7
2018-05-18 23:30:00,33.0,38.0,34.3,39.7
2018-05-19 00:00:00,32.5,40.5,34.1,40.2
2018-05-19 00:30:00,32.0,43.0,33.9,40.8
2018-05-19 01:00:00,32.0,41.5,33.7,41.3
2018-05-19 01:30:00,32.0,40.0,33.5,40.7
2018-05-19 02:00:00,32.0,40.0,33.4,41.2
2018-05-19 02:30:00,30.0,47.0,33.3,41.8
2018-05-19 03:00:00,31.0,40.0,33.3,40.7
2018-05-19 03:30:00,31.0,41.5,33.2,41.8
2018-05-19 04:00:00,31.0,43.0,33.1,41.8
2018-05-19 04:30:00,31.0,43.0,33.0,44.0
2018-05-19 05:00:00,31.0,43.0,32.9,43.9
2018-05-19 05:30:00,28.0,64.0,32.8,43.4
2018-05-19 06:00:00,30.0,48.0,32.8,43.9
2018-05-19 06:30:00,30.0,48.0,32.7,44.5
2018-05-19 07:00:00,32.0,43.0,32.9,45.0
2018-05-19 07:30:00,32.0,40.0,33.6,44.6
2018-05-19 08:00:00,33.0,38.0,34.0,45.2
2018-05-19 08:30:00,33.0,48.0,34.1,39.7
2018-05-19 09:00:00,35.0,30.0,35.2,34.1
2018-05-19 09:30:00,36.0,28.333333333333332,35.4,31.8
2018-05-19 10:00:00,37.0,26.666666666666668,36.0,31.3
2018-05-19 10:30:00,38.0,25.0,36.9,27.2
2018-05-19 11:00:00,39.0,22.0,37.4,26.7
2018-05-19 11:30:00,39.0,19.0,38.0,24.9
2018-05-19 12:00:00,41.0,19.0,38.5,24.3
2018-05-19 12:30:00,41.0,19.0,39.0,23.2
2018-05-19 13:00:00,41.0,19.0,39.2,25.0
2018-05-19 13:30:00,42.0,17.0,39.6,23.8
2018-05-19 14:00:00,42.0,17.0,39.3,23.8
2018-05-19 14:30:00,40.0,28.0,39.7,23.8
2018-05-19 15:00:00,41.0,22.5,39.8,23.8
2018-05-19 15:30:00,42.0,17.0,39.3,24.4
2018-05-19 16:00:00,34.0,34.0,34.0,38.5
2018-05-19 16:30:00,35.0,32.0,33.5,39.0
2018-05-19 17:00:00,36.0,27.0,34.1,35.1
2018-05-19 17:30:00,35.0,34.0,34.8,32.9
2018-05-19 18:00:00,36.0,27.0,34.9,32.9
2018-05-19 18:30:00,36.0,27.0,33.6,33.4
2018-05-19 19:00:00,36.0,27.0,33.2,35.6
2018-05-19 19:30:00,35.0,28.0,32.9,37.3
2018-05-19 20:00:00,34.0,32.5,33.0,36.2
2018-05-19 20:30:00,33.0,37.0,33.0,35.0
2018-05-19 21:00:00,34.0,30.0,33.1,36.2
2018-05-19 21:30:00,33.0,31.0,33.3,36.2
2018-05-19 22:00:00,34.0,30.0,33.3,36.2
2018-05-19 22:30:00,32.0,33.0,33.0,37.3
2018-05-19 23:00:00,31.0,38.0,33.0,37.3
2018-05-19 23:30:00,31.0,50.0,33.0,38.4
2018-05-20 00:00:00,31.0,40.0,32.6,40.6
2018-05-20 00:30:00,30.5,41.5,32.1,41.7
2018-05-20 01:00:00,30.0,43.0,32.0,41.7
2018-05-20 01:30:00,30.0,43.0,32.0,42.2
2018-05-20 02:00:00,29.0,45.0,32.0,41.7
2018-05-20 02:30:00,29.0,45.0,31.7,42.2
2018-05-20 03:00:00,29.0,45.0,31.5,42.7
2018-05-20 03:30:00,29.0,42.0,31.2,42.7
2018-05-20 04:00:00,29.5,37.5,31.3,41.6
2018-05-20 04:30:00,30.0,33.0,31.3,39.4
2018-05-20 05:00:00,30.0,31.0,31.3,39.9
2018-05-20 05:30:00,29.0,39.0,31.0,36.0
2018-05-20 06:00:00,30.0,35.0,31.2,37.1
2018-05-20 06:30:00,30.0,31.0,31.7,37.2
2018-05-20 07:00:00,30.0,33.0,31.9,38.3
2018-05-20 07:30:00,30.0,33.0,32.7,35.6
2018-05-20 08:00:00,33.0,31.0,33.7,34.0
2018-05-20 08:30:00,32.0,35.0,34.5,32.9
2018-05-20 09:00:00,35.0,28.0,35.3,30.6
2018-05-20 09:30:00,37.0,24.0,36.0,28.4
2018-05-20 10:00:00,38.0,21.0,36.6,27.2
2018-05-20 10:30:00,38.5,19.5,36.7,28.4
2018-05-20 11:00:00,39.0,18.0,36.8,30.8
2018-05-20 11:30:00,39.0,18.0,37.0,28.4
2018-05-20 12:00:00,39.5,17.0,37.7,28.5
2018-05-20 12:30:00,40.0,16.0,36.9,28.4
2018-05-20 13:00:00,40.0,15.0,38.1,25.5
2018-05-20 13:30:00,40.0,14.0,38.7,22.5
2018-05-20 14:00:00,41.0,13.0,39.0,23.2
2018-05-20 14:30:00,41.0,23.0,39.4,21.4
2018-05-20 15:00:00,41.0,16.5,39.7,20.2
2018-05-20 15:30:00,41.0,10.0,39.6,18.9
2018-05-20 16:00:00,42.0,10.0,39.4,18.9
2018-05-20 16:30:00,42.0,10.0,39.1,21.4
2018-05-20 17:00:00,41.0,10.0,38.6,22.5
2018-05-20 17:30:00,40.0,19.0,38.3,22.5
2018-05-20 18:00:00,40.0,11.0,37.7,23.7
2018-05-20 18:30:00,40.0,11.0,37.0,24.9
2018-05-20 19:00:00,39.0,11.0,36.4,24.8
2018-05-20 19:30:00,38.0,12.0,36.0,26.0
2018-05-20 20:00:00,37.0,15.0,35.7,25.9
2018-05-20 20:30:00,34.0,26.0,35.5,27.1
2018-05-20 21:00:00,35.0,18.0,35.3,27.1
2018-05-20 21:30:00,35.0,18.0,35.0,28.3
2018-05-20 22:00:00,35.0,17.0,34.7,27.7
2018-05-20 22:30:00,35.0,16.0,34.2,26.4
2018-05-20 23:00:00,35.0,15.5,34.0,24.6
2018-05-20 23:30:00,35.0,15.0,33.9,23.4
2018-05-21 00:00:00,34.0,17.0,33.9,22.2
2018-05-21 00:30:00,34.0,17.0,33.8,22.2
2018-05-21 01:00:00,33.0,20.0,33.4,23.4
2018-05-21 01:30:00,33.0,20.0,33.2,24.0
2018-05-21 02:00:00,33.0,20.0,33.0,25.2
2018-05-21 02:30:00,33.0,29.0,32.9,25.7
2018-05-21 03:00:00,33.0,20.0,32.8,26.9
2018-05-21 03:30:00,33.0,20.0,32.7,26.3
2018-05-21 04:00:00,32.0,21.0,32.5,26.3
2018-05-21 04:30:00,32.0,17.0,32.1,26.9
2018-05-21 05:00:00,32.0,18.0,31.7,26.8
2018-05-21 05:30:00,29.0,29.0,31.5,26.2
2018-05-21 06:00:00,31.0,19.0,31.4,25.6
2018-05-21 06:30:00,31.0,19.0,31.7,26.8
2018-05-21 07:00:00,32.0,17.0,32.4,28.1
2018-05-21 07:30:00,33.0,16.5,33.0,28.7
2018-05-21 08:00:00,34.0,16.0,33.7,27.6
2018-05-21 08:30:00,35.0,14.0,34.3,25.9
2018-05-21 09:00:00,36.0,13.0,35.0,23.5
2018-05-21 09:30:00,37.0,12.0,35.9,21.2
2018-05-21 10:00:00,38.0,11.0,36.5,20.0
2018-05-21 10:30:00,39.0,11.0,37.2,18.2
2018-05-21 11:00:00,39.0,11.0,37.7,18.8
2018-05-21 11:30:00,40.0,18.0,38.3,17.6
2018-05-21 12:00:00,40.0,13.5,38.9,17.6
2018-05-21 12:30:00,40.0,9.0,39.2,17.0
2018-05-21 13:00:00,42.0,8.0,39.7,15.2
2018-05-21 13:30:00,43.0,8.0,40.1,15.8
2018-05-21 14:00:00,43.0,12.0,40.4,15.2
2018-05-21 14:30:00,43.0,16.0,40.5,15.2
2018-05-21 15:00:00,44.0,9.0,40.8,15.2
2018-05-21 15:30:00,43.0,10.0,40.7,15.2
2018-05-21 15:40:00,43.0,10.0,40.7,15.2
2018-05-21 16:00:00,43.0,10.0,40.7,15.2
2018-05-21 16:30:00,43.0,10.0,40.2,16.5
2018-05-21 17:00:00,42.5,18.0,39.9,16.5
2018-05-21 17:30:00,42.0,26.0,39.5,16.4
2018-05-21 18:00:00,41.0,12.0,39.0,17.6
2018-05-21 18:30:00,41.0,12.0,38.4,18.8
2018-05-21 19:00:00,40.0,12.5,37.7,21.3
2018-05-21 19:30:00,39.0,13.0,37.2,21.8
2018-05-21 20:00:00,39.0,13.0,36.7,21.8
2018-05-21 20:30:00,36.0,8.0,36.2,22.4
2018-05-21 21:00:00,38.0,12.0,36.0,22.4
2018-05-21 21:30:00,37.0,13.0,35.9,21.2
2018-05-21 22:00:00,37.0,13.0,35.8,21.1
2018-05-21 22:30:00,36.5,13.5,35.6,19.9
2018-05-21 23:00:00,36.0,14.0,35.4,21.1
2018-05-21 23:30:00,33.0,26.0,35.2,21.1
2018-05-22 00:00:00,35.0,14.0,34.5,22.3
2018-05-22 00:30:00,35.0,14.0,34.1,22.3
2018-05-22 01:00:00,35.0,14.0,34.1,22.3
2018-05-22 01:30:00,34.0,15.0,34.1,21.7
2018-05-22 02:00:00,34.0,15.0,33.9,21.0
2018-05-22 02:30:00,32.0,27.0,33.8,21.0
2018-05-22 03:00:00,34.0,15.0,33.7,21.0
2018-05-22 03:30:00,33.0,16.0,33.6,21.0
2018-05-22 04:00:00,32.5,16.5,33.5,21.0
2018-05-22 04:30:00,32.0,17.0,33.6,19.8
2018-05-22 05:00:00,31.0,19.0,33.4,21.0
2018-05-22 05:30:00,29.0,32.0,33.2,21.0
2018-05-22 06:00:00,29.666666666666668,27.666666666666668,33.0,22.2
2018-05-22 06:30:00,30.333333333333332,23.333333333333336,32.9,23.4
2018-05-22 07:00:00,31.0,19.0,33.2,23.4
2018-05-22 07:30:00,32.0,20.0,33.7,23.4
2018-05-22 08:00:00,32.5,34.0,34.2,23.5
2018-05-22 08:30:00,33.0,48.0,35.0,24.1
2018-05-22 09:00:00,35.0,31.5,35.9,22.4
2018-05-22 09:30:00,37.0,15.0,36.5,21.2
2018-05-22 10:00:00,38.0,13.5,37.3,21.8
2018-05-22 10:30:00,39.0,12.0,38.0,21.3
2018-05-22 11:00:00,39.0,12.0,38.8,20.1
2018-05-22 11:30:00,42.0,11.0,39.4,18.9
2018-05-22 12:00:00,42.5,10.5,40.0,17.7
2018-05-22 12:30:00,43.0,10.0,40.7,16.5
2018-05-22 13:00:00,43.0,10.0,41.2,15.3
2018-05-22 13:30:00,43.0,10.0,41.5,15.3
2018-05-22 14:00:00,44.0,14.5,41.7,16.5
2018-05-22 14:30:00,45.0,19.0,42.0,15.3
2018-05-22 15:00:00,45.0,10.0,42.0,16.6
2018-05-22 15:30:00,45.0,11.0,41.9,16.6
2018-05-22 16:00:00,45.0,10.0,41.6,16.5
2018-05-22 16:30:00,45.0,10.0,41.4,17.8
2018-05-22 17:00:00,45.0,10.0,41.0,17.8
2018-05-22 17:30:00,43.0,22.0,40.4,19.0
2018-05-22 18:00:00,44.0,11.0,39.8,20.2
2018-05-22 18:30:00,43.0,12.0,39.3,20.1
2018-05-22 19:00:00,42.0,14.0,38.7,21.3
2018-05-22 19:30:00,41.0,15.0,38.3,21.3
2018-05-22 20:00:00,39.0,17.5,38.2,21.3
2018-05-22 20:30:00,37.0,20.0,38.0,21.9
2018-05-22 21:00:00,37.5,18.5,37.7,22.5
2018-05-22 21:30:00,38.0,17.0,37.5,22.5
2018-05-22 22:00:00,36.0,23.0,37.4,24.9
2018-05-22 22:30:00,36.0,23.0,37.0,25.4
2018-05-22 23:00:00,36.0,23.0,36.8,24.2
2018-05-22 23:30:00,33.0,25.0,36.7,24.8
2018-05-23 00:00:00,33.333333333333336,26.0,36.6,26.0
2018-05-23 00:30:00,33.666666666666664,27.0,36.3,29.5
2018-05-23 01:00:00,34.0,28.0,36.2,27.8
2018-05-23 01:30:00,33.5,28.0,36.0,30.7
2018-05-23 02:00:00,33.0,28.0,35.7,31.8
2018-05-23 02:30:00,33.0,29.0,35.4,31.2
2018-05-23 03:00:00,33.0,28.666666666666668,35.2,31.2
2018-05-23 03:30:00,33.0,28.333333333333332,35.0,31.2
2018-05-23 04:00:00,33.0,28.0,34.8,31.2
2018-05-23 04:30:00,32.5,28.5,34.6,30.6
2018-05-23 05:00:00,32.0,29.0,34.2,29.4
2018-05-23 05:30:00,30.0,35.0,34.4,29.4
2018-05-23 06:00:00,31.0,31.0,34.4,28.2
2018-05-23 06:30:00,32.0,29.5,34.6,27.1
2018-05-23 07:00:00,33.0,28.0,35.0,28.3
2018-05-23 07:30:00,33.666666666666664,27.666666666666668,35.3,30.6
2018-05-23 08:00:00,34.333333333333336,27.333333333333332,35.9,30.1
2018-05-23 08:30:00,35.0,27.0,36.4,28.4
2018-05-23 09:00:00,39.0,18.0,37.0,27.8
2018-05-23 09:30:00,40.0,15.0,37.6,25.5
2018-05-23 10:00:00,40.0,16.0,38.0,24.9
2018-05-23 10:30:00,40.5,15.5,38.7,23.8
2018-05-23 11:00:00,41.0,15.0,39.2,23.8
2018-05-23 11:30:00,43.0,13.0,39.6,23.8
2018-05-23 12:00:00,42.5,13.0,40.2,22.0
2018-05-23 12:30:00,42.0,13.0,40.5,21.4
2018-05-23 13:00:00,42.666666666666664,11.666666666666666,40.8,22.7
2018-05-23 13:30:00,43.333333333333336,10.333333333333334,41.2,22.7
2018-05-23 14:00:00,44.0,9.0,41.4,20.9
2018-05-23 14:30:00,43.0,15.0,41.7,17.8
2018-05-23 15:00:00,44.0,9.0,41.9,19.0
2018-05-23 15:30:00,44.0,9.0,41.6,17.8
2018-05-23 16:00:00,44.0,10.0,41.4,19.6
2018-05-23 16:30:00,44.0,11.0,41.2,22.7
2018-05-23 17:00:00,43.0,11.0,40.8,23.9
2018-05-23 17:30:00,42.0,16.0,40.3,25.1
2018-05-23 18:00:00,42.0,13.0,39.8,25.0
2018-05-23 18:30:00,42.0,13.0,39.2,26.2
2018-05-23 19:00:00,40.0,17.0,38.7,27.3
2018-05-23 19:30:00,40.0,19.0,38.3,28.5
2018-05-23 20:00:00,39.0,21.0,38.0,29.7
2018-05-23 20:30:00,38.0,22.0,37.8,30.2
2018-05-23 21:00:00,37.0,24.0,37.6,30.8
2018-05-23 21:30:00,37.0,25.0,37.3,33.1
2018-05-23 22:00:00,36.5,26.0,37.3,32.0
2018-05-23 22:30:00,36.0,27.0,37.2,33.1
2018-05-23 23:00:00,36.0,27.0,37.0,33.7
2018-05-23 23:30:00,33.0,41.0,36.5,35.9
2018-05-24 00:00:00,34.0,30.0,36.1,36.5
2018-05-24 00:30:00,35.0,30.0,35.9,35.9
2018-05-24 01:00:00,35.0,30.0,35.7,35.3
2018-05-24 01:30:00,35.0,30.0,35.5,35.3
2018-05-24 02:00:00,34.0,35.0,35.4,35.3
2018-05-24 02:30:00,33.0,40.0,35.1,35.2
2018-05-24 03:00:00,33.5,30.5,34.9,34.1
2018-05-24 03:30:00,34.0,21.0,34.9,34.1
2018-05-24 04:00:00,34.0,21.0,34.6,34.0
2018-05-24 04:30:00,33.0,20.0,34.4,32.9
2018-05-24 05:00:00,33.0,18.0,34.3,31.7
2018-05-24 05:30:00,31.0,24.0,34.0,30.5
2018-05-24 06:00:00,32.0,20.0,33.6,29.9
2018-05-24 06:30:00,32.0,21.0,33.1,30.5
2018-05-24 07:00:00,32.0,21.0,33.1,28.1
2018-05-24 07:30:00,33.0,20.0,34.2,29.4
2018-05-24 08:00:00,34.0,19.0,34.3,30.0
2018-05-24 08:30:00,34.0,23.0,34.4,30.6
2018-05-24 09:00:00,34.0,19.0,35.0,30.6
2018-05-24 09:30:00,35.0,19.0,35.5,34.1
2018-05-24 10:00:00,36.5,20.5,36.1,36.5
2018-05-24 10:30:00,38.0,22.0,36.9,37.7
2018-05-24 11:00:00,39.0,22.0,37.7,38.9
2018-05-24 11:30:00,40.0,20.0,38.2,38.4
2018-05-24 12:00:00,42.0,14.0,38.4,35.5
2018-05-24 12:30:00,42.0,14.0,39.1,33.3
2018-05-24 13:00:00,42.0,14.0,39.3,26.8
2018-05-24 13:30:00,43.0,14.0,39.8,25.0
2018-05-24 14:00:00,43.0,12.0,40.2,23.3
2018-05-24 14:30:00,44.0,14.0,40.3,22.6
2018-05-24 15:00:00,44.0,11.0,40.3,22.6
2018-05-24 15:30:00,44.0,10.0,40.5,22.7
2018-05-24 16:00:00,44.0,9.0,40.5,22.7
2018-05-24 16:30:00,44.0,8.0,40.1,22.6
2018-05-24 17:00:00,43.0,9.0,39.8,23.8
2018-05-24 17:30:00,42.0,14.0,39.5,23.8
2018-05-24 18:00:00,42.0,11.0,39.0,25.0
2018-05-24 18:30:00,41.0,12.0,38.6,27.3
2018-05-24 19:00:00,40.0,13.0,38.1,26.1
2018-05-24 19:30:00,39.0,14.5,37.8,26.1
2018-05-24 20:00:00,38.0,16.0,37.5,26.7
2018-05-24 20:30:00,36.0,21.0,37.3,28.4
2018-05-24 21:00:00,36.0,18.0,36.9,28.4
2018-05-24 21:30:00,35.0,15.0,36.7,26.0
2018-05-24 22:00:00,35.0,14.0,36.5,23.0
2018-05-24 22:30:00,34.0,15.0,36.3,22.4
2018-05-24 23:00:00,34.0,14.0,36.1,23.6
2018-05-24 23:30:00,34.0,24.0,36.0,22.4
2018-05-25 00:00:00,34.0,14.0,35.6,24.7
2018-05-25 00:30:00,33.0,15.0,35.4,25.9
2018-05-25 01:00:00,32.0,17.0,35.3,27.1
2018-05-25 01:30:00,32.0,18.0,35.0,27.1
2018-05-25 02:00:00,31.5,24.0,34.4,29.4
2018-05-25 02:30:00,31.0,30.0,34.7,24.7
2018-05-25 03:00:00,30.0,23.0,34.6,24.1
2018-05-25 03:30:00,30.0,22.5,34.7,24.1
2018-05-25 04:00:00,30.0,22.0,34.5,22.3
2018-05-25 04:30:00,29.5,25.5,34.3,23.5
2018-05-25 05:00:00,29.0,29.0,34.1,23.5
2018-05-25 05:30:00,28.0,37.0,33.4,28.7
2018-05-25 06:00:00,29.0,27.0,33.1,27.0
2018-05-25 06:30:00,29.0,23.0,33.1,24.6
2018-05-25 07:00:00,29.0,23.0,33.5,25.8
2018-05-25 07:30:00,30.0,22.0,34.2,24.7
2018-05-25 08:00:00,33.0,18.0,34.9,24.7
2018-05-25 08:30:00,33.0,23.0,35.6,25.9
2018-05-25 09:00:00,36.0,16.0,36.3,24.8
2018-05-25 09:30:00,38.0,13.0,37.3,21.2
2018-05-25 10:00:00,39.0,11.0,38.1,18.8
2018-05-25 10:30:00,40.0,11.0,38.7,17.6
2018-05-25 11:00:00,42.0,10.0,39.4,16.4
2018-05-25 11:30:00,42.0,10.0,39.9,15.2
2018-05-25 12:00:00,44.0,8.0,40.2,15.2
2018-05-25 12:30:00,44.0,8.0,40.7,13.4
2018-05-25 13:00:00,44.0,8.0,40.9,12.7
2018-05-25 13:30:00,44.0,8.666666666666666,41.3,12.7
2018-05-25 14:00:00,44.0,9.333333333333334,41.6,12.1
2018-05-25 14:30:00,44.0,10.0,42.2,11.5
2018-05-25 15:00:00,45.0,7.0,42.2,11.5
2018-05-25 15:30:00,45.0,7.0,42.1,11.5
2018-05-25 16:00:00,45.0,7.0,42.1,11.5
2018-05-25 16:30:00,45.0,7.0,41.9,11.5
2018-05-25 17:00:00,45.0,7.0,41.6,11.5
2018-05-25 17:30:00,43.0,10.0,41.2,12.7
2018-05-25 18:00:00,44.0,7.0,40.8,12.7
2018-05-25 18:30:00,43.0,8.0,40.1,12.7
2018-05-25 19:00:00,42.0,8.5,39.4,13.9
2018-05-25 19:30:00,41.0,9.0,38.8,15.1
2018-05-25 20:00:00,39.0,11.0,38.3,16.4
2018-05-25 20:30:00,37.0,10.0,37.8,17.6
2018-05-25 21:00:00,38.0,12.0,37.5,18.2
2018-05-25 21:30:00,38.0,12.0,36.9,18.8
2018-05-25 22:00:00,38.0,12.0,36.9,18.8
2018-05-25 22:30:00,37.0,13.0,36.8,18.1
2018-05-25 23:00:00,37.0,13.0,36.6,19.4
2018-05-25 23:30:00,34.0,15.0,36.3,20.0
2018-05-26 00:00:00,35.0,15.0,36.0,21.2
2018-05-26 00:30:00,35.0,15.0,35.9,21.1
2018-05-26 01:00:00,34.0,16.0,35.6,22.3
2018-05-26 01:30:00,33.0,18.0,35.5,21.1
2018-05-26 02:00:00,33.0,20.0,35.6,21.1
2018-05-26 02:30:00,31.0,22.0,35.5,21.1
2018-05-26 03:00:00,31.0,25.0,35.1,23.5
2018-05-26 03:30:00,31.0,25.0,34.6,23.5
2018-05-26 04:00:00,30.0,27.0,34.5,22.3
2018-05-26 04:30:00,29.0,29.0,34.1,23.5
2018-05-26 05:00:00,29.0,29.0,33.9,22.2
2018-05-26 05:30:00,29.0,21.0,33.7,22.2
2018-05-26 06:00:00,29.0,27.0,33.4,23.4
2018-05-26 06:30:00,29.0,27.0,33.5,23.4
2018-05-26 07:00:00,30.0,25.0,33.6,24.0
2018-05-26 07:30:00,31.0,22.0,34.5,23.5
2018-05-26 08:00:00,32.5,19.5,35.1,23.5
2018-05-26 08:30:00,34.0,17.0,36.0,23.6
2018-05-26 09:00:00,35.0,18.0,36.6,22.4
2018-05-26 09:30:00,36.0,17.0,37.6,21.3
2018-05-26 10:00:00,38.0,15.0,38.5,20.7
2018-05-26 10:30:00,39.0,14.0,39.1,20.7
2018-05-26 11:00:00,41.0,12.5,39.8,18.9
2018-05-26 11:30:00,43.0,11.0,40.3,16.5
2018-05-26 12:00:00,44.0,11.0,41.0,16.5
2018-05-26 12:30:00,44.0,10.5,41.4,14.0
2018-05-26 13:00:00,44.0,10.0,41.9,12.8
2018-05-26 13:30:00,44.0,8.0,42.2,13.4
2018-05-26 14:00:00,45.0,8.0,42.4,14.1
2018-05-26 14:30:00,45.0,5.0,42.5,12.2
2018-05-26 15:00:00,46.0,7.0,42.6,11.5
2018-05-26 15:30:00,46.0,7.0,42.7,11.5
2018-05-26 16:00:00,46.0,6.0,42.5,11.5
2018-05-26 16:30:00,46.0,6.5,42.4,11.5
2018-05-26 17:00:00,46.0,7.0,42.2,12.8
2018-05-26 17:30:00,46.0,7.0,41.6,12.8
2018-05-26 18:00:00,45.0,7.0,41.0,15.3
2018-05-26 18:30:00,44.0,8.0,40.4,14.0
2018-05-26 19:00:00,43.0,9.0,39.9,13.9
2018-05-26 19:30:00,42.0,9.0,39.3,16.4
2018-05-26 20:00:00,39.5,12.5,38.9,16.4
2018-05-26 20:30:00,37.0,16.0,38.7,17.6
2018-05-26 21:00:00,37.5,14.5,38.4,18.8
2018-05-26 21:30:00,38.0,13.0,38.1,20.1
2018-05-26 22:00:00,37.0,14.0,37.8,21.3
2018-05-26 22:30:00,37.0,14.0,37.5,21.2
2018-05-26 23:00:00,36.0,15.0,37.3,22.4
2018-05-26 23:30:00,36.0,15.0,36.8,22.4
2018-05-27 00:00:00,36.0,15.0,36.6,21.8
2018-05-27 00:30:00,36.0,15.0,36.4,21.2
2018-05-27 01:00:00,35.0,16.0,36.4,21.2
2018-05-27 01:30:00,34.0,17.0,36.2,21.2
2018-05-27 02:00:00,33.0,18.0,35.8,21.8
2018-05-27 02:30:00,30.0,21.0,35.8,21.7
2018-05-27 03:00:00,33.0,20.0,35.8,21.1
2018-05-27 03:30:00,33.0,20.0,35.3,22.3
2018-05-27 04:00:00,32.666666666666664,20.0,35.1,22.3
2018-05-27 04:30:00,32.333333333333336,20.0,35.1,21.1
2018-05-27 05:00:00,32.0,20.0,34.8,22.3
2018-05-27 05:30:00,31.0,24.0,34.7,21.1
2018-05-27 06:00:00,32.0,17.0,34.5,21.1
2018-05-27 06:30:00,33.0,16.0,34.7,21.1
2018-05-27 07:00:00,33.0,18.0,35.0,21.7
2018-05-27 07:30:00,33.0,17.0,34.9,22.3
2018-05-27 08:00:00,34.0,16.0,35.4,22.3
2018-05-27 08:30:00,35.0,16.0,35.9,21.2
2018-05-27 09:00:00,37.0,13.0,36.6,21.2
2018-05-27 09:30:00,38.0,11.0,37.5,20.6
2018-05-27 10:00:00,40.0,10.0,38.6,18.9
2018-05-27 10:30:00,41.0,10.0,39.1,20.1
2018-05-27 11:00:00,42.0,9.0,39.8,18.9
2018-05-27 11:30:00,43.0,10.0,40.2,19.6
2018-05-27 12:00:00,44.0,8.0,40.8,19.0
2018-05-27 12:30:00,45.0,7.0,40.9,17.7
2018-05-27 13:00:00,45.0,6.0,41.7,11.5
2018-05-27 13:30:00,45.0,6.0,42.2,10.2
2018-05-27 14:00:00,45.0,6.0,42.4,10.2
2018-05-27 14:30:00,45.0,9.0,42.6,10.2
2018-05-27 15:00:00,45.0,6.0,42.7,10.2
2018-05-27 15:30:00,45.0,6.0,42.6,10.2
2018-05-27 16:00:00,45.0,6.0,42.6,10.2
2018-05-27 16:30:00,45.0,6.0,42.4,11.5
2018-05-27 17:00:00,45.0,6.0,42.1,10.2
2018-05-27 17:30:00,43.0,9.0,41.6,11.5
2018-05-27 18:00:00,44.0,7.0,41.2,11.5
2018-05-27 18:30:00,44.0,7.0,40.7,12.7
2018-05-27 19:00:00,43.0,7.5,40.0,12.7
2018-05-27 19:30:00,42.0,8.0,39.6,13.9
2018-05-27 20:00:00,41.0,15.0,39.3,13.9
2018-05-27 20:30:00,38.0,15.0,39.1,13.9
2018-05-27 21:00:00,40.0,9.0,38.8,15.1
2018-05-27 21:30:00,38.0,11.0,38.2,20.1
2018-05-27 22:00:00,37.0,13.0,37.8,21.3
2018-05-27 22:30:00,36.0,14.0,37.5,23.7
2018-05-27 23:00:00,35.0,14.0,37.2,26.0
2018-05-27 23:30:00,34.0,23.0,36.7,27.2
2018-05-28 00:00:00,34.0,23.0,36.4,27.8
2018-05-28 00:30:00,34.0,23.0,36.3,27.2
2018-05-28 01:00:00,33.0,26.0,36.3,28.4
2018-05-28 01:30:00,33.0,26.0,36.1,28.3
2018-05-28 02:00:00,33.0,28.0,35.9,29.5
2018-05-28 02:30:00,32.0,29.0,35.5,30.6
2018-05-28 03:00:00,31.0,31.0,35.3,31.2
2018-05-28 03:30:00,31.0,35.0,35.1,31.8
2018-05-28 04:00:00,31.0,35.0,35.2,31.8
2018-05-28 04:30:00,31.0,35.0,35.0,32.3
2018-05-28 05:00:00,31.0,35.0,34.6,31.7
2018-05-28 05:30:00,29.0,46.0,34.7,31.7
2018-05-28 06:00:00,30.0,40.5,34.1,31.7
2018-05-28 06:30:00,31.0,35.0,34.0,32.8
2018-05-28 07:00:00,32.0,33.0,34.4,32.9
2018-05-28 07:30:00,33.0,29.0,35.1,32.3
2018-05-28 08:00:00,34.0,28.0,35.6,31.8
2018-05-28 08:30:00,36.0,31.0,35.9,31.8
2018-05-28 09:00:00,36.0,27.0,36.8,29.6
2018-05-28 09:30:00,37.0,25.0,37.3,27.2
2018-05-28 10:00:00,38.0,24.0,37.7,26.1
2018-05-28 10:30:00,39.0,22.0,38.1,26.1
2018-05-28 11:00:00,40.0,21.0,38.1,27.3
2018-05-28 11:30:00,41.0,22.0,39.1,26.2
2018-05-28 12:00:00,41.0,19.0,39.6,26.2
2018-05-28 12:30:00,41.6,17.3,40.2,25.1
2018-05-28 13:00:00,42.3,15.6,40.5,22.7
2018-05-28 13:30:00,43.0,14.0,40.9,21.5
2018-05-28 14:00:00,43.0,15.0,41.2,16.5
2018-05-28 14:30:00,43.0,14.0,41.4,19.0
2018-05-28 15:00:00,43.0,13.0,41.5,19.6
2018-05-28 15:30:00,43.0,12.0,41.6,20.3
2018-05-28 16:00:00,43.0,12.0,41.3,19.0
2018-05-28 16:30:00,43.0,12.0,41.1,19.0
2018-05-28 17:00:00,42.0,13.0,40.8,20.2
2018-05-28 17:30:00,42.0,19.0,40.3,20.2
2018-05-28 18:00:00,41.0,14.0,39.8,21.4
2018-05-28 18:30:00,40.5,14.0,39.2,21.3
2018-05-28 19:00:00,40.0,14.0,38.9,23.8
2018-05-28 19:30:00,40.0,14.0,38.6,24.9
2018-05-28 20:00:00,38.0,16.0,38.3,24.3
2018-05-28 20:30:00,38.0,17.0,38.1,24.3
2018-05-28 21:00:00,38.0,18.0,37.9,24.9
2018-05-28 21:30:00,37.3,18.6,37.7,26.1
2018-05-28 22:00:00,36.6,19.3,37.5,26.1
2018-05-28 22:30:00,36.0,20.0,37.4,27.2
2018-05-28 23:00:00,35.0,25.0,37.0,27.2
2018-05-28 23:30:00,33.0,27.0,36.7,26.0
2018-05-29 00:00:00,34.0,28.0,36.5,26.0
2018-05-29 00:30:00,33.5,29.5,36.3,28.4
2018-05-29 01:00:00,33.0,31.0,36.2,28.4
2018-05-29 01:30:00,33.0,31.0,36.1,29.5
2018-05-29 02:00:00,33.0,31.0,35.9,30.7
2018-05-29 02:30:00,32.0,33.0,35.8,31.2
2018-05-29 03:00:00,31.0,35.0,35.4,31.8
2018-05-29 03:30:00,30.0,33.0,35.3,32.9
2018-05-29 04:00:00,30.0,33.0,35.0,34.1
2018-05-29 04:30:00,30.0,33.0,34.8,34.1
2018-05-29 05:00:00,30.0,33.0,34.1,36.3
2018-05-29 05:30:00,29.0,46.0,34.1,37.4
2018-05-29 06:00:00,30.0,35.0,33.3,39.6
2018-05-29 06:30:00,31.0,38.0,33.1,40.7
2018-05-29 07:00:00,32.0,36.0,33.5,41.3
2018-05-29 07:30:00,32.0,38.0,33.8,42.4
2018-05-29 08:00:00,34.0,34.0,34.2,43.0
2018-05-29 08:01:00,34.0,34.0,34.6,42.5
2018-05-29 08:30:00,35.0,40.0,35.0,42.0
2018-05-29 09:00:00,36.5,34.5,35.7,43.2
2018-05-29 09:30:00,38.0,29.0,36.2,42.1
2018-05-29 10:00:00,39.0,27.0,37.2,38.8
2018-05-29 10:30:00,40.0,26.0,38.1,36.1
2018-05-29 11:00:00,41.0,23.0,38.8,33.3
2018-05-29 11:30:00,41.0,22.0,39.5,29.8
2018-05-29 12:00:00,42.0,20.0,40.1,23.8
2018-05-29 12:30:00,42.0,20.0,40.5,23.9
2018-05-29 13:00:00,43.0,12.0,41.2,19.0
2018-05-29 13:30:00,44.0,11.0,41.9,19.0
2018-05-29 14:00:00,44.5,14.5,42.0,17.8
2018-05-29 14:30:00,45.0,18.0,42.2,17.8
2018-05-29 15:00:00,45.5,14.0,42.4,17.2
2018-05-29 15:30:00,46.0,10.0,42.5,17.2
2018-05-29 16:00:00,46.0,10.0,42.3,16.6
2018-05-29 16:30:00,46.0,10.0,42.2,16.6
2018-05-29 17:00:00,44.5,13.0,42.0,16.6
2018-05-29 17:30:00,43.0,16.0,41.6,16.5
2018-05-29 18:00:00,43.3,14.6,41.0,19.0
2018-05-29 18:30:00,43.6,13.3,40.8,19.0
2018-05-29 19:00:00,44.0,12.0,40.3,20.2
2018-05-29 19:30:00,42.0,15.0,39.5,23.8
2018-05-29 20:00:00,42.0,17.0,37.8,32.0
2018-05-29 20:30:00,39.0,19.0,36.7,48.2
2018-05-29 21:00:00,38.0,31.5,36.5,48.7
2018-05-29 21:30:00,37.0,44.0,35.8,48.6
2018-05-29 22:00:00,36.0,47.0,35.6,47.5
2018-05-29 22:30:00,35.0,48.0,35.1,48.0
2018-05-29 23:00:00,34.0,49.0,34.7,46.3
2018-05-29 23:30:00,33.0,47.0,33.7,46.2
2018-05-30 00:00:00,32.0,49.0,33.0,44.5
2018-05-30 00:30:00,32.0,43.0,32.7,42.8
2018-05-30 01:00:00,32.0,43.0,32.6,41.7
2018-05-30 01:30:00,32.0,43.0,32.4,45.0
2018-05-30 02:00:00,31.0,46.0,32.2,46.6
2018-05-30 02:30:00,31.0,47.0,31.8,46.5
2018-05-30 03:00:00,31.0,46.6,31.8,46.0
2018-05-30 03:30:00,31.0,46.3,31.7,46.0
2018-05-30 04:00:00,31.0,46.0,32.4,46.0
2018-05-30 04:30:00,31.0,43.0,32.4,45.0
2018-05-30 05:00:00,31.0,43.0,31.9,47.1
2018-05-30 05:30:00,31.0,43.0,31.8,49.2
2018-05-30 06:00:00,30.0,45.0,31.5,50.7
2018-05-30 06:30:00,31.0,46.0,31.2,52.3
2018-05-30 07:00:00,31.0,49.0,31.2,53.3
2018-05-30 07:30:00,31.0,52.0,31.3,53.8
2018-05-30 08:00:00,31.0,55.0,31.9,52.4
2018-05-30 08:30:00,32.0,47.0,32.5,51.9
2018-05-30 09:00:00,33.0,49.0,33.0,50.4
2018-05-30 09:30:00,34.0,46.0,33.4,49.4
2018-05-30 09:33:00,34.0,46.0,33.55,49.15
2018-05-30 10:00:00,34.0,46.0,33.7,48.9
2018-05-30 10:30:00,35.0,44.0,33.9,49.5
2018-05-30 11:00:00,35.5,42.5,34.5,47.9
2018-05-30 11:30:00,36.0,41.0,35.3,46.9
2018-05-30 12:00:00,37.0,39.0,35.8,45.9
2018-05-30 12:30:00,38.0,35.0,36.1,44.3
2018-05-30 13:00:00,39.0,33.0,36.8,42.2
2018-05-30 13:30:00,39.0,33.0,37.4,40.0
2018-05-30 14:00:00,40.0,31.0,38.1,38.9
2018-05-30 14:30:00,41.0,18.0,38.5,37.8
2018-05-30 15:00:00,40.0,31.0,38.6,36.7
2018-05-30 15:30:00,41.0,29.5,38.7,35.6
2018-05-30 16:00:00,42.0,28.0,38.7,35.6
2018-05-30 16:30:00,42.0,28.0,38.6,35.5
2018-05-30 17:00:00,41.0,30.0,38.3,35.5
2018-05-30 17:30:00,41.0,27.0,37.9,36.1
2018-05-30 18:00:00,40.0,33.0,37.7,36.6
2018-05-30 18:30:00,39.0,37.0,36.9,42.2
2018-05-30 19:00:00,37.0,37.0,36.1,43.2
2018-05-30 19:30:00,37.0,35.0,35.7,40.9
2018-05-30 20:00:00,37.0,30.0,35.6,40.9
2018-05-30 20:30:00,36.0,32.0,35.5,40.3
2018-05-30 21:00:00,35.0,26.0,35.3,41.4
2018-05-30 21:30:00,34.0,28.0,35.0,42.0
2018-05-30 22:00:00,35.0,26.0,35.2,36.4
2018-05-30 22:30:00,35.0,26.0,34.7,43.0
2018-05-30 23:00:00,33.0,29.0,34.6,43.0
2018-05-30 23:30:00,33.0,36.0,34.2,44.1
2018-05-31 00:00:00,33.0,29.0,34.1,44.1
2018-05-31 00:30:00,33.0,31.0,34.0,44.1
2018-05-31 01:00:00,33.0,31.0,34.0,43.0
2018-05-31 01:30:00,32.6,31.3,33.6,44.0
2018-05-31 02:00:00,32.3,31.6,33.5,43.5
2018-05-31 02:30:00,32.0,32.0,33.0,46.7
2018-05-31 03:00:00,31.0,43.0,32.6,48.7
2018-05-31 03:30:00,30.0,47.0,32.1,50.8
2018-05-31 04:00:00,29.0,51.0,31.8,54.4
2018-05-31 04:30:00,29.0,55.0,31.7,55.9
2018-05-31 05:00:00,29.0,58.0,31.4,56.9
2018-05-31 05:30:00,29.0,61.0,31.5,57.4
2018-05-31 06:00:00,31.0,55.0,31.5,58.4
2018-05-31 06:30:00,31.0,56.5,31.6,59.0
2018-05-31 07:00:00,31.0,58.0,31.7,59.0
2018-05-31 07:30:00,32.0,55.0,32.6,57.6
2018-05-31 08:00:00,33.0,52.0,33.1,55.1
2018-05-31 08:30:00,34.0,40.0,33.3,55.7
2018-05-31 09:00:00,35.5,37.5,34.0,52.6
2018-05-31 09:30:00,37.0,35.0,34.7,47.9
2018-05-31 10:00:00,37.0,29.0,35.2,45.3
2018-05-31 10:30:00,37.0,29.0,35.7,43.2
2018-05-31 11:00:00,38.0,27.0,36.2,40.4
2018-05-31 11:30:00,41.0,23.0,36.9,37.1
2018-05-31 12:00:00,41.0,23.0,37.4,35.4
2018-05-31 12:30:00,41.0,23.0,37.8,34.3
2018-05-31 13:00:00,41.5,22.5,38.2,34.4
2018-05-31 13:30:00,42.0,22.0,38.5,33.8
2018-05-31 14:00:00,43.0,19.0,38.9,32.1
2018-05-31 14:30:00,43.0,20.0,39.4,31.0
2018-05-31 15:00:00,43.0,21.0,39.5,31.0
2018-05-31 15:30:00,43.0,21.0,39.5,29.8
2018-05-31 16:00:00,43.0,21.0,39.5,29.8
2018-05-31 16:30:00,43.0,21.0,39.6,30.4
2018-05-31 17:00:00,43.0,21.0,39.5,29.8
2018-05-31 17:30:00,42.0,22.0,39.2,30.9
2018-05-31 18:00:00,42.0,22.0,38.8,30.9
2018-05-31 18:30:00,41.0,23.0,38.6,31.5
2018-05-31 19:00:00,41.0,23.0,38.2,32.0
2018-05-31 19:30:00,40.0,24.3,37.9,33.2
2018-05-31 20:00:00,39.0,25.6,37.6,33.1
2018-05-31 20:30:00,38.0,27.0,37.3,35.4
2018-05-31 21:00:00,38.0,27.0,36.8,38.8
2018-05-31 21:30:00,37.0,30.0,36.5,39.9
2018-05-31 22:00:00,37.0,30.0,36.1,40.4
2018-05-31 22:30:00,36.0,34.0,35.9,40.9
2018-05-31 23:00:00,36.0,34.0,35.7,42.0
2018-05-31 23:30:00,35.0,42.0,35.6,44.2
2018-06-01 00:00:00,35.0,39.0,35.2,44.7
2018-06-01 00:30:00,35.0,41.0,35.2,44.7
2018-06-01 01:00:00,35.0,41.0,35.1,45.3
2018-06-01 01:30:00,35.0,41.0,34.7,45.2
2018-06-01 02:00:00,34.0,44.0,34.2,47.9
2018-06-01 02:30:00,33.0,49.0,33.6,50.5
2018-06-01 03:00:00,34.0,44.0,33.1,53.5
2018-06-01 03:30:00,33.6,46.6,32.9,55.1
2018-06-01 04:00:00,33.3,49.33,32.7,56.1
2018-06-01 04:30:00,33.0,52.0,32.3,59.1
2018-06-01 05:00:00,32.0,59.0,31.8,62.5
2018-06-01 05:30:00,31.0,61.0,31.7,64.4
2018-06-01 06:00:00,31.0,66.0,31.5,63.9
2018-06-01 06:30:00,31.0,62.0,31.6,61.4
2018-06-01 07:00:00,31.0,62.0,31.7,59.5
2018-06-01 07:30:00,31.0,58.0,32.1,58.0
2018-06-01 08:00:00,32.0,57.5,31.7,57.5
2018-06-01 08:30:00,33.0,57.0,32.2,56.5
2018-06-01 09:00:00,33.0,52.0,32.6,55.6
2018-06-01 09:30:00,34.0,49.5,33.2,53.6
2018-06-01 10:00:00,35.0,47.0,33.6,53.1
2018-06-01 10:30:00,35.0,44.0,34.0,51.6
2018-06-01 11:00:00,36.0,41.0,34.7,49.6
2018-06-01 11:30:00,37.0,39.0,35.5,48.6
2018-06-01 12:00:00,38.0,37.0,36.0,46.5
2018-06-01 12:30:00,38.0,37.0,36.8,44.4
2018-06-01 13:00:00,39.0,33.0,37.3,44.4
2018-06-01 13:30:00,39.0,33.0,37.8,42.8
2018-06-01 14:00:00,40.0,31.0,38.2,42.3
2018-06-01 14:30:00,41.0,30.0,38.5,40.1
2018-06-01 15:00:00,41.0,28.0,38.8,40.1
2018-06-01 15:30:00,41.0,28.0,39.1,39.6
2018-06-01 16:00:00,41.0,28.0,39.1,39.0
2018-06-01 16:30:00,41.0,28.0,39.0,39.0
2018-06-01 17:00:00,41.0,26.0,38.7,39.0
2018-06-01 17:30:00,42.0,29.0,38.4,39.5
2018-06-01 18:00:00,40.0,29.0,37.0,41.1
2018-06-01 18:30:00,40.0,29.0,37.0,42.2
2018-06-01 19:00:00,39.0,31.0,36.1,42.6
2018-06-01 19:30:00,39.0,31.0,35.7,43.1
2018-06-01 20:00:00,38.0,33.0,35.1,50.1
2018-06-01 20:30:00,38.0,37.0,34.6,49.0
2018-06-01 21:00:00,30.0,51.0,30.5,55.8
2018-06-01 21:30:00,28.0,58.0,29.5,58.6
2018-06-01 22:00:00,29.0,55.0,30.2,54.7
2018-06-01 22:30:00,29.0,48.0,30.6,46.9
2018-06-01 23:00:00,29.0,48.0,29.5,50.0
2018-06-01 23:30:00,29.0,51.0,28.8,53.0
2018-06-02 00:00:00,28.0,54.0,28.4,54.0
2018-06-02 00:30:00,28.0,54.0,28.9,52.0
2018-06-02 01:00:00,28.0,54.0,28.7,51.9
2018-06-02 01:30:00,28.0,54.0,28.7,53.0
2018-06-02 02:00:00,28.0,54.0,28.9,50.9
2018-06-02 02:30:00,28.0,51.0,29.2,51.0
2018-06-02 03:00:00,28.0,54.0,29.1,50.4
2018-06-02 03:30:00,28.0,54.0,28.8,50.4
2018-06-02 04:00:00,28.0,51.0,29.0,49.9
2018-06-02 04:30:00,28.0,48.0,29.2,50.4
2018-06-02 05:00:00,27.0,51.0,29.7,50.0
2018-06-02 05:30:00,27.0,51.0,28.9,50.9
2018-06-02 06:00:00,27.5,49.5,28.8,50.9
2018-06-02 06:30:00,28.0,48.0,28.7,50.9
2018-06-02 07:00:00,28.0,51.0,28.7,51.4
2018-06-02 07:30:00,29.0,45.0,29.1,50.4
2018-06-02 08:00:00,30.0,43.5,29.8,50.0
2018-06-02 08:30:00,31.0,42.0,30.3,47.4
2018-06-02 09:00:00,32.0,38.0,30.9,45.9
2018-06-02 09:30:00,32.5,37.0,31.4,44.9
2018-06-02 10:00:00,33.0,36.0,31.9,43.8
2018-06-02 10:30:00,34.0,34.0,32.4,43.9
2018-06-02 11:00:00,35.0,32.0,33.2,42.9
2018-06-02 11:30:00,35.0,34.0,33.6,42.9
2018-06-02 12:00:00,35.0,34.0,33.9,43.0
2018-06-02 12:30:00,35.0,34.0,34.3,42.5
2018-06-02 13:00:00,36.0,32.0,34.6,43.0
2018-06-02 13:30:00,36.0,32.0,34.9,44.2
2018-06-02 14:00:00,37.0,32.0,35.0,43.6
2018-06-02 14:30:00,38.0,35.0,35.4,42.6
2018-06-02 15:00:00,37.0,32.0,35.7,42.6
2018-06-02 15:30:00,37.0,32.0,35.9,43.2
2018-06-02 16:00:00,38.0,35.0,35.8,42.6
2018-06-02 16:30:00,37.5,35.0,35.9,42.6
2018-06-02 17:00:00,37.0,35.0,35.6,43.1
2018-06-02 17:30:00,37.0,39.0,35.5,43.7
2018-06-02 18:00:00,37.0,37.0,34.8,44.7
2018-06-02 18:30:00,37.0,37.0,33.7,47.8
2018-06-02 19:00:00,36.0,41.0,33.2,49.4
2018-06-02 19:30:00,35.0,44.0,32.7,53.5
2018-06-02 20:00:00,35.0,47.0,32.5,54.5
2018-06-02 20:30:00,34.0,49.0,32.9,53.5
2018-06-02 21:00:00,34.0,49.0,32.7,51.4
2018-06-02 21:30:00,33.0,52.0,32.4,51.4
2018-06-02 22:00:00,32.0,49.0,32.1,53.4
2018-06-02 22:30:00,32.0,49.0,31.8,54.9
2018-06-02 23:00:00,32.0,49.0,31.4,55.4
2018-06-02 23:30:00,31.0,57.0,31.0,56.3
2018-06-03 00:00:00,30.666666666666668,56.333333333333336,30.8,55.3
2018-06-03 00:30:00,30.333333333333332,55.666666666666664,30.5,54.8
2018-06-03 01:00:00,30.0,55.0,30.6,54.8
2018-06-03 01:30:00,30.0,55.0,30.5,54.2
2018-06-03 02:00:00,29.5,56.0,30.1,55.7
2018-06-03 02:30:00,29.0,57.0,29.7,57.7
2018-06-03 03:00:00,30.0,55.0,29.5,59.2
2018-06-03 03:30:00,29.0,58.0,29.5,59.6
2018-06-03 04:00:00,29.0,59.333333333333336,29.2,61.1
2018-06-03 04:30:00,29.0,60.666666666666664,29.2,61.6
2018-06-03 05:00:00,29.0,62.0,29.3,61.6
2018-06-03 05:30:00,28.0,69.0,29.4,62.1
2018-06-03 06:00:00,28.0,70.0,29.6,63.1
2018-06-03 06:30:00,28.0,66.0,29.4,64.5
2018-06-03 07:00:00,29.0,62.0,29.9,64.6
2018-06-03 07:30:00,30.0,58.0,30.0,64.6
2018-06-03 08:00:00,30.0,66.0,30.1,64.6
2018-06-03 08:30:00,30.0,73.0,30.8,62.3
2018-06-03 09:00:00,31.0,66.0,30.6,62.8
2018-06-03 09:30:00,32.0,59.0,31.5,60.9
2018-06-03 10:00:00,33.0,57.5,32.2,58.5
2018-06-03 10:30:00,34.0,56.0,33.0,56.7
2018-06-03 11:00:00,35.0,53.0,33.8,55.2
2018-06-03 11:30:00,36.0,50.0,34.1,53.7
2018-06-03 12:00:00,37.0,47.0,34.7,50.6
2018-06-03 12:30:00,37.5,45.5,35.2,49.1
2018-06-03 13:00:00,38.0,44.0,35.5,48.6
2018-06-03 13:30:00,38.0,42.0,36.0,46.5
2018-06-03 14:00:00,38.0,42.0,36.5,45.4
2018-06-03 14:30:00,40.0,37.0,36.9,43.9
2018-06-03 15:00:00,40.0,35.0,37.3,43.3
2018-06-03 15:30:00,40.0,35.0,37.3,42.2
2018-06-03 16:00:00,41.0,33.0,37.3,42.2
2018-06-03 16:30:00,41.0,33.0,37.2,42.2
2018-06-03 17:00:00,40.5,34.0,37.0,42.8
2018-06-03 17:30:00,40.0,35.0,36.7,42.7
2018-06-03 18:00:00,40.0,35.0,36.5,43.2
2018-06-03 18:30:00,39.0,35.0,36.1,44.3
2018-06-03 19:00:00,39.0,35.0,35.7,45.4
2018-06-03 19:30:00,38.0,36.0,35.4,45.9
2018-06-03 20:00:00,37.0,37.0,35.0,48.5
2018-06-03 20:30:00,36.0,44.0,34.7,49.5
2018-06-03 21:00:00,36.0,41.0,33.5,52.0
2018-06-03 21:30:00,35.0,44.0,33.0,53.5
2018-06-03 22:00:00,35.0,44.0,33.6,53.6
2018-06-03 22:30:00,35.0,47.0,33.6,54.1
2018-06-03 23:00:00,34.0,49.0,33.4,55.7
2018-06-03 23:30:00,33.5,50.5,33.1,56.1
2018-06-04 00:00:00,33.0,52.0,33.0,56.1
2018-06-04 00:30:00,33.0,52.0,32.8,56.1
2018-06-04 01:00:00,33.0,52.0,32.5,56.6
2018-06-04 01:30:00,32.5,53.5,32.4,57.0
2018-06-04 02:00:00,32.0,55.0,32.2,57.5
2018-06-04 02:30:00,32.0,55.0,31.8,58.5
2018-06-04 03:00:00,32.0,55.0,31.7,59.0
2018-06-04 03:30:00,32.0,55.0,31.7,59.5
2018-06-04 04:00:00,32.0,52.0,31.4,59.4
2018-06-04 04:30:00,32.0,52.0,31.2,59.9
2018-06-04 05:00:00,32.0,52.0,31.1,60.4
2018-06-04 05:30:00,30.0,60.0,31.0,60.4
2018-06-04 06:00:00,32.0,52.0,31.0,60.4
2018-06-04 06:30:00,32.0,52.0,31.1,59.4
2018-06-04 07:00:00,32.5,50.5,31.4,59.4
2018-06-04 07:30:00,33.0,49.0,31.7,58.5
2018-06-04 08:00:00,33.0,52.0,32.1,57.5
2018-06-04 08:30:00,35.0,49.0,32.8,55.1
2018-06-04 09:00:00,35.5,45.0,33.6,53.6
2018-06-04 09:30:00,36.0,41.0,34.4,51.6
2018-06-04 10:00:00,37.0,39.0,35.0,50.7
2018-06-04 10:30:00,37.0,39.0,35.5,49.7
2018-06-04 11:00:00,38.0,37.0,36.0,48.1
2018-06-04 11:30:00,38.0,37.0,36.5,47.1
2018-06-04 12:00:00,40.0,38.0,37.0,45.5
2018-06-04 12:30:00,40.5,35.5,37.5,43.9
2018-06-04 13:00:00,41.0,33.0,38.0,42.3
2018-06-04 13:30:00,41.0,33.0,38.3,41.2
2018-06-04 14:00:00,42.0,32.0,38.3,41.2
2018-06-04 14:30:00,42.0,39.0,38.7,41.2
2018-06-04 15:00:00,42.0,34.5,38.8,40.7
2018-06-04 15:30:00,42.0,30.0,38.8,39.6
2018-06-04 16:00:00,42.0,30.0,38.9,40.7
2018-06-04 16:30:00,42.0,30.0,38.7,41.2
2018-06-04 17:00:00,42.0,30.0,38.5,41.8
2018-06-04 17:30:00,41.0,31.0,38.2,42.9
2018-06-04 18:00:00,41.0,31.0,37.8,43.4
2018-06-04 18:30:00,40.0,33.0,37.4,43.3
2018-06-04 19:00:00,39.0,37.0,36.8,45.5
2018-06-04 19:30:00,38.0,39.0,36.3,48.7
2018-06-04 20:00:00,37.0,44.0,36.0,49.7
2018-06-04 20:30:00,37.0,35.0,35.7,50.2
2018-06-04 21:00:00,36.5,41.0,35.4,50.7
2018-06-04 21:30:00,36.0,47.0,35.2,51.2
2018-06-04 22:00:00,35.0,47.0,35.0,51.2
2018-06-04 22:30:00,35.0,47.0,34.8,51.7
2018-06-04 23:00:00,35.0,47.0,34.7,51.7
2018-06-04 23:30:00,34.0,45.0,34.5,51.6
2018-06-05 00:00:00,35.0,47.0,34.2,52.7
2018-06-05 00:30:00,34.0,49.0,34.0,52.6
2018-06-05 01:00:00,34.0,49.0,33.8,52.6
2018-06-05 01:30:00,34.0,49.0,33.5,53.1
2018-06-05 02:00:00,33.0,52.0,33.2,54.1
2018-06-05 02:30:00,33.0,53.0,33.1,54.6
2018-06-05 03:00:00,33.0,52.0,32.9,55.1
2018-06-05 03:30:00,33.0,52.0,32.8,55.6
2018-06-05 04:00:00,33.0,55.0,32.6,56.1
2018-06-05 04:30:00,33.0,55.0,32.4,56.6
2018-06-05 05:00:00,33.0,55.0,32.2,57.5
2018-06-05 05:30:00,32.0,55.0,32.1,58.0
2018-06-05 06:00:00,32.5,53.5,32.0,58.5
2018-06-05 06:30:00,33.0,52.0,32.1,58.5
2018-06-05 07:00:00,33.5,50.5,32.4,58.1
2018-06-05 07:30:00,34.0,49.0,32.6,57.1
2018-06-05 08:00:00,34.0,49.0,33.0,56.1
2018-06-05 08:30:00,35.0,47.0,33.5,54.1
2018-06-05 09:00:00,35.0,47.0,34.2,52.7
2018-06-05 09:30:00,36.0,44.0,34.6,51.7
2018-06-05 10:00:00,37.0,42.0,35.2,50.7
2018-06-05 10:30:00,38.0,39.0,35.6,50.2
2018-06-05 11:00:00,39.0,35.0,36.2,48.7
2018-06-05 11:30:00,40.0,31.0,36.7,47.7
2018-06-05 12:00:00,39.0,37.0,37.2,45.5
2018-06-05 12:30:00,39.0,37.0,37.5,44.5
2018-06-05 13:00:00,40.0,35.0,38.2,42.9
2018-06-05 13:30:00,40.0,35.0,38.3,41.2
2018-06-05 14:00:00,40.0,35.0,38.7,41.3
2018-06-05 14:30:00,42.0,42.0,38.8,40.7
2018-06-05 15:00:00,40.0,33.0,38.8,39.0
2018-06-05 15:30:00,41.0,30.0,39.0,39.0
2018-06-05 16:00:00,41.0,30.0,38.9,39.6
2018-06-05 16:30:00,41.0,30.0,38.8,41.3
2018-06-05 17:00:00,41.0,30.5,38.6,40.7
2018-06-05 17:30:00,41.0,31.0,38.3,40.1
2018-06-05 18:00:00,40.0,31.0,38.0,41.2
2018-06-05 18:30:00,39.0,33.0,37.6,43.3
2018-06-05 19:00:00,39.0,35.0,37.2,44.4
2018-06-05 19:30:00,38.0,37.0,36.7,44.9
2018-06-05 20:00:00,38.0,37.0,36.5,44.9
2018-06-05 20:30:00,37.0,39.0,36.2,46.0
2018-06-05 21:00:00,38.0,39.0,36.0,48.6
2018-06-05 21:30:00,37.0,42.0,35.8,50.7
2018-06-05 22:00:00,37.0,42.0,35.5,51.8
2018-06-05 22:30:00,37.0,47.0,35.2,52.3
2018-06-05 23:00:00,36.0,50.0,35.1,52.8
2018-06-05 23:30:00,35.0,38.0,34.8,53.8
2018-06-06 00:00:00,35.0,53.0,34.6,54.3
2018-06-06 00:30:00,35.0,53.0,34.4,54.8
2018-06-06 01:00:00,35.0,53.0,34.3,55.3
2018-06-06 01:30:00,34.0,56.0,34.1,55.8
2018-06-06 02:00:00,34.0,56.0,33.9,56.8
2018-06-06 02:30:00,34.0,56.0,33.8,56.8
2018-06-06 03:00:00,34.0,56.0,33.8,56.7
2018-06-06 03:30:00,34.0,56.0,34.0,56.8
2018-06-06 04:00:00,33.0,57.5,33.7,57.8
2018-06-06 04:30:00,32.0,59.0,33.4,59.2
2018-06-06 05:00:00,32.0,59.0,33.0,60.7
2018-06-06 05:30:00,32.0,40.0,32.5,59.1
2018-06-06 06:00:00,30.0,62.0,31.4,61.4
2018-06-06 06:30:00,29.0,70.0,31.0,61.9
2018-06-06 07:00:00,29.0,70.0,31.3,61.4
2018-06-06 07:30:00,30.0,64.0,31.8,60.5
2018-06-06 08:00:00,31.0,58.0,32.1,58.5
2018-06-06 08:30:00,32.0,55.0,33.0,57.6
2018-06-06 09:00:00,32.0,55.0,33.2,54.6
2018-06-06 09:30:00,33.0,49.0,33.4,51.0
2018-06-06 10:00:00,33.0,46.0,33.7,52.1
2018-06-06 10:30:00,33.0,46.0,34.2,51.1
2018-06-06 11:00:00,34.0,46.0,35.0,50.1
2018-06-06 11:30:00,36.0,44.0,34.8,51.7
2018-06-06 12:00:00,35.0,44.0,34.7,52.7
2018-06-06 12:30:00,35.0,44.0,34.4,54.2
2018-06-06 13:00:00,35.0,47.0,35.2,53.8
2018-06-06 13:30:00,35.0,47.0,35.3,52.8
2018-06-06 14:00:00,36.0,50.0,35.5,52.3
2018-06-06 14:30:00,38.0,42.0,35.5,51.8
2018-06-06 15:00:00,37.0,47.0,35.4,52.3
2018-06-06 15:30:00,37.0,50.0,35.8,52.9
2018-06-06 16:00:00,37.0,50.0,35.8,53.9
2018-06-06 16:30:00,37.0,50.0,35.8,53.9
2018-06-06 17:00:00,36.0,50.0,35.6,54.4
2018-06-06 17:30:00,36.0,47.0,35.4,54.4
2018-06-06 18:00:00,36.0,50.0,35.3,54.4
2018-06-06 18:30:00,35.0,53.0,35.1,54.9
2018-06-06 19:00:00,35.0,53.0,34.7,55.3
2018-06-06 19:30:00,35.0,56.0,34.4,56.3
2018-06-06 20:00:00,34.0,58.0,34.2,57.8
2018-06-06 20:30:00,33.0,60.0,34.0,58.3
2018-06-06 21:00:00,33.0,61.5,33.6,59.8
2018-06-06 21:30:00,33.0,63.0,33.4,60.2
2018-06-06 22:00:00,32.5,64.5,33.2,60.7
2018-06-06 22:30:00,32.0,66.0,33.3,61.2
2018-06-06 23:00:00,32.0,66.0,33.2,61.7
2018-06-06 23:30:00,32.0,68.0,33.0,62.2
2018-06-07 00:00:00,32.0,66.0,33.0,62.2
2018-06-07 00:30:00,32.0,66.0,32.9,62.1
2018-06-07 01:00:00,31.666666666666668,67.33333333333333,32.4,63.6
2018-06-07 01:30:00,31.333333333333332,68.66666666666667,32.0,63.5
2018-06-07 02:00:00,31.0,70.0,31.8,63.9
2018-06-07 02:30:00,31.0,72.0,31.6,64.9
2018-06-07 03:00:00,31.0,70.0,31.3,65.3
2018-06-07 03:30:00,31.0,70.0,31.2,65.3
2018-06-07 04:00:00,31.0,68.0,31.1,65.8
2018-06-07 04:30:00,31.0,66.0,31.2,65.8
2018-06-07 05:00:00,30.5,67.0,31.4,65.3
2018-06-07 05:30:00,30.0,68.0,31.2,66.3
2018-06-07 06:00:00,30.0,66.0,31.5,65.8
2018-06-07 06:30:00,31.0,62.0,31.4,65.8
2018-06-07 07:00:00,31.0,62.0,31.6,65.4
2018-06-07 07:30:00,32.0,58.666666666666664,31.7,61.5
2018-06-07 08:00:00,33.0,55.333333333333336,32.3,56.5
2018-06-07 08:30:00,34.0,52.0,33.0,54.1
2018-06-07 09:00:00,35.0,48.0,33.7,53.6
2018-06-07 09:30:00,36.0,44.0,34.2,52.7
2018-06-07 10:00:00,37.0,44.0,34.8,50.1
2018-06-07 10:30:00,37.0,44.0,35.6,49.1
2018-06-07 11:00:00,38.5,41.0,36.1,48.1
2018-06-07 11:30:00,40.0,38.0,36.5,47.6
2018-06-07 12:00:00,39.0,40.0,37.0,46.6
2018-06-07 12:30:00,39.5,39.0,37.3,46.1
2018-06-07 13:00:00,40.0,38.0,37.5,45.0
2018-06-07 13:30:00,40.0,38.0,37.9,43.4
2018-06-07 14:00:00,40.0,35.0,38.1,42.9
2018-06-07 14:30:00,40.0,36.0,38.7,41.3
2018-06-07 15:00:00,41.0,36.0,38.7,39.6
2018-06-07 15:30:00,42.0,34.0,38.9,41.3
2018-06-07 16:00:00,42.0,34.0,39.0,40.7
2018-06-07 16:30:00,42.0,34.0,38.8,39.0
2018-06-07 17:00:00,42.0,34.0,38.6,38.4
2018-06-07 17:30:00,41.0,34.0,38.4,39.0
2018-06-07 18:00:00,41.0,36.0,38.0,39.5
2018-06-07 18:30:00,41.0,36.0,37.7,41.1
2018-06-07 19:00:00,40.0,40.0,37.5,42.2
2018-06-07 19:30:00,40.0,40.0,37.0,43.8
2018-06-07 20:00:00,38.0,35.0,36.6,45.5
2018-06-07 20:30:00,37.0,41.0,36.4,46.5
2018-06-07 21:00:00,37.0,39.0,36.2,48.7
2018-06-07 21:30:00,36.5,43.0,36.0,51.8
2018-06-07 22:00:00,36.0,47.0,35.5,54.4
2018-06-07 22:30:00,36.0,50.0,35.3,54.9
2018-06-07 23:00:00,36.0,50.0,35.2,55.9
2018-06-07 23:30:00,35.0,58.0,34.9,55.9
2018-06-08 00:00:00,35.0,53.0,34.7,55.8
2018-06-08 00:30:00,35.0,53.0,34.6,56.3
2018-06-08 01:00:00,34.5,54.5,34.3,56.8
2018-06-08 01:30:00,34.0,56.0,34.0,57.8
2018-06-08 02:00:00,34.0,56.0,33.8,58.8
2018-06-08 02:30:00,34.0,56.0,33.6,59.8
2018-06-08 03:00:00,34.0,54.0,33.5,59.8
2018-06-08 03:30:00,34.0,52.0,33.4,59.7
2018-06-08 04:00:00,34.0,52.0,33.4,59.7
2018-06-08 04:30:00,33.666666666666664,55.0,33.2,60.7
2018-06-08 05:00:00,33.333333333333336,58.0,33.0,60.7
2018-06-08 05:30:00,33.0,61.0,32.9,62.1
2018-06-08 06:00:00,34.0,56.0,32.9,62.2
2018-06-08 06:30:00,34.0,52.0,32.9,62.6
2018-06-08 07:00:00,34.0,52.0,33.0,62.2
2018-06-08 07:30:00,35.0,49.0,33.5,60.8
2018-06-08 08:00:00,36.0,50.0,33.9,59.3
2018-06-08 08:30:00,36.0,43.0,34.4,58.9
2018-06-08 09:00:00,37.0,44.0,34.7,56.9
2018-06-08 09:30:00,38.0,44.0,35.2,53.8
2018-06-08 10:00:00,38.0,42.0,35.9,51.8
2018-06-08 10:30:00,38.0,42.0,36.3,50.3
2018-06-08 11:00:00,38.0,42.0,36.7,48.7
2018-06-08 11:30:00,40.0,36.0,37.4,47.2
2018-06-08 12:00:00,39.0,37.0,37.3,50.4
2018-06-08 12:30:00,40.0,35.0,37.6,51.0
2018-06-08 13:00:00,41.0,36.0,37.6,49.9
2018-06-08 13:30:00,41.0,36.0,37.7,48.8
2018-06-08 14:00:00,41.0,36.0,37.8,51.0
2018-06-08 14:30:00,40.0,34.0,37.4,53.1
2018-06-08 15:00:00,39.5,39.5,37.4,51.5
2018-06-08 15:30:00,39.0,45.0,37.6,50.4
2018-06-08 16:00:00,39.0,45.0,37.4,49.4
2018-06-08 16:30:00,38.0,47.0,37.5,51.0
2018-06-08 17:00:00,38.0,47.0,36.7,51.9
2018-06-08 17:30:00,37.0,46.0,36.3,52.9
2018-06-08 18:00:00,37.0,47.0,35.3,55.9
2018-06-08 18:30:00,37.0,47.0,34.7,57.9
2018-06-08 19:00:00,37.0,47.0,34.5,57.9
2018-06-08 19:30:00,36.0,50.0,34.7,58.4
2018-06-08 20:00:00,36.0,56.0,34.2,59.3
2018-06-08 20:30:00,36.0,55.0,33.8,60.3
2018-06-08 21:00:00,36.0,56.0,33.5,60.7
2018-06-08 21:30:00,36.0,56.0,33.9,59.3
2018-06-08 22:00:00,36.0,56.0,34.0,57.8
2018-06-08 22:30:00,34.0,56.0,33.8,58.3
2018-06-08 23:00:00,34.0,56.0,33.8,58.3
2018-06-08 23:30:00,34.0,56.0,33.4,58.7
2018-06-09 00:00:00,34.0,56.0,33.1,59.7
2018-06-09 00:30:00,33.0,59.0,32.9,61.2
2018-06-09 01:00:00,33.0,59.0,32.6,62.1
2018-06-09 01:30:00,33.0,59.0,32.4,63.1
2018-06-09 02:00:00,32.0,62.0,32.2,64.0
2018-06-09 02:30:00,32.0,63.0,31.8,65.4
2018-06-09 03:00:00,32.0,62.5,31.6,66.8
2018-06-09 03:30:00,32.0,62.0,31.4,67.7
2018-06-09 04:00:00,31.666666666666668,64.66666666666667,31.2,68.2
2018-06-09 04:30:00,31.333333333333332,67.33333333333333,31.0,69.1
2018-06-09 05:00:00,31.0,70.0,30.9,69.5
2018-06-09 05:30:00,31.0,76.0,30.9,70.5
2018-06-09 06:00:00,31.0,75.0,31.1,70.5
2018-06-09 06:30:00,31.0,75.0,31.3,70.5
2018-06-09 07:00:00,31.5,72.5,31.0,71.4
2018-06-09 07:30:00,32.0,70.0,31.3,70.5
2018-06-09 08:00:00,32.5,68.5,31.3,71.0
2018-06-09 08:30:00,33.0,67.0,31.9,69.7
2018-06-09 09:00:00,34.0,63.0,32.4,67.4
2018-06-09 09:30:00,34.5,60.5,33.0,65.6
2018-06-09 10:00:00,35.0,58.0,33.6,63.8
2018-06-09 10:30:00,35.5,55.5,34.1,61.9
2018-06-09 11:00:00,36.0,53.0,34.8,59.5
2018-06-09 11:30:00,38.0,35.0,35.5,57.0
2018-06-09 12:00:00,37.0,50.0,36.0,54.5
2018-06-09 12:30:00,37.5,47.0,36.5,51.9
2018-06-09 13:00:00,38.0,44.0,36.2,52.9
2018-06-09 13:30:00,38.0,44.0,36.9,53.5
2018-06-09 14:00:00,39.0,42.0,37.1,53.0
2018-06-09 14:30:00,39.0,42.0,37.0,53.0
2018-06-09 15:00:00,39.0,42.0,37.2,53.1
2018-06-09 15:30:00,38.0,47.0,36.4,55.0
2018-06-09 16:00:00,37.0,50.0,36.2,55.5
2018-06-09 16:30:00,36.0,53.0,35.6,56.5
2018-06-09 17:00:00,34.0,59.0,35.2,58.5
2018-06-09 17:30:00,24.0,90.0,32.3,56.6
2018-06-09 18:00:00,25.0,94.0,28.6,70.5
2018-06-09 18:30:00,25.0,94.0,29.3,67.8
2018-06-09 19:00:00,25.5,91.5,30.0,67.0
2018-06-09 19:30:00,26.0,89.0,30.4,66.6
2018-06-09 20:00:00,27.0,89.0,29.7,67.0
2018-06-09 20:30:00,26.0,97.0,29.9,68.4
2018-06-09 21:00:00,28.0,84.0,30.0,67.5
2018-06-09 21:30:00,27.0,89.0,30.4,68.5
2018-06-09 22:00:00,27.0,84.0,29.9,72.1
2018-06-09 22:30:00,27.5,81.5,29.7,72.5
2018-06-09 23:00:00,28.0,79.0,30.1,70.8
2018-06-09 23:30:00,27.0,89.0,30.2,69.9
2018-06-10 00:00:00,28.0,79.0,30.4,67.6
2018-06-10 00:30:00,28.0,79.0,30.5,67.6
2018-06-10 01:00:00,28.0,79.0,30.1,70.3
2018-06-10 01:30:00,28.0,79.0,29.9,72.1
2018-06-10 02:00:00,27.0,84.0,29.6,72.1
2018-06-10 02:30:00,26.0,91.0,29.8,71.2
2018-06-10 03:00:00,27.0,84.0,29.7,68.9
2018-06-10 03:30:00,27.0,84.0,29.7,67.4
2018-06-10 04:00:00,27.0,79.0,30.0,66.5
2018-06-10 04:30:00,27.0,84.0,30.0,65.1
2018-06-10 05:00:00,28.0,79.0,29.9,66.0
2018-06-10 05:30:00,27.0,82.0,30.3,65.1
2018-06-10 06:00:00,28.0,70.0,30.4,65.6
2018-06-10 06:30:00,28.5,70.0,30.5,67.1
2018-06-10 07:00:00,29.0,70.0,30.4,65.6
2018-06-10 07:30:00,29.0,70.0,30.6,65.2
2018-06-10 08:00:00,29.0,74.0,31.1,64.8
2018-06-10 08:30:00,30.0,67.0,31.7,61.5
2018-06-10 09:00:00,31.0,66.0,32.1,60.5
2018-06-10 09:30:00,32.0,62.0,32.7,59.1
2018-06-10 10:00:00,33.0,59.0,33.0,57.2
2018-06-10 10:30:00,33.0,55.0,33.4,56.7
2018-06-10 11:00:00,34.0,52.0,34.1,55.8
2018-06-10 11:30:00,35.0,45.0,34.5,53.8
2018-06-10 12:00:00,36.0,47.0,34.5,54.8
2018-06-10 12:30:00,37.0,44.0,34.7,51.2
2018-06-10 13:00:00,37.0,44.0,35.7,48.6
2018-06-10 13:30:00,37.0,44.0,36.0,46.5
2018-06-10 14:00:00,37.0,44.0,36.4,46.5
2018-06-10 14:30:00,37.0,38.0,36.5,45.5
2018-06-10 15:00:00,38.0,42.0,36.8,43.8
2018-06-10 15:30:00,38.0,42.0,37.0,44.4
2018-06-10 16:00:00,38.0,42.0,37.0,43.3
2018-06-10 16:30:00,38.0,44.0,37.2,43.3
2018-06-10 17:00:00,38.0,44.0,36.8,45.5
2018-06-10 17:30:00,37.0,35.0,36.4,47.6
2018-06-10 18:00:00,36.0,42.0,36.0,49.2
2018-06-10 18:30:00,35.0,49.0,35.7,50.7
2018-06-10 19:00:00,34.75,52.0,35.1,51.2
2018-06-10 19:30:00,34.5,55.0,34.7,52.2
2018-06-10 20:00:00,34.25,58.0,34.5,52.7
2018-06-10 20:30:00,34.0,61.0,34.4,54.2
2018-06-10 21:00:00,34.0,63.0,34.1,55.8
2018-06-10 21:30:00,33.5,64.5,34.0,56.3
2018-06-10 22:00:00,33.0,66.0,33.9,57.3
2018-06-10 22:30:00,33.0,59.0,33.7,58.3
2018-06-10 23:00:00,33.0,59.0,33.5,58.7
2018-06-10 23:30:00,32.0,62.0,33.2,60.2
2018-06-11 00:00:00,32.0,66.0,33.3,59.7
2018-06-11 00:30:00,32.0,66.0,33.2,60.2
2018-06-11 01:00:00,32.0,66.0,32.9,62.6
2018-06-11 01:30:00,31.0,70.0,32.8,63.1
2018-06-11 02:00:00,31.0,70.0,32.7,63.6
2018-06-11 02:30:00,31.0,78.0,32.8,64.1
2018-06-11 03:00:00,31.0,70.0,32.6,64.1
2018-06-11 03:30:00,31.0,70.0,32.4,64.5
2018-06-11 04:00:00,30.0,74.0,32.3,65.5
2018-06-11 04:30:00,30.0,76.5,31.9,65.9
2018-06-11 05:00:00,30.0,79.0,31.8,66.4
2018-06-11 05:30:00,29.0,87.0,31.6,65.4
2018-06-11 06:00:00,30.0,74.0,31.4,63.4
2018-06-11 06:30:00,30.0,70.0,31.2,61.9
2018-06-11 07:00:00,30.0,66.0,31.4,61.4
2018-06-11 07:30:00,31.0,62.0,31.7,60.5
2018-06-11 08:00:00,32.0,59.0,32.2,59.6
2018-06-11 08:30:00,31.0,64.0,32.9,57.6
2018-06-11 09:00:00,33.0,59.0,33.4,56.2
2018-06-11 09:30:00,34.0,56.0,34.0,54.2
2018-06-11 10:00:00,34.5,54.5,34.5,53.2
2018-06-11 10:30:00,35.0,53.0,35.1,51.7
2018-06-11 11:00:00,36.0,41.5,35.6,50.7
2018-06-11 11:30:00,37.0,30.0,36.1,48.7
2018-06-11 12:00:00,38.0,47.0,36.7,46.6
2018-06-11 12:30:00,39.0,45.0,37.3,45.5
2018-06-11 13:00:00,39.0,40.0,37.5,44.4
2018-06-11 13:30:00,39.0,45.0,37.6,45.6
2018-06-11 14:00:00,40.0,42.0,38.2,42.3
2018-06-11 14:30:00,40.0,38.0,38.2,43.4
2018-06-11 15:00:00,40.0,40.0,38.4,42.3
2018-06-11 15:30:00,40.0,38.0,38.7,41.2
2018-06-11 16:00:00,40.5,37.0,38.8,39.6
2018-06-11 16:30:00,41.0,36.0,39.0,37.3
2018-06-11 17:00:00,40.0,29.0,38.4,32.0
2018-06-11 17:30:00,40.0,25.0,38.0,34.3
2018-06-11 18:00:00,40.0,29.0,37.6,36.6
2018-06-11 18:30:00,39.666666666666664,30.333333333333332,37.4,37.2
2018-06-11 19:00:00,39.333333333333336,31.666666666666668,37.2,37.7
2018-06-11 19:30:00,39.0,33.0,36.7,39.4
2018-06-11 20:00:00,38.0,34.0,36.3,42.1
2018-06-11 20:30:00,37.0,35.0,36.0,43.2
2018-06-11 21:00:00,37.0,37.0,36.0,44.8
2018-06-11 21:30:00,37.0,37.0,36.0,45.4
2018-06-11 22:00:00,36.0,39.0,36.0,45.4
2018-06-11 22:30:00,36.0,44.0,35.8,45.4
2018-06-11 23:00:00,34.0,46.0,35.6,45.9
2018-06-11 23:30:00,34.0,52.0,35.4,45.9
2018-06-12 00:00:00,33.0,52.0,35.2,46.9
2018-06-12 00:30:00,33.0,52.0,34.8,47.4
2018-06-12 01:00:00,33.0,52.0,34.7,48.5
2018-06-12 01:30:00,33.0,52.0,34.4,49.0
2018-06-12 02:00:00,33.0,46.0,34.0,48.4
2018-06-12 02:30:00,33.0,52.0,33.8,47.8
2018-06-12 03:00:00,32.0,52.0,33.8,47.3
2018-06-12 03:30:00,31.0,55.0,33.7,47.3
2018-06-12 04:00:00,31.0,55.0,33.5,47.3
2018-06-12 04:30:00,30.5,56.5,33.4,48.3
2018-06-12 05:00:00,30.0,58.0,33.2,48.8
2018-06-12 05:30:00,31.0,59.0,33.2,48.8
2018-06-12 06:00:00,31.5,55.5,33.3,48.3
2018-06-12 06:30:00,32.0,52.0,33.5,47.8
2018-06-12 07:00:00,33.0,46.0,33.9,47.8
2018-06-12 07:30:00,34.0,46.333333333333336,34.3,48.4
2018-06-12 08:00:00,35.0,46.666666666666664,34.9,48.5
2018-06-12 08:30:00,36.0,47.0,35.4,48.0
2018-06-12 09:00:00,36.0,47.0,35.8,47.5
2018-06-12 09:30:00,37.0,47.0,36.1,47.6
2018-06-12 10:00:00,37.333333333333336,46.0,36.5,46.5
2018-06-12 10:30:00,37.666666666666664,45.0,37.2,45.5
2018-06-12 11:00:00,38.0,44.0,37.6,44.5
2018-06-12 11:30:00,39.0,35.0,37.9,44.5
2018-06-12 12:00:00,40.0,40.0,38.5,43.5
2018-06-12 12:30:00,41.0,36.0,38.8,42.4
2018-06-12 13:00:00,41.0,36.0,39.2,40.7
2018-06-12 13:30:00,41.0,36.0,39.7,39.1
2018-06-12 14:00:00,41.0,36.0,39.9,39.1
2018-06-12 14:30:00,42.0,31.0,39.9,38.0
2018-06-12 15:00:00,41.0,36.0,39.6,40.2
2018-06-12 15:30:00,41.0,36.0,39.3,39.6
2018-06-12 16:00:00,41.0,36.0,39.1,40.7
2018-06-12 16:30:00,41.0,36.0,39.5,38.5
2018-06-12 17:00:00,41.0,35.0,39.4,38.5
2018-06-12 17:30:00,41.0,34.0,39.3,39.0
2018-06-12 18:00:00,41.0,36.0,39.0,40.1
2018-06-12 18:30:00,41.0,36.0,38.8,41.3
2018-06-12 19:00:00,40.0,38.0,38.5,42.3
2018-06-12 19:30:00,40.0,38.0,38.3,42.9
2018-06-12 20:00:00,40.0,38.0,38.3,42.3
2018-06-12 20:30:00,38.0,40.0,38.2,41.7
2018-06-12 21:00:00,38.0,41.0,38.0,41.7
2018-06-12 21:30:00,38.0,42.0,37.9,41.7
2018-06-12 22:00:00,38.0,42.0,37.7,42.8
2018-06-12 22:30:00,38.0,42.0,37.6,43.4
2018-06-12 23:00:00,38.0,42.0,37.5,43.3
2018-06-12 23:30:00,37.0,48.0,37.4,43.3
2018-06-13 00:00:00,38.0,42.0,37.3,43.3
2018-06-13 00:30:00,37.0,44.0,37.2,43.3
2018-06-13 01:00:00,37.0,44.0,36.9,43.8
2018-06-13 01:30:00,37.0,44.0,36.8,43.3
2018-06-13 02:00:00,37.0,44.0,36.8,42.7
2018-06-13 02:30:00,37.0,44.0,36.7,43.3
2018-06-13 03:00:00,37.0,44.0,36.7,42.7
2018-06-13 03:30:00,37.0,42.0,36.6,43.3
2018-06-13 04:00:00,36.0,44.0,36.5,43.2
2018-06-13 04:30:00,36.0,44.0,36.4,43.8
2018-06-13 05:00:00,36.0,42.5,36.1,44.3
2018-06-13 05:30:00,36.0,41.0,35.9,44.3
2018-06-13 06:00:00,35.0,44.0,35.8,45.4
2018-06-13 06:30:00,35.0,44.0,35.7,45.3
2018-06-13 07:00:00,35.0,44.0,35.7,45.3
2018-06-13 07:30:00,36.0,44.0,35.8,45.3
2018-06-13 08:00:00,36.0,44.0,35.9,45.9
2018-06-13 08:30:00,35.0,52.0,36.1,45.9
2018-06-13 09:00:00,37.0,42.0,36.4,45.4
2018-06-13 09:30:00,38.0,39.0,36.6,45.5
2018-06-13 10:00:00,38.0,39.0,36.7,44.9
2018-06-13 10:30:00,38.0,39.0,37.0,44.4
2018-06-13 11:00:00,38.0,39.0,37.8,42.3
2018-06-13 11:30:00,39.0,42.0,38.0,41.2
2018-06-13 12:00:00,39.0,37.0,38.3,40.1
2018-06-13 12:30:00,39.0,37.0,38.8,37.9
2018-06-13 13:00:00,41.0,36.0,39.2,36.8
2018-06-13 13:30:00,41.0,36.0,39.6,36.2
2018-06-13 14:00:00,41.0,30.0,39.9,34.5
2018-06-13 14:30:00,42.0,31.0,39.8,34.5
2018-06-13 15:00:00,41.0,30.0,39.5,34.5
2018-06-13 15:30:00,41.0,30.0,39.7,35.1
2018-06-13 16:00:00,41.0,30.0,40.0,33.4
2018-06-13 16:30:00,41.0,28.0,39.9,33.3
2018-06-13 17:00:00,41.0,26.0,39.8,32.2
2018-06-13 17:30:00,41.0,34.0,39.6,32.1
2018-06-13 18:00:00,41.0,28.0,39.3,32.1
2018-06-13 18:30:00,41.0,28.0,39.1,32.7
2018-06-13 19:00:00,40.0,27.0,38.9,33.3
2018-06-13 19:30:00,40.0,29.0,38.8,33.8
2018-06-13 20:00:00,39.0,29.0,38.6,34.4
2018-06-13 20:30:00,39.0,33.0,38.5,34.4
2018-06-13 21:00:00,38.0,29.0,38.4,34.4
2018-06-13 21:30:00,38.0,29.0,38.4,33.8
2018-06-13 22:00:00,38.0,29.0,38.3,33.2
2018-06-13 22:30:00,38.0,29.0,38.3,32.0
2018-06-13 23:00:00,38.0,29.0,38.3,31.5
2018-06-13 23:30:00,37.0,33.0,38.2,30.9
2018-06-14 00:00:00,38.0,29.0,38.1,30.9
2018-06-14 00:30:00,38.0,29.0,37.9,30.8
2018-06-14 01:00:00,37.5,29.5,37.7,31.4
2018-06-14 01:30:00,37.0,30.0,37.4,34.3
2018-06-14 02:00:00,37.0,30.0,37.1,35.4
2018-06-14 02:30:00,36.0,35.0,36.8,36.0
2018-06-14 03:00:00,37.0,32.0,36.5,36.5
2018-06-14 03:30:00,36.5,33.0,36.2,37.6
2018-06-14 04:00:00,36.0,34.0,35.9,39.3
2018-06-14 04:30:00,35.5,35.0,35.6,40.9
2018-06-14 05:00:00,35.0,36.0,35.3,41.4
2018-06-14 05:30:00,34.0,54.0,35.1,42.0
2018-06-14 06:00:00,35.0,39.0,34.9,42.5
2018-06-14 06:30:00,34.0,41.0,34.7,43.0
2018-06-14 07:00:00,34.0,41.0,34.6,43.0
2018-06-14 07:30:00,34.0,41.0,34.6,43.0
2018-06-14 08:00:00,34.0,41.0,34.5,41.9
2018-06-14 08:30:00,34.0,48.0,34.8,42.5
2018-06-14 09:00:00,34.5,42.0,35.0,42.0
2018-06-14 09:30:00,35.0,36.0,34.8,41.4
2018-06-14 10:00:00,36.0,34.0,35.3,42.0
2018-06-14 10:30:00,36.0,34.0,35.7,39.8
2018-06-14 11:00:00,36.5,35.0,36.0,37.6
2018-06-14 11:30:00,37.0,36.0,36.5,37.1
2018-06-14 12:00:00,38.0,29.0,37.0,36.6
2018-06-14 12:30:00,38.5,29.0,37.8,36.6
2018-06-14 13:00:00,39.0,29.0,38.1,36.6
2018-06-14 13:30:00,39.0,29.0,38.4,35.5
2018-06-14 14:00:00,40.0,36.0,38.3,35.5
2018-06-14 14:30:00,41.0,43.0,38.8,35.6
2018-06-14 15:00:00,41.0,30.0,38.8,35.6
2018-06-14 15:30:00,42.0,30.0,38.8,35.6
2018-06-14 16:00:00,42.0,30.0,39.2,35.6
2018-06-14 16:30:00,42.0,30.0,39.2,34.4
2018-06-14 17:00:00,42.0,28.0,39.2,34.4
2018-06-14 17:30:00,40.0,42.0,39.1,33.9
2018-06-14 18:00:00,41.0,28.0,38.9,33.8
2018-06-14 18:30:00,40.666666666666664,27.666666666666668,38.8,33.2
2018-06-14 19:00:00,40.333333333333336,27.333333333333332,38.5,33.2
2018-06-14 19:30:00,40.0,27.0,38.3,33.8
2018-06-14 20:00:00,39.0,31.0,38.0,34.3
2018-06-14 20:30:00,38.0,33.0,37.8,35.5
2018-06-14 21:00:00,38.0,33.0,37.6,36.0
2018-06-14 21:30:00,38.0,33.0,37.6,36.0
2018-06-14 22:00:00,38.0,33.0,37.6,36.6
2018-06-14 22:30:00,38.0,33.0,37.6,36.0
2018-06-14 23:00:00,38.0,33.0,37.5,36.0
2018-06-14 23:30:00,37.0,46.0,37.4,35.4
2018-06-15 00:00:00,38.0,33.0,37.3,35.4
2018-06-15 00:30:00,37.0,30.0,37.2,35.4
2018-06-15 01:00:00,37.0,30.0,36.9,36.0
2018-06-15 01:30:00,37.0,30.0,36.8,36.5
2018-06-15 02:00:00,36.0,32.0,36.5,37.1
2018-06-15 02:30:00,36.0,48.0,36.2,38.2
2018-06-15 03:00:00,36.0,34.0,36.0,38.7
2018-06-15 03:30:00,36.0,34.0,36.0,38.7
2018-06-15 04:00:00,35.0,39.0,35.7,39.3
2018-06-15 04:30:00,35.0,39.0,35.5,39.8
2018-06-15 05:00:00,35.0,39.0,35.3,39.8
2018-06-15 05:30:00,35.0,39.0,35.0,40.9
2018-06-15 06:00:00,34.5,37.5,34.9,39.7
2018-06-15 06:30:00,34.0,36.0,34.7,39.7
2018-06-15 07:00:00,34.0,36.0,34.5,40.8
2018-06-15 07:30:00,34.0,38.0,34.5,39.7
2018-06-15 08:00:00,35.0,36.0,34.5,39.7
2018-06-15 08:30:00,34.0,55.0,34.7,37.5
2018-06-15 09:00:00,35.0,34.0,34.8,37.5
2018-06-15 09:30:00,36.0,32.0,35.3,37.5
2018-06-15 10:00:00,36.0,32.0,35.6,37.5
2018-06-15 10:30:00,36.666666666666664,30.666666666666668,35.8,37.6
2018-06-15 11:00:00,37.333333333333336,29.333333333333332,36.0,38.7
2018-06-15 11:30:00,38.0,28.0,36.6,37.1
2018-06-15 12:00:00,38.0,33.0,36.9,35.4
2018-06-15 12:30:00,38.0,33.0,37.4,35.4
2018-06-15 13:00:00,38.0,33.0,38.1,34.3
2018-06-15 13:30:00,38.0,31.0,38.0,33.2
2018-06-15 14:00:00,39.0,29.0,38.1,32.6
2018-06-15 14:30:00,40.0,32.0,38.2,33.2
2018-06-15 15:00:00,40.0,29.0,38.4,32.0
2018-06-15 15:30:00,40.0,29.0,38.7,31.5
2018-06-15 16:00:00,40.0,29.0,39.3,30.4
2018-06-15 16:30:00,40.0,27.0,39.4,31.0
2018-06-15 17:00:00,40.0,27.0,39.3,32.1
2018-06-15 17:30:00,40.0,34.0,39.0,31.5
2018-06-15 18:00:00,40.0,27.0,38.7,32.1
2018-06-15 18:30:00,39.0,31.0,38.4,33.2
2018-06-15 19:00:00,39.0,31.0,38.1,34.3
2018-06-15 19:30:00,39.0,31.0,37.9,35.5
2018-06-15 20:00:00,38.0,33.0,37.7,35.5
2018-06-15 20:30:00,37.0,39.0,37.5,35.4
2018-06-15 21:00:00,37.0,37.666666666666664,36.6,42.1
2018-06-15 21:30:00,37.0,36.333333333333336,36.2,44.3
2018-06-15 22:00:00,37.0,35.0,36.0,45.4
2018-06-15 22:30:00,36.333333333333336,40.666666666666664,35.7,45.3
2018-06-15 23:00:00,35.666666666666664,46.333333333333336,35.2,45.8
2018-06-15 23:30:00,35.0,52.0,34.7,47.4
2018-06-16 00:00:00,35.0,47.0,34.4,48.4
2018-06-16 00:30:00,35.0,47.0,34.0,48.9
2018-06-16 01:00:00,34.5,48.0,34.1,48.4
2018-06-16 01:30:00,34.0,49.0,33.8,48.9
2018-06-16 02:00:00,34.0,49.0,33.6,52.1
2018-06-16 02:30:00,34.0,58.0,33.4,53.6
2018-06-16 03:00:00,33.0,52.0,33.3,54.6
2018-06-16 03:30:00,33.0,52.0,32.9,57.1
2018-06-16 04:00:00,33.0,52.0,32.8,58.1
2018-06-16 04:30:00,33.0,49.0,33.0,58.1
2018-06-16 05:00:00,33.0,51.0,33.6,55.2
2018-06-16 05:30:00,33.0,53.0,33.7,48.9
2018-06-16 06:00:00,34.0,41.0,33.9,45.1
2018-06-16 06:30:00,34.0,41.0,34.1,45.2
2018-06-16 07:00:00,34.0,41.0,34.2,44.6
2018-06-16 07:30:00,34.0,41.0,34.3,45.2
2018-06-16 08:00:00,34.0,41.0,34.2,45.2
2018-06-16 08:30:00,35.0,47.0,34.4,45.2
2018-06-16 09:00:00,35.0,39.0,34.7,45.2
2018-06-16 09:30:00,36.0,37.0,35.3,44.8
2018-06-16 10:00:00,36.0,37.0,35.7,44.3
2018-06-16 10:30:00,37.0,35.0,36.0,42.1
2018-06-16 11:00:00,37.0,35.0,36.6,40.5
2018-06-16 11:30:00,38.0,40.0,36.7,39.9
2018-06-16 12:00:00,38.0,37.0,37.4,40.0
2018-06-16 12:30:00,39.0,35.0,37.9,38.9
2018-06-16 13:00:00,39.0,35.0,37.8,38.9
2018-06-16 13:30:00,39.0,35.0,38.1,37.8
2018-06-16 14:00:00,39.0,35.0,38.5,36.7
2018-06-16 14:30:00,40.0,37.0,38.7,35.6
2018-06-16 15:00:00,40.0,31.0,38.9,34.4
2018-06-16 15:30:00,39.5,31.0,38.8,35.0
2018-06-16 16:00:00,39.0,31.0,39.0,35.6
2018-06-16 16:30:00,39.0,31.0,39.0,34.4
2018-06-16 17:00:00,39.0,29.0,38.8,35.6
2018-06-16 17:30:00,40.0,39.0,37.7,44.5
2018-06-16 18:00:00,39.666666666666664,35.666666666666664,37.4,45.5
2018-06-16 18:30:00,39.333333333333336,32.333333333333336,36.8,47.7
2018-06-16 19:00:00,39.0,29.0,36.4,47.6
2018-06-16 19:30:00,37.0,42.0,36.0,48.1
2018-06-16 20:00:00,36.0,45.5,35.6,48.6
2018-06-16 20:30:00,35.0,49.0,35.3,48.5
2018-06-16 21:00:00,35.0,49.0,35.2,49.6
2018-06-16 21:30:00,35.0,49.0,34.9,50.6
2018-06-16 22:00:00,35.0,49.0,34.7,51.7
2018-06-16 22:30:00,34.0,52.0,34.6,52.2
2018-06-16 23:00:00,34.0,52.0,34.5,52.2
2018-06-16 23:30:00,33.0,59.0,34.0,53.2
2018-06-17 00:00:00,33.0,55.5,33.6,55.2
2018-06-17 00:30:00,33.0,52.0,33.3,55.7
2018-06-17 01:00:00,33.0,52.0,33.3,55.6
2018-06-17 01:30:00,33.0,52.0,33.2,55.1
2018-06-17 02:00:00,33.0,52.0,33.1,54.6
2018-06-17 02:30:00,33.0,61.0,32.9,56.1
2018-06-17 03:00:00,33.0,52.0,33.1,55.6
2018-06-17 03:30:00,33.0,52.0,33.1,55.6
2018-06-17 04:00:00,33.0,55.0,33.3,54.1
2018-06-17 04:30:00,33.0,52.0,33.2,55.6
2018-06-17 05:00:00,30.0,62.0,32.2,55.5
2018-06-17 05:30:00,29.0,66.0,31.1,57.9
2018-06-17 06:00:00,29.0,70.0,30.6,59.3
2018-06-17 06:30:00,28.0,66.0,30.4,60.3
2018-06-17 07:00:00,29.0,62.0,30.9,58.4
2018-06-17 07:30:00,31.0,58.0,31.3,57.4
2018-06-17 08:00:00,31.0,58.0,32.4,55.5
2018-06-17 08:30:00,32.0,60.0,33.0,54.6
2018-06-17 09:00:00,32.0,55.0,32.9,54.6
2018-06-17 09:30:00,32.0,55.0,32.9,54.6
2018-06-17 10:00:00,31.0,58.0,32.5,56.6
2018-06-17 10:30:00,31.0,58.0,32.5,56.0
2018-06-17 11:00:00,31.0,58.0,33.0,55.1
2018-06-17 11:30:00,32.0,55.0,33.2,53.6
2018-06-17 12:00:00,32.0,55.0,33.5,53.1
2018-06-17 12:30:00,33.0,52.0,34.5,51.6
2018-06-17 13:00:00,33.0,52.0,34.3,51.6
2018-06-17 13:30:00,33.0,52.0,34.7,50.6
2018-06-17 14:00:00,33.0,49.0,34.9,50.1
2018-06-17 14:30:00,36.0,51.0,35.2,48.5
2018-06-17 15:00:00,34.0,44.0,35.8,46.5
2018-06-17 15:30:00,36.0,39.0,36.0,45.9
2018-06-17 16:00:00,37.0,37.0,35.9,46.5
2018-06-17 16:30:00,37.0,37.0,36.2,45.4
2018-06-17 17:00:00,36.5,41.5,36.0,43.7
2018-06-17 17:30:00,36.0,46.0,36.0,43.2
2018-06-17 18:00:00,36.0,39.0,35.7,44.8
2018-06-17 18:30:00,36.0,39.0,35.2,46.4
2018-06-17 19:00:00,34.5,45.5,34.7,49.5
2018-06-17 19:30:00,33.0,52.0,33.3,55.6
2018-06-17 20:00:00,32.0,55.0,32.7,58.1
2018-06-17 20:30:00,32.0,54.0,32.7,58.6
2018-06-17 21:00:00,31.0,62.0,32.6,58.6
2018-06-17 21:30:00,31.0,62.0,32.2,59.6
2018-06-17 22:00:00,31.0,62.0,32.1,58.0
2018-06-17 22:30:00,31.0,66.0,32.1,58.0
2018-06-17 23:00:00,31.0,58.0,31.9,54.9
2018-06-17 23:30:00,30.0,59.0,31.9,53.4
2018-06-18 00:00:00,30.0,70.0,32.2,53.4
2018-06-18 00:30:00,30.0,70.0,32.3,52.4
2018-06-18 01:00:00,30.0,70.0,32.2,51.3
2018-06-18 01:30:00,30.0,70.0,32.2,50.8
2018-06-18 02:00:00,30.0,70.0,32.2,50.8
2018-06-18 02:30:00,29.0,61.0,32.4,50.3
2018-06-18 03:00:00,30.0,70.0,32.3,49.2
2018-06-18 03:30:00,30.0,55.0,32.3,49.8
2018-06-18 04:00:00,30.0,51.0,32.2,48.2
2018-06-18 04:30:00,30.0,51.0,32.3,49.3
2018-06-18 05:00:00,30.0,48.0,32.1,49.2
2018-06-18 05:30:00,29.0,56.0,31.7,51.8
2018-06-18 06:00:00,30.0,55.0,31.8,51.3
2018-06-18 06:30:00,30.0,55.0,31.9,52.3
2018-06-18 07:00:00,31.0,52.0,32.5,51.9
2018-06-18 07:30:00,31.0,55.0,32.6,51.4
2018-06-18 08:00:00,31.0,58.0,32.7,50.9
2018-06-18 08:30:00,31.0,58.0,32.2,55.5
2018-06-18 09:00:00,32.0,55.0,33.0,53.6
2018-06-18 09:30:00,32.0,52.0,33.6,53.1
2018-06-18 10:00:00,33.0,49.0,33.6,53.6
2018-06-18 10:30:00,33.0,43.0,33.8,52.6
2018-06-18 11:00:00,33.0,46.0,34.3,48.4
2018-06-18 11:30:00,34.0,54.0,34.8,46.3
2018-06-18 12:00:00,35.0,39.0,35.1,45.3
2018-06-18 12:30:00,36.0,37.0,35.5,43.1
2018-06-18 13:00:00,36.0,39.0,35.8,41.5
2018-06-18 13:30:00,36.0,37.0,36.3,39.9
2018-06-18 14:00:00,36.0,39.0,36.1,41.0
2018-06-18 14:30:00,37.0,49.0,36.1,41.0
2018-06-18 15:00:00,37.0,35.0,36.6,43.2
2018-06-18 15:30:00,37.0,35.0,36.5,42.1
2018-06-18 16:00:00,37.0,35.0,36.2,42.1
2018-06-18 16:30:00,37.0,35.0,36.4,39.3
2018-06-18 17:00:00,37.0,37.0,36.5,38.8
2018-06-18 17:30:00,35.0,55.0,36.1,41.5
2018-06-18 18:00:00,35.0,44.0,35.3,47.5
2018-06-18 18:30:00,34.0,46.5,34.9,48.5
2018-06-18 19:00:00,33.0,49.0,34.2,51.1
2018-06-18 19:30:00,32.5,50.5,33.8,51.0
2018-06-18 20:00:00,32.0,52.0,33.6,49.9
2018-06-18 20:30:00,32.0,60.0,33.4,48.3
2018-06-18 21:00:00,32.0,49.0,33.1,48.3
2018-06-18 21:30:00,32.0,49.0,33.0,47.2
2018-06-18 22:00:00,32.0,46.0,32.9,47.2
2018-06-18 22:30:00,31.5,49.0,32.7,47.2
2018-06-18 23:00:00,31.0,52.0,32.6,47.2
2018-06-18 23:30:00,30.0,61.0,32.4,48.2
2018-06-19 00:00:00,31.0,52.0,32.2,49.2
2018-06-19 00:30:00,30.0,55.0,31.9,51.3
2018-06-19 01:00:00,30.0,55.0,31.7,53.4
2018-06-19 01:30:00,29.0,58.0,31.4,53.3
2018-06-19 02:00:00,29.0,58.0,30.9,56.3
2018-06-19 02:30:00,30.0,64.0,30.9,56.3
2018-06-19 03:00:00,29.5,61.0,30.9,56.8
2018-06-19 03:30:00,29.0,58.0,30.7,56.3
2018-06-19 04:00:00,28.0,62.0,30.5,58.8
2018-06-19 04:30:00,27.0,70.0,30.8,57.8
2018-06-19 05:00:00,26.0,74.0,31.2,57.4
2018-06-19 05:30:00,26.0,74.0,30.8,57.8
2018-06-19 06:00:00,26.5,72.0,30.6,59.3
2018-06-19 06:30:00,27.0,70.0,30.9,59.3
2018-06-19 07:00:00,27.5,68.0,31.1,59.4
2018-06-19 07:30:00,28.0,66.0,31.4,60.4
2018-06-19 08:00:00,29.0,62.0,31.8,59.5
2018-06-19 08:30:00,30.0,72.0,32.2,58.5
2018-06-19 09:00:00,31.0,55.0,32.8,57.1
2018-06-19 09:30:00,32.0,52.0,33.4,54.1
2018-06-19 10:00:00,32.0,52.0,33.7,51.0
2018-06-19 10:30:00,32.0,52.0,34.3,47.4
2018-06-19 11:00:00,34.0,46.0,34.9,44.2
2018-06-19 11:30:00,36.0,36.0,35.5,42.0
2018-06-19 12:00:00,36.0,37.5,36.0,42.1
2018-06-19 12:30:00,36.0,39.0,36.4,40.5
2018-06-19 13:00:00,37.0,37.0,37.0,38.3
2018-06-19 13:30:00,40.0,31.0,37.6,36.0
2018-06-19 14:00:00,40.0,33.0,37.8,34.3
2018-06-19 14:30:00,40.0,36.0,38.3,33.2
2018-06-19 15:00:00,40.0,27.0,38.3,34.4
2018-06-19 15:30:00,40.0,27.0,38.4,32.6
2018-06-19 16:00:00,40.0,29.0,38.5,33.2
2018-06-19 16:30:00,40.0,29.0,38.4,34.4
2018-06-19 17:00:00,40.0,27.0,38.2,35.5
2018-06-19 17:30:00,40.0,27.0,37.8,35.5
2018-06-19 18:00:00,40.0,27.0,37.5,36.6
2018-06-19 18:30:00,40.0,27.0,36.9,37.7
2018-06-19 19:00:00,38.0,29.0,36.3,38.8
2018-06-19 19:30:00,37.0,30.0,35.9,38.7
2018-06-19 20:00:00,36.0,34.0,35.4,39.8
2018-06-19 20:30:00,36.0,34.0,35.2,40.9
2018-06-19 21:00:00,35.666666666666664,36.333333333333336,34.9,43.6
2018-06-19 21:30:00,35.333333333333336,38.666666666666664,34.8,44.7
2018-06-19 22:00:00,35.0,41.0,34.7,45.8
2018-06-19 22:30:00,34.0,41.0,34.4,46.8
2018-06-19 23:00:00,34.0,41.0,34.4,47.4
2018-06-19 23:30:00,33.0,60.0,34.3,47.3
2018-06-20 00:00:00,33.5,52.0,34.2,47.3
2018-06-20 00:30:00,34.0,44.0,34.2,48.4
2018-06-20 01:00:00,33.666666666666664,45.666666666666664,34.1,48.4
2018-06-20 01:30:00,33.333333333333336,47.333333333333336,34.0,49.5
2018-06-20 02:00:00,33.0,49.0,33.9,50.0
2018-06-20 02:30:00,32.0,61.0,33.9,49.4
2018-06-20 03:00:00,32.0,52.0,33.7,49.4
2018-06-20 03:30:00,32.0,49.0,33.5,49.4
2018-06-20 04:00:00,32.0,49.0,33.4,49.9
2018-06-20 04:30:00,32.0,49.0,33.5,49.9
2018-06-20 05:00:00,32.0,49.0,33.5,50.4
2018-06-20 05:30:00,31.0,63.0,33.4,51.0
2018-06-20 06:00:00,31.0,57.5,33.3,51.0
2018-06-20 06:30:00,31.0,52.0,33.0,51.4
2018-06-20 07:00:00,31.0,52.0,32.7,50.3
2018-06-20 07:30:00,32.0,49.0,33.2,49.9
2018-06-20 08:00:00,33.0,46.0,33.9,49.5
2018-06-20 08:30:00,35.0,51.0,34.6,48.5
2018-06-20 09:00:00,35.0,39.0,35.2,47.5
2018-06-20 09:30:00,36.0,39.0,35.7,47.0
2018-06-20 10:00:00,36.0,39.0,36.0,47.6
2018-06-20 10:30:00,37.0,37.0,36.3,46.5
2018-06-20 11:00:00,37.0,37.0,36.8,43.8
2018-06-20 11:30:00,38.0,31.0,37.4,43.3
2018-06-20 12:00:00,38.5,30.0,37.9,41.2
2018-06-20 12:30:00,39.0,29.0,38.4,39.5
2018-06-20 13:00:00,39.0,29.0,38.5,39.0
2018-06-20 13:30:00,40.0,27.0,38.7,39.0
2018-06-20 14:00:00,41.0,38.0,39.2,35.6
2018-06-20 14:30:00,42.0,30.0,38.7,37.9
2018-06-20 15:00:00,42.0,30.0,38.9,32.1
2018-06-20 15:30:00,42.0,30.0,39.0,35.6
2018-06-20 16:00:00,42.0,26.0,39.5,34.5
2018-06-20 16:30:00,42.0,26.0,39.4,34.5
2018-06-20 17:00:00,42.0,26.0,38.9,40.7
2018-06-20 17:30:00,42.0,18.0,38.5,39.5
2018-06-20 18:00:00,41.0,21.0,38.1,40.1
2018-06-20 18:30:00,40.0,24.0,37.6,42.2
2018-06-20 19:00:00,39.0,27.0,37.3,45.0
2018-06-20 19:30:00,38.0,29.0,36.7,46.0
2018-06-20 20:00:00,38.0,29.0,36.3,45.4
2018-06-20 20:30:00,36.0,40.0,36.0,45.9
2018-06-20 21:00:00,37.0,35.0,35.7,46.4
2018-06-20 21:30:00,36.0,39.0,35.5,45.3
2018-06-20 22:00:00,36.0,39.0,35.5,44.2
2018-06-20 22:30:00,35.0,41.0,35.4,44.2
2018-06-20 23:00:00,34.5,42.5,35.3,45.3
2018-06-20 23:30:00,34.0,44.0,35.2,46.4
2018-06-21 00:00:00,35.0,41.0,35.1,46.4
2018-06-21 00:30:00,34.5,42.5,34.9,46.3
2018-06-21 01:00:00,34.0,44.0,34.7,46.9
2018-06-21 01:30:00,34.0,44.0,34.6,47.4
2018-06-21 02:00:00,34.0,44.0,34.6,47.4
2018-06-21 02:30:00,33.0,50.0,34.3,48.4
2018-06-21 03:00:00,34.0,44.0,34.1,50.0
2018-06-21 03:30:00,33.5,43.5,34.2,50.0
2018-06-21 04:00:00,33.0,43.0,34.0,50.5
2018-06-21 04:30:00,33.0,44.5,34.0,50.5
2018-06-21 05:00:00,33.0,46.0,34.2,50.5
2018-06-21 05:30:00,32.0,53.0,33.9,50.5
2018-06-21 06:00:00,33.0,49.0,33.9,50.5
2018-06-21 06:30:00,33.0,46.0,33.8,51.6
2018-06-21 07:00:00,33.0,49.0,34.1,51.1
2018-06-21 07:30:00,33.0,49.0,34.4,49.5
2018-06-21 08:00:00,33.0,49.0,34.7,49.0
2018-06-21 08:30:00,34.0,42.0,35.3,46.4
2018-06-21 09:00:00,35.0,44.0,35.9,45.4
2018-06-21 09:30:00,36.0,41.0,36.0,46.5
2018-06-21 10:00:00,37.0,39.0,36.5,45.4
2018-06-21 10:30:00,38.0,37.0,37.0,43.3
2018-06-21 11:00:00,39.0,35.0,37.7,42.3
2018-06-21 11:30:00,40.0,24.0,38.2,37.8
2018-06-21 12:00:00,40.0,29.0,38.8,35.6
2018-06-21 12:30:00,41.0,28.0,39.3,34.5
2018-06-21 13:00:00,41.0,28.0,39.6,34.5
2018-06-21 13:30:00,41.0,28.0,40.2,33.4
2018-06-21 14:00:00,41.5,25.0,40.3,32.8
2018-06-21 14:30:00,42.0,22.0,40.2,33.4
2018-06-21 15:00:00,41.0,26.0,40.0,34.5
2018-06-21 15:30:00,41.5,24.5,39.6,33.3
2018-06-21 16:00:00,42.0,23.0,39.3,34.5
2018-06-21 16:30:00,42.0,25.0,39.6,35.7
2018-06-21 17:00:00,42.0,23.0,39.5,34.5
2018-06-21 17:30:00,42.0,23.0,39.1,35.6
2018-06-21 18:00:00,41.0,26.0,38.7,39.0
2018-06-21 18:30:00,40.0,29.5,38.3,39.5
2018-06-21 19:00:00,39.0,33.0,37.9,40.0
2018-06-21 19:30:00,38.5,34.0,36.9,41.1
2018-06-21 20:00:00,38.0,35.0,36.0,43.7
2018-06-21 20:30:00,36.0,32.0,36.0,43.7
2018-06-21 21:00:00,35.0,41.0,35.9,44.3
2018-06-21 21:30:00,35.0,41.0,35.6,44.2
2018-06-21 22:00:00,35.0,41.0,35.9,44.3
2018-06-21 22:30:00,35.0,41.0,35.9,44.3
2018-06-21 23:00:00,35.0,41.0,35.9,44.3
2018-06-21 23:30:00,34.0,36.0,35.9,44.3
2018-06-22 00:00:00,34.0,40.0,35.8,45.4
2018-06-22 00:30:00,34.0,44.0,35.7,45.9
2018-06-22 01:00:00,34.0,44.0,35.6,46.4
2018-06-22 01:30:00,34.0,44.0,35.6,46.4
2018-06-22 02:00:00,34.0,44.0,35.5,46.4
2018-06-22 02:30:00,33.0,38.0,35.5,46.4
2018-06-22 03:00:00,33.0,42.0,35.4,46.4
2018-06-22 03:30:00,33.0,46.0,35.3,46.4
2018-06-22 04:00:00,33.0,43.0,35.2,45.8
2018-06-22 04:30:00,32.5,44.5,34.6,50.1
2018-06-22 05:00:00,32.0,46.0,34.8,49.0
2018-06-22 05:30:00,32.0,48.0,34.7,49.5
2018-06-22 06:00:00,32.0,48.5,34.7,49.5
2018-06-22 06:30:00,32.0,49.0,34.5,50.6
2018-06-22 07:00:00,33.0,49.0,35.0,51.7
2018-06-22 07:30:00,34.0,46.0,35.6,49.7
2018-06-22 08:00:00,35.0,44.0,36.0,48.6
2018-06-22 08:30:00,35.0,39.0,36.4,49.8
2018-06-22 09:00:00,37.0,39.0,36.9,46.6
2018-06-22 09:30:00,37.0,37.0,37.4,42.2
2018-06-22 10:00:00,38.0,35.0,37.9,38.9
2018-06-22 10:30:00,39.0,33.0,38.4,39.0
2018-06-22 11:00:00,40.0,31.0,38.8,38.4
2018-06-22 11:30:00,40.0,17.0,39.0,39.0
2018-06-22 12:00:00,42.0,26.0,39.4,37.9
2018-06-22 12:30:00,42.0,26.0,39.5,36.8
2018-06-22 13:00:00,42.0,23.0,39.5,37.4
2018-06-22 13:30:00,43.0,23.0,39.3,39.0
2018-06-22 14:00:00,44.0,24.0,40.0,33.4
2018-06-22 14:30:00,45.0,21.0,40.8,29.3
2018-06-22 15:00:00,45.0,20.0,41.1,29.9
2018-06-22 15:30:00,45.0,17.0,41.1,29.3
2018-06-22 16:00:00,45.0,17.0,40.6,29.9
2018-06-22 16:30:00,44.5,17.5,40.1,31.0
2018-06-22 17:00:00,44.0,18.0,40.1,31.0
2018-06-22 17:30:00,43.0,11.0,40.1,32.2
2018-06-22 18:00:00,43.0,14.0,39.8,33.3
2018-06-22 18:30:00,43.0,14.0,39.4,34.5
2018-06-22 19:00:00,43.0,16.0,38.9,36.1
2018-06-22 19:30:00,41.0,19.0,38.4,39.0
2018-06-22 20:00:00,40.0,42.0,37.8,41.1
2018-06-22 20:30:00,38.0,24.0,37.5,42.2
2018-06-22 21:00:00,38.0,44.0,37.3,42.2
2018-06-22 21:30:00,37.4,43.8,37.2,42.2
2018-06-22 22:00:00,36.8,43.6,37.0,43.3
2018-06-22 22:30:00,36.2,43.4,36.7,44.4
2018-06-22 23:00:00,35.6,43.2,36.6,44.9
2018-06-22 23:30:00,35.0,43.0,36.5,44.3
2018-06-23 00:00:00,35.333333333333336,43.333333333333336,36.4,45.4
2018-06-23 00:30:00,35.666666666666664,43.666666666666664,36.3,44.3
2018-06-23 01:00:00,36.0,44.0,36.2,44.9
2018-06-23 01:30:00,36.0,44.0,36.1,44.9
2018-06-23 02:00:00,36.0,44.0,36.0,44.3
2018-06-23 02:30:00,36.0,44.0,36.0,44.3
2018-06-23 03:00:00,36.0,44.0,36.0,44.3
2018-06-23 03:30:00,36.0,44.0,36.0,44.3
2018-06-23 04:00:00,35.5,45.5,35.7,43.7
2018-06-23 04:30:00,35.0,47.0,35.6,45.3
2018-06-23 05:00:00,35.0,47.0,35.4,45.3
2018-06-23 05:30:00,34.0,49.0,35.5,45.9
2018-06-23 06:00:00,35.0,47.0,35.3,47.5
2018-06-23 06:30:00,35.0,44.0,35.3,46.4
2018-06-23 07:00:00,35.0,44.0,35.8,43.2
2018-06-23 07:30:00,36.0,41.0,36.2,43.2
2018-06-23 08:00:00,38.0,37.0,36.6,44.4
2018-06-23 08:30:00,39.0,35.0,37.3,40.5
2018-06-23 09:00:00,39.0,35.0,37.8,38.9
2018-06-23 09:30:00,40.0,31.0,38.4,37.2
2018-06-23 10:00:00,40.0,31.0,38.9,36.7
2018-06-23 10:30:00,40.0,31.0,39.1,35.6
2018-06-23 11:00:00,40.0,31.0,39.1,35.6
2018-06-23 11:30:00,40.0,26.0,39.4,35.1
2018-06-23 12:00:00,41.0,30.0,39.8,33.3
2018-06-23 12:30:00,41.0,30.0,40.2,33.4
2018-06-23 13:00:00,42.0,28.0,40.7,32.2
2018-06-23 13:30:00,42.0,25.0,40.9,32.8
2018-06-23 14:00:00,42.0,25.0,40.9,31.7
2018-06-23 14:30:00,44.0,17.0,41.5,28.8
2018-06-23 15:00:00,43.0,22.0,41.5,28.8
2018-06-23 15:30:00,43.0,24.5,40.8,36.9
2018-06-23 16:00:00,43.0,27.0,40.3,36.3
2018-06-23 16:30:00,43.0,27.0,40.5,35.7
2018-06-23 17:00:00,42.0,28.0,40.1,33.9
2018-06-23 17:30:00,42.0,28.0,39.8,35.7
2018-06-23 18:00:00,40.0,29.0,39.3,39.0
2018-06-23 18:30:00,40.0,29.0,38.7,39.5
2018-06-23 19:00:00,40.0,29.0,38.3,38.9
2018-06-23 19:30:00,39.0,32.0,37.8,40.0
2018-06-23 20:00:00,38.0,35.0,37.5,40.0
2018-06-23 20:30:00,36.0,37.0,37.2,40.0
2018-06-23 21:00:00,36.0,39.0,36.9,40.5
2018-06-23 21:30:00,36.0,37.0,37.0,39.9
2018-06-23 22:00:00,37.0,35.0,36.9,40.5
2018-06-23 22:30:00,36.0,37.0,36.8,41.6
2018-06-23 23:00:00,36.0,37.0,36.8,40.5
2018-06-23 23:30:00,36.0,38.0,36.7,42.2
2018-06-24 00:00:00,36.0,39.0,36.4,42.1
2018-06-24 00:30:00,35.0,41.0,36.3,42.1
2018-06-24 01:00:00,35.0,39.0,36.3,42.7
2018-06-24 01:30:00,35.0,39.0,36.2,43.2
2018-06-24 02:00:00,35.0,39.0,35.8,43.2
2018-06-24 02:30:00,35.0,39.0,35.7,43.1
2018-06-24 03:00:00,35.0,39.0,35.8,43.2
2018-06-24 03:30:00,35.0,39.0,35.7,43.1
2018-06-24 04:00:00,35.0,36.0,35.8,42.6
2018-06-24 04:30:00,35.0,36.0,35.5,42.6
2018-06-24 05:00:00,34.0,38.0,35.4,42.0
2018-06-24 05:30:00,33.0,42.0,35.3,42.0
2018-06-24 06:00:00,34.0,38.0,35.2,41.4
2018-06-24 06:30:00,34.0,38.0,35.2,42.0
2018-06-24 07:00:00,34.0,38.0,35.3,42.5
2018-06-24 07:30:00,34.0,38.0,35.2,42.5
2018-06-24 08:00:00,35.0,36.0,35.0,42.0
2018-06-24 08:30:00,35.0,36.0,35.6,40.9
2018-06-24 09:00:00,36.0,34.0,36.4,41.0
2018-06-24 09:30:00,37.0,32.0,36.9,38.8
2018-06-24 10:00:00,38.0,31.0,37.6,39.5
2018-06-24 10:30:00,39.0,29.0,37.7,38.3
2018-06-24 11:00:00,39.0,31.0,38.1,37.8
2018-06-24 11:30:00,39.0,30.0,38.5,36.7
2018-06-24 12:00:00,41.0,28.0,39.1,36.8
2018-06-24 12:30:00,41.0,28.0,39.4,34.5
2018-06-24 13:00:00,41.0,26.0,39.6,34.5
2018-06-24 13:30:00,41.0,26.0,40.2,32.2
2018-06-24 14:00:00,42.0,23.0,40.7,32.2
2018-06-24 14:30:00,43.0,20.0,41.0,31.1
2018-06-24 15:00:00,42.0,25.0,41.1,29.9
2018-06-24 15:30:00,42.0,25.0,41.3,29.9
2018-06-24 16:00:00,42.0,25.0,41.4,28.2
2018-06-24 16:30:00,42.0,23.0,40.8,28.7
2018-06-24 17:00:00,41.0,24.0,40.7,29.3
2018-06-24 17:30:00,43.0,18.0,40.5,29.9
2018-06-24 18:00:00,42.0,21.0,40.1,31.0
2018-06-24 18:30:00,41.0,24.0,39.3,35.6
2018-06-24 19:00:00,41.0,22.0,38.8,36.7
2018-06-24 19:30:00,39.0,31.0,38.4,37.8
2018-06-24 20:00:00,38.5,31.0,38.1,37.8
2018-06-24 20:30:00,38.0,31.0,37.9,38.3
2018-06-24 21:00:00,38.0,33.0,37.8,38.9
2018-06-24 21:30:00,38.0,33.0,37.6,38.9
2018-06-24 22:00:00,37.0,35.0,37.3,40.5
2018-06-24 22:30:00,37.0,35.0,37.0,41.1
2018-06-24 23:00:00,37.0,35.0,36.9,41.1
2018-06-24 23:30:00,36.0,40.0,36.7,42.2
2018-06-25 00:00:00,37.0,37.0,36.6,42.1
2018-06-25 00:30:00,36.0,39.0,36.5,43.8
2018-06-25 01:00:00,36.0,39.0,36.6,43.3
2018-06-25 01:30:00,36.0,39.0,36.6,43.8
2018-06-25 02:00:00,36.0,39.0,36.5,44.3
2018-06-25 02:30:00,34.0,44.0,36.4,45.4
2018-06-25 03:00:00,35.0,44.0,36.3,45.4
2018-06-25 03:30:00,35.0,41.0,36.4,46.0
2018-06-25 04:00:00,35.0,36.0,36.1,45.4
2018-06-25 04:30:00,35.0,39.0,35.9,43.2
2018-06-25 05:00:00,34.0,41.0,35.8,43.2
2018-06-25 05:30:00,34.0,41.0,35.4,43.1
2018-06-25 06:00:00,34.0,41.0,35.4,43.1
2018-06-25 06:30:00,34.0,41.0,35.1,43.6
2018-06-25 07:00:00,34.0,44.0,35.0,44.7
2018-06-25 07:30:00,34.0,44.0,35.3,44.8
2018-06-25 08:00:00,35.0,41.0,35.7,44.8
2018-06-25 08:30:00,36.0,42.0,36.0,44.3
2018-06-25 09:00:00,37.0,37.0,36.6,43.3
2018-06-25 09:30:00,37.0,37.0,37.0,42.2
2018-06-25 10:00:00,37.0,37.0,37.6,40.6
2018-06-25 10:30:00,38.0,35.0,38.2,40.1
2018-06-25 11:00:00,39.0,33.0,38.6,39.0
2018-06-25 11:30:00,40.0,24.0,38.9,37.9
2018-06-25 12:00:00,41.0,30.0,39.4,37.3
2018-06-25 12:30:00,41.0,30.0,39.6,36.2
2018-06-25 13:00:00,41.0,30.0,39.8,35.7
2018-06-25 13:30:00,41.0,30.0,40.5,34.6
2018-06-25 14:00:00,42.0,26.0,41.0,33.4
2018-06-25 14:30:00,43.0,22.0,41.1,34.0
2018-06-25 15:00:00,43.0,34.0,41.1,33.5
2018-06-25 15:30:00,43.0,32.0,41.1,33.5
2018-06-25 16:00:00,42.0,28.0,41.1,33.5
2018-06-25 16:30:00,42.0,26.0,41.0,33.4
2018-06-25 17:00:00,42.0,23.0,40.9,32.3
2018-06-25 17:30:00,38.0,42.0,36.7,44.4
2018-06-25 18:00:00,36.5,44.5,35.5,47.5
2018-06-25 18:30:00,35.0,47.0,36.0,44.8
2018-06-25 19:00:00,34.75,45.25,36.1,42.6
2018-06-25 19:30:00,34.5,43.5,36.2,41.0
2018-06-25 20:00:00,34.25,41.75,36.1,41.5
2018-06-25 20:30:00,34.0,40.0,36.0,41.0
2018-06-25 21:00:00,34.0,46.0,35.9,42.1
2018-06-25 21:30:00,34.0,46.0,35.8,43.2
2018-06-25 22:00:00,34.0,44.0,35.9,43.2
2018-06-25 22:30:00,34.0,42.5,36.0,43.2
2018-06-25 23:00:00,34.0,41.0,35.9,43.2
2018-06-25 23:30:00,35.0,43.0,36.0,42.6
2018-06-26 00:00:00,34.0,44.0,35.9,44.3
2018-06-26 00:30:00,34.0,44.0,35.6,45.3
2018-06-26 01:00:00,34.0,44.0,35.3,46.4
2018-06-26 01:30:00,34.0,46.0,35.0,47.4
2018-06-26 02:00:00,33.0,49.0,34.5,49.0
2018-06-26 02:30:00,33.0,47.0,33.9,49.5
2018-06-26 03:00:00,32.0,52.0,33.3,52.5
2018-06-26 03:30:00,32.0,52.0,33.3,51.5
2018-06-26 04:00:00,32.0,52.0,33.3,50.4
2018-06-26 04:30:00,32.0,52.0,33.2,50.4
2018-06-26 05:00:00,31.0,55.0,33.2,50.9
2018-06-26 05:30:00,31.0,55.0,33.1,51.5
2018-06-26 06:00:00,31.0,52.0,33.1,53.0
2018-06-26 06:30:00,32.0,52.0,33.4,53.1
2018-06-26 07:00:00,32.0,55.0,33.2,53.6
2018-06-26 07:30:00,32.0,52.0,34.0,52.6
2018-06-26 08:00:00,33.0,49.0,33.7,50.5
2018-06-26 08:30:00,34.0,50.0,33.9,50.5
2018-06-26 09:00:00,34.0,46.0,34.3,49.5
2018-06-26 09:30:00,34.0,44.0,34.3,48.4
2018-06-26 10:00:00,34.0,44.0,34.3,47.9
2018-06-26 10:30:00,34.0,44.0,34.3,48.4
2018-06-26 11:00:00,34.0,44.0,34.4,48.4
2018-06-26 11:30:00,35.0,32.0,34.4,47.9
2018-06-26 12:00:00,34.0,44.0,34.6,48.5
2018-06-26 12:30:00,34.0,44.0,34.7,48.5
2018-06-26 13:00:00,34.0,44.0,34.3,49.0
2018-06-26 13:30:00,34.0,44.0,34.7,49.0
2018-06-26 14:00:00,34.0,46.0,34.8,49.0
2018-06-26 14:30:00,34.0,50.0,34.7,48.5
2018-06-26 15:00:00,34.0,46.0,34.5,47.9
2018-06-26 15:30:00,34.0,46.0,34.3,49.0
2018-06-26 16:00:00,34.0,46.0,34.0,50.5
2018-06-26 16:30:00,34.0,46.0,34.1,50.0
2018-06-26 17:00:00,33.0,52.0,33.9,50.0
2018-06-26 17:30:00,32.0,57.0,33.5,51.5
2018-06-26 18:00:00,32.0,56.0,33.4,53.1
2018-06-26 18:30:00,32.0,55.0,33.4,53.6
2018-06-26 19:00:00,32.0,59.0,33.3,53.1
2018-06-26 19:30:00,32.0,59.0,33.5,53.1
2018-06-26 20:00:00,32.0,59.0,33.5,53.1
2018-06-26 20:30:00,32.0,62.0,33.4,53.1
2018-06-26 21:00:00,32.0,59.0,33.5,53.1
2018-06-26 21:30:00,32.0,59.0,33.1,53.6
2018-06-26 22:00:00,32.0,59.0,33.5,53.1
2018-06-26 22:30:00,32.0,59.0,33.6,52.6
2018-06-26 23:00:00,32.0,59.0,33.4,53.6
2018-06-26 23:30:00,31.0,68.0,33.2,54.6
2018-06-27 00:00:00,32.0,59.0,33.0,54.6
2018-06-27 00:30:00,31.0,62.0,32.9,55.1
2018-06-27 01:00:00,32.0,59.0,32.8,54.5
2018-06-27 01:30:00,31.5,60.5,32.7,56.1
2018-06-27 02:00:00,31.0,62.0,32.6,58.6
2018-06-27 02:30:00,31.0,62.0,32.5,60.1
2018-06-27 03:00:00,32.0,55.0,32.5,59.6
2018-06-27 03:30:00,31.0,62.0,31.9,62.5
2018-06-27 04:00:00,31.0,62.0,31.7,63.4
2018-06-27 04:30:00,30.0,70.0,31.8,63.4
2018-06-27 05:00:00,29.0,79.0,31.6,64.4
2018-06-27 05:30:00,28.0,82.0,30.7,65.2
2018-06-27 06:00:00,28.0,84.0,30.8,66.2
2018-06-27 06:30:00,28.0,84.0,30.1,68.9
2018-06-27 07:00:00,28.0,79.0,30.1,70.3
2018-06-27 07:30:00,28.0,79.0,30.0,70.7
2018-06-27 08:00:00,26.0,89.0,30.5,70.9
2018-06-27 08:30:00,28.0,87.0,31.4,70.1
2018-06-27 09:00:00,28.0,84.0,31.2,70.1
2018-06-27 09:30:00,29.0,79.0,30.5,69.9
2018-06-27 10:00:00,30.0,74.0,30.6,69.9
2018-06-27 10:30:00,32.0,62.0,30.5,70.4
2018-06-27 11:00:00,32.0,62.0,30.9,67.6
2018-06-27 11:30:00,32.0,62.0,31.7,65.4
2018-06-27 12:00:00,33.0,59.0,32.9,62.7
2018-06-27 12:30:00,34.0,67.0,33.6,61.3
2018-06-27 13:00:00,35.0,63.0,34.4,58.9
2018-06-27 13:30:00,36.0,60.0,34.8,58.4
2018-06-27 14:00:00,36.0,60.0,35.3,56.4
2018-06-27 14:30:00,36.0,60.0,35.5,53.4
2018-06-27 15:00:00,36.0,60.0,35.5,53.4
2018-06-27 15:30:00,36.0,60.0,35.7,52.9
2018-06-27 16:00:00,37.0,56.0,35.9,52.4
2018-06-27 16:30:00,37.0,56.0,35.8,52.9
2018-06-27 17:00:00,36.0,52.0,35.5,52.8
2018-06-27 17:30:00,35.0,48.0,35.0,53.8
2018-06-27 18:00:00,35.0,59.0,34.6,55.3
2018-06-27 18:30:00,32.0,70.0,34.4,55.8
2018-06-27 19:00:00,30.0,74.0,34.2,56.3
2018-06-27 19:30:00,29.0,74.0,32.9,60.1
2018-06-27 20:00:00,27.0,89.0,31.0,66.2
2018-06-27 20:30:00,27.0,93.0,30.7,68.1
2018-06-27 21:00:00,27.0,89.0,30.7,67.6
2018-06-27 21:30:00,27.0,89.0,30.6,70.9
2018-06-27 22:00:00,27.0,94.0,32.1,67.4
2018-06-27 22:30:00,27.0,94.0,33.5,61.3
2018-06-27 23:00:00,26.5,96.0,33.8,59.8
2018-06-27 23:30:00,26.0,98.0,33.9,59.8
2018-06-28 00:00:00,26.0,100.0,33.9,59.3
2018-06-28 00:30:00,26.0,100.0,33.9,59.3
2018-06-28 01:00:00,26.0,100.0,33.9,59.3
2018-06-28 01:30:00,26.0,100.0,33.6,58.8
2018-06-28 02:00:00,26.0,100.0,33.5,58.2
2018-06-28 02:30:00,26.0,100.0,33.4,57.7
2018-06-28 03:00:00,26.0,100.0,33.4,57.2
2018-06-28 03:30:00,26.0,94.0,33.3,57.2
2018-06-28 04:00:00,26.0,94.0,33.3,56.7
2018-06-28 04:30:00,26.0,94.0,33.3,56.7
2018-06-28 05:00:00,26.0,94.0,33.2,56.2
2018-06-28 05:30:00,26.0,100.0,33.2,56.2
2018-06-28 06:00:00,27.0,89.0,33.2,56.2
2018-06-28 06:30:00,27.0,94.0,33.2,56.2
2018-06-28 07:00:00,27.0,94.0,33.0,57.2
2018-06-28 07:30:00,27.0,94.0,33.0,58.2
2018-06-28 08:00:00,27.0,94.0,33.0,58.2
2018-06-28 08:30:00,28.0,93.0,32.8,58.1
2018-06-28 09:00:00,28.0,89.0,33.2,57.7
2018-06-28 09:30:00,30.0,79.0,31.6,53.9
2018-06-28 10:00:00,30.0,79.0,29.9,53.1
2018-06-28 10:30:00,31.0,75.0,28.6,53.0
2018-06-28 11:00:00,31.0,79.0,27.9,53.4
2018-06-28 11:30:00,32.0,62.0,27.4,53.3
2018-06-28 12:00:00,32.0,75.0,27.3,53.8
2018-06-28 12:30:00,32.0,75.0,27.5,55.4
2018-06-28 13:00:00,34.0,63.0,26.7,56.8
2018-06-28 13:30:00,34.0,63.0,34.1,62.8
2018-06-28 14:00:00,30.0,84.0,31.7,67.8
2018-06-28 14:30:00,31.0,79.0,31.7,68.7
2018-06-28 15:00:00,31.0,79.0,32.6,66.0
2018-06-28 15:30:00,32.0,75.0,33.2,64.7
2018-06-28 16:00:00,34.0,63.0,33.5,63.2
2018-06-28 16:30:00,34.0,63.0,34.2,60.9
2018-06-28 17:00:00,33.5,58.0,34.9,58.4
2018-06-28 17:30:00,33.0,53.0,35.2,58.5
2018-06-28 18:00:00,33.0,63.0,35.0,57.9
2018-06-28 18:30:00,33.0,61.0,34.6,58.9
2018-06-28 19:00:00,33.0,59.0,34.1,59.4
2018-06-28 19:30:00,28.0,89.0,33.5,64.2
2018-06-28 20:00:00,28.0,89.0,33.0,66.1
2018-06-28 20:30:00,28.0,83.0,32.5,67.0
2018-06-28 21:00:00,29.0,89.0,32.2,68.4
2018-06-28 21:30:00,29.0,89.0,31.8,67.3
2018-06-28 22:00:00,29.0,89.0,31.7,67.3
2018-06-28 22:30:00,28.0,84.0,31.5,67.7
2018-06-28 23:00:00,28.0,84.0,31.3,66.8
2018-06-28 23:30:00,28.0,81.0,31.1,67.2
2018-06-29 00:00:00,28.0,84.0,31.1,67.2
2018-06-29 00:30:00,28.0,84.0,31.1,67.2
2018-06-29 01:00:00,28.0,84.0,31.1,67.2
2018-06-29 01:30:00,28.0,84.0,31.1,67.2
2018-06-29 02:00:00,28.0,84.0,31.1,67.2
2018-06-29 02:30:00,28.0,84.0,31.1,67.2
2018-06-29 03:00:00,28.0,84.0,31.1,67.2
